3.2174599812419467 1.5007929301891234 71.099895091426703
2.7687282610755326 3.4817696856921398 71.936597470391476
1.3934081716224151 0.73806298077512045 70.237943812252524
0.77233237884294481 2.6582902915975342 70.988893358732668
1.6016749678966091 1.6452023302884167 44.020521546537459
-0.0010213451324057187 -0.0082545361843278237 43.457925135579515
-0.0068791148433734349 -0.013305548806459318 94.271121681898421
2.8051611514216233 2.8856536692298027 95.433302451757513
10.334452792001686 4.3454989713195973 118.15405145989105
11.458120783442277 11.672030901671135 122.54173860688677
3.6128961670661521 3.9837557154437944 113.58193528715802
4.1493444062970211 10.746286925406521 117.65011011348004
5.3684810131429916 5.5365065190100546 134.74083900042689
-0.021794198613199405 -0.018605608542912665 132.01585930709547
2.4905972015104192 5.7586319151124608 118.38311202155634
1.518149116286257 2.3261599121057825 116.53060925991201
6.0066387929147531 5.5075595631454188 120.08092804701351
4.8813828060070783 1.7137343658882391 118.03418521970694
-0.022248139468793043 -0.063193467154643509 -18.627070000102464
10.404331491942559 10.866989173980256 -15.911473549895426
6.5193574454955714 3.1196390301914017 -67.566280706921802
6.4502882943160884 7.7304959627748779 -71.023641949532561
2.6714223266515935 1.904258885752971 -64.193881769339626
1.9080613639860697 6.1573924593694125 -67.132033654098052
7.0043772979394747 7.4381058309889685 -86.127984846164807
-0.0065022729214829073 -0.0048544418354421115 -82.33872694103988
5.8446017340242298 14.911820815185397 -95.44851269819813
4.2082835697023073 5.7500750719443428 -91.635022327948775
15.801551881113582 15.605481969418966 -99.064111999018394
12.912370680944161 4.8243416577542861 -94.724057604285122
0.00055714140016484108 -0.0070009204253105532 -37.806982436407694
2.1879116454361878 2.434524965209413 -40.750383444566452
3.7580722484459632 4.667681875867137 73.664143864429803
3.4830444988820743 4.6283800876671783 75.401789979931024
1.5910842255443405 3.8319602915546054 72.447760859995768
1.0129863607012604 3.9044209752839087 74.082685055177478
1.884510636878151 3.3344746773796463 45.946668500358761
-7.5247303255492949e-06 2.79287106711732 44.506824642982913
-0.0022806395376312287 4.855677469663032 96.444462374141182
3.5300697959456873 5.9017694498020976 99.498688459025971
13.77743862093304 16.644882164236336 131.93504632831636
16.400317632270092 16.605451889738941 141.39953258439766
4.7981857793432141 15.209904849836436 125.43474823504442
5.7046851649741441 15.563166133710752 134.19631385877716
7.196285069266195 11.425972544841775 144.08484657627989
-0.026213084885080659 9.2310662446469021 137.05300776462553
3.2808987796076776 7.7836702998297467 124.89272236481088
1.9212078578134733 7.7114927521928651 121.31744745070556
7.9388228055530785 8.1008335046496356 127.37419762922532
6.174293929118619 7.8263663412219975 123.14237634739338
-0.089807295602700857 18.534308216267487 -13.475662384381806
14.418942818392349 23.173652925976985 -5.9212338798214006
8.7850734262590944 10.93184380311809 -78.498201785746346
10.030585886220523 11.451686517153094 -86.370468909650853
3.4302557108683138 9.0396443566725715 -73.077832680388056
2.8861241951934997 9.5008267326978775 -79.905995800011226
10.170258108427255 16.215942596201316 -100.16222522899966
0.012289789086567913 12.542323823051339 -89.579814764086905
8.2732998904561708 21.150853667946855 -108.91340133764703
5.9276559716399131 20.587454584964743 -101.66902657101707
23.913308492122813 25.071047242411773 -112.19027112558769
17.363479106376939 22.126008454220003 -105.03258083933761
0.0085246149426702941 4.1945166338284752 -43.284946840691077
2.5985502766724746 5.1071695996686763 -51.552089919935483
4.5229966803894559 3.4611902235723324 77.198302533741256
4.0249375051077516 1.3594280138270924 77.961996920541708
1.8865755388818848 2.8739375841191239 75.64170842837575
1.2032362044571481 0.96633506311956208 76.482602569827236
2.1803703432246229 1.6896130050957709 47.924383207715294
0.0011967780959783779 2.8279368627662498 46.650619393376168
0.0041560596851111598 4.9640236479092454 100.9167587216115
4.3219724404050064 3.0243892485217616 103.74039326211711
19.435731331762309 12.410106240990562 151.61021703277174
20.468406661470222 4.0201939230216661 155.93398014383354
7.0659617052761385 11.8699901670815 142.69359667921202
7.1349614569300117 4.8532098649884885 147.35136412647284
9.3284445630652737 5.935555899437273 153.78444885683771
-0.0021578135421823179 9.5088272425936946 147.26559976681762
3.8448661620476337 2.1867328205761014 129.60511625752696
2.5795311420176312 5.7109369304160156 127.75865271394979
9.6341014667243972 2.2331405768416119 133.10497317281107
8.1426556584299945 6.0613113428480467 130.55022551920578
-0.12102600669889632 19.409929314985511 -1.2924586555682183
20.221724368850701 12.631341729468167 7.1241314721252706
13.665831352162041 9.108890072135333 -95.546939202802179
14.076385199884117 3.4589672972358829 -99.543459249353248
5.0060361799890289 7.4600172899551547 -86.875272532354344
4.0492782091532513 2.8144723802058897 -90.703132810657053
15.529402132430594 9.3548521946441525 -116.37743210792132
0.00459054498402762 13.695833470021624 -105.64584368386647
12.075820231439723 5.3194811929111339 -116.48490175402583
8.8963884041403976 16.239245200665593 -114.17929686812374
33.787541923196329 9.3709046748905696 -117.17068605012864
27.666337996532747 19.820222713661835 -116.13875053613876
0.0087837842769558465 4.381355841982141 -55.154899684673424
3.2205374350977434 2.6728716432596857 -63.908925511457639
4.721036650991735 -1.0385556171131409 78.104650211861241
3.8048045425363499 -3.0566700365279122 76.925306433496814
1.9758544716549822 -1.2778580273967655 76.590050502217636
1.1388791955937272 -3.229387755489288 75.694844443122264
2.1807338795471609 -1.678635470140506 47.929462776488904
0.0011295152918511645 0.0065169599165756948 47.748143453040669
0.0025502798686380139 0.012709500316684086 103.25076659732794
4.3246354016903874 -3.004091944426821 103.75097869813257
20.905462949785637 -5.3495510748557962 156.7194497382842
18.956531538679318 -13.419371321723521 149.96790581596639
7.7622790091445273 -3.5405580333477666 147.91261597399722
6.5031660521744055 -10.673839294639416 142.96947263396868
9.3483591185478367 -5.8752811097946172 153.83311472887215
0.01199800882081214 0.055649642328914048 152.49729075946271
3.5583568187658159 -5.4622893877379051 127.69439644532109
2.7840834347446548 -1.9882951395875488 129.38334640181813
9.1163188407183426 -6.3408397809791817 131.21483629765999
8.7322856257663926 -2.2957444804473086 132.79557104966523
0.094782235029194903 -0.035483705665285629 6.1074364558357459
20.217619480433555 -12.670128681067581 7.0917501019260811
15.430075673115004 -3.6191111898530006 -100.47290233017469
12.111924729349646 -8.7395747725789263 -93.831958773636927
5.5792224912873944 -2.8083869820565823 -91.312118257834015
3.6829514208502254 -7.5323463081379769 -87.094256575453258
15.526158181362494 -9.3239145648320196 -116.40600498171187
0.012798554161632083 0.020514561789899875 -114.37277310098298
10.622731583597304 -16.820237235465608 -113.87347436918955
9.9677641824058743 -6.3147390688612433 -116.23804130894291
29.181898810681663 -18.986916567327757 -116.3512878911948
32.382142319249816 -7.5140601153384416 -117.0443790344508
0.0024890262547142142 0.0058769118648949016 -61.667676817017025
3.2159219184006651 -2.6822940889924776 -63.909724041233076
4.1303419498988001 -4.1979865067277835 75.409343400468515
3.0676329775075266 -4.0794872423353983 73.403255086623091
1.7605945600496697 -4.3750914827765435 74.289469681234834
0.89080563815345049 -4.3856788531968665 72.554834603060755
1.8850768202321588 -3.3360864424874035 45.956843920573093
0.00054569299104468248 -2.8223185564409508 46.659277508526849
0.0015212126134506148 -4.9529195559437458 100.93284041068625
3.5324682529720017 -5.9015045837850204 99.522219542625635
16.419501949378272 -17.616795966481803 141.1968099028733
13.626839966780141 -16.786085967657833 130.41190979160677
6.2347965211845624 -14.837118826426607 135.35211711047771
4.8344659062507072 -14.614646526511324 125.9754606019746
7.2351865892819358 -11.438727507371111 144.09631305525798
0.0016014302158399245 -9.4928152387166751 147.31223720295122
2.7514222148677927 -7.1823175953186285 121.14291599930074
2.3231278622647942 -7.3325106739133705 124.4973280448183
7.0245767398253234 -8.5006530427380227 123.76937677762295
7.2061223408347885 -8.4009974137753183 127.39363469197068
-0.02778092966963323 -19.525477028980962 -1.3704349750435227
14.428613425927088 -23.248647947206369 -5.9307546304282539
10.922203909524859 -11.226325300488757 -86.350195837152569
7.6344054591950288 -10.060688526735062 -77.163491807459067
4.1447640093609506 -9.9914556195496171 -80.874815143406209
2.4120678164178182 -9.666058721662413 -73.526063819219232
10.166552426772055 -16.216929314769722 -100.20647503104107
-0.0014503895541357356 -13.682290847917153 -105.66287091222736
7.161657714121537 -20.114250467092702 -101.29632021546172
6.4202745401797978 -21.03386858141889 -107.9959151612824
18.78110147512108 -23.136811345658323 -106.16678799139279
23.193671637389681 -24.999739876426059 -112.49470987651728
-0.0068438742787558142 -4.3761023319169396 -55.163946770051396
2.5973487366197299 -5.1018988815989941 -51.55248544743182
3.3921086700056486 -2.8708527750932911 71.944989450325437
2.5734262905474798 -0.81597744790550741 70.968742451694965
1.4732779617827965 -3.3224883348204428 71.13764671141054
0.71517658132808293 -1.4426584130942175 70.243450001838553
1.6019753538490868 -1.659781260514148 44.025795621070827
-0.0004007214846678068 -2.8019726357980659 44.515696311536082
-0.0022806504133842595 -4.8709598892241655 96.464429668950231
2.8057616435461235 -2.9107633286138483 95.447288481696418
11.345353930425732 -12.022879796330409 122.55642132744488
10.404845341471232 -4.3600871499087805 117.38587658350683
4.3038272292817483 -10.696351658948949 118.39677755119264
3.7597510861695564 -3.8769822663506237 113.6588804697345
5.363436501115455 -5.5900054485333763 134.77002396944857
-0.028409293838322025 -9.2681363684253633 137.05989186460749
2.2714684424259328 -1.5947854295453689 116.54025931667114
1.677965565586776 -5.0729066645058296 118.10848827758637
5.5959717572410188 -2.5819662762860158 118.32329233283734
5.3453727892206366 -6.2150447733388958 120.10463987961056
0.059056067687849455 -18.60745617259191 -13.330768283814976
10.410992385218343 -10.888840395984735 -15.846442711050592
7.2005611854883833 -6.9199157535921376 -70.999857329511201
5.6681440941240355 -2.0711376887851873 -66.971836522202665
2.9095013584626876 -7.0615967791194523 -67.752257829820081
1.7413237106002941 -2.8623961485011229 -64.19542089693833
6.9905932339427537 -7.4582112590383485 -86.126442945041205
-0.004940680861768635 -12.556768767943634 -89.603926261532905
5.4036666066913233 -4.5475660705758036 -91.675422206562047
4.5047917504868851 -13.785924972953723 -94.955215719630019
13.94774844440812 -6.2618249274613555 -95.354285850382752
14.856070063008797 -16.569323933742478 -99.075174704999313
-0.0074178275688738292 -4.2037234336894302 -43.294191055511106
2.1836319827857129 -2.4409939334881341 -40.756519286853504
4.2357250443963981 1.7830012957913353 74.13682340095437
4.0537550122162633 4.2153987083559121 75.282427953705962
4.2476817876544359 0.91078331079480812 72.464093726494497
3.9404667500584569 3.1509747743968486 73.339234544153769
3.2288299217019776 1.9262792935594737 45.883873906284897
2.709309616706749 -0.0085629627850522874 44.474809642480921
4.7040141109693518 -0.014432967670469539 96.375545305281378
5.7001841151049906 3.6034543122817584 99.367318538768984
14.083915196320623 6.2400132586249395 133.84379235940548
16.895872630144488 16.778614620863941 139.96506351822046
13.925876300311222 4.9115137092949253 125.2462582821331
16.17182571297954 13.981646477684997 129.99163118795678
10.999150448231648 7.3500976395886628 143.55906663052761
8.9246288401152079 -0.041665266020304736 136.79458485366837
8.2276288366233885 7.1774380008287224 123.60916689966015
6.9356364096519654 2.8091465669790616 120.93857477814323
8.1048390581017298 7.3397615335237489 127.08725899959154
7.0482628962465661 2.3424319314211046 124.16337583774352
17.510949498317427 -0.041717208326668483 -13.936876642391731
22.005236656416351 15.067427408408719 -6.7527594711842269
9.1586950881250431 4.3121208080501772 -80.030803153158757
10.338531367266915 11.358814827715634 -85.632839330629196
8.9333117302924165 2.5724108350905794 -73.133994511191091
9.2866248235569717 8.1359662769210708 -76.924071676355226
15.090425731801771 10.620815927727241 -99.480859932194221
11.662657644362607 0.0041589384210196454 -89.201526236850015
21.566260031220615 19.708608716507943 -105.97016662361006
18.709863246130471 7.6052654510848612 -100.86032339808634
23.155085818709946 23.745452049969213 -111.90004235870123
19.444220782983436 6.906000893135567 -107.19189845826679
3.7423708448069335 -0.0013686728635656123 -43.096513161818805
4.5423218615536545 2.8313812546405464 -51.122303241087536
5.0020791910062314 5.7049572052833257 77.67964769695763
5.1226585811730789 5.6773463209685691 80.112631231126386
4.9613578897221204 4.5718088130525407 75.337832450360708
4.9476307667037789 4.6488450382481297 77.358257690278208
3.8163195348106296 3.9240290790734118 48.417417678196173
2.9911703476787759 3.0763263251972104 45.715213160396743
5.4284303060648424 5.5853342233299479 99.064308512490285
7.2692615390289363 7.4793807427729551 105.14806189835394
19.901213583958057 24.259555276296393 153.9881380387302
25.136938186350694 24.769564575394075 168.88994862438406
18.880108579675941 20.238972103421688 140.85348352742577
23.431578314477505 21.045723862996091 152.51769193119918
15.195704319329053 15.680463176398623 157.32997006144939
10.780450252333228 11.127753115454611 143.03209602204348
11.084366241263416 9.9379824649727126 132.63755817759704
8.8173250897250064 9.5889711645736107 127.35777737577395
11.070696110365317 11.127029569738648 138.01844751748223
9.0835399175906506 10.562472318642886 131.59236228488817
21.631693923478018 22.706251125564403 -7.4857305207016438
33.013562589938701 34.239864196868652 9.5822166411487153
14.197367555309803 17.784452510338589 -99.193047657328975
19.826727942828025 20.907581499276354 -115.63490983184957
12.643076030829061 12.936872670224005 -86.606736989214298
15.663238270581848 14.42009991230721 -97.286976378601935
26.279486949542374 27.583355481254756 -121.74672733429691
14.937249545806734 15.788642332423963 -98.437342855479898
36.433570398768829 32.225185731925791 -115.86868444982224
27.726493469126954 29.014241114552483 -111.96936514039123
42.317832911804985 45.601953650851158 -115.67345989778187
29.377665103083942 35.850059009877164 -115.75389655219178
4.1563138020021286 4.624232733012712 -50.631236258557962
5.8513773818874055 6.4877196519534523 -70.442910799811372
6.0788310648267991 4.2491818218439228 82.659675515779824
5.9249947863313226 1.6319394047328564 83.740522153381448
6.0306174784409627 3.4717360816183382 79.570969561430658
5.7516678083709269 1.1921551367967258 80.53095282662531
4.4297437064458043 1.997513473973638 51.053150606199864
3.5788196415717617 3.1263752181774689 48.27091949666211
6.9946635286723833 5.7695522854420211 104.71987891179464
8.9721595455071039 3.8792757269049778 111.40896411199259
29.01383617005493 19.133210862453314 185.41594799764403
32.157280761281605 6.3196074157952262 192.30451211477083
27.202925809246601 16.511005441289292 165.74281807355783
29.870315843916188 6.8025826162745737 171.74331880888781
20.043056901097728 8.3330942052632988 172.34647699529046
14.971424021383326 11.709393629019464 156.24820037225166
13.310945236204159 2.7726417567490875 139.53842674032046
11.768274720647867 7.2561604482707427 136.43965535051728
13.52656233184819 3.1861185672174765 147.04382849014078
12.218557748532394 8.3749093247954089 143.01240601617076
32.510603541928802 25.4853631491629 8.8221538604521292
46.954391572820427 19.493607134595329 34.786600824981804
27.310910235010631 18.245609290840303 -136.99260857558775
33.069614601596193 7.4561728746995488 -147.82846840520861
21.91830044754683 12.819484299953725 -111.51056347577878
24.335426392615105 4.9149003085760219 -118.27447353743017
49.123289392713204 20.302490657895621 -153.71538646173175
25.770179746170204 19.790709134393943 -120.04404496800007
52.839018012160999 9.1008663038661464 -116.85988010594963
46.528913867231623 26.651262560939053 -116.7151433248462
63.107756913188823 17.049906937722387 -108.72433673475697
54.079825358340536 37.125181010662153 -112.74004404531266
5.4771699805149083 5.138446511588433 -68.519380285300613
8.3270007518409557 3.6334905817515422 -96.979451913008006
6.3560805070374888 -1.3604532152957847 83.947658620389177
5.5984337229323229 -3.8653930764896414 82.265492965817913
6.3527409471686465 -1.4764266774282409 80.841997098345871
5.4845481780704679 -3.7762914750307743 79.485496941262141
4.4307291637499189 -1.9852187087318753 51.059400468895909
3.8843165415379128 0.0068598824298232129 49.588702743754034
7.8369526411811394 0.014270409759317376 107.72531945028562
8.9739015216697684 -3.8544728263011603 111.42575737065432
31.423127602092986 -8.0849098188857784 193.69927525610831
29.221666037145848 -20.087021692513527 182.81891220808555
30.046667541817936 -5.1965858244978644 173.55228841487408
27.508727366850241 -14.959433378407397 165.32801724452008
20.029178851574937 -8.3092792924007153 172.35932517696926
17.319550768248533 0.053201310006121778 163.27574090001596
12.354716923972962 -7.1298587346241833 136.72216134122502
12.573165517367494 -2.6131418800527899 138.82923269396039
12.727152977131915 -8.6140784543005715 144.02103009972319
13.17554064460006 -3.1008255667053248 146.5592751747941
39.302480902714144 0.071300812642470429 20.8052629852059
46.97370269571843 -19.617751123894351 34.651711014197801
33.114856250786815 -8.7316567908376612 -150.00488042618369
26.453625848390743 -17.983938785540165 -133.09665472696125
25.826453945948707 -4.6313452305711014 -120.78499402898944
21.134823265865499 -12.443812526750991 -110.80488208394476
49.162095927155001 -19.913458052529293 -153.81954481547598
34.853195975103738 -0.085525077332479632 -134.77234418125781
46.545453918852772 -28.959357237225746 -116.96083877046524
51.417780500347718 -10.899341681348732 -116.59212128468184
54.807305594878258 -36.130010236563805 -113.25539513334559
63.79162751700283 -13.445089343301133 -108.74476884603422
6.4241948555049957 0.067681193783001525 -79.64746678529626
8.2663138908148781 -3.806069511138332 -96.847340425499709
5.5292628347730473 -5.2707270223493135 80.124867757947186
4.5018346438733179 -5.0872712745355884 77.308524339814539
5.5726081382673396 -5.1479171632074356 77.765711966849921
4.4408754959907828 -5.1039733272603627 75.359995877032659
3.8182057751537695 -3.9257674822071591 48.429236946116575
3.5801353955244259 -3.1205982328966115 48.280411952390274
6.9987654185928632 -5.7593068014194779 104.7422903908667
7.2735371081419622 -7.4802097605459563 105.17391441746706
23.885825519257448 -26.044155747867375 168.94107111580158
20.237620529393208 -24.054944580995034 151.93476371733959
23.555581289594496 -20.669389297972678 154.86561184736496
19.655763398840641 -19.558850419032815 140.88007176276017
15.198912904991026 -15.692497969816221 157.35727461611538
14.992611735834473 -11.68670570046468 156.27943760674063
9.308597916850248 -9.0968535429019202 127.38708662054515
10.303868829774096 -9.3994782393949041 131.79786318628584
9.6301264985845698 -11.357536601087116 132.49914661564961
10.80909941202205 -11.391896746871595 138.07037197522499
32.705802633203845 -25.506020146585723 8.7896436752109608
32.939963245871326 -34.359989574878284 9.424115774901729
19.67252253193362 -20.840180296150507 -115.58987456721829
13.344058739099079 -16.336310949883991 -96.763039465341791
17.09192681325095 -15.310935632671908 -99.833438973064574
12.13484089241701 -13.431934950150966 -86.682139981851606
26.255645282267803 -27.6063970552439 -121.83808477807762
25.73980545916465 -19.781849319686742 -120.05696074257739
27.963063717095377 -29.189914474300224 -112.07603220903965
34.840533809363201 -31.458717552186339 -115.88660990196587
30.355165030210294 -37.836460819516795 -115.891913959824
43.637377545889684 -44.378497422892842 -115.80684776126841
5.4708233625928058 -5.0694500531644433 -68.564702411662196
5.8227209298987743 -6.5002088858246694 -70.460061924499414
4.4839388908846258 -3.5826988742922894 75.295579069813158
3.7615318734290542 -1.0541038940698444 73.953989916983801
4.5348034775953048 -3.8637532994063797 73.627090234402061
3.7030329288363415 -1.6392934365018856 72.382704244708322
3.2297867883618165 -1.9420516523155658 45.889987144531915
2.9923519542646035 -3.0856185823957567 45.724763954430479
5.4304992555361027 -5.6011466001509609 99.085752675525129
5.7028713401313862 -3.6327752777636011 99.384389081728841
15.78467107329028 -16.896823866816469 140.10881315289899
14.819827170601862 -5.994734412837281 132.87068830855492
15.894219320584545 -14.36526869213303 131.46604779055826
14.599303308509878 -5.1266069834786325 124.79205940628503
10.982862974551026 -7.4008407647201286 143.65221537619584
10.803094852827533 -11.129096254786599 143.09139452058076
7.4572024412444948 -2.0146276597714423 121.12885780199146
7.5857729237362257 -6.3537566668459338 123.05743706513168
7.4798795751232472 -3.3563944020577674 124.57365029602347
7.7943782124119796 -8.1231330841492966 127.14622593332625
21.70279830081396 -22.691435749437805 -7.6522338307322713
21.906492750888003 -15.165552524686914 -7.1355148229091085
10.49694726196882 -10.353102381706002 -85.571012275551368
8.6817142026945966 -3.0234054147009011 -79.085491089247782
10.172733028110464 -9.3161593955274142 -78.31112498120747
8.2903707923873231 -3.5925939497836628 -72.736884529062465
15.097127551802931 -10.653495440472156 -99.490481689465724
14.936353550423579 -15.812378740803265 -98.401405309601046
19.18654873669227 -6.3786707115578878 -101.15296002117199
20.976664175791065 -18.085028505101459 -104.87641034518722
19.678406620328044 -8.6704630772952402 -108.03650180664499
23.510920093225259 -24.611713334544081 -111.95261597827007
4.1463716438300668 -4.6207404654599067 -50.663947562571792
4.5553275791007914 -2.8201966356686845 -51.133729326642779
1.2466694993353036 1.9950180539274309 76.342222059900564
1.0001074936596523 4.8011989542520714 77.87577158291424
3.127467520262829 1.1537354485463338 75.48234263664375
2.9482426418035015 3.881752809662748 76.732681449657321
1.6266179282104549 2.2190054833079422 47.783464884623228
2.7304981076236126 -0.0095361887564491075 46.54041972871125
4.7735552787194058 -0.017610421995683984 100.68082956756058
2.8968012804355667 4.3854946565642985 103.41784864595786
3.3518845362377578 7.7879663191202892 145.4996010551217
5.1835534573122199 21.359058511256855 154.6155490974769
10.151728772895719 6.438077264970798 140.91697860073933
12.748508663529064 19.189685876923257 148.17043578165564
5.6454124369589973 9.4522155527284681 152.82625603497229
9.1102442379534434 -0.05254687634195155 146.50484878524213
6.1230269000741373 9.2490754589418511 130.75300269986658
5.2296978045414546 3.5736770171381269 127.21549900308321
2.226038291805867 8.8733189442971678 132.24691895043509
1.897802577234792 2.8086584084855115 128.81203142986084
18.112645177592807 -0.055718828477740019 -3.5074713209008053
11.830875661126862 20.714523375977588 4.1441144376520356
2.5844235007995406 5.5733294215445959 -89.758848616804784
3.2530672846389068 15.462582482627564 -98.993519918423857
6.9016554194382067 3.7247696334631906 -85.879994947669729
7.9413346889108736 12.367500917292826 -92.721785905768598
8.5491300069238534 15.601886754634643 -114.46271917602672
12.619905753632569 -0.016814742830263105 -104.21875349765185
17.5758288178247 30.140283470892104 -116.31284889683147
15.479831954803375 10.821116571811622 -112.8117510021934
7.1975059902279339 32.522672813935884 -117.57150473712497
6.153185391860859 9.6320089480423352 -115.47158023081099
3.8896716987142446 0.0017594583373938639 -54.384784343152987
2.3975155614264865 3.3115857454746451 -62.7734943121649
1.4442695023520855 6.4797179738279382 80.652550353744942
1.3198228640768139 6.5022768031066764 83.82116344415104
3.6695832802130366 5.6109084965122387 79.329471756866042
3.7511934975519159 5.7460378550354401 82.178108598937143
1.9313432421267989 4.5352317421721411 50.969140838058308
3.0258472781109629 3.6618369458966331 48.187770489227177
5.568720054430095 7.143437190662933 104.52449767238788
3.7375484137214405 9.1691575531640019 111.19495019019229
5.0531063139952836 30.649753523829283 172.12195743174416
7.4718809508098332 31.730209604378526 192.7400284804871
14.361838197916521 28.313506530386871 163.68254317742367
19.418186858964308 30.118146406600729 182.00699339371224
7.9860058074262712 20.439627594549172 171.77743383181945
11.245921011383199 15.279953851415106 155.65672662344429
8.35674074982294 13.034310944092791 143.80753887570381
6.8890526300788624 12.608114556117945 136.36111811770593
3.0049519152894493 13.454793071794485 146.18840609314157
2.530269109854113 12.792457173491879 138.36825720438202
24.088153638042794 33.640246764764619 7.2838525790390598
18.639461186760514 48.420463377571721 31.973187244428949
4.2434375662568868 25.946261564051895 -119.28055671997413
7.5196614212970632 32.359273835765208 -147.10677266702734
11.572630960940133 21.863737419695681 -110.22534989224388
16.644994092571281 27.50627913911773 -132.75708203534353
18.465487456470537 50.055859737744868 -152.69521015211234
18.342006768741747 26.287651579862199 -118.88109697179021
34.258394211668673 56.669268227372555 -113.45950732609492
27.221998797922605 47.748390467174147 -117.0890199590869
12.288626663210676 65.737200853003984 -111.79640187008715
10.095781703566486 52.425383252897554 -116.93910105090404
4.3791173138646489 5.8026304423479402 -67.917259413561339
2.803997926486848 8.1583244359361125 -95.373547467441881
1.7191715438253534 4.8337814826704415 86.734107449549782
1.5590548842448491 1.8455736789802628 88.306835937021134
4.4697832911464666 4.3032979109135541 85.061875109943102
4.3866340168073048 1.5233515592972007 86.519080906472595
2.2479143992028279 2.3156465149145316 54.302017600170956
3.6387560374415191 3.7415721482734554 51.616583532486324
7.2688079891574615 7.480834867757145 112.86091319701289
4.6348379528483514 4.7854262772677636 119.67031187618635
7.4392504178276688 25.000794875783491 213.32209416646012
9.7860278995492536 8.1214570158646673 224.85486369236011
21.314276906218335 23.717916790664631 201.59071291930877
25.285352334758834 9.6547369160392744 211.6960101729251
10.665076510775844 11.064684380093027 193.08076689431516
16.077371772552041 16.575789189090795 175.95347666851021
10.07977036982868 3.5852362561247166 154.07821273073995
9.3115713289346544 9.6461830703031062 149.83202242024623
3.6474735708008406 3.9013968109908315 157.8684683686289
3.4556746639859215 10.259907327639871 153.2324502560823
38.356088636401758 39.987145566009197 40.899705625808295
27.794425603187598 28.975571570933909 76.12181904194891
8.7101134680040833 30.542451892692405 -183.66951350045539
14.382469079714793 13.700569477975467 -211.50906416596283
25.664117429102284 28.506819107093857 -165.46326295714968
32.450821700819461 12.087475171905169 -184.76019227843597
37.201256983056012 39.941752646010912 -195.13199783570988
42.031063910521155 43.7652323869154 -160.69624592679662
52.884278394421834 17.202126687821291 -95.996734990779402
48.905347997257273 47.597604255488896 -105.47098867042448
18.925698971161331 24.66608952485214 -84.39278239014979
19.815851574337071 57.485771119602937 -98.647773978326882
6.3236559490865494 7.6756912028500741 -105.39208304659081
5.9766636004078331 7.611962495085109 -151.18713579810799
1.7907576723621785 -1.5978317434516354 88.311337175420164
1.4632548422703231 -4.4989682552513486 86.481841990684188
4.7101671859085092 -1.7518709935376362 86.792298565391235
4.1769883384675568 -4.5794038749100991 85.08301487785377
2.2489492240687867 -2.3014081118936507 54.309578764552292
3.9561326570038418 0.0078996039208931793 53.398137478878866
8.1712935338284964 0.016697788996619545 117.33642982347389
4.6379642661116049 -4.7560423577154571 119.68986943955527
7.8540844117108257 -9.8906915062564362 224.80805868369774
9.1160925359397513 -26.276202586755321 211.23903597835542
23.832230943244298 -7.8062544658562816 213.82917358792056
23.14133921913033 -22.041479164687924 201.57072449652256
10.662586113683217 -10.99220599434584 193.11725425188678
18.766665977458263 0.024393666006601866 187.09100948142728
9.3598405056194238 -9.5888652792888287 149.85324494223767
9.9569711946642556 -3.5675606090333782 153.42733754634
3.4501140321506365 -10.344202343533901 153.95513646874559
3.7447661296590544 -3.7321662266613296 157.89331759378791
47.653402707420774 0.18563700805644401 63.774114943635198
27.826498894040061 -28.727816849731873 76.744431717841991
12.977874532650647 -16.162313666309256 -213.74668832006842
9.4409789336682852 -30.074969507575787 -179.2340013701394
32.476033989201056 -10.357538508976971 -190.41733107005854
26.555987133942835 -26.599726075330612 -164.79735614219496
37.388243214062868 -40.660891846659673 -194.61041273997373
61.375540940991712 -0.05856823748346409 -183.21998412267013
45.26946494344611 -50.783118516467852 -103.95624126002926
55.251512193999098 -20.574414509706408 -98.188211492598981
16.282445454077212 -54.600327206779838 -95.726500101048174
24.031233067746587 -19.468278395009801 -86.939927423674192
9.8369078992262722 0.15902826783519061 -133.36446844245435
5.9223971405045441 -7.1642132642456344 -152.04520131866389
1.5812630552304514 -6.0676824134516067 83.635164074336416
1.1371710801935249 -5.8854949889290902 80.367379657593773
4.1290521456257503 -6.2237885922651328 82.607642711133252
3.3509334935073865 -6.1696045192185336 79.458293817119142
1.9334285004975003 -4.5370667501494957 50.983569791581438
3.6406534991568762 -3.7349053344722267 51.627996866002128
7.2732530954535877 -7.4683534984861479 112.88628856721182
3.7441675202070299 -9.1708494441636095 111.22704265947732
5.8187267190964622 -32.478470124302945 191.1771787676322
6.6098981530951129 -30.345486692058032 169.87853627406679
18.441970523390957 -29.727159983612257 184.81352265287813
15.922491559061488 -27.838430693093436 164.38584139259052
8.013697643629266 -20.441077044113484 171.77498830519005
16.100454505090593 -16.555476307478205 176.0267357377212
7.0048014895903972 -12.028714045098681 136.13878118694322
8.0939840883393916 -12.521316346067534 142.8699350847937
2.6721760652225046 -13.543759830930302 139.14296001587834
3.0420545725771073 -13.807213004328702 146.75396954489827
38.409216868636456 -39.924874295972103 40.797498626491503
18.693823699842497 -48.427860539035706 31.908121586060034
6.6878019736253691 -32.142349564569571 -145.38331721426061
4.523677128077483 -24.30601155749406 -116.68192545997394
17.10977764846433 -28.441435170432662 -136.89146136742531
11.821444256922273 -22.55004970077319 -111.11479224701034
18.550293727114067 -50.031317187213681 -152.45491187207816
41.94882622183804 -43.843811692138196 -160.98968040851815
25.011085269080759 -47.522236493226295 -116.98415275589088
35.385489457782974 -55.796771918510288 -113.71716760895788
8.5418356434577731 -53.899054888983137 -116.67613792170928
16.16901191369217 -65.010417098955202 -111.36625265545621
6.4540896853789604 -7.4840263756467262 -105.33158939526007
2.7827523211836183 -7.9356670409813264 -95.841518565883746
1.3120977016243569 -4.1216666596050562 77.750052522145694
0.91242141124498932 -1.2441074206703828 76.245886386751863
3.3473435143675552 -4.6247437127344853 77.030856688115392
2.7568317626438597 -1.9321495253684999 75.450524888741626
1.6275662433086791 -2.2366276730235586 47.790764696749918
3.027666276756249 -3.6720866095944764 48.199143107020305
5.5727631277655387 -7.1605701490446085 104.55031924094553
2.8994743903799405 -4.4182797715832844 103.43544348815526
3.8041857137554596 -21.073172369405444 153.75013820729197
4.6170413915458282 -7.2408990418971912 144.89986753924819
11.950624253549886 -19.835597392540905 149.73581955857293
11.254388957400872 -7.1899266573150822 140.7462350565379
5.6612914926560416 -9.5315959551075142 152.87921548302177
11.230720947983166 -15.289533368072332 155.75162859190803
5.4637477868455733 -2.647862389555069 127.28371558794601
5.813194367488431 -8.3191019367885026 130.16296279372105
2.0703523944462834 -3.9241639903347449 129.04850755511256
2.1137539032005579 -9.8167523263216907 132.61790367545836
24.095616782311197 -33.546181346563188 6.9644625620732228
11.889385504788827 -20.712125488103077 4.1872698086534825
3.1674639558171553 -14.218227028423712 -98.057522892497786
2.5556104996434765 -4.099373165960583 -89.154673605419134
8.3850001755563479 -13.92318870162455 -94.452729887098627
6.789381214116359 -5.0972675737963282 -85.720892484327848
8.5813377798641195 -15.654195264291086 -114.46324010106085
18.348556373634977 -26.327712513360719 -118.91593292709331
14.823602760662018 -9.1691641917408901 -113.20521154605896
18.074855789715453 -28.1300019480637 -115.93248987317341
5.2782747243813155 -11.833624928931782 -115.73677875688082
8.7799470434068034 -33.999044634599493 -117.44381447395446
4.4597272746477739 -5.749184629172408 -67.994005712360945
2.3998715090803016 -3.3133238505998146 -62.796011149744203
-2.7556197382067551 1.9061790468754605 75.440630162452692
-3.3455564246222003 4.605664402595572 77.011064482908779
-0.91471776058538301 1.2167953615530815 76.238106467795262
-1.3137375718711994 4.1008484629405224 77.731366321778907
-1.6275346826310497 2.2186188661421555 47.781896971294152
-0.00068797441523130284 -0.010442480307193793 47.587517932278701
-0.0040300136067376105 -0.019912774769566849 102.88098738146826
-2.9005777385879496 4.3850695417980949 103.41134563616764
-11.356269202190381 7.1648125468572808 140.72736633753652
-11.957474396958812 19.808213257191341 149.73801538202201
-4.6819693447349238 7.1084657208614672 144.86432621349974
-3.8256851157043088 20.951818596981834 153.70722205961727
-5.6497875032457054 9.4411696991865846 152.79152905632969
-0.030533302347862692 -0.060717975525985686 151.42575338635089
-2.1249911110372195 9.7751193664317402 132.56388908209567
-2.0833433287926661 3.8679168460051314 129.02115819898165
-5.8098844327077988 8.2784917720390716 130.11598574073736
-5.4623057413990139 2.5945173592998376 127.25042618243486
-0.051867327357598872 -0.085371263593899641 2.9130905913415788
-11.696485392717648 20.582503225352475 3.997036652802251
-6.785539915260566 5.0665273798729729 -85.701996829711405
-8.3753339777298113 13.896955777057057 -94.421634912952214
-2.5654372095471207 4.0623430957912792 -89.136162008679406
-3.1763089453984406 14.187593041190766 -98.02528221385171
-8.5748160189542055 15.613405034193104 -114.41252542759185
-0.021158919427716361 -0.03168374180490293 -112.41333104653998
-8.8412748323760972 34.025598275773135 -117.50041882536817
-5.4238602339746818 11.897277328666766 -115.72381441516953
-18.057771683062686 28.082530385027102 -115.94013730736799
-14.790325232116658 9.1614643580844071 -113.18347639410254
-0.0033121974848383078 -0.013641053999130235 -60.412897219203288
-2.4006042153467226 3.290400798810563 -62.779160522252141
-3.3484934853750654 6.1619934557904967 79.433879752080699
-4.1272521519487633 6.228459252622133 82.583572961624299
-1.1377613114412715 5.876489147885426 80.342362829091144
-1.5818870678733488 6.0718098218727414 83.609978946664086
-1.9329360872341947 4.535109130379217 50.967488887673227
-0.0010760580087309289 3.9642783197156932 49.45194389578235
-0.0044235370912909062 7.9744180078957951 107.3966426032824
-3.7418953086785378 9.1693363938610375 111.1886960597074
-15.880164524510201 27.92871525317906 164.30343686634643
-18.442465406574442 29.810344064669163 184.71759529523916
-6.523573120786879 30.450284878190637 169.8384720809253
-5.7470031285725796 32.494305348423751 191.13981421823624
-7.9985205314303283 20.437632545225711 171.71953625242529
-0.027070469492159296 17.619936804904832 162.36086513981158
-3.0369985529813412 13.816391789419752 146.69342293907002
-2.6732156920278412 13.533635303499649 139.08529809540488
-8.0880793056343858 12.526237036060602 142.82280796876586
-6.9978654352446918 12.02217790439092 136.08623513422299
-0.083002365184542334 40.358340634764083 17.68882544936962
-18.594695668457394 48.417873497413197 31.912040885857866
-11.807083528972692 22.533700502067443 -111.07212161461314
-17.094022192787225 28.449198408745339 -136.84074809924988
-4.5287849242439515 24.2859073843508 -116.63525677324972
-6.6798390166973602 32.138122909322689 -145.34369972414964
-18.541879566460626 49.996454288669277 -152.42600176092085
-0.075028239581298076 34.933505417483687 -132.52560507337421
-16.244699652450535 64.989766295220733 -111.35613934851969
-8.6157382366952877 53.847086000869105 -116.71219466990385
-35.345747784525805 55.96910364902682 -113.79066557866577
-25.069555618030076 47.47400471437615 -116.98454423917684
-0.042721933371674382 6.1792032830913106 -78.002178283041772
-2.7776131987167441 7.9296695788631695 -95.808724415664614
-4.176191734930109 4.5954199632421968 85.064411484375725
-4.7110375509789799 1.7753721844678838 86.784309063562731
-1.4642484913749532 4.515276851012012 86.462264457684327
-1.7927032583601967 1.6222000250907243 88.303106983136104
-2.2494749025473655 2.3159873606974166 54.300796071653494
-0.0011365228463263897 4.0577957037358763 53.339469811560036
-0.0035782134133029008 8.3781114818870481 117.16548306856544
-4.6387847081308129 4.786925817043894 119.6669053939188
-23.008818414111801 22.159494152712544 201.47718573743143
-23.839961295648063 7.9559882453730069 213.89095762558429
-9.1588339899619697 26.333603295769784 211.0763394904902
-7.9069658421467608 10.078216865443059 224.81121948120085
-10.656290448705539 11.060081366294469 193.07821270466911
-0.027537110427171569 19.254472002641648 186.21453177755362
-3.7493290742364835 3.7905296268045889 157.87351553529214
-3.4514290819458608 10.381228324240965 153.90764297811188
-9.95823628386092 3.6220587476059727 153.40575278361604
-9.3562728659462273 9.6180440375458591 149.80665429371356
-0.057817240618327374 49.622904892482318 63.288484889962021
-27.681519071634991 28.832526093085399 76.783486186552295
-26.548080533667338 26.63488558795154 -164.78102696447638
-32.476852123652861 10.424244850999424 -190.35625786440514
-9.3906208581355965 30.092312656725266 -179.17561838796132
-12.98504108171195 16.164096646045039 -213.66398414571898
-37.30232938047623 40.634847768833929 -194.55465424133502
-0.17375075119496527 62.122593769287093 -182.77482253920169
-24.000126617021948 19.555099010315889 -86.888615949637597
-16.05872362473222 54.67487373490308 -95.69442966523593
-55.299867083236954 20.598662902675912 -98.11634757203376
-45.260611281525499 50.916892509896456 -103.85887414573267
-0.077765067760407092 2.0761532286436832 -132.16401702611725
-5.9158130833816678 7.1930344993453597 -152.03095953758947
-4.3889643891971062 -1.4999511703389694 86.523834743348317
-4.4731949244485092 -4.2869227263261385 85.077691615768074
-1.5616261244382157 -1.8208099231652344 88.312384999062402
-1.7220038084707796 -4.8161631372399265 86.751674928243517
-2.2497156006956582 -2.30075805124901 54.309086754121388
-0.00075413819208938824 0.0088912827546782751 55.363527850909819
-0.0018641767913311275 0.019475464498692585 122.42449222281279
-4.64028812959946 -4.7537712220679893 119.68813494074664
-25.327210043229574 -9.6319022126215934 211.78489065787434
-21.396084313631619 -23.576628193863726 201.64160421853745
-9.770027474177498 -8.0723499314954612 224.89006419934705
-7.5465747526266043 -24.890686519719409 213.32512407706929
-10.692752381342192 -11.009807599114149 193.09607215612985
-0.0011245487888633793 0.050378820275319765 199.72563499791215
-3.466068991828684 -10.221385489298354 153.28001478246705
-3.6542399217741264 -3.8470866329094133 157.88771752377735
-9.323122316572773 -9.6074963206619621 149.86336611009568
-10.088753658410115 -3.5354683522762165 154.09034764808194
-0.0096173399644583022 0.18974949112620831 95.073338779527703
-27.83025653632054 -28.878658960377219 76.170451639783067
-32.488850570628742 -12.05351988089542 -184.848566382191
-25.699748196714179 -28.520360529238417 -165.51356088379328
-14.388786305402624 -13.58618274464628 -211.51282028068283
-8.6755551825617587 -30.486881413185735 -183.67783846399794
-37.122949595506277 -39.808557862418539 -194.99299132521855
0.060899568731269664 0.076482050758217096 -205.09454615963313
-19.799023255168571 -57.518912441246258 -98.987583126363887
-18.980569328198175 -24.563869066940502 -84.373885634125742
-49.006788924489662 -47.374655668578193 -105.60929901995232
-52.874407225439967 -17.00812605822863 -95.947663006524266
0.0016956513076445744 0.016346524349736685 -176.25896459359544
-5.9727760877085947 -7.5807426101919688 -151.23632018700556
-3.7548749341282823 -5.741834624709119 82.199553156440601
-3.6728790332777006 -5.620330888321841 79.349992053635546
-1.3227354666068336 -6.4969541681035015 83.844997993324668
-1.4472540949489152 -6.4881589946983809 80.676217856415022
-1.9333599307123641 -4.5370755107219072 50.98375738643302
-0.00010231047073207885 -4.0500656897779459 53.353397182815257
0.00074311617432314733 -8.3616426766075858 117.20136380740477
-3.743392921363665 -9.1726264249397857 111.23165399802863
-19.529256915975449 -30.133251403901092 182.10391388821833
-14.437396561791036 -28.303034143806912 163.77863656375234
-7.3654430371313753 -31.811387153479401 192.74425889030152
-5.1249610780306032 -30.657023096315548 172.13286581323254
-7.9873869553418766 -20.451737116012083 171.85612041533753
-0.0016242356174069118 -19.221104077110606 186.30187999718353
-2.5411463923618198 -12.813866996690574 138.41351962925901
-3.0112631332810045 -13.448309948286139 146.24108025946157
-6.89994913727711 -12.625191388566916 136.41202175921597
-8.3698793302823269 -13.022189139089814 143.86012099199297
0.17552269184398628 -49.645787890806027 63.246305756343162
-18.587791423978835 -48.434463098053747 32.111959543934191
-16.650192267320733 -27.517227041312069 -132.80371809702723
-11.580010126927249 -21.897158272869589 -110.2471338710825
-7.5285627136995146 -32.3734873366325 -147.14130421923457
-4.2543161946665737 -25.972494385506536 -119.30944900476899
-18.449893914011597 -50.148270190150569 -152.71896178100769
0.12823309669433997 -62.123831786861409 -182.8911178517769
-10.123257488223334 -52.514389784082468 -116.85830611481759
-12.383259075423176 -65.810741490466967 -111.77328376428272
-27.158992140755529 -47.987842556460649 -116.89905358544999
-34.208179709729158 -56.658230289597157 -113.54583124778358
0.080398884707945512 -2.0729617770697786 -132.20103748931902
-2.8092245115354286 -8.1723115461750115 -95.402017353919859
-2.9503363916973928 -3.9020748941953864 76.745850423552838
-3.1280834835793869 -1.1803934149857429 75.48446499699584
-1.003271208096463 -4.8215812343499422 77.892503658229572
-1.249631863196442 -2.0224144411367129 76.347646106989657
-1.6278305299870022 -2.2371049927202016 47.789857041692841
-0.00012799065253760129 -3.9756726784406577 49.465606489542736
-0.00073593165775752152 -7.9955441405145793 107.43229539923993
-2.9014977627698535 -4.420880145262327 103.43364103411213
-12.781460754543712 -19.32492212189344 148.16146137791333
-10.207049514392326 -6.6714321059080941 140.90590425833568
-5.2794978000453741 -21.434855773801971 154.5549128381993
-3.4321948299619063 -7.9882579855029192 145.5013635934373
-5.6657929227955703 -9.5347524285688188 152.80712642447395
0.0025705322832651313 -17.641318688387056 162.41192961022051
-1.9066660030786091 -2.8671081925224664 128.80942606169049
-2.238172209836339 -8.9160632460065443 132.27297421962072
-5.2380827605600588 -3.6399090988167688 127.2052440604276
-6.1309160517195611 -9.2858380183837888 130.77842213689593
-0.016327928538820879 -40.414313107552275 17.611517394560437
-11.895336824865071 -20.633774860850622 4.0387914120685409
-7.9501451541848374 -12.397199397697367 -92.72920423328793
-6.9063529970440962 -3.7584931651678999 -85.875530735098209
-3.2665078749774459 -15.491673770872399 -99.012029336165796
-2.5978594342191217 -5.6116342443265328 -89.764026319427217
-8.5716105949030457 -15.65243758900117 -114.48028461507343
0.025794291373323827 -34.985328586041199 -132.55148874822717
-6.2663287314745659 -9.7189274362164522 -115.46563457685767
-7.2797446547822124 -32.686590393619575 -117.78819446146036
-15.46742845528912 -10.907807498975552 -112.80000098655509
-17.496887408962117 -30.161580286343128 -116.49202825714545
0.037727362651051477 -6.1984370074893578 -78.025257664876122
-2.4034727078381328 -3.3360073134026598 -62.779972939074838
-3.6975621792384543 1.6153803744195503 72.380990386175739
-4.5287422012864917 3.8447868909634844 73.614778384960104
-3.7568043597442111 1.0289544163396702 73.947575160044579
-4.4789252781038869 3.5632548719534185 75.27884367496759
-3.2265626568622459 1.9250901184400311 45.883805157742032
-2.7292792497923171 -0.010140248095574423 46.539122696839755
-4.7686465598826748 -0.018264558240567469 100.67526961633769
-5.6902701500458681 3.6004881169761767 99.366515436078927
-14.476741772191764 5.045775369809423 124.78810642254591
-15.869950955224638 14.230501816210056 131.36945354557702
-14.726167895470253 5.8273618024566289 132.75705855513598
-15.7775029328493 16.822564334823909 139.9785692275656
-10.949419602200201 7.3656717159576344 143.6078619960029
-9.0880013743747359 -0.032512341644392748 146.41567596825894
-7.7814245100470201 8.0884754489355561 127.09825301028475
-7.4721431633107152 3.3004995992317174 124.54598548759161
-7.5500128259904828 6.3166550758760946 123.03154229956039
-7.4382432180651579 1.9643171872470579 121.14021181755497
-18.146056551126353 -0.10818987290876222 -3.4674088619511849
-21.988316753229075 15.021407247747289 -6.9788219731046084
-8.2820256582648533 3.5732349349625827 -72.728946602848382
-10.161765003681088 9.3001896882005859 -78.300906650939055
-8.6758765808828109 2.9993497039891768 -79.072676942867773
-10.484863969866218 10.332456208962208 -85.553291741824864
-15.085630231981977 10.64130777817771 -99.47976193591532
-12.616632461341121 -0.02640103760908839 -104.22613644841476
-23.461594908774742 24.668576452261991 -111.82305321041474
-19.747870498496166 8.6841531913423644 -108.10248214372263
-20.930498437535888 18.146619019564802 -104.80357940333153
-19.104193909622975 6.359416621559089 -101.22706726286111
-3.8892572920659347 -0.023950427200702208 -54.378739261230791
-4.5494774922042662 2.8042122169603223 -51.123743562609306
-4.4357422378215894 5.094678979738422 75.341673701375555
-5.5684911854409087 5.1502443736830159 77.745363987592668
-4.4970480449477837 5.0782158913814017 77.286904753547589
-5.5257269039545012 5.2733007335891635 80.102461850267161
-3.8151884546625605 3.9229769049820464 48.41557840908942
-3.0253716295557416 3.6610816036391221 48.185755848870059
-5.5667647620478231 7.1429006568976776 104.51598389233453
-7.2665987049956975 7.4759304800337656 105.14457704993247
-19.535618257330718 19.440503099492027 140.85575870623174
-23.55728587323879 20.767620252821175 154.83229082562525
-20.2391863719354 24.032881056235233 151.91141412023492
-24.021954450953576 26.037088983877144 168.94956088977756
-15.208969188755818 15.675578079984003 157.2702371129144
-11.242085917462209 15.248061345925228 155.69732849265026
-10.801642374468173 11.392498235143266 138.01915768733028
-9.6170392610798228 11.347710048503568 132.45192297645443
-10.296873743455103 9.3973022024372916 131.74087764825373
-9.2962849444348681 9.0787636142541626 127.34350395108252
-24.024783683035825 33.444997125720143 7.11618536403844
-33.033460554711525 34.397850808599394 9.5060173211160297
-12.12000454369395 13.418615926958092 -86.664218766660326
-17.074648137864521 15.310643439455633 -99.805848600201557
-13.328346953586733 16.319233578447438 -96.734595677778117
-19.660092655919719 20.842446729208891 -115.55178234177339
-26.22801296973789 27.585244463008127 -121.78018160276804
-18.319349867971255 26.289149358260104 -118.8987668279949
-43.71936913995485 44.383748729266593 -115.80417365310871
-30.091205627270654 37.582583395820585 -115.9019470002012
-34.650384973361426 31.343962894831403 -115.84418543657964
-27.745558039028637 29.071744122239554 -112.05156939255932
-4.4521799300547249 5.7348920332962647 -67.97219249921713
-5.8132995915717061 6.4959751358973943 -70.439392353313892
-5.4813213125543312 3.7897658515557224 79.469205477095471
-6.3509077537081682 1.4965393473884345 80.834681269805259
-5.5961135851114214 3.8791729826839472 82.247286113962389
-6.3553505263406924 1.3818637357051051 83.938583536334306
-4.4292335204213558 1.9978865792187834 51.051102356637628
-3.6392062422046392 3.741581833023889 51.614326071386358
-7.2698055525623042 7.4814690369540937 112.85399591614207
-8.9705532006630957 3.8809072470374888 111.40581409624473
-27.472790616990565 14.978741623805885 165.30076656608381
-29.974673013294939 5.2667529801725506 173.54402773161522
-29.31407132005652 20.07147088531967 182.77471645274804
-31.381206615557069 8.1522335138432158 193.63929687769365
-20.016815683792966 8.3481673358058508 172.35003449921348
-16.079542758377372 16.578958495048052 175.98179218911494
-13.17268747442416 3.1455224479091157 146.53686103424138
-12.720475444918369 8.6440095945600532 143.97827364148239
-12.566092860175473 2.6555108076530161 138.81759947489917
-12.348542501673553 7.1613024853185676 136.68035539537038
-38.442402019277928 39.96946380146391 40.766500270122663
-47.084484961008378 19.573058659630377 34.735094864009632
-21.122757768776719 12.461110861900931 -110.78375529293993
-25.825812677304459 4.6487431540618251 -120.7676347144357
-26.442475022875339 18.004788795747029 -133.06018105269757
-33.11381166803605 8.7681264597385784 -149.98013963182549
-49.135964203607415 19.993310940200153 -153.84348119175434
-41.904442994249102 43.816150620529122 -160.9282204050802
-63.873107503396206 13.383204486711771 -108.6751958897529
-54.856582533230061 36.40784843314615 -113.32905544549635
-51.537928373425615 10.979629732925071 -116.51480745656835
-46.544516507747915 28.979812482411035 -116.89747716188032
-6.4474263090978141 7.4951383296378813 -105.30787400742901
-8.2632203512923432 3.8228615297935691 -96.833085228489068
-5.7515520457358909 -1.1720922592877938 80.534053692200416
-6.0322142888443242 -3.4573198882177221 79.583038793890637
-5.9259042896282983 -1.6098041123482478 83.742968273619084
-6.0812668165517589 -4.2328899608448713 82.672547932592948
-4.430421840700081 -1.9841126169971228 51.058172226240785
-3.9566470533626155 0.0086425716192002518 53.39657880991831
-8.1731909092552186 0.017804772230003429 117.33211578400397
-8.9740306850860225 -3.8514505264671213 111.4216378398142
-29.782514112598783 -6.7467999185041787 171.66770505112268
-27.262903002681487 -16.430442842019584 165.79555951349647
-32.14799987246154 -6.231474540590078 192.2611896135428
-28.978520801437853 -19.048229587897744 185.42567106284318
-20.069662595944649 -8.2639646498829222 172.36305511291422
-18.776496573397825 0.034659080323717305 187.10285790511156
-12.224574836697144 -8.3416027345729695 143.04264990376481
-13.529068852750886 -3.1365289380849206 147.04569250627719
-11.772292257991918 -7.2222342690086574 136.46368130437935
-13.306120718105253 -2.7306670540024638 139.53939798458248
-47.805924539953978 -0.033209555888314958 63.897656193468102
-47.050591636884107 -19.307665176110433 34.826492690669355
-24.346081138793792 -4.8772039240967446 -118.26706158149469
-21.940492948731926 -12.794707388523932 -111.53451324888491
-33.098595264419103 -7.4013903383485786 -147.82520289711456
-27.336356510803522 -18.222393664018757 -137.03811782927659
-49.173149419656504 -20.162035606620304 -153.76704866839867
-61.373802661785319 0.12014261948858904 -183.1893632603076
-54.038371463928854 -37.207774068918184 -112.66991677627968
-63.141334653648371 -16.899924982005349 -108.54929615026757
-46.555468702176313 -26.575547183635834 -116.61259638398471
-52.783996986037636 -9.1513821672918532 -116.94513415684227
-9.844513548827921 -0.12512415031496393 -133.37642981528154
-8.3389949169938085 -3.6120054499758307 -96.991987549730709
-4.9497065107157141 -4.6442176185660289 77.375300020816027
-4.9624970229716077 -4.5780707517313521 75.355440689656717
-5.1255245001694174 -5.6719157809209984 80.131324770533894
-5.004128798124051 -5.7121157134057938 77.698424983846905
-3.8176002257546915 -3.9250873649414331 48.429404880419838
-3.6407277099449447 -3.7339802472237071 51.627851563246189
-7.2745275258084154 -7.4644163226530988 112.88765860536886
-7.2729141081384254 -7.4805012678961589 105.17713556890058
-23.436792746834318 -20.997685711342523 152.58562578617853
-18.867486812719992 -20.234318080647732 140.88744213800504
-25.216281576772435 -24.79631976283509 168.97192084929054
-19.857473395518667 -24.26876231755579 154.13466911526143
-15.179351711678498 -15.698086962561788 157.37291999707548
-16.091113077201349 -16.550655232377991 176.00286016654024
-9.0885610594084785 -10.580916939410915 131.62999284654921
-11.075503363311235 -11.118646585971085 138.05816499276864
-8.8325065390947213 -9.5920544767305742 127.39430422828593
-11.093963831127208 -9.9296867287545236 132.67534234433265
-38.297706304775197 -39.984263580767319 40.880496763358366
-32.899719848991076 -34.275644870909375 9.5914165712806998
-15.678722688162525 -14.422399742803213 -97.32072669358061
-12.65122792406701 -12.960231927310591 -86.625005944206762
-19.844446906694085 -20.914528262069481 -115.67989064278223
-14.206122370986835 -17.814015212104881 -99.217977519523203
-26.297769710191087 -27.630263691659508 -121.8119545738912
-41.992410446989524 -43.707511367249445 -160.77971884102627
-29.50809485164628 -36.00234222953317 -115.7939574222099
-42.475649718309242 -45.560596229100604 -115.68467899486521
-27.682169831768164 -29.028987953209388 -112.04841640306103
-36.422838397661621 -32.096204006253622 -115.928191594152
-6.3337120004852245 -7.6736748938292694 -105.42465541136323
-5.8594855916249227 -6.4972240672330095 -70.464147011944675
-3.9392431606150824 -3.1663225592264119 73.353670884092963
-4.2437390396726835 -0.93293029143638795 72.471664754148037
-4.0534177897256107 -4.2328929144427141 75.295711432477674
-4.2330234519948702 -1.8072036281119468 74.140871937227161
-3.2277718706717793 -1.941978474556638 45.890401757368522
-3.0269987988878464 -3.6723923599695154 48.198772546093039
-5.5721303802792566 -7.1640499495045677 104.5468296079158
-5.6932711814400001 -3.6314274887494635 99.382365031100846
-16.143473887926245 -13.995650614871488 129.95914751033828
-13.923610394458318 -5.0382297612857609 125.32494599923821
-16.763818719722575 -16.892261669063032 140.02278793546569
-14.053011926787018 -6.378381715231372 133.87695959444062
-10.958098487967582 -7.4251122994969379 143.63936146606099
-11.263075892851766 -15.338332805828712 155.71555450403309
-7.0423742657497979 -2.3814951828682802 124.15664999705687
-8.0983220478217497 -7.3763710617736891 127.11081892061479
-6.9067628367122254 -2.8467302036642388 120.97693370383442
-8.2244070080636948 -7.2019739734736374 123.64532899727764
-23.997165909633356 -33.678201097355355 7.1713511441369135
-21.842899376100636 -15.016122595754188 -6.7967534071919431
-9.287392460703634 -8.1579062160735596 -76.927990644336234
-8.9285394967207399 -2.5943422222092223 -73.132153959809955
-10.342830849761603 -11.387089597864421 -85.638381996745451
-9.1589909943904431 -4.3388407659021215 -80.026686563876922
-15.084602986900249 -10.651521239991657 -99.465481649099132
-18.346471310000595 -26.324667240560327 -118.87695448662899
-19.406468453118272 -6.8809498477241018 -107.24284218583603
-23.198704119647829 -23.812256804105299 -111.97043497349156
-18.712681994216855 -7.6191349638213044 -100.88913134889
-21.56945952890473 -19.747288784725278 -105.95626940615526
-4.3843108226077216 -5.822964614376958 -67.930626981571564
-4.542874240950467 -2.8503692878104046 -51.124678251047385
-0.71941864974761793 1.421589375013032 70.242254729040397
-1.4750605655930962 3.305638656079779 71.128585087084801
-2.5726086744587091 0.79329581377374059 70.971238171759822
-3.389480464552169 2.8515600590740031 71.937497582581386
-1.6019327837648698 1.6442346225346436 44.022571736878774
-2.7077459108794093 -0.0089568698251947399 44.477358575795513
-4.6973014883889839 -0.016156299279695828 96.390507595189462
-2.8085416223662452 2.8818439915033709 95.448075320053377
-3.8773605861600147 3.7789160598327087 113.63533585259135
-4.3083481510771113 10.717344264562666 118.37837964685397
-10.380153974218091 4.3169852508129383 117.39308656377273
-11.358828628055273 11.87787879873679 122.4603658838636
-5.3910692876519359 5.5511272042874813 134.74310165458206
-8.9034253708866551 -0.056128902049634631 136.81930358624157
-5.3335373967791462 6.1705231425460196 120.11212249281496
-5.5811243817592358 2.5384104636965255 118.3411670106035
-1.6879352900313418 5.0279335361340722 118.11138173184469
-2.2882403780500624 1.5446204633141336 116.55864833117967
-17.573729800013826 -0.064051709458677566 -14.044431035430797
-10.309936956658383 10.970034887176437 -15.872850278613456
-1.7403336753976433 2.8442128651303409 -64.194955373292785
-2.908136512456851 7.045510413710284 -67.742524798443171
-5.6629499276760766 2.0523859783091782 -66.970627226365778
-7.1961246940846415 6.9050730248093837 -70.992820544403159
-6.985316825399476 7.4307403678391122 -86.116389197167223
-11.64751698820691 -0.029310188941928907 -89.206301216979142
-14.860494470488419 16.59575241807692 -98.961908530403974
-13.976229965260007 6.1591791888791123 -95.357927266081305
-4.5326950154970929 13.681396479294156 -94.948083684366622
-5.422241775379204 4.4948140347116343 -91.758289700179063
-3.7390196068646051 -0.014517900680383833 -43.094927728468306
-2.1809707692869038 2.4276496899338857 -40.751886508080915
-0.89000337210309077 4.3783009230030068 72.540029614218582
-1.7573955906980443 4.3780834092067593 74.274128021761911
-3.0643323878530784 4.0691712052542259 73.388106688568016
-4.1261244990050034 4.1989895808624409 75.391346242044307
-1.8829724617334336 3.333364861518969 45.946205864314443
-2.9894835037603853 3.0745363574123123 45.715632699491337
-5.4226732648077807 5.5784359429109793 99.068048911738757
-3.5276560062489506 5.896389796636158 99.498298810776163
-4.7808741190430162 14.508942862163856 125.91751362715792
-6.0871245207603222 14.806703756376331 135.27755766248509
-13.620395327821859 16.66788617651704 130.37800308203467
-16.45418702561015 17.624891878368935 141.15160602399459
-7.1902900723984136 11.408765713688084 144.03228907164987
-10.768555519687522 11.076535343404945 143.07461306763292
-7.1995330293555835 8.4068936996874513 127.36508577765039
-7.0195004844513056 8.4790892587510989 123.73483222499122
-2.3081574892707755 7.3357338640259764 124.46703746318796
-2.7525225550884578 7.1747418442364648 121.10547161151995
-21.660603416341107 22.744343039192803 -7.4864886322032334
-14.479941612607341 23.129880609151542 -5.8607636712023492
-2.4097833850051171 9.6584606069659245 -73.509503692945358
-4.1404716334159488 9.9951172234443835 -80.859829256516036
-7.6304783226530049 10.050066246616776 -77.151438238157212
-10.914215228355983 11.226194427043392 -86.334761630229181
-10.17324859045703 16.219854936432274 -100.17144073534826
-14.92338621053945 15.798554897560269 -98.425774853793143
-23.394581674236594 24.824201859231987 -112.57883422581264
-19.086312652342968 22.931659317771945 -106.16189802258165
-6.3256659222882314 21.189150292739772 -107.93499230376113
-7.2227560278866596 20.077266647215268 -101.26978537526239
-4.1402178292574998 4.6104107689433356 -50.653560744556543
-2.5936349699435204 5.0990380979845176 -51.54068488665142
-1.1350630192024183 3.2413518635127256 75.683398011279763
-1.9724624819801546 1.2951703409237432 76.585274706380829
-3.8007190140457365 3.0683589922756891 76.910524242351514
-4.7182472380928369 1.0567977584799233 78.097521031326281
-2.1782352219808159 1.689741819799234 47.923175870260586
-3.5773387932979865 3.1258727095833638 48.269021464545887
-6.9923090891565742 5.7693013668826207 104.71246181831562
-4.3182823433357278 3.0260799631070383 103.73580488244103
-6.4834068640823208 10.61780139086779 142.94248697194314
-7.7887887422655053 3.6242283718474839 147.90342988907761
-18.918264344106511 13.424123031322631 149.99273966594632
-20.973216113042017 5.5487846789942425 156.74386261834513
-9.327485806674888 5.936797036580022 153.7610186248873
-14.953964749254196 11.722942086957547 156.2311905546467
-8.7354148772727456 2.335727126227479 132.77696761922658
-9.1080561050317783 6.3726229723258552 131.17621875966904
-2.777315546418428 2.0194325253460876 129.37315165906313
-3.542836839628726 5.4845624552875396 127.66683284090861
-32.713683682024502 25.371294010578179 8.9447907583335109
-20.034562388377836 12.767467629411836 7.0759308274317299
-3.6763773421281978 7.5419278777945999 -87.084128635446817
-5.5703617622773116 2.822633022479994 -91.302185818135086
-12.104846316202153 8.7489432729155503 -93.818472775846942
-15.425165323108434 3.6305090429682165 -100.45926254836468
-15.51532008404314 9.3256958649142536 -116.39091663908289
-25.711825025928263 19.784594880979739 -120.03725903231756
-32.434570425719194 7.5444874094005572 -117.18419659739624
-29.254266820290045 18.852763680434311 -116.4453948892006
-9.9937578461899736 6.3715134616130591 -116.3390247326295
-10.608620038900403 16.840766218023656 -113.89421691550589
-5.4637243645240527 5.0743920325649103 -68.550066579876571
-3.2116147248451994 2.6914583081122503 -63.901209660856082
-1.2004235773728613 -0.94928364498868179 76.486113995373614
-1.884787458242553 -2.8620250161149006 75.651532172166668
-4.023654129003349 -1.3409354099070181 77.964068568975392
-4.523417489871159 -3.4474306157139294 77.208171849391988
-2.1791888903855927 -1.6780971626536005 47.9287465989173
-3.8831015548360264 0.0074426303758892975 49.587197910285724
-7.8354259964820701 0.014345754402204378 107.7234121075379
-4.3207028155431964 -3.0029836205879525 103.74859422409986
-7.0416950877456079 -4.8367556773236071 147.30379141532734
-6.9971112580787551 -11.863707129550809 142.70869253672993
-20.526758320502388 -3.9739023388589776 155.94657096296376
-19.511574463883409 -12.399192329226747 151.59644058651463
-9.3302851753042741 -5.8811644911563414 153.76569232974134
-17.317209238983203 0.019544336867923128 163.24505921164803
-8.1519681504011743 -6.0343697017372886 130.56753353642787
-9.6406083456372293 -2.1942700348557023 133.1115262263022
-2.5706912102591977 -5.6966801786357024 127.77444468116362
-3.8358631251926263 -2.1496923464168995 129.61432481438121
-39.356529283209966 -0.063433330210030808 20.662716584969282
-20.294974004771234 -12.588924830563345 7.0143298335765465
-4.039663967892416 -2.7981154922497131 -90.702076319812505
-5.0038912314789465 -7.4454657950208532 -86.880769097868821
-14.074221579348501 -3.4359252382775711 -99.531651401245796
-13.675803548228203 -9.0861459748498863 -95.553490604667246
-15.521188393118477 -9.3230833533729403 -116.35241552606499
-34.832332452025661 0.054691596140696269 -134.71913409647965
-27.751269445990957 -19.777577043970709 -116.11587607398172
-33.722391938216298 -9.2228824905218634 -117.16482390617446
-8.9271623243643852 -16.163670252902786 -114.17425153258108
-11.909772350445584 -5.354439447381333 -116.42377295841851
-6.424944868825551 -0.051314855691273462 -79.640513877878533
-3.220526718322152 -2.659995960934288 -63.910958641449454
-1.0122930496780016 -3.9004785330913525 74.096853509246785
-1.5922496086072833 -3.8376467257472986 72.463568568030183
-3.4841275963020739 -4.6228232142916497 75.416744443749906
-3.7589815220754415 -4.6718699153824339 73.681132707589811
-1.8846629409903279 -3.3352700455360371 45.957126846647405
-3.5794233592517051 -3.1194768296067221 48.279936448564165
-6.9982440987962651 -5.7553146827619059 104.74134201916898
-3.5321959616750465 -5.8988454486614748 99.524307797668996
-5.7494252841178515 -15.507563362424797 134.16431492966746
-4.8919147358797348 -15.178952487296543 125.4585160852666
-16.545069762098624 -16.62382350059049 141.44406604761548
-13.884813879426462 -16.565513467832073 131.83986963157543
-7.2093203858136672 -11.401710352958142 144.06755787332543
-14.984238298043241 -11.651858332135197 156.28364801155752
-6.1659950450483372 -7.8261861969537181 123.17170899129297
-7.9484609827487054 -8.0929660338061886 127.40572552406691
-1.934633588202634 -7.7160239849648402 121.33937639466944
-3.2834880884558038 -7.75955227731398 124.89972968111157
-32.764444725794782 -25.515557089423332 8.9228107961144261
-14.535508519942562 -23.240752710089833 -5.8919668566254515
-2.8869089542232524 -9.4969487895351925 -79.919014755078877
-3.4307414968567023 -9.0478477539397897 -73.091721554033327
-10.042724843132852 -11.446548953563592 -86.390763703331757
-8.7906611822270673 -10.945227740428678 -78.515278237696776
-10.185759304384144 -16.218545654850725 -100.17196337575174
-25.798972572726814 -19.748661315967716 -120.09060040508578
-17.288198757198881 -22.213472380284031 -105.09101470362214
-23.960154266278259 -25.23317721503237 -112.12965746971324
-5.9140677673093789 -20.547171740432027 -101.66071476412839
-8.1829078574782663 -21.205699133155615 -108.83054125473424
-5.4858131657942799 -5.1307393627536779 -68.534254714258822
-2.6013956446222104 -5.1099257198410557 -51.564041690481389
-0.77584857398182305 -2.6729841444493676 71.002001508585266
-1.398074699479817 -0.758460615309411 70.245361681011488
-2.7692787901444151 -3.4947062311349955 71.952449906366866
-3.2171662967226879 -1.5209727691877053 71.111025196846867
-1.6026314932148198 -1.6591902675619565 44.027904011702489
-2.9914162244064961 -3.0846353494658501 45.725823210672353
-5.4275188353103969 -5.5960346307039117 99.087216182811233
-2.8108705417227831 -2.9067977424253333 95.461760595196779
-4.186609930006445 -10.749691813493296 117.67054787350908
-3.7160534968448404 -3.9313738522831327 113.70530828833382
-11.524895068263554 -11.741466803167791 122.57890651608821
-10.238625555782873 -4.450487979042121 118.0198506757893
-5.3724738072639235 -5.5618083965705791 134.75067557319326
-10.770286623996679 -11.121303710935635 143.05904526144238
-4.8830199067114375 -1.7575625780117683 118.07042382225174
-6.0024635035513212 -5.526949128036132 120.1128100152139
-1.5495687042489636 -2.3646788540006427 116.55201500199254
-2.515458638579803 -5.7758966030394605 118.41957642868904
-21.663265253792101 -22.62947719862261 -7.5919122730090862
-10.514579512100966 -11.011932963474989 -16.026781263050502
-1.9074245671991688 -6.1733508914127659 -67.141671397760646
-2.6712543446937831 -1.9212870285272978 -64.197428409464877
-6.4486444867331185 -7.7476401753978648 -71.031526703544301
-6.5155895679108502 -3.1378823217967065 -67.569950817980967
-7.003161461541529 -7.4611298017551864 -86.147521506370083
-14.932147377476673 -15.82518709681915 -98.426949799054711
-12.977226098114183 -4.8897434203592942 -94.802561085032863
-15.769128704773712 -15.571602435109419 -99.061571828845103
-4.3174944193785016 -5.7636234550269698 -91.700056730749168
-5.8518520386743118 -14.86420657754255 -95.483405234972281
-4.158738514902006 -4.6377179922297618 -50.640864347230547
-2.1868694243113187 -2.4481926813323858 -40.755135565880451
0.00024979322741492744 0.0034724006540125976 -138.06326224312278
48.163874325745418 0.0091652511205689083 -188.13032293786307
50.410154383111198 0.0066549497845467716 -87.932896424741088
-48.163313886083067 0.0005592937894424258 -188.13002169143545
-50.409766198710166 -0.0019541124444522524 -87.932812162607092
-30.717830751238559 49.390389249221172 -136.73073681847845
30.721925758201415 49.395967417943552 -136.74190592600411
-30.721623270109582 -49.389952037340038 -136.73796917292401
30.718422642331397 -49.384293149319269 -136.72699136786261
-0.0019248267240430884 -31.448851233456956 -58.501987292909178
0.0023002577543297801 31.452395068611374 -58.503486940785706
0.0010536269189142685 -29.482050916810334 -220.12929889890739
-0.00026891640185175967 29.493671842720996 -220.13335606487504
88.444653159070683 0.020609843123906783 -233.12035108278212
96.993352701921083 0.011906709748011354 -134.72386365871529
96.720034666452023 0.0069492347629985206 -40.962652131372735
-88.444317269644358 -0.0077098908104567924 -233.11959452069493
-96.993029561561912 -0.0054376612326316569 -134.723624495
-96.719706064799055 -0.0039793151670520673 -40.962589135330248
-58.648412844759456 93.678988493854035 -133.25143832490767
0.0057443255240401869 97.116546124332473 -134.51957751984844
58.653459492679517 93.68505160491965 -133.27862770439557
-58.653630891345017 -93.681536419115858 -133.27179864096976
-0.0053822992812148527 -97.112903898839633 -134.51252592881019
58.649236266187401 -93.675190765024936 -133.24479631592189
-0.0027967114859389413 -61.269641552522401 12.896365389229658
0.00017065288251531422 0.0008512477001764643 16.906436444362999
0.0031253945184540532 61.270925460022916 12.894576507358018
0.0064320832372547383 -51.654567723203201 -300.38717874896668
0.00082161721591125748 0.010629907287741738 -307.61221508367504
-0.005034260443912102 51.671784439872177 -300.40020745337921
51.266902341413072 -31.738005652996396 -10.595567708799344
51.269723384492771 31.745379062294873 -10.59846412112762
44.786994739404427 -27.708795091887264 -272.68886726392844
44.78076698791233 27.730978057938767 -272.69650081214712
-51.269436568599176 -31.743240784267286 -10.597335511940244
-51.266509644928988 31.740171380379348 -10.596645479138459
-44.780282042307178 -27.714826332427318 -272.69005929182941
-44.785617485535752 27.725202818915228 -272.69375081053562
77.182964507179506 47.803923340222795 -184.77713066672101
80.586136549635484 50.033405362203844 -85.842050897260876
-77.183835205056027 47.788218579279295 -184.75860125390486
-80.584865445728965 50.023054433645562 -85.830746624398671
77.184771692222668 -47.77977054004181 -184.75387870476442
80.585444802439426 -50.019086752574808 -85.828077845020971
-77.183120112008496 -47.795764743620147 -184.77168002867049
-80.58604411640647 -50.029563136695764 -85.839185527724283
-31.321050961770187 81.136086120979087 -56.752926685702079
31.329954821369139 81.138445693185787 -56.761349707359798
-31.329743508434504 -81.136155345391117 -56.757679998128594
31.321502091548538 -81.133730228824575 -56.74929842640158
-29.185272794209219 75.490066906053229 -216.9082417281264
29.191261184592118 75.494663424457045 -216.93535910810328
-29.191115490009299 -75.486292261221237 -216.92527777178907
29.186305143443725 -75.481422080002787 -216.89859056309496
122.60608891938601 0.035362712831455791 -272.26668498464784
139.78090536428203 0.02015592111852562 -176.24713425554006
144.68095153516271 0.011231171013490018 -86.420462609183545
138.99000665758723 0.006701483477260072 3.0775229745248183
-122.60643696054865 -0.019133946901092668 -272.26576601296028
-139.78076946427217 -0.011730880043002507 -176.24682253233019
-144.68066913997117 -0.0071197794647881486 -86.420371457822156
-138.98967900103921 -0.0050025679286309953 3.0775384596152833
-85.070478785993757 133.89605032430364 -128.32559495089987
-27.392663420064761 142.64647011119249 -130.4431400616007
27.407011631163179 142.64651745070836 -130.45899067113646
85.074537330857879 133.89762915188342 -128.36343292431496
-85.075184060605537 -133.89748442932722 -128.35539061882713
-27.407125180055747 -142.64633798256784 -130.4503886078306
27.393196991371774 -142.64608966469459 -130.43451514469103
85.071560349530245 -133.8954072128297 -128.31746241163674
-0.0028516446936849788 -90.053782487685936 77.205877371535706
-0.00075209304186579784 -29.314156962795742 86.122117085280593
0.0010822572320558681 29.314582848901875 86.121559076876522
0.003167939905546634 90.053650802063814 77.204322179195202
0.037102850377225355 -65.367588711642625 -375.68150713676954
0.00030683489665921809 -19.080410245563737 -399.98495188541665
0.0033123400058554329 19.115549154751228 -399.99645081088727
-0.034535375080329535 65.388774355003918 -375.71254190737062
99.245404204352184 -33.565146705906287 36.334153627858974
54.509222364563136 -62.507946641115701 60.13965038002226
99.247256190045675 33.573703470107347 36.331146286937738
53.800139107082558 0.002142464730048625 66.080130116557612
54.513320680145895 62.511767646711384 60.13643592838288
81.783512338013111 -27.880275367084923 -319.99989662325441
41.791600859350517 -47.558801723231923 -355.82447536788078
81.771738111822486 27.933615826400366 -320.03273280899367
40.630191154454089 0.017640651201940014 -369.33248990734518
41.777333140943135 47.583348206829285 -355.85257199494276
-99.24699081789413 -33.57257667836052 36.331946208551891
-54.513044559586824 -62.511275430079031 60.137736210637371
-99.245009371224711 33.566305430870038 36.333374504532642
-53.799806256314419 -0.001333885608756683 66.080135137757921
-54.508837212359829 62.508467528485887 60.138349024500641
-81.772712238940727 -27.912626192277742 -320.02356218723168
-41.777245070418687 -47.560106107997981 -355.83245486754799
-81.782039118010161 27.901837363920798 -320.00529722766606
-40.628161319610491 0.012705023614484407 -369.33031101706433
-41.788239471069524 47.583099430724104 -355.84094649074223
107.1723219606132 92.421062172565229 -180.49607520348661
118.80435324929914 48.988858057146651 -227.8154830026516
111.05740702253246 96.100909479500586 -81.047358276077162
129.78228941709088 50.663205760111659 -131.19973733573053
128.29105760957515 53.138288232263356 -38.197045138560426
-107.17441626307289 92.407863256786456 -180.45668561250181
-118.81120724250705 48.954352707243153 -227.78233628823682
-111.05599944685956 96.092473898611004 -81.025281313211465
-129.78482106081429 50.64442846250175 -131.18207592556695
-128.29057720388198 53.126683787509052 -38.187016500873952
107.1758623593028 -92.402589726790339 -180.44834147245854
118.81241320900897 -48.943357472945671 -227.77664732239674
111.05683254800849 -96.090225269277241 -81.020572572811787
129.78558942448333 -50.639000954614609 -131.17874933018726
128.2911183189635 -53.124280098132672 -38.185112369362798
-107.17330479677008 -92.416425611967057 -180.48731614496253
-118.80540899291988 -48.978359495686398 -227.80861351391263
-111.05766824138428 -96.098940310268787 -81.042593249245414
-129.78255226664297 -50.658013543012707 -131.19607371116248
-128.29097406294028 -53.135992638901811 -38.195069114687115
-33.336346578155045 113.65004429465363 15.765066576986101
-60.616870854028306 127.56879818798438 -51.451138950977679
33.345891333080381 113.65076667152728 15.758931364691492
0.0070935804947779802 132.69563190113561 -52.669799531712286
60.627082482136629 127.57027497568265 -51.469181633019517
-33.345680509369373 -113.65060720794739 15.761789302705683
-60.627125869306234 -127.5699500072439 -51.46426034863245
33.336720410723963 -113.64983872641626 15.767947804211552
-0.0068291418439668352 -132.69532226184165 -52.664707224359148
60.617457294252603 -127.56829144725779 -51.446173330326701
-28.910121108699158 97.78333718365775 -292.6920241945935
-56.938467470567836 119.97093706790842 -212.38401793666941
28.92206025306788 97.776626996606964 -292.75535808481629
0.011402232033418678 124.58256582565542 -213.72787412165945
56.945094994738817 119.97105901158409 -212.43499446724908
-28.922341331295403 -97.767495861308987 -292.73450580869019
-56.945959053322333 -119.96803152805404 -212.42185397269708
28.912001092410797 -97.773415636569808 -292.67200146876581
-0.011067814513783652 -124.57935599747462 -213.71415827420924
56.939882938871854 -119.96717824799988 -212.37116200000031
84.679847698792969 -84.649130480902741 -5.6835624323162364
84.684806674757652 84.656175846302247 -5.6953455525376029
75.234868459438871 -74.768009423737652 -267.61811722853417
75.225325526951451 74.792337397418194 -267.67876313045969
-84.684690337624943 -84.655040704033183 -5.6927276266178737
-84.679334906329217 84.650367818952233 -5.6861654023774975
-75.226584391580289 -74.781405051688367 -267.66483570610461
-75.232755928547732 74.779927928380673 -267.63042003846658
142.66885696560166 0.042039336036669532 -297.51607979776793
176.02554317998454 0.027564692244151093 -207.33904135689392
188.49590349843049 0.016872225412971401 -126.64984264711282
185.94874370263722 0.01061104425992516 -47.478444472974189
165.58817721973188 0.00609881281833273 37.363042322117494
-142.6699205449041 -0.02287878422565762 -297.51600203949016
-176.02562237899576 -0.017188960516452113 -207.33894079420679
-188.49567522327294 -0.011490800584430244 -126.64980039228948
-185.94841915206982 -0.0081234610172442739 -47.478443889874129
-165.58782659214268 -0.0052786262796136775 37.36303157905531
-103.62057242274928 159.15161485079275 -123.28392184258826
-47.953474806888693 181.97167265458432 -125.55911500410542
0.0080598019006876027 188.21438318938107 -126.49779441840008
47.964850627319876 181.96760271602054 -125.57962975371717
103.62099743418582 159.14730311021239 -123.32381531004347
-103.62186087827583 -159.15047326564789 -123.31625325364035
-47.965385671456779 -181.97105045750499 -125.57138151303536
-0.0080236956367032049 -188.21771914185013 -126.48915467286332
47.954164800642403 -181.97473053815136 -125.55053955279365
103.62180869463077 -159.15417458575936 -123.27581286830639
-0.0025935876146712519 -111.46839010730126 123.5588788320802
-0.00069164963218387655 -52.715597719624135 146.18020208071079
0.00016620261741650199 -0.00011136638701963314 151.91786902482303
0.0010202331180202064 52.715176196268914 146.1795693064669
0.0029108028386005957 111.46743431134132 123.55773078693004
-0.14563177237025315 -54.282798602531095 -436.08786343518955
-0.047648385306252782 -19.795568194032914 -487.690583195714
0.0040920178268342329 0.032652668808093574 -514.45201881506512
0.055432332362678242 19.845687752536033 -487.72928695366784
0.15013585014744474 54.302493992889104 -436.15094596551239
137.9465528348716 -37.803210389855678 81.650645394996786
104.94540022289465 -65.617582382096955 106.89924797727214
61.874606567482253 -89.257453978976216 121.00830223604733
137.94696840577683 37.810006959154101 81.648287910624006
102.90361151074526 0.0015761941817758547 116.9485887277125
59.336869822591609 -28.658163687036787 136.81459596769858
104.9471901485021 65.621174077044984 106.89622522083563
59.337709292965151 28.659390481554176 136.81391516867728
61.87818741073319 89.258840572636288 121.00520056039576
108.23708369331735 -30.627051222176323 -359.18120819593685
74.869899900741331 -46.094938299712389 -403.607939106358
41.57615941769604 -52.978099598891774 -431.94548986691984
108.2125970066397 30.718940831643888 -359.23049370597039
68.590773848518765 0.030255174915287692 -424.01596982007555
33.269757003993369 -13.86629577362628 -471.07182729516398
74.8548266931884 46.198548814677984 -403.70824658151241
33.308372694563907 13.907414744236329 -471.19923606253866
41.603762526022521 53.178549923347774 -431.93058285285281
-137.94668643928193 -37.809618430564363 81.648841525211225
-104.94692357771181 -65.621240801418551 106.89713470306965
-61.877906013808662 -89.259371569883939 121.00629677200527
-137.94615097710368 37.803625285733808 81.650075291873222
-102.90327437509831 -0.0014219467113965841 116.94858513218765
-59.337391629160997 -28.659519134045716 136.81429281395987
-104.94499966464443 65.617555872098919 106.89831421471513
-59.336522416603962 28.658042520969719 136.81421295548142
-61.874240443716381 89.256944636858535 121.00719035067574
-108.21661115754665 -30.692988683752088 -359.2197876490701
-74.859625931816453 -46.169080933492374 -403.67997080941245
-41.605239610950001 -53.152104968295014 -431.88300386219305
-108.23639223718806 30.653557713483973 -359.1879613807717
-68.591130309563553 0.010461551310966922 -424.01063377077696
-33.305164639298958 -13.856598115144818 -471.17531989908645
-74.865351599830802 46.126775689216728 -403.62710075535722
-33.263392457514733 13.917153602855141 -471.08459498483006
-41.568202556052697 53.008898841225438 -431.98446402282951
136.63711052619507 128.59572534689968 -177.83882164726876
150.75187156255686 94.819720175000924 -222.43339029071819
152.47725577124012 54.520820595221871 -261.96337053412566
140.5002309961051 132.90819166373331 -72.647589733158313
165.01692213767069 96.550353910613993 -126.17640356298611
175.56004103420659 54.37146897243646 -169.66681507019621
159.97045173401366 101.5981526152913 -32.489833693553066
180.25704509277466 56.133927068015318 -84.315363206499427
168.41917652122899 60.261326839945113 3.3470776667200681
-136.6473492320672 128.59356114924068 -177.78637944671965
-150.77287002938576 94.799391660188149 -222.37460575099999
-152.50211143575365 54.471136870215126 -261.91739407988524
-140.49995959724311 132.90418325449602 -72.619020877682203
-165.02231207055044 96.537439339240706 -126.14627909521033
-175.56867774724842 54.343536326229533 -169.6412188868091
-159.97029912669259 101.58902652068471 -32.472067133989725
-180.25942266634078 56.115432650637587 -84.300287767134463
-168.41927441743238 60.249457032008735 3.3556094061613564
136.64922439462765 -128.59235320006081 -177.77637949345274
150.77501114562043 -94.79260001658912 -222.36459159963391
152.50352496081811 -54.457756485273059 -261.91042398722908
140.50100313572381 -132.90422027467105 -72.613330669900904
165.02353222367131 -96.534339572482523 -126.14050080080247
175.56963527297822 -54.336645594646129 -169.63713259854998
159.971054368626 -101.58789102657769 -32.468741511479934
180.26009257620271 -56.112114677272324 -84.29788886691162
168.41978412888614 -60.24818159830221 3.3569899446271521
-136.63859043169063 -128.59539774341661 -177.82902065987429
-150.75394320182295 -94.813809398162249 -222.42297574577356
-152.47948679308169 -54.507917135344655 -261.95565959896538
-140.50071393324919 -132.90861913541576 -72.642106894643163
-165.01764042107345 -96.547682221064065 -126.17061570837777
-175.56074143527687 -54.364864719139021 -169.66251586378726
-159.97057348889473 -101.59722080397353 -32.486570115871586
-180.25713534152413 -56.130762142388015 -84.312928732797047
-168.41901158929525 -60.260127394066537 3.3484365644021281
-37.827684883563215 145.36125330955636 76.523208154597
-64.173616916830085 161.50622653495117 22.774671971750411
-85.142823752724894 166.27002126566302 -40.996990651364257
37.835828412377069 145.36226155211364 76.51886055821285
0.0063375306095869444 170.12612308689464 20.606884428189879
-27.083056734357758 181.15427769243104 -44.358355657048065
64.183558353242404 161.50709065524188 22.763039648279833
27.09772818271475 181.15325884841033 -44.365620921659712
85.152624642163303 166.26929111010611 -41.019429595670616
-37.835581477723011 -145.36328526699594 76.520875585345152
-64.183471902554615 -161.50834841458729 22.766327987714746
-85.152867169906017 -166.27119473995788 -41.014355282747061
37.828034293380021 -145.36224979783702 76.525247677691198
-0.0060826069688634851 -170.12747470476566 20.610262100443965
-27.097715177598989 -181.15534147124976 -44.360294995607802
64.174069444840271 -161.50738391743815 22.778045449847681
27.083412639710126 -181.15625825692422 -44.352942255164322
85.143526425422408 -166.27165734640235 -40.991687892635795
-30.127450571426511 113.10851080353036 -357.3943277474657
-56.61097751045444 143.61924828866449 -285.14470336154369
-80.624502498989926 158.35303173226637 -211.36614541618937
30.143309827008967 113.09523529392709 -357.51661814966639
0.019029910237810099 150.93764447077308 -285.72375395365952
-25.260657847283994 172.57133619193806 -211.65257536006089
56.613142487997536 143.5999923228301 -285.23922951387516
25.281297690373901 172.56713004565788 -211.67549560462513
80.62322415271079 158.3430276143591 -211.42504344520947
-30.144796095035538 -113.09051310876016 -357.47870373515269
-56.615358357293935 -143.60060325608268 -285.21691883574323
-80.624845659641309 -158.34572736319174 -211.4119686240013
30.130714373800853 -113.10156058035571 -357.35752620072981
-0.018951594363238695 -150.93823343456194 -285.70013122664767
-25.281968848741005 -172.570230263887 -211.66127174464958
56.613359048107505 -143.61810982456711 -285.1225071815021
25.261253305701342 -172.57398396333983 -211.63816482351191
80.626247051569138 -158.3546369976425 -211.35262810490008
134.09718622499946 -92.609360851228743 44.366422258471651
134.09940230974991 92.616283246702281 44.356831541079529
117.578699043637 -132.90109785749871 5.2223264201058441
117.58311684747677 132.90528553761851 5.2046654209567365
93.032298266208727 -119.39442802402441 67.459875961643675
93.036726746115988 119.39764415477579 67.451091822559022
114.89202070526267 -79.014026830025628 -312.89904162122161
114.85161554281606 79.059489472371652 -313.01542947770463
107.0845652195041 -120.13995854619827 -264.71460914041609
107.06166239442454 120.14502739987725 -264.81715797199791
76.356708860556324 -96.226883180994321 -344.3333292396718
76.331497596374163 96.258149243092646 -344.46659170596678
-134.09925966077247 -92.61596425745276 44.358654367684807
-134.09667147077161 92.60977017646637 44.364563953684566
-117.58315649198342 -132.90565030722232 5.2080427794889061
-117.57806041697876 132.90090829737258 5.2188499753866111
-93.036548197370266 -119.39806473677844 67.453097640880671
-93.031849159484025 119.39407716115429 67.457826720540965
-114.85555340184229 -79.045927126723399 -312.99786691622859
-114.8888160241803 79.029203384345024 -312.91409441617225
-107.06444745094264 -120.14156362082103 -264.80022346134587
-107.08161627834494 120.14511751224802 -264.73094821999422
-76.335292194443994 -96.247607717226444 -344.43774231685416
-76.352085981744736 96.240454608268166 -344.35904201571333
-0.0012907265753439121 2.6711009881075891 51.659534938513559
2.5984886310988515 -0.013259994415035165 51.646517561330889
4.494183677112729 -0.02395741907524572 131.72082800151503
-0.010763343064707101 4.6260730581936356 131.75298300176229
-0.033730608207757508 8.779326458905258 189.80157880893742
8.4931376854129521 -0.032013236677899209 189.70135592367359
16.499102315970067 0.0585456870851307 -50.221791867295764
-0.021776168279181888 17.172376618049256 -49.891328559724656
0.014937403277333958 11.797839749038426 -165.91523328608884
11.056053121977952 0.001218589287630517 -165.76976227862056
3.8405784130417322 -0.0079653529777742593 -98.647239083429895
0.0048178273718994004 4.2523977155104546 -98.736694251582293
0.00110629403436082 5.4085980437436678 54.718228269904145
2.8658402867236288 4.7814413179508 53.479763820734973
5.1663632118199256 8.4065178632630371 135.63117519082147
0.0035143887107005048 9.4297531262075278 138.21879353301176
0.018986965740799642 18.037613707271202 204.55747139257991
10.182163652190535 16.234404314846177 198.60488527937036
20.039023288140083 32.4320067646293 -42.250361340935441
0.042823376809075629 36.466428375851734 -35.809862158639135
0.015816946691736368 25.381015912784555 -186.93686843812441
13.760413212023609 22.392955365493798 -178.27595555908721
4.2764897879290915 7.7101352714878972 -108.74646650953648
0.012379656006000796 8.8629843906788199 -115.24508505997693
0.0020077886639666498 2.7388382338800397 57.851306777232153
3.4227006615021174 4.8460826099815879 57.235330427421999
6.6231924508519882 8.6134486072412564 143.74506836162243
0.0063235675255422456 4.8230894542277278 144.92064092326137
0.013902303071843437 9.2707119861677789 219.7769591664339
14.006656769480417 16.774344680925161 217.30085241978469
28.955437057071823 34.74537376738207 -22.559238207756444
0.035690439558553055 19.496453057315218 -18.433625979705972
-0.012184025422683974 13.962905633545462 -209.80785001809019
21.585217344273598 25.411222060468287 -205.37567286222446
5.5850703787177469 8.2187546201501096 -131.09394330133415
0.0030367705863874103 4.6509986516561757 -133.410037370461
0.0013532145256395939 -2.7193475970399899 57.859707555011312
3.7121770793116431 0.011436483957526208 59.161586842720581
7.4132720276014226 0.021282533741587301 147.96982551226756
0.0021826205810520413 -4.7884571758209313 144.93913077457344
-0.0048151669486103102 -9.2227636569059737 219.80804171151217
16.169706439736846 0.065755795944339723 226.90705094788061
34.85240623959946 0.12924873260045974 -9.9137056237540406
0.055587750232850612 -19.365372718179497 -18.461427990104376
0.047372802922339523 -13.955909380704972 -209.83029864277196
28.09030240533378 0.042069965708156229 -221.24499901868427
6.4407326791598791 0.0051024303201197344 -143.80845691693793
0.0035632144097566499 -4.6328308706862726 -133.41845640319994
5.9376881366924846e-05 -5.4102283565396299 54.735091282895908
3.4236203131761709 -4.8355839135157632 57.249828194227092
6.6291145762691643 -8.5940974089874569 143.77331050493623
-0.0012576084584289408 -9.4291127552945699 138.25379971949349
0.0017300901633512937 -17.994183627999796 204.55508175259126
14.028991344848098 -16.745851023536531 217.3054759073496
29.186863115941645 -34.806417128264734 -22.701311496368746
0.11837199251768792 -36.270296662990837 -35.792455455775638
0.0042934886436048238 -25.378259591743742 -186.98594861867636
21.588886173147479 -25.392248087255986 -205.39186550223377
5.5506557474436065 -8.2096473787024316 -131.06237159271456
-0.01071524421813729 -8.8653379538123076 -115.26404473279814
-0.0015790313032088663 -2.6941729114555439 51.668063239809342
2.8666550258339405 -4.7953397612973916 53.494796545626116
5.1699720659102901 -8.4298998470439219 135.66692003378577
-0.010142336719151202 -4.666799057577002 131.76984353632417
-0.05172437311461775 -8.8541208596131185 189.82537790260068
10.224277317204614 -16.237075390505147 198.64170851780156
19.980757803289098 -32.399980465359036 -42.160406777958229
0.0085574025406196432 -17.172564090283764 -50.132577376316476
-0.020573596732906846 -11.848076841092007 -165.91697455820849
13.730709671088642 -22.452121994136366 -178.29806597054221
4.2643173494176434 -7.7212377563715169 -108.74221033564652
-0.0031506648550331754 -4.2737033109569262 -98.744583345193917
4.6396592064305953 2.9383347502556498 53.438286195404707
5.2342907734194108 -0.014440650798081866 54.603732740510324
9.1068179203178392 -0.026777003800520137 137.96548993381526
8.1486657423602775 5.2990133814169038 135.54176791767713
15.62859870407938 10.429696028492783 198.28148177832639
17.317438596996009 -0.055830891654379218 203.65826204550027
34.154552801919905 -0.17966325709288561 -37.85401150648255
30.535971238445292 20.686443390179999 -42.744770266542915
20.958310849398714 14.529282567440138 -177.87997528358869
23.504561504521487 -0.0045653332933810117 -185.62447455307321
7.9521509168695923 -0.018035498504647036 -114.44158217586235
6.9186210931090422 4.6768943323871266 -108.47057363089482
5.4683056251786901 5.9685846030492469 57.067783182445112
5.7893967073841024 5.6099509841502133 57.002973369516312
10.557959885187444 10.560237628177793 143.44196044956874
10.304221011980973 10.904592239107886 143.59407847725092
21.273459277534602 21.862755009613036 217.01730387619375
21.089745313754339 21.839115046018541 216.51692655994816
43.360113353992993 45.958427492403892 -25.535864628240049
44.360406718569138 45.596943114893463 -24.552961826654858
32.690443116048378 33.745051920178639 -204.37515998892593
31.724693620916767 34.097955388671643 -203.81454006531865
9.256337015243469 9.5995988830893424 -131.51096326826604
8.8141907640332526 10.234691710254607 -131.95120062070831
6.3357451615974076 3.0312756712716706 60.819085076830959
6.9455097154933583 5.7188099612343857 61.976908933985797
13.721934330936303 11.009413341806377 155.1269230118458
12.672074086890545 5.6272473364297824 152.12109157013742
27.754339450507036 11.502749026197087 237.0120362900916
29.843101684553716 23.384391567517671 244.41903526753569
67.974281138080855 53.405810929198438 10.54740661683185
62.438653620211966 25.752219125513637 1.9287783644969494
53.994310467126944 21.546005949018177 -238.1527562197868
62.856271836392615 49.235569280994177 -250.92993641271823
13.903068844873481 11.805439576380227 -174.76955089018216
11.94706821258122 5.5220238741561385 -161.18100484874407
6.3371261478291201 -3.0109520340204416 60.828509844991238
7.5451658443446972 0.012830075405722677 64.553667157394216
15.408796650000621 0.026317205257223274 161.34984696493501
12.677019649697188 -5.5877902567648325 152.14661982369796
27.781571196258486 -11.443525813866421 237.09168479302807
34.664150640992609 0.048389880631175879 259.65034464345973
82.123520711180831 0.24827998498515433 35.419216810432346
62.506114171707317 -25.691659248612364 1.7902032676858113
54.066678918536418 -21.644963392185605 -238.15012709746668
88.965273945990361 0.069727910717626962 -282.17785821892716
17.042459080456965 0.054242503702748544 -204.01354134357626
11.953801609032146 -5.7790244493802261 -161.13310024913511
5.4706339651426674 -5.9702413763781781 57.085897444907062
6.9482899377678962 -5.7074054500117324 61.994245021343247
13.72779094822609 -10.990522492769623 155.16678545865955
10.308326069595836 -10.904194984655266 143.63468160784728
21.296747639471654 -21.883426770445951 217.10321751576481
29.82582801550852 -23.3485625020848 244.52318093666665
67.876092255763339 -53.320692625493926 9.9443059051388971
44.544482461844133 -45.693520983393164 -24.405428699097961
32.73666842146779 -33.836891922761581 -204.51732924144974
62.652317149024796 -49.05451779289654 -251.22695167891357
13.631989244916255 -11.587977796222457 -174.70780642959375
8.8075197253192066 -10.311015320215288 -131.95715849270249
4.6408109097995007 -2.9622171778527839 53.44756633065257
5.7921101609124115 -5.6249635550080672 57.020300712831258
10.565551413764297 -10.585619396387171 143.48435263214316
8.1513087218370845 -5.3413501775709529 135.56182126306086
15.683184643153524 -10.548358104718996 198.37692194366485
21.09299225204245 -21.824902621837012 216.63790102308346
43.29563584411904 -45.947624352862313 -25.564060317362731
30.693204924368711 -20.95126358522166 -42.858995739440601
20.967068414989196 -14.548940748177436 -177.87555372532026
31.709922619391381 -34.089909745015831 -203.79686503565966
9.2243535574558209 -9.5836887494833434 -131.42875700328389
6.9198747730834098 -4.7076458932796905 -108.46665376825047
4.6808613107819275 3.4901708670050873 57.059362361380693
2.6344637843948506 -0.016178338633563678 57.609801668303973
4.6104878591970966 -0.030993349893408795 144.35922162572967
8.2880202450902871 6.7351679279577175 143.33709985190325
16.06092795968172 14.204100144827354 215.95359571379959
8.7671204023069365 -0.089518772888061718 218.03778431217731
18.276614011400547 -0.058480084293779329 -22.906107546051409
32.499815039051903 29.864983716764606 -25.457064128324546
23.397462322628655 22.114033248783535 -203.39877029150534
12.872747173873611 -0.04865785396436418 -206.91262987818851
4.1858341227253151 -0.03405901186199442 -131.53095322057879
7.3184025414583038 5.8362700449680052 -129.75872366831553
5.5478362646411306 7.1246165975362077 61.901210453688996
2.9231693159048748 6.4716920065010859 60.619206115415878
5.4062331107954176 12.90830271848963 151.6352101041565
10.663166175409508 14.066818354600782 154.93599466623203
22.60870458884154 30.632583568766144 243.86905686512901
11.045751963581671 28.268652730830361 235.626334450949
24.480309532559179 63.722808889682966 -2.7755506893058879
50.873848981455069 70.212555418458663 8.0119969770921422
46.105985956427126 64.573548602829405 -249.97136487838253
19.903229203938487 54.506816249976367 -235.31312500342352
5.1288327952932029 11.926258751899642 -159.08649610662928
9.7955587449511938 14.570645415523389 -174.16594137231007
6.4501479151959806 3.6338738893162201 66.957914705608061
3.5208501465933884 6.6214181973544317 66.891589315880125
7.0773192032744614 13.55736307629207 167.3115179247672
13.208564879275738 7.3271247420816312 167.49782386042875
30.019409046662297 16.440903500949954 275.18413951017055
15.692421534501172 30.802903784250361 274.62302827517652
39.38397232663732 76.897416676022715 63.577262631688868
74.885960429048396 41.314146712537429 61.986712976310926
91.044667493706655 49.690411882287279 -313.08754158864207
47.451610796395471 93.955677263630108 -311.45735011338377
5.4941840954966326 15.114496219229329 -242.5944508426017
13.552220353598033 8.4067319919953043 -239.79285568205489
6.451979207557641 -3.6106569075867871 66.969304535686476
3.8303959236524072 0.014694731624014818 70.155446856075216
7.9658574800501096 0.030976684252051381 175.72412785391009
13.212981982315764 -7.2817343244386219 167.52691114000257
30.040334825682304 -16.357961862105217 275.23486442210697
18.42441155572245 0.072779517426659973 296.48267116771666
49.165472360187877 0.020728068214116348 110.15125389254945
74.82781131640742 -41.083178037644281 60.669305547929888
90.994482766745278 -49.756411495738767 -313.52748950621293
69.290920281413875 0.10509464933009978 -350.81044023286279
10.106230567969895 -0.10573913505361887 -300.28115410927126
13.395367831067112 -8.7542797933545646 -239.42514039357235
5.5514355461758926 -7.126414024372151 61.922830424947207
3.5239005183653163 -6.6081903338596675 66.912764738114959
7.0876691409602408 -13.533005345197356 167.36063983910066
10.671019704095716 -14.067273495245294 154.98351790681843
22.594274923061967 -30.59547662566683 243.94955701980408
15.704950606409881 -30.824560344997852 274.72194235022118
39.437693762280844 -77.064397415665368 63.652123868282615
50.909213485378643 -70.280368414997355 7.9631881090049141
46.320717539345686 -64.836441358877281 -249.91572338349135
47.573205274216193 -93.87848132621582 -311.57385216580337
4.7729739213895552 -15.248729096869264 -240.41099953398651
9.9375489387525757 -14.802266770754951 -173.79174976605796
4.6825677420092049 -3.5168052841640907 57.070488330990486
2.9260496951499553 -6.4886504979942945 60.640117880043562
5.4155099249286032 -12.938478401940692 151.68464217284975
8.2908256711013522 -6.7839845616779337 143.3635742220286
16.021932392746113 -14.326222055583838 216.0547736570949
11.04225240702613 -28.274226678363682 235.70944140450118
24.447829059825931 -63.773677926998396 -3.0031424203142976
32.526025907341534 -29.916848813471209 -25.948982837472741
23.420754927788732 -22.158465311858667 -203.41102749211743
19.831657027938416 -54.446937810327384 -235.23532934106242
4.91552408347951 -11.917808100167864 -159.07667569417222
7.3100233795877969 -5.8926442557169514 -129.74010144811425
-0.0016345277293294662 3.775947737122761 58.899899393082734
-2.6356346948739038 -0.016913878800028127 57.607550885108466
-4.6163826367838032 -0.033039455825912036 144.34650866203816
-0.0070998833769406961 7.5158551334744521 147.3450912491974
-0.056945706005106282 16.356354273820202 225.05212499172529
-8.8512724701430177 -0.045768595434759161 217.98278816625097
-18.265798843259685 -0.065759220799184392 -23.014438191773266
-0.23722243520643793 35.561116269733041 -14.461501422602495
-0.064405921094618609 28.061395642443927 -217.91620294459176
-12.877968533513602 -0.048801113722586401 -206.85059351276954
-4.1925090343234164 -0.0089887191134935575 -131.52132311342967
0.0094671311818183626 6.4875903986536656 -141.60615928878784
-0.0020595109093947562 7.7197237876803264 64.383667430842607
-2.9255712373662162 6.4711950398660054 60.61642283769136
-5.4139119043210604 12.908513192619468 151.62386132986956
-0.0071494657777292315 15.725433775763372 160.90315145124583
-0.038264907559496165 35.210940772699068 258.33603207040716
-11.006519882820367 28.294214801421408 235.54133960725594
-24.339614156926043 63.78489380230706 -2.8755326831167807
-0.1450357360318181 83.690798573886596 34.222380212255928
-0.26299554486806276 89.532625205361825 -278.56956676459083
-19.78436573087702 54.364584301469293 -235.12307145665829
-4.9123740077182996 11.889983334675147 -159.0309092934333
0.028351992764204928 14.557814351353425 -202.81545695808916
-0.0017697406816492671 3.9436728759507869 70.123485635711148
-3.5239250870492822 6.6216227224515638 66.88907880348097
-7.085454260806209 13.559387149571677 167.30274308906891
-0.0046148379195350975 8.2172189211344602 175.62651569788807
-0.032010766961492083 19.148131800261002 296.23421712270942
-15.673936971460952 30.845295539328642 274.58333044011522
-39.465348270280096 76.990635478952754 63.678194898382614
-0.0037305554892282941 50.480325966702175 117.25977975273278
-0.18935381510837052 72.215407017982614 -346.75464112219834
-47.491598048529802 94.027887801782882 -311.46023792931857
-4.7556765345688206 15.26866594036078 -240.35870301753209
-0.017777982465359745 16.544135971115601 -310.80638067753716
-0.00085177922388397082 -3.9174586432896756 70.137133226170704
-3.8327066501039964 0.015516452916852934 70.153936227274315
-7.9714171099034559 0.032869142394548849 175.72069301798703
-0.0017655539348317892 -8.1620327433039073 175.66258489090777
0.0082970055356167711 -19.034902103220126 296.31869486001733
-18.425165792561103 0.085350006084876223 296.50893976192361
-49.19233332389036 0.22961396951757659 110.00315830364519
-0.11014394016818518 -50.305192723875727 117.27798817454588
0.1097346906733794 -71.871278828246162 -346.81162255060605
-69.316793078167152 -0.0077665044558328962 -350.8707033670139
-10.090828983010937 0.1680433184739149 -300.27926292770189
0.032075979706012198 -16.479520431750995 -310.83720959482656
-6.8887737748465677e-05 -7.7217296225998187 64.410074441531918
-3.5245118256421319 -6.6073146869336457 66.912869046887607
-7.0877519426505469 -13.527818463640587 167.36522996976572
0.0017749104574203364 -15.728140442865648 160.96819567823781
0.025496566010207122 -35.211673639654386 258.46790680834454
-15.733222483469916 -30.740684237152315 274.75760631957212
-39.466560023951345 -76.822577125704896 63.648575979003411
0.14558198844051093 -83.645087280133239 33.980678510464841
0.17065867788334799 -89.586885423238357 -278.68373775890086
-47.471534141195121 -94.043624878007947 -311.50886625307447
-5.5017167042229822 -15.113255285360589 -242.65930833255169
-0.031660166906094189 -14.576512414267723 -202.86986755876296
-0.00080055421042375089 -3.8053778511459257 58.913006671564247
-2.9263180708145975 -6.4893144143797441 60.639590478143759
-5.4168535723244995 -12.943344059037711 151.68208178696912
-0.0040235955385855993 -7.5738481498025818 147.37702188475896
-0.030073118532136719 -16.474545178970466 225.12466359761936
-11.02420497888135 -28.352319629755446 235.67450296477844
-24.423822049826253 -63.882221144592393 -3.084235689129585
-0.057858289771177442 -35.85548800574368 -14.731954001334387
0.014389168978251 -28.134447098677814 -217.97243823096335
-19.949311759517915 -54.560186784619134 -235.32817408081689
-5.1399899547949248 -11.960679517766582 -159.11484081125346
-0.02068161303385211 -6.5287775376004626 -141.62842476816724
-4.6794608313626398 3.4888615625714707 57.056602857536028
-5.2305193761371473 -0.015352257957865921 54.604525644641242
-9.0882059874131276 -0.027311356369186534 137.96782268193215
-8.2821772144614823 6.73165840790901 143.32508170639267
-16.025740931235799 14.255818119514464 215.9317488881014
-17.177961676741468 -0.03964002077589817 203.62396100408571
-33.834913911753674 -0.1255128604935174 -37.800616553472281
-32.549508366434182 29.91048991441729 -25.675370707655276
-23.39186522835389 22.115026196693872 -203.373302892303
-23.485661525593361 -0.055324055589954069 -185.59773945134899
-7.9474980682648484 -0.012304627154876381 -114.43392105995073
-7.3025595382663981 5.8606532914819569 -129.71561588817278
-5.5482055986993553 7.1238115097824544 61.897466656317945
-5.7867086686139428 5.6076450328661149 57.001362593848356
-10.548390306911934 10.555597160421458 143.43808778498786
-10.66226638704819 14.065366102695931 154.92536878312347
-22.592050261240164 30.619433587894466 243.87551565378132
-21.059566368296693 21.810115032876965 216.52899401616395
-43.240158949166691 46.017227338755198 -25.282803959030204
-50.813519004605787 70.206855413416804 7.9620623295504309
-46.313243453117124 64.83333664526937 -249.80858110414226
-31.676210699702029 34.036769591582406 -203.76895387646272
-9.2099800594791965 9.5639788927734255 -131.4027981533763
-9.922506265177562 14.796627841945854 -173.74474129595484
-6.4513233742038834 3.6346209555037978 66.954667578972476
-6.9445961760956401 5.7183534781970184 61.973140011700202
-13.721153533890446 11.0105379725887 155.11539979619363
-13.210948396787558 7.3299136584305176 167.489822913137
-30.05094893153942 16.432585536761437 275.19441723431248
-29.821667881148066 23.419663754347241 244.42871907670289
-67.845999991423611 53.31838704401185 10.030014352722475
-74.744191849743729 41.219724480696257 60.83960172897639
-90.984565985645418 49.836351597234263 -313.51172353024253
-62.633508028685327 49.034426589778029 -251.10192522784604
-13.618928328557979 11.601715451403726 -174.67170177809891
-13.392503031759105 8.7945848578887524 -239.39920205022139
-6.4528032960164294 -3.6089230992552088 66.967681633890223
-7.5447230742770621 0.014042365551219302 64.550789121036487
-15.406611698270023 0.027163234659090551 161.34198997453689
-13.215663213139063 -7.276041915093491 167.52028097688134
-30.012813255720992 -16.311212504975042 275.2039176839113
-34.647198220335198 0.0027082557259079337 259.58685557552184
-82.317003503720414 0.03936622775344794 35.371093854220497
-74.977952825102861 -41.275519220912074 61.981033884683235
-91.046243800360031 -49.600982036828817 -313.0918913326484
-88.9157711278623 0.010456360971163696 -282.19985732379092
-17.052744576769037 -0.013131385043666951 -204.00438334728904
-13.576629909237838 -8.3690111234493774 -239.84121257123866
-5.5512156362727048 -7.1260493522962145 61.923066212515607
-6.948014076054231 -5.7054808780632733 61.993603933827714
-13.728469932165448 -10.982487669600866 155.16682248341084
-10.672793008938648 -14.070243573936704 154.98739634044466
-22.651235866704095 -30.636107660408456 243.98566396565735
-29.840475086595873 -23.333306688460109 244.51759486373334
-67.824123346718864 -53.331276546425919 10.357360672877217
-50.928050001513299 -70.338722116979952 7.8491346830363291
-46.156124715421925 -64.7183251017304 -250.06097636671433
-62.898059702102245 -49.20489750555199 -250.98370376239626
-13.923859438880893 -11.793786026605336 -174.81058967689657
-9.8079514304603723 -14.59213409810218 -174.21070260419668
-4.6810679007391025 -3.5175547099162721 57.06894002619687
-5.7902491193044279 -5.6244141470993112 57.020702249431288
-10.557805673526143 -10.585292499437672 143.48280561422632
-8.2886514135587106 -6.7879679384747096 143.35260908600685
-16.02136331093061 -14.336467425557178 215.94909552493823
-21.085412256016433 -21.867159436686361 216.60174222735438
-43.367333442602508 -46.175100385499327 -25.683364497243872
-32.549828814614905 -29.950450554800284 -25.468489737617446
-23.408183994510694 -22.172386102577946 -203.38344741530577
-31.74598276508242 -34.167369407465465 -203.8251041937055
-9.2637631990540843 -9.6285626432906835 -131.52986163669738
-7.3239790981329556 -5.8730341829799819 -129.7636221803495
-4.6370691073896273 2.9360432003956558 53.441349115280175
-2.5999909589142249 -0.013566342444033803 51.650720531481156
-4.5043417539989496 -0.023739946382464763 131.74362434259129
-8.1365006887704272 5.2898057485969723 135.55647718059555
-15.61093414010036 10.466621375475071 198.3702399315226
-8.5463921848041444 -0.028840854043483719 189.70834458613402
-16.320038505581177 0.0097307429035877156 -50.206268813182277
-30.718406384091654 20.804338261197216 -43.037978032052479
-20.947378386794725 14.522550680171179 -177.8548968611228
-11.043927241363557 -0.027002465881704359 -165.79580983863093
-3.8372839756508323 -0.015438264605847589 -98.647857040765984
-6.9116774018086815 4.6851432891862643 -108.4560619113812
-5.4658917540965088 5.9661837666608282 57.065972177738189
-2.86503493177845 4.7791789372417783 53.481177675381453
-5.1695721759249311 8.3946804410904239 135.64004350519804
-10.297273691942125 10.893429584060002 143.58816267542605
-21.23339133413015 21.868440245336608 217.00259188805595
-10.175712340931126 16.187690703687803 198.63738259835588
-19.863848236905952 32.439663650222023 -42.082088448809046
-44.355602789723925 45.887090489386594 -24.351293363856129
-32.700024678812945 33.823835433283172 -204.50075715719944
-13.744147062022263 22.416771163380858 -178.27523518712545
-4.2597404487394561 7.7062534285432864 -108.72657951301224
-8.7949028016285755 10.305493283472117 -131.9329409145208
-6.3337294607865253 3.0317003237137015 60.816100082355973
-3.4194684512145774 4.8453568289807265 57.233331797962833
-6.617153564392309 8.6116471543715587 143.7337986906862
-12.670317639676718 5.6305695221411671 152.1162635664073
-27.797013764262093 11.511170725244261 237.04003601444552
-13.96803817093811 16.778190538797887 217.24082845422654
-29.028880230336163 34.762636000448666 -22.594868207095985
-62.523379907610121 25.938722034933793 1.8225439959380267
-54.059746356171466 21.676348551407166 -238.1584901944936
-21.57505530996411 25.412531113118352 -205.3552745918968
-5.5431880063713539 8.2181089987705942 -131.04358710095218
-11.947076999247692 5.7994765152543506 -161.11384982368853
-6.3357250102874598 -3.0094230887727944 60.82658576435378
-3.7092151921298906 0.012044686046946381 59.15997603893625
-7.4074590224122625 0.023248666882508758 147.96434110746605
-12.67481899844161 -5.5851639881429254 152.13921724566336
-27.740165971645538 -11.389230466307531 237.04536060337688
-16.141585595956521 0.064200151907023773 226.89844330992278
-34.99647064548099 0.10962245617375836 -9.8376812612056526
-62.245333522225486 -25.580589945182101 1.9956579299595347
-54.045785993200184 -21.466955024240601 -238.14012939743066
-28.064081931412101 -0.0054043608976616954 -221.20703179562014
-6.4351947036488522 0.017658210238784715 -143.79980028483956
-11.958422534101164 -5.4906627523407669 -161.18787178420766
-5.4697687706455582 -5.9685279221707992 57.086345507943825
-3.4221995949897073 -4.8343842537778876 57.249297233084931
-6.6264267860729431 -8.5899171144079371 143.7699362932652
-10.309076746713231 -10.902437289542068 143.63419231066018
-21.333521402448628 -21.889060175358964 217.09188071717514
-14.011821894967076 -16.736394579492273 217.2738497907869
-29.119320015060197 -34.858674441039646 -22.570825125363029
-44.564578372268393 -45.843311213184535 -24.570113443238476
-32.721086696986376 -33.793972851385256 -204.45504356323514
-21.613328341016757 -25.367428173960203 -205.38956007038587
-5.590635402531043 -8.2054051222399682 -131.10983117818154
-8.8257125261401548 -10.243176199082672 -131.97886863280252
-4.6388676600385068 -2.9611915570475529 53.451076186138899
-2.8671525552707817 -4.7938525997973107 53.49663421277701
-5.17142540052886 -8.4210609186259457 135.67362194091092
-8.1416515218257732 -5.3334615119909081 135.5785379756413
-15.636082602552438 -10.495072667728055 198.37281823171674
-10.188640321814725 -16.183953989619603 198.63417848510207
-20.054112290009769 -32.439582916134377 -42.253727028237847
-30.735820490022398 -20.763479958595834 -42.845146380414832
-20.94905280134499 -14.552308523130295 -177.89166354130711
-13.762065964867677 -22.424957907272496 -178.31375696468891
-4.2777945381180178 -7.7264921810411504 -108.76228070275428
-6.9171724865696866 -4.7023997568115794 -108.47646825210825
4.1855961293068935 4.30350880138863 102.5927679854148
-0.0057685193611576738 -0.020315285095907923 100.91513062499699
15.083290830464671 15.555740105863315 199.18761690135582
-0.17559857857019137 0.01107102552248972 190.01140744394237
-0.015118258892330377 -0.019302726448555126 193.7170072817548
7.5741254613934519 7.8457742262044974 197.35291689724806
8.7511109913749561 9.4109647630871507 -170.80876509615567
-0.00075935713309152565 -0.015689732076385972 -164.19805644236536
-0.17888756317021937 0.14567176358420214 -226.18805463195935
19.15151483803222 20.14305934721131 -233.47112620921638
5.0848502225519496 8.7553796553924634 108.37884287783089
-0.001513543750569825 7.2743125974432417 104.04136708643502
20.802540325664808 32.698829348818144 231.07845577583339
-0.10235031165504314 26.35992787558099 207.20183953311025
-0.027583439814964607 13.097779170348085 200.395302102849
9.8966946833124361 16.103108130540157 209.58697579102264
12.405146928185559 20.373331260701796 -194.90373102777249
0.013848786617167033 15.918932841095238 -176.59261873362365
-0.034292008014190585 34.737434133794764 -239.81296339841498
27.79675332027815 44.496597880375781 -253.84060475021062
6.0429758755508374 4.458219572953146 114.35803253551053
0.0037228409590810575 7.3963811122448364 110.45306386538576
27.952871730830218 17.079723750538598 264.80743766224236
0.071776831864301407 26.750258193370918 242.87258584449398
0.02022968987563847 13.508274272236207 213.61513731217448
12.543875128038135 8.3180732483883641 221.75825709529374
18.194529462091918 11.297432142175481 -222.5292181685482
0.0087436922847275687 17.191458141210973 -203.40871946630102
-0.012765583672588796 38.33175155175477 -261.4453801677198
41.649705671350844 26.613893932513726 -271.51750390128723
6.0447090842762581 -4.4265691172870048 114.37335222378873
0.003112281671064347 0.018679942240520234 113.75554661590294
28.055819321498728 -17.059489641976526 264.86485374541542
0.011760098056142301 0.08344903346876141 261.01722842376194
0.0091655020663468124 0.0553915301296014 220.21063658304701
12.562205229258703 -8.2782468834409002 221.78146462707124
18.178807986339152 -11.364224271590324 -222.54438927795769
0.010677815017880595 0.017666591927124192 -218.1030310384441
0.2232553006982429 0.1612309767592397 -269.8883223631733
41.55710196406018 -26.316766886164132 -271.73142034082804
5.0869627136134126 -8.7561786468164069 108.40987604729429
0.0013394377679831974 -7.3787899122829623 110.47844675186595
21.060097493287635 -32.763401974613195 231.13335103103063
0.069932304221705419 -26.963826245679332 242.80434897554937
0.0085700789334691493 -13.466326347893546 213.68017251812427
9.9070221371469636 -16.080437289948538 209.66468509986831
12.384030928283748 -20.378657286561907 -194.93593815008137
-0.0022305726862843584 -17.172820821214138 -203.43063815098145
-0.27809162263086518 -38.34343371515476 -261.24999459835698
27.589241105044284 -44.172684792588534 -254.26939497925389
4.186646932638765 -4.3394545620561562 102.60933985124727
-0.0023931276650217574 -7.2955158115444778 104.06854767613899
15.217613465562303 -15.839442853593914 199.23254453081628
-0.10385989034293104 -26.185050713694775 207.24427363283934
0.0084238607525376676 -13.165312694799724 200.44220730681297
7.5940717502795163 -7.8615822966246007 197.35878264241026
8.7343196260917875 -9.4382721392718789 -170.81172108319831
-0.011277858183941829 -15.941746148267175 -176.61892834088385
0.19286418673198602 -34.627309329251176 -240.08037857829419
19.18964556575559 -20.295535138108935 -233.41793991591368
8.4672411800406788 5.1957592841858409 108.18801701842317
7.0509764654477616 -0.021371758062232522 103.94413860250596
31.205950341717013 21.252405802429397 228.97929281703617
25.145854491559749 0.011401488794893142 206.27130986621685
12.695960943672713 -0.013684948049194252 200.13230414851807
15.560976915488997 10.07898261438144 209.17579066529225
18.755884221906069 13.00567990824327 -193.85496382752564
14.672251905828736 -0.0036153355467603739 -176.05172982169356
32.561360779966869 0.22932173739230516 -239.26785194475036
41.982828119148721 28.941924251051088 -253.43349836953888
10.368032863377266 10.664453806438438 116.05667130913034
7.9468333932267035 8.1765574247215689 107.714505809814
45.149988605940322 46.696329313326345 274.41750073786829
30.940176689546224 32.188902589433759 226.90328015345295
15.063181774206329 15.468001206563395 208.35722613177808
20.732260842226008 21.336912516797852 226.26099734416604
30.992023180326917 32.787368702020508 -235.41027564841608
18.39849439407989 19.673016170209383 -192.46543623662487
41.641230155433995 43.474724433773602 -252.41775812625445
69.619478652755035 72.705967382660347 -270.32775315230947
12.386138357944583 5.4714412529683409 124.35959323746026
9.8466746831486471 8.366819867606397 115.54653160967109
61.749209037952937 25.448818125071892 326.591610404481
44.69801635442812 34.183850075923857 271.98120442482707
20.219559981814097 16.146474938842569 224.89596490605271
26.53711704041374 11.242811690850276 244.8679292427108
53.616899171500911 21.756665816507343 -295.77800245571899
30.335829074144289 23.818396993081592 -231.45650037257451
68.750468120250403 53.827533336133484 -270.32600590569098
112.91800769530354 46.339637393816133 -267.43248881567956
12.389025510192861 -5.4353223331204461 124.37989604383814
10.849251908066588 0.020179967343044496 119.62610731624163
61.824082050904018 -25.385786011002445 326.8181621107484
52.917097096087439 0.12090296249629459 296.70716349306662
23.060075860215822 0.049442774664987185 233.59496890536153
26.532240026656428 -11.166414305088031 244.92914110111965
53.311972116001705 -22.285196959461217 -295.59297052021981
39.60361018186223 0.097585798154906436 -256.34564754086762
88.328195545320412 -0.060077175049475705 -273.04462031578595
113.13292289399641 -46.291681195359835 -267.89406867234732
10.373675958484171 -10.666001263929543 116.09282443938802
9.8511736459936881 -8.3490955516578147 115.57600029587157
45.201281851453558 -46.63831991222753 274.80474791010323
44.914309672586924 -34.207994117067216 272.03281713525678
20.234200656703003 -16.147172405981479 224.96751471660414
20.756067448840749 -21.318141538118276 226.32119022485648
30.922577669854959 -32.88071612245465 -235.44171653511506
30.311069041381678 -23.724951412936377 -231.47738427607067
68.882715363445769 -53.709141371055509 -270.52435155481254
69.145351991497321 -72.780982378885724 -270.44589663468207
8.4703121276602804 -5.2355324290800045 108.20766451301405
7.9504714430207626 -8.1982490333977687 107.74409990124384
31.244827793790016 -21.589919605451652 229.01390965019709
31.057931640622499 -32.093972613542043 226.93938850551311
15.009961353886556 -15.546562989960789 208.38695725858705
15.546610038595926 -10.188275387084206 209.23914350163915
18.781272686385311 -13.022367545389143 -193.8165291590214
18.395143222426135 -19.699816573602277 -192.48753677700395
41.279469555979347 -42.984012799288443 -252.02397070964554
41.74125006812244 -29.042386155379706 -253.28524972558517
4.280869255130936 6.1425892288862372 113.91830945614224
7.1272606029032506 -0.024593809562675768 110.11624433255771
16.349945952279914 28.522871199287334 260.43394981376753
25.664617732740417 -0.17050538709194896 239.16834814053908
12.973965736476542 -0.053601598522555437 212.90740323349493
7.9694696637606199 12.712991633191296 220.75423936555643
10.376759134975085 18.357403182791057 -219.74897309804908
15.716734841992741 -0.015380955782071212 -201.38236341629189
35.488842189244103 -0.1405782035210853 -259.93814485363299
24.432361641708379 41.979704226402717 -269.47406130100148
5.2814656107688576 12.672289423437018 124.08655072715609
8.0865950629294971 10.068032000013162 115.28500343527251
24.403737872601678 63.215714275423643 323.707275498542
32.785000532887331 45.860555233557456 269.30672367325167
15.563595539065854 20.580230512989704 224.2703890008946
10.772819707653722 27.068556737661297 244.22877119067752
20.190530108630394 54.148168924170804 -293.01001262035459
21.77259680611126 31.273470180400242 -229.91246819622341
49.880098327064331 70.488340452728821 -270.79161608773916
43.556381894340753 115.71616530585231 -269.4153179000898
6.3331682777884097 6.5303621544032158 134.89140745941899
10.102466857720561 10.392591541918806 126.19919180159944
34.2900886747573 35.506104708488522 399.38762020986093
49.785807746368683 51.185837981041523 338.58191644423817
21.375348107591172 22.018372332953859 249.40312587980966
13.899844821928859 14.389836833438091 270.54927239468191
44.569059851136842 46.864589352522273 -426.33313065681057
44.454869635824522 47.330699677206027 -313.74092474229832
94.957247692068137 98.809686913371351 -264.26907556559047
76.086019436105559 79.309242022833828 -226.38231114290448
6.3367234630026807 -6.488144140029104 134.91594464189552
11.158005672125979 0.023378814997840884 131.94192598260176
34.431890201249473 -34.966606320076565 399.42885524808207
59.776789963858121 0.086758827396744079 378.02899148753625
24.491083840700227 0.050905393878375303 263.19744236099712
13.909365696002823 -14.301040467496879 270.61588149937472
44.344550528682142 -46.042368887117284 -425.72094591339953
69.003340972498322 -0.090162386679973339 -382.33521920301018
126.68907144221983 0.44387914944521328 -243.24446650349313
76.489904050735319 -79.633393444867735 -227.10010400940683
5.2887974109373657 -12.674326054052687 124.13123405463423
10.108320676127271 -10.372286653722163 126.23440832680085
24.448739314948149 -63.086923063240668 323.93020282848181
49.792828492086102 -51.227455242597578 338.53591973777856
21.385375960696575 -21.986376950198128 249.46804780928485
10.795423714919657 -27.066332506437874 244.30497510729563
20.10139520102328 -54.139247231641811 -293.12516072152329
44.60810641715517 -47.112327356685 -313.2471154241008
94.7884970553324 -98.761506334037279 -264.65376190900673
43.937925079985355 -116.27955326792234 -268.76301799966399
4.2840396637602893 -6.1880155591766028 113.94135030418062
8.0919994758175733 -10.092370001202992 115.3204705978259
16.316889719833 -28.603781145579919 260.32790249130528
32.740357687690832 -45.96886562920912 269.39594622328764
15.597382252554311 -20.644448407436908 224.38290098514963
7.9703226872790074 -12.808205389206629 220.79662409546157
10.342345001759131 -18.397236947175735 -219.74154588587282
21.916123895287473 -31.282069259704855 -229.86145521865819
50.051066313968306 -70.415500433728937 -270.40303506746977
24.252429017360363 -42.526548578559854 -269.49257428183648
-4.2851524467501925 6.1415919394733498 113.9117144232778
-0.0033834606955324238 -0.027524951418871998 113.2542132367944
-16.20604909033074 28.331191787279089 260.35778908185864
-0.1234321905584418 -0.09732989572856704 256.28708731782501
-0.033800496522367419 -0.047356647743467886 219.0034347335654
-7.9722476167835774 12.717575205158331 220.7183064937478
-10.343149912250059 18.33655183374146 -219.68600345078073
-0.014696657467093225 -0.038865578832055159 -214.95494083519586
0.12104221358026977 0.044779746097649779 -269.95247754660312
-24.271711544094451 42.251684032842178 -269.61821010274605
-5.2872466741630335 12.672292337830248 124.08019088276696
-0.0044218640830933145 11.058777787334668 119.1909518370072
-24.450155294813786 63.200766176820771 323.74034574004759
-0.11957526140398118 53.920300077985083 292.49356808597338
-0.016044748989216168 23.389890661934228 232.64803114483738
-10.780103617517211 27.063457095025665 244.19895896750836
-20.089178264091821 54.124746998503994 -293.01581620590065
0.058807132771021321 39.486832085101049 -252.70133808680464
-0.29329848200150588 89.23654977165981 -273.57370729741467
-43.771908820251824 116.14318666648448 -268.6677200757477
-6.3385506150343582 6.5317265122042478 134.88727641479687
-0.004103437694154167 11.443351750888251 131.74220387831156
-34.268991201027717 35.271418456644959 399.27245766578125
-0.18550603850207709 60.147461630961281 377.08621044115284
-0.01421864182600587 25.118541327971975 262.57908596524453
-13.908554863883706 14.3969004966482 270.53446768031267
-44.314400825248164 46.102267789649311 -425.78873277891267
-0.068676049810068085 77.145514875516355 -389.0785612136666
-0.28445613823597915 129.50535385826979 -231.82056524151341
-76.261830704427112 79.609027239811013 -226.97098245289965
-6.3396193662260201 -6.4857143908360566 134.91431205495115
-0.002567773213599695 0.026641461865229279 138.3631530453697
-34.213024866613154 -35.264328976538302 399.53926525629674
0.060340529391616264 0.096000164353128803 424.98614085074297
-0.0055842126969998648 0.06319864281928729 279.16235831678978
-13.921170628727261 -14.294883793978192 270.60029258602822
-44.436766661180172 -46.660900028396753 -426.30463300242724
0.08078987766457478 0.19020087822732321 -494.51763588400956
-0.10075473555674849 0.039100470873323932 -184.6313521123416
-76.100629170828824 -78.892969161362856 -226.5799111750913
-5.2887886835318403 -12.675071343354766 124.13317481410304
-6.6423377362876052e-05 -11.419077872252084 131.78740379671956
-24.458121469667116 -63.416303091435381 323.96315476225141
0.22410441222158375 -60.205455620012245 377.35155400732066
0.004834181587269136 -25.070931241764782 262.69803293661596
-10.7955630358504 -27.099556547256373 244.3323207247158
-20.204905354132503 -54.200324034393404 -293.09758212934724
0.033485899366031711 -77.161488547600513 -389.11660454929739
0.3044122518267649 -129.44520455099561 -231.58378971674136
-43.440240246399156 -116.22293542035602 -269.42660465152176
-4.2862859219756304 -6.1901947147662515 113.93764818661789
-0.0007850062611171124 -11.087385593499398 119.23509364126666
-16.307780102367655 -28.648594333800137 260.32602025056025
0.040044862437869359 -53.923633514523765 292.52400217562638
-0.0072688948120132931 -23.456453797237572 232.77175319108161
-7.9580283793133262 -12.815527439231921 220.80691435868943
-10.399244300316045 -18.422259189879522 -219.76391933285544
-0.086221701693229846 -39.538072006922867 -252.76279313602515
0.28638929266744806 -89.402385009545895 -273.43848638663246
-24.406592889997974 -42.288457045296745 -269.98807300192749
-8.4585142975128029 5.1918542967895229 108.18777535691385
-7.1230889181766166 -0.026251057729032936 110.11029264501089
-30.94733362955386 21.428603824454711 229.00701934382994
-25.439903369163446 -0.0079148800956834013 239.10500599074473
-12.920610468695621 -0.040383587259143976 212.8482648392764
-15.463552010917104 10.097598440255933 209.13384894713212
-18.762826542003769 12.986920000755864 -193.79174580959119
-15.714113846892834 -0.041375815609816576 -201.36376601002766
-35.538414679256896 -0.11692596605665978 -259.61792805598964
-41.851481489870608 29.06455432574008 -253.61878747073968
-10.364874970469794 10.660878194597643 116.05055424866894
-8.0849272163724972 10.06613308917699 115.2771653694624
-45.200949001936316 46.70743719063281 274.64388139518746
-32.791337403763741 45.762347391914517 269.31938003381094
-15.588388523782445 20.616884156614624 224.25208464163751
-20.71593965893469 21.333093711701341 226.26195391742814
-30.890620526529798 32.86536690702156 -235.38123248464433
-21.887799434760662 31.241177025835906 -229.80520815583321
-49.842824411615069 70.13480121474521 -270.43626166386457
-69.511813487349301 72.937093196647666 -270.01328338695191
-12.385066582771607 5.4729117896102348 124.35346538978719
-10.104179460914162 10.393024451626086 126.19128952540622
-61.611814963367181 25.483528191951248 326.56369044789761
-49.726026838947568 51.359648599014776 338.30222232833256
-21.385519292543659 22.017913280394811 249.36340512819731
-26.519490487315171 11.254631071392312 244.8738106926632
-53.299113572359595 22.333195325706605 -295.56056747090128
-44.590341794029065 47.148928693944796 -313.17917657359089
-94.793274304787275 98.874460244097747 -264.38578108775278
-113.27882750694161 46.404866975428362 -267.72130876747548
-12.388927610854134 -5.431729682903736 124.37550074451204
-11.160214046963949 0.025523990199484214 131.9366422660641
-61.952697145825404 -25.159154495547259 326.60224671147569
-59.837525604812981 0.075823446164370215 378.03039171526564
-24.503429074766935 0.049270190064046961 263.18829277752639
-26.542937526955129 -11.150879195052351 244.91572770991922
-53.664913222780463 -21.669620950125978 -295.81075914306109
-69.100233260607467 0.16802834537049621 -382.23978862313538
-126.77711972021332 -0.0031451242026380483 -243.11966588088734
-113.14603463858029 -46.089648711052824 -267.38790949344963
-10.372788016609849 -10.664528021150058 116.09411701875342
-10.109452449109289 -10.368744816582732 126.23479381834017
-45.148584682335105 -46.734248904288123 274.62617636471566
-49.805450193365616 -51.118911685699253 338.59067478041209
-21.39327193931582 -21.967566281042998 249.47912461317702
-20.750404179445944 -21.3434747932167 226.34681201395682
-31.017803398779581 -32.822005851890495 -235.47563731135722
-44.48337168763242 -47.337366320223524 -313.85149322697765
-95.090147681791592 -98.665082706038206 -264.37955047000906
-69.463854036076739 -72.868186451959673 -270.32372220423457
-8.4625051663598754 -5.2347062126209929 108.20822148551456
-8.0907479458611675 -10.09471427017319 115.31831233620309
-30.936587363732677 -21.499356959542485 229.00411503668636
-32.853647558355057 -46.169057297329047 269.29607682368567
-15.595927892707618 -20.670692582472238 224.34946351960838
-15.495609364394522 -10.180603497017133 209.1924195860266
-18.755956928582155 -13.05273994381109 -193.85467351256446
-21.785766909388816 -31.332552161332337 -229.93808911108846
-49.791062276761494 -70.52054292976932 -270.68074290375893
-41.940694382066603 -28.990099910759181 -253.60756820711094
-4.1887543044610682 4.2996010895505821 102.60300853422439
-7.0450996590629948 -0.022586974359197147 103.9559684652895
-15.163398527124496 15.547749783009355 199.14962606459494
-25.051858944529599 -0.038507004994376107 206.32324667148421
-12.643859372094512 -0.051263009784049803 200.18050134634012
-7.589811246662812 7.8079241190973114 197.37596252792534
-8.7285799949759042 9.4044151080355309 -170.80234785955895
-14.660046563571843 -0.034121358748906892 -176.04929821397087
-32.217979953719279 -0.090054190822733499 -239.14217431013282
-19.210318698602865 20.427815715719479 -233.46854764381442
-5.0812889203087153 8.7506434194440423 108.37719498107921
-7.9414963334551327 8.1696197337902312 107.71715388281625
-20.813425440494346 32.522337693540692 231.00144520756859
-30.960909577135869 31.909799375872456 226.95754497321025
-15.026280913794269 15.444979877168967 208.38099051483726
-9.8769498103848967 16.065690712197174 209.60166678957333
-12.377682144720181 20.373725394824348 -194.90354046324646
-18.378318489918716 19.674072873251273 -192.47028876865517
-41.472545636118518 43.430486487681421 -252.20168117348732
-27.76667487233134 44.47314682241025 -254.00672051415631
-6.0375772743752538 4.4590734854629268 114.35340355963359
-9.8433488839428573 8.36550525791605 115.53940571063735
-27.908783880255115 17.157798665370162 264.83605861834656
-44.910221701856635 34.268424407101122 272.072434533673
-20.200300897342121 16.161173854353532 224.86861222532755
-12.53113529754255 8.3444842707114759 221.74425468788053
-18.166754525494401 11.386289339650151 -222.52027470514065
-30.285560245738292 23.739633908357582 -231.44065886167357
-68.693448431948752 53.750236629542776 -270.52550354958856
-41.468500893886073 26.497615090759872 -271.41106486956255
-6.0407195670110623 -4.4250467617691243 114.37067580834977
-10.846629151620315 0.021522093481863472 119.62161554597867
-27.922690488135324 -16.946027304803906 264.81857002238121
-52.907544063369357 0.0064809900449983963 296.69544201335901
-23.05745185376156 0.03317898279603225 233.61519750282366
-12.549412217917242 -8.2683436947437645 221.77087942771732
-18.191985809659514 -11.256066688821024 -222.52392081797177
-39.603446013643001 -0.056069618597715004 -256.30400513366601
-88.34179433095079 0.025211859204956204 -273.16322185964469
-41.684086628184012 -26.282544528000383 -271.50798826535578
-5.0867129720152811 -8.7531935443733904 108.41092837501236
-9.8501908855698055 -8.3451650118055714 115.57439951484812
-21.078670584697754 -32.636499203996422 231.07398819089431
-44.893918692837104 -34.138645564096116 272.04103614997348
-20.221748666115829 -16.130878528399439 224.95993178828283
-9.9052473827763823 -16.078436555323666 209.65856285909848
-12.41721870612141 -20.377835275416377 -194.93508204654651
-30.368430017763824 -23.786081195882847 -231.50225930446067
-69.123200302055182 -53.681832439043504 -270.64593060141937
-27.702320556334389 -44.378050103739362 -254.03869501725427
-4.190960759664093 -4.3362751652776161 102.61946515221601
-7.9476245995237287 -8.1940820895651338 107.74763232546857
-15.071657751713337 -15.642481584717022 199.18858418514719
-30.976972050420333 -32.175368339684617 226.95419909057225
-15.015502730185981 -15.50151264382156 208.433943673556
-7.6268229667226137 -7.8772822205739761 197.39979197179696
-8.7482969779152988 -9.4433325926486198 -170.82254657254347
-18.403619525635921 -19.711530415028687 -192.48465373467261
-41.719526888490044 -43.504564388500278 -252.33941464421974
-19.194902038723733 -20.452707151123569 -233.58115598872422
