-1.0574657798950611 -0.68431940177418227 -50.234977579623255
1.8109902718485202 1.5328406772890688 -50.19421625397613
1.9658482559038446 3.5988088964835057 -51.939482751700083
-1.1379671257506858 3.6263368460756604 -49.992498859045334
0.19483320570324233 0.5247213129807059 -20.802471987195513
-0.62104272399159333 1.0894167036011564 -24.093433281258029
-0.25089047308797086 1.5446992105185178 -75.636771376560148
0.68855869587701424 0.72416367280205229 -77.658858329955777
0.31776339765316569 -1.7243154666983662 -165.24823889186121
-0.96065280345541837 -1.0669614229516156 -159.96408990706283
-0.10740030689212703 1.2036872852432925 -167.87805518025604
-0.94488710781051344 2.946963351566644 -163.22830956208799
0.10887925395346551 0.33633555433867002 -135.50622147317213
0.065348011357535402 0.92068959554172281 -98.484060758885889
-2.430791780545341 2.1333411077964746 -104.4249300720074
2.8510278949637393 1.4598672188385362 -108.2100147623264
-0.36435825522314641 1.2564932754825999 -91.189438868943611
-0.42732762520447165 2.2008051301616049 -90.960381059719523
0.33629854598228148 0.45474236368189175 -156.35928536937629
-0.51700998737021109 -0.064945524279210423 -155.14414987976355
-1.3097792486625606 -0.48949765936540951 -92.0644402402949
-2.0462238378399893 -1.3517797858785776 -92.722688227966714
-0.40089976703463387 -0.64028131884090944 -91.691028628438687
-0.85474340118745673 -1.4955315991570406 -92.278865945316625
-1.0232945364687431 -0.55400496697973189 -121.179300691972
0.097014774347887814 0.15553302212703127 -121.71018323689303
-1.6964861977221808 0.72923978047302129 -140.8183193939594
-0.89604347993839184 -0.93660287424717559 -140.18971604687479
-1.2196421638761776 -0.30932398910354858 -140.95376674664135
-0.52787599490851511 -0.11750033349120496 -140.72874065422292
0.012975578267373222 0.041589517350272075 -59.752027702001051
-1.54823281991188 -1.4591336111918793 -60.309231137580831
-0.64873106197022889 -0.72425839952018489 -50.042856424652896
2.2885195593259997 0.36993050266027649 -49.685194663138994
-2.1908710651570638 1.565899019355834 -56.301438152284831
-0.85383203360128845 1.6603618527222552 -50.106855446426742
0.072992506145834996 0.30913171982985438 -19.907343724029094
0.066158520056153719 1.1660130544202583 -19.429384016798608
0.064915494692207504 1.3297904513709096 -77.260858234950078
-0.056150365137423219 0.5643104281618897 -77.877217442213649
-1.3357307685004829 1.3216031576695906 -163.45852697012788
1.0521034656988175 -0.80941379428074889 -165.88946118750152
-2.5551609098386305 0.8517463249773839 -170.46028693504599
-0.44288707427652929 0.40556118177448819 -168.14212524121615
-0.64840710084671993 0.45594964355082046 -113.77237887834437
-0.14030516326400957 1.1894094441671472 -114.6835032193361
-1.4955632741298597 -3.4466629229453218 -133.29372981890106
-0.47841354334655789 -0.24945752845465163 -91.686904620692147
1.0434485489213081 1.841881373440994 -91.380711513550025
1.5098794892850247 1.7589949031448975 -104.26208403168319
0.009745319076343642 0.55777523997595946 -156.65022623613402
-0.89688143248457752 -0.24596348262834727 -154.52532028464432
-2.2377404105644452 -2.012472095336125 -94.097262976330995
-3.0352716082882014 -2.5148443515395287 -95.353105432832805
-0.52440046337692414 -2.1153834745659217 -93.38657692750985
-0.9582423812291363 -2.6543152188856038 -94.301816324817466
-1.2490401618308757 -1.6561225648971702 -124.51338155920693
0.157571265247543 -0.9091571373307491 -123.31737204712485
0.26821449810613257 -2.501014254959848 -142.54424238372209
-0.13117089195115972 -0.91089652246724806 -141.70002790450346
-2.1835442028225809 -1.9442029663444467 -142.90183554309121
-1.9967835645742642 0.81464889235950833 -141.73065487290501
0.036504790092158686 -2.4102205561892234 -60.872404868132016
-2.4683306902067343 -3.2905071701112822 -62.680709233777854
-0.18097262970244379 -2.2460117387313279 -49.87815343672667
1.4751229614946513 0.82691850822157109 -50.63990906769056
-1.2249311899435174 -0.75879810670274572 -49.829567255019164
2.3033317247271667 0.018439838789598796 -51.657633325354951
0.22266005928477189 0.85629366002556284 -21.45908017925337
-0.25731773307902112 -0.24507161746113137 -20.024435238520098
-0.54855584586780537 -0.67752524534432701 -77.244514212013939
0.16507045914862209 -0.40337110352310962 -75.826686339157632
1.2057839256358791 -1.8473147295537551 -159.61880992376558
2.8576490723030066 1.3122793838208848 -164.86477468481971
-3.086059666929748 -2.0039114349811555 -167.48008566269402
-0.59552362406651471 1.5186592112421051 -169.62839934181736
-0.34068226632375598 -0.43934789484827691 -140.18952276720375
-0.60312603936797182 -0.82233395309960577 -111.99528784757949
-1.1029650180888242 -1.7485995162870664 -107.413398125846
0.18522922842397593 -0.81268379446946715 -90.41317687251879
0.88621457921567215 1.3874284295442822 -102.97950488605535
1.4738717340203933 -0.90696486008561317 -91.043892066721625
-0.14988282873330819 -1.1557615996348498 -160.42380997408819
-0.26244749371680387 -0.12583402561998427 -161.11272528576166
-3.1981298748337084 -1.5742758498174398 -96.536248166863629
-3.5046969133511228 -0.2781584177757081 -97.316084407318087
-0.8889597864931309 -1.9046882739796531 -95.147458031728377
-1.4162465693667603 -0.83961275658669621 -95.768902174821747
-1.3503172798188117 -0.72960803190688739 -124.57746273155071
0.11606112507737151 -1.5884654074223756 -123.56468660251879
-1.3939035624135776 0.4054284881222624 -143.06112102976192
-0.39983470803254856 -1.0537032340592365 -142.80948283746002
0.27794545742746951 1.0970301639628992 -143.87056415075244
-0.51815940070496613 -0.88117982523009375 -143.43015337146198
0.037782484410812868 -2.7406367064440338 -63.073591032891464
-3.6517044725829786 -1.8249723404972196 -65.036457447511921
-0.48160201590349822 -2.1396064464533584 -50.537682113217365
1.7446374708587613 -0.63917364959666578 -50.421215850903174
2.2073578301428802 2.1306696259015618 -51.764479992609935
-0.6162351831719618 1.6774512992421573 -50.132665889632229
0.54049436576094978 -0.99754695258104975 -20.451611520649784
-0.46715611553558234 -0.21210796607866808 -23.836959506370032
-0.67207354558526133 -0.29222724724564009 -75.574830406027544
0.44842081549785623 -0.60031034293329277 -73.65599530575723
-0.11308784384313249 -2.5179411078648495 -166.36729208842348
-1.5707491075612172 -2.2467684724321204 -159.72225157346307
-0.61732823041175433 0.52190278841624982 -169.69101933233856
-1.1990935779148979 1.8510326208785433 -162.354862282021
-0.62025785634155584 -0.87785928450716666 -137.59410758231729
-0.38807159268383801 -0.039068037102245323 -98.506469150122257
-1.0863662738672211 -1.9606572762800041 -103.04460503085288
3.7768754873580721 2.038132140402491 -107.34117005900428
-2.2083739060687591 -1.7132719757618136 -91.280137839836399
-0.59217556917703418 1.5245971866628061 -90.594361647563417
-0.27441003260185243 0.13966599332318999 -154.48754544698204
-0.86625566124273956 -0.36373141538818526 -158.59267387423867
-3.3612514511037892 0.73985439739582526 -97.211164062642069
-3.5375423337540224 2.1804679258478403 -96.254783366040229
-1.2437275098063509 0.19131399670002205 -95.826243503803369
-1.3004413812091227 1.301809117961902 -95.296033899581658
-1.6725904719923368 0.62368437181998049 -124.43763141658974
-0.10845705821224169 -0.020851829141912089 -125.26297907162386
-2.0407520968413615 1.56634021743368 -142.78386635985026
-0.93625845603496494 -0.50499477429482087 -143.23344098234551
-1.7619480807839258 0.37962147325032808 -143.11480145124585
0.096135711055015408 -1.0194057476890397 -143.95914914939431
0.0087254619814479545 -0.03581941131906273 -64.449833215615271
-3.7027550486118925 1.7468660990444871 -64.986930793389362
-0.54433828408884455 -2.6592066526686975 -50.477405578825227
-0.93132126576239771 -3.3490406390617724 -50.041893839349285
-1.2293363476297605 -0.032731248628974925 -56.705645383433072
0.69210817117817136 -0.88890315859803792 -50.212616712632688
-0.072523697757391259 -1.4933554270808791 -20.39419305039911
0.33573993543761937 -0.55522400225910118 -20.893091164935921
0.53571697547898478 -0.66435230622796881 -74.536537261545902
-0.050758558063115175 -1.1270113136382971 -77.518208782113632
-1.8371776131509436 0.46786410990409183 -163.14649141837282
-0.27695620405653554 -1.00651127707414 -165.0061783937247
-2.8930956560164027 -0.58679904093078372 -170.0887200232884
-0.88271014348830745 1.0423017192605577 -166.65030037217841
-0.55103701321033083 -0.35549775862543592 -115.02800228342868
-0.20865471199921748 -0.35820926522561808 -112.99471385947814
-2.4026783784669346 -2.8409750150654114 -132.86752126695347
0.99429192503905295 -1.1948318731551144 -91.145844261964371
-0.14131909731786635 0.42876523570201142 -90.687087894183563
-2.5018868973014854 2.3077653420945548 -103.95383766122666
-0.2006912168267749 0.46258186956144648 -158.58515178828668
-1.1729176865707811 0.24806101059752875 -154.22105467787458
-2.6832141833311582 2.8651155973039968 -95.125583456604815
-2.5248422332244549 2.5434769635288301 -93.823934453849489
-0.90283315937175335 2.00762989778194 -94.453836107291366
-0.90563769187440846 1.7469624648180617 -93.391410631513409
-1.5046267927674466 1.5870191785881822 -124.38269666111719
0.092728141423475061 1.4323671183338165 -124.99275887723819
-0.95054328717756431 0.23260406175656106 -141.2092904050989
-0.36168363414110505 0.77299759834606596 -142.09036290385578
-2.4508209002756436 0.10546876175286865 -141.56209814693131
-2.5662933823584995 2.4962881877249412 -142.2716596669585
0.023315591277966209 2.6826902173457445 -63.074317356500799
-2.5054695301786647 3.2881459889770435 -62.508985577555549
-0.8297810190582402 -1.0725982997252486 -50.187794190076971
1.5692582580000731 1.2180837907934674 -50.173099455470243
-1.1291433966477507 -1.4769205100491707 -50.529918347260818
2.8119606613939361 0.88305293167542187 -51.869120415452571
0.1677899695970636 0.64113163923480465 -22.078314551638716
-0.58537569150511848 -1.208108644302508 -21.018206625698088
0.27456380905813277 -1.7126160826274532 -76.519725302393255
0.75704995729274227 0.24003833560180515 -77.872281583662385
-0.23605642038238056 -0.19320648678447316 -156.51448146036176
2.4586358217029494 0.80756881698576133 -163.0241794183647
-1.8844927505259657 -1.2378250024153217 -164.24790147712673
0.59005334979848167 1.5458416781047557 -167.12767034696805
0.64752008113952075 0.24599341540148367 -138.68314611721021
0.021212677031109711 -1.4736386605503726 -112.36328962176624
1.6582574686759184 -0.47241444537849858 -107.50723264654344
0.34606414209089081 -2.4611202757882862 -90.244056801364906
-0.73620280925226611 1.5278309582721412 -102.92363550680184
1.5732103006615306 -0.90824087354122784 -90.071119147308323
0.094238050456354652 -0.48252539292557606 -155.49296550748682
-0.10822945975220823 0.21462858063779974 -154.98715900379136
-1.5861679563000977 1.9542421322100751 -92.675572258344161
-1.6205814727301826 0.87747264581525408 -92.017097018959703
-0.49152513462547448 1.245618680614696 -92.282802689931046
-0.73550652562999397 0.37899496281172917 -91.661227399068125
-0.89623850746995537 0.7192343884446083 -121.26838267423099
0.14971626600283505 0.94534958556229864 -123.21719911090383
-1.0466720934599889 0.85049897688349385 -140.01020092206073
-1.2207456044886733 -1.0695026997149799 -140.38429170117163
-0.48654013252653672 0.54984291388052475 -140.69298430486049
-0.62558991393908614 0.61128336471607159 -140.86437262117948
0.022307301057796346 2.4622313788889763 -60.778326945597563
-1.5363694140619624 1.5449556670251212 -60.29815093119273
0.023056766122015803 -1.6135171999155413 -57.09521212654991
2.0109985874052878 -1.4136272049066745 -50.091221497516614
1.9639701473954903 1.7086511506411879 -50.186960722851474
0.77192280552066284 0.82392859897685333 -50.038236162437862
1.2482927643342832 -0.017892484839603821 -20.980116362697519
1.2968006979881257 0.4596824789577823 -20.658735838046628
1.084249016809004 0.78612292451275145 -77.058612381208022
1.2286104818123205 -0.12320903790239551 -76.059993050012054
-0.9136546723342257 -1.26550909691665 -171.13705048550085
1.222838022442712 0.18772472461414316 -162.01484658715026
0.15618019486229295 0.35520136157968674 -166.77761735891161
2.9999801846788481 -1.3243690543965594 -166.57161326985752
0.9732256024567949 0.014219952079957666 -113.23516541648412
0.94396101084437312 0.4714489540861474 -110.84509732134045
1.2009277338899278 -1.6817026874760888 -89.707761593159191
4.4159462541713532 1.1499341244329278 -132.92200716781375
-0.84421299730474053 -0.63311523911851275 -103.69565359972489
1.812990342793334 1.0733701588924549 -91.455283814596612
0.27286897513277913 0.041749981755589062 -157.29658970707172
0.082654588324697353 -0.63888184730673969 -155.95446902000023
-1.8952642974756273 -0.89241599007623296 -94.342346823700098
-2.7572204980057111 -2.3208255587435254 -95.096160894466735
-1.9179478958432883 -1.0624993192068988 -93.181363642065136
-2.6874329918164603 -2.1779924173547514 -93.745524341757573
-1.3843063113213574 -1.1973236752147645 -123.01214500632521
-1.0183715290737432 -0.093472313251553821 -121.53305789803662
-0.6447497243846857 -0.89635108750922676 -141.85531260635935
-0.30260914291363605 -0.71371797493375611 -141.56396610984677
-1.0116796541490263 -0.91078104821675743 -143.0756996599668
0.40011791155150989 -1.3574352686466131 -142.39931561239368
-2.502088010037042 0.027263584156664657 -60.884723174347975
-3.2940126252514079 -2.4036432584592231 -62.363487244554989
2.6624603564406093 -1.3127766508923406 -51.341152662492327
4.1122781457100475 1.1757065991007924 -51.570693170158904
-1.6313912186618151 1.2666061763215937 -51.397994837135336
-1.425596699978176 3.086004513045256 -51.15568676071792
0.79656270075726832 0.64940878284459769 -23.510071457327729
0.43600995514013557 1.3752306018201474 -20.176108707561912
-0.23397868709658656 1.1010203901761637 -78.233287650320733
0.76494910848856545 0.83189084372605493 -75.483509371152891
-0.30362825482616224 -0.21127348565883453 -170.5391611415605
2.3536091919788542 0.56687634219502236 -171.03651423573737
1.4850499527198959 3.4952685348503199 -169.43891909118275
0.93066322711148808 0.88371716485846119 -170.14581861201296
0.75075187747580963 0.54681710270116457 -95.759500077596428
0.35975804386719218 1.2891537472238455 -142.19332447811357
-2.0511369019775683 0.81112469659033914 -107.1950867899768
-0.5472420202440168 -0.43626363864812473 -107.81652945575793
2.5420803238428777 3.9008040639678416 -107.01252475688624
2.9389420552333911 1.9213529225275345 -105.07585335316395
-0.37332551907897932 0.41975678191055588 -161.21370046014007
-0.021066327765503483 -0.056582571959085184 -159.03297983545232
-3.4522781119226873 -3.385673929952068 -97.437753474566165
-4.6086971015970901 -3.9866961839478168 -99.919831937304352
-2.5447817794783227 -2.7853190932840723 -95.589253328987681
-3.7712809981552851 -3.8186598459344605 -97.390718918837251
-2.2068669358322235 -2.17741626115845 -126.33788246078936
-1.6724879074106347 -1.1130700203697064 -122.82540694700833
-0.73581016119268117 -1.7415137472633837 -144.17455520464335
-0.17345120292859056 -0.047252490281823961 -142.67726616709743
-2.0435394288827839 -1.8713906270949465 -145.74802288944028
-1.433207131112656 0.27308350669029713 -144.05809441236727
-3.4632991958633568 -3.3137423538925281 -62.399687709699194
-5.7552578172003912 -5.7087561062679129 -67.276052961611754
-2.1334369191596543 1.3744793234895845 -50.211480082250979
0.44121792680629229 -1.5592222756269094 -50.12118210284212
2.6489207889479363 2.7880737736171284 -50.138928010299672
4.2858943767288293 0.97645996256628298 -56.924753543893132
1.3389316647778804 0.56020307076903553 -18.898188973923389
1.0012737158213025 -0.42959995220659847 -19.837368997057037
0.24049432446547164 -0.58965280470338211 -77.854371299383914
1.1428435088149524 0.26097526539004068 -76.454303014892972
-1.7064487901717782 -1.247509933392033 -165.68577032864314
-0.102797532100145 -1.0351695244091375 -168.86078791069068
1.3978377650248286 2.0034119420500551 -164.34314018546272
1.7542353100879378 0.31315094961450857 -172.17655726179325
0.71407331222576909 -0.050355066168735044 -113.43557955398958
0.71364141271440851 -0.55999964551291948 -134.68081707452546
2.2186923702197165 -2.0041348380851765 -90.409979524806246
3.6970567466194608 0.49634270948602233 -101.68542138182448
-1.329222906159043 1.9328952967303004 -125.86220431221098
0.53815600233276972 1.3567284204495111 -90.786942503044088
0.046821711401315032 -0.63019870484083051 -158.86737958343974
-0.53296177467979122 -0.27110445923093185 -162.39366420177018
-5.3076018035577102 -3.0574613599751124 -101.97261434657567
-6.023319769474166 -0.79848234908650617 -104.42939439591407
-4.0943940019838232 -2.4783529638396011 -99.426729507543072
-5.1999954831122945 -1.5732674823138828 -100.85142666647023
-3.2580781172536386 -1.1292602948053141 -130.00203302170368
-2.1019678464317089 -1.7495406432707412 -125.37233906527305
-1.4515561313733256 -0.9227761870439829 -145.52416639905252
0.20134892418578676 0.24449158356156112 -144.9957986853502
-2.2924523779466464 0.07796324445160184 -147.36727638289778
-2.7285341153605605 0.30390243022987701 -146.80810542268333
-5.8630307045641272 -3.9980724513115917 -66.2370739416139
-9.2176298701138304 -3.5979336614683155 -73.198567339856211
-1.0917130640607282 -2.5216357852948472 -56.309458564867661
1.1069676234073806 -3.1817027343108779 -50.270151171596396
1.7161318720645595 0.99426263508693957 -50.72982023524672
1.05738345740566 -1.6345346377730106 -50.409479985688343
0.27431583448241809 -1.3119407786695698 -20.04922068807576
0.99666502419608649 0.3184368605290408 -19.878240312794656
1.1537857826828279 0.10769908480548754 -79.548056913061544
1.0567686116352315 -1.8743405450741293 -78.585048419763268
-1.0991104517262054 -2.4450910349664809 -173.18943548217507
-0.38678708317981741 -2.9444661685181117 -162.31007416359941
-0.22923395057348644 -0.82060578527350514 -168.04909350376801
2.3250964310086952 -2.4856609328499295 -166.77264221156599
0.96238924644411283 -1.691885586079467 -113.37673197925402
0.96608625197145503 -0.21807895716719394 -111.57637158130979
1.5282674007037291 -3.5746064637873953 -89.614656449465798
4.2133267167135342 -1.3493988565579844 -131.49538182878388
-0.12361376725188361 -1.6974813050180313 -103.21101055502839
-0.47185044343357579 0.55070174127331573 -90.75460557602355
-0.028651232601814808 -0.43335087672385447 -160.69868573432137
-0.54157951934970583 -1.1942691548908528 -152.95175390357829
-5.5484818314643327 1.3142505022379594 -103.64238624918619
-5.6480931239061727 3.3530006736351727 -102.27671214082029
-5.0227244946348257 0.59338317880867097 -100.34969249693638
-4.8268396290455495 1.7504543009388169 -99.135132953328352
-3.2555379980777701 0.55948350993688678 -127.96068160303112
-2.5146760774087271 -0.33258855897212003 -127.94020767007848
-1.3803926646890745 0.013534755210866067 -144.11807312898756
-2.0356095015528832 -1.6638406092189553 -145.35853667412374
-1.793910751847636 0.37656109969969542 -145.97948987672726
-0.45082567313360256 -1.5599089714864476 -147.26792772307809
-7.4848745400065555 -0.060865119666937043 -68.912581945829061
-9.2564121871547673 3.3830096004677368 -72.944355038109308
2.7556222790918286 -2.4040558507048546 -51.522871754885379
5.906691459432575 2.1004560627067259 -51.694098891977966
-1.4607865728235325 -0.50464875427045919 -51.712436277277554
1.7071426449876588 0.98437823332771202 -51.482378119276746
1.1404967106081152 -0.86188736923262899 -23.931383204613748
0.43676272098376945 -0.6727846236617564 -21.07110300390195
-0.30933597126193491 -1.1824463942830892 -81.223504253701464
1.436151639400074 -0.56850402222887453 -76.291000346258429
-0.25477663202217643 0.85017150624057203 -169.98827312218768
0.024534804114231694 -1.4488011070227522 -169.30599065108228
0.56864059214657769 2.5197672690337938 -169.09403513038473
1.928187829599042 0.017872249909027721 -168.73503754219766
0.67888055678697601 0.04762332735243039 -96.111033207316638
-0.21797245708371404 -0.70328378168240935 -139.58385341839738
-2.1442943874754659 -0.047774203565574921 -105.62337384345125
2.1792794464556802 0.18469520820620311 -104.82153007242805
-0.7275305366715894 -1.5220723031814785 -106.6782110425996
3.8525172814824251 0.0043052097063854796 -105.22289080052153
-0.92960153076900909 0.50643477774945722 -161.76713444988164
-0.29461089251033079 0.89303598113696525 -157.53438371048651
-4.0887972283169205 4.8483570182365394 -99.640846838820408
-3.7517066641001962 3.9996726480136506 -97.109198284534045
-3.8214940991989956 3.339581625843512 -97.269291399823359
-3.1831323069633077 2.6971878570018482 -95.484245980975658
-2.2646446155276156 2.4553303045329007 -126.16020262095319
-2.53316947125301 1.7755176166945119 -124.83428210798712
-0.61258702848463875 0.55740781410536566 -142.33158637147835
-0.31226515588987352 2.12037378865198 -143.11066913924938
-1.7402047359561323 0.98113552324942999 -143.60265717323796
-1.6706541706686979 2.7518657111841893 -144.60528499570506
-5.970410577947189 3.9909824255484954 -66.238517339257001
-5.8321543979538779 5.7911165266302191 -66.963099328191092
0.12105397412208214 -2.2676723640438059 -50.774262684390401
1.891667777549173 0.35530528726348626 -50.392391139855505
2.6409402856522481 0.81334456115699216 -50.25212266912262
4.9056467770676759 2.0464219726822543 -58.195407978146193
1.6873439215476764 0.39739291082748684 -20.056455331500523
1.5826115362714743 -0.83348847330959097 -22.299592839526351
0.70429101386493598 -0.7593954118320293 -73.227404565022994
1.3357904334091706 0.58750637152091012 -77.171309464776215
-2.3230974366952393 1.8078153857917334 -165.32987536136534
-0.073060004192785757 -0.49164487143205343 -167.46720721988999
0.98048898420789721 2.8322207313393482 -162.50790024074146
1.8949898677248505 1.0169643047096395 -169.78143098727884
0.62149493740596395 0.6358954231519206 -112.42581933375743
0.33479479279200119 -0.55509786386621074 -136.13420938741362
1.9758658031369947 -1.406059499217243 -90.530252743232822
3.2088735233851926 0.45294603026144159 -102.66871712560582
-0.18225796605904485 2.1582316735609623 -128.91737110212276
-0.65706325615643757 2.9936346057630536 -90.486520862310471
-0.26615105364890052 0.63340607862895226 -157.19631547321106
-0.22761113851400278 0.92560874495602108 -158.04196343134524
-2.3991941615248282 3.0899400688606469 -95.175126699832049
-2.4550663358513707 1.1504223985393234 -94.316971430052206
-2.2396561524013912 2.1179271048897514 -94.072373982570525
-2.3295128160201712 0.71843376376685397 -93.219013258444079
-1.4404420384899528 1.3264596730246014 -124.55991541580519
-1.5617986090557967 1.5365432753675219 -122.63726815349794
0.43755860249599232 -0.84665583856490101 -141.55809437747209
0.59708820192016721 1.8940968987172075 -141.68694235432801
-1.2960938668531512 0.89015063460430965 -142.34054581686675
-1.7862058133758854 2.4892061874870981 -142.69275550111124
-3.4877708510022378 3.4568216742272639 -62.372313046771282
-3.2997868887562514 2.5270069781955633 -62.425441400866617
-3.313518863816272 1.53232564388412 -51.434892882786698
2.9113768877152579 0.93419355450702124 -49.915911580007695
-0.24069983700433634 2.4960487660002308 -50.043186879600952
0.34749824176417105 -0.57978063710137895 -49.947432553863251
0.17177127251847665 -0.2469251865596489 -19.953375678240207
0.34340248055500766 0.26549523078594456 -19.781628868230218
0.61417258419903631 0.8225767257895098 -77.994149989784134
-0.4160778834914029 -0.010899541606020791 -78.104996365846375
0.3850183564503678 -2.0421220271987037 -169.92198075284799
3.0691762703390602 2.95984353886662 -167.75769750906045
-1.2029384346958039 -0.26965228479210318 -163.04790388346234
-0.69697272446934022 2.3318596456497711 -160.49121044870444
-0.099767887356124574 -0.031839983442151241 -136.34255924606916
0.14926051021708162 0.36659602335811453 -115.38413828010704
-0.16217204060041057 -0.69468870912312874 -90.81149109451033
1.6620740630374686 -0.74361617918770673 -103.69611946331685
0.45236000677963828 2.6480228505487404 -91.045456552933416
-2.2486294449346165 2.3891382149226774 -107.29176317756574
-0.81211011276897183 0.14710531665550131 -153.44780477880468
-0.042974548806587597 -0.14449249773183051 -161.7493549859411
-0.054697124467892003 -1.3202653768242576 -95.846114324414188
-0.72423216500403609 -3.1044649659196515 -97.549323965378846
-1.3191581530924545 -1.2997866183910296 -95.395482290385459
-2.2117545664724783 -3.2574432309196832 -96.532373033057155
-0.62339270054646856 -1.3257768684236664 -124.91945708667275
-1.3903087843979838 -0.039114249485540535 -125.16559896606493
-0.30023144651573558 -0.86322533220782527 -143.65733787081984
-1.4217859938789226 -1.6510676986801602 -142.86120930581905
0.69683661449107781 0.67619752129679922 -144.13649159561211
0.52455080876874982 -0.67585011442720122 -143.19751865678191
-2.6851482895955514 0.049493930408629656 -62.998378345267298
-1.7300024558899991 -3.6348665089255001 -64.810724467713186
0.71335243523160496 -0.18356387935181623 -49.90463446150283
2.9632381191831838 -0.60965014593816047 -56.398102674938492
-0.84645519138727432 2.8509051118864681 -49.909364797695233
1.1137847302302362 0.86671606622741382 -50.015666217307022
0.56700470892725574 1.0007075363924895 -19.551034212320463
0.47581092958958232 1.0681002584628341 -20.503461898587151
1.147430471950456 0.8684082318473989 -75.554265231832701
0.52126408719345496 1.134215673187547 -75.742511893934775
-1.0218296859480995 -0.27635956882199025 -168.90997825408539
0.45402453994124703 -2.8893097693846927 -173.83203395525859
0.95958774507187117 2.8063189310016017 -167.23404166328558
0.61383648061665808 -0.21702745452185535 -163.38928445835978
0.23060910969555895 0.46066644701451631 -114.20686194538739
0.6457302280207825 1.3277232211990238 -139.67549010250011
0.14289510599040942 -1.5457286065168461 -102.7736064344344
1.2567413524932671 0.96847497223885426 -90.185367006193005
-0.21298066104078789 0.75164834324786567 -90.845725455970722
1.6870712841089721 2.7699971288784608 -131.10760323005462
-0.25111455272679445 0.21637109550066536 -161.09622554121702
-0.11951449774692072 -0.88131767894361024 -154.9390024687581
-0.86630582621808105 -5.0305092483827094 -100.91893952684019
-1.6359152731636766 -5.9669938271588574 -102.50576675889945
-1.7434652838732163 -4.4625624830139756 -100.21127908393871
-3.7038104637042037 -5.4713778577241419 -102.7951034343964
-1.0284415709101098 -3.4218385070710511 -130.05452211221947
-1.4884463748982557 -1.8761244288706869 -125.55569506873154
-0.079117906885358871 -3.5988003405722608 -146.91824863222871
0.87141468227001717 -0.14175884640580083 -144.99500850951864
-1.447787981524512 -3.2374774653825891 -147.30268015391769
-0.012530762518993944 -0.85869977394214414 -145.81030877634385
-4.0737803958728263 -5.8158633724123385 -66.291625500262981
-3.8715544772923316 -9.3929991429055626 -73.076248268763848
-0.864050164610765 -2.2286973606416227 -50.262933329564575
-2.0290884272382828 -2.3662732533994908 -51.278340367186608
0.65663461013475743 1.4230032838929334 -50.133268098419045
1.3013847642160028 0.26363710886078084 -50.374035754729398
-0.036503996822042743 0.3247322230508311 -20.811988518470166
0.77781878319402986 0.00083468175264577414 -20.14243250076392
0.91190985346565168 0.068684920814619299 -76.984401228279467
-0.38718950858762857 -0.19776746255683827 -74.982486352498739
1.4243770041128891 -4.547629383420638 -162.26498644273883
2.1098904715358677 2.0536788827887618 -171.39871717258458
-4.0241653937628907 -3.3331245496805391 -157.41570568629407
-3.547315905220203 2.7502270934982058 -167.37647832627843
-0.48100730391454571 -0.43943632727621873 -133.84289681369484
-0.23155774948075428 -0.49754316671633864 -136.06984386090957
-0.63065007661230754 -1.1922116153045943 -91.064090983649379
0.6652357741843844 -1.0212114835565544 -91.610442686732199
-4.0285128594409967 -2.2723899992801448 -104.47136964408152
-0.039615204976694934 0.33941182656834595 -102.9349252723699
-1.2045963535542084 -1.2646804299003398 -158.8717678703469
-1.1756730057211948 -0.78709204808826305 -162.66222711938241
-1.8002321413333198 -4.8721473952103613 -106.3466988801528
-2.5532330195047734 -1.377062485030395 -109.79614978208302
-3.6174375562240182 -4.4324370089809193 -106.92524270868614
-5.3211115133729834 -1.9189319317235156 -108.90126487320846
-1.9948002578035298 -1.8121222528534211 -132.09100944357843
-2.908872320397486 -2.7595898135757273 -128.91645060173738
-3.3268311787926765 0.42459696412087622 -148.15208830772858
-1.5645381291739147 -1.3232905023063963 -147.4543647483882
0.019443070934333718 1.0756813893506649 -149.08033120220338
-0.50757751685040342 -2.1753306389248297 -148.13929685140619
-7.9574337583675536 -7.665521980091242 -75.0129775389304
-6.4258962508927686 -5.3943503913474631 -85.697346152252095
-2.7286068932694505 0.37150678746938393 -51.167981155797612
3.8242302845741714 0.48661059762064679 -50.229301197762496
-0.18020569745925905 0.81015236142257474 -50.162435954996916
0.79262362791824803 -1.3238006591173637 -49.864468461853249
0.59233215495937142 -1.2262690037600208 -20.369417138117996
0.35629633700018226 -0.77572417379641023 -19.370418688608407
-0.14258347844118285 -0.37013477094346642 -78.318752893394972
-0.18564486427374166 -0.51498773487113469 -74.598351686012677
-1.9050942368515522 0.67214756182719526 -171.14266704530371
2.608905488901522 1.7528315074657113 -167.08408036540484
-0.32495504878428749 1.2597499391415086 -160.97396542936318
2.6365971406016677 -1.083132772765526 -156.85129365304661
0.20070973149977606 -0.2506371550986185 -128.66395786180377
-0.70517865720892814 -0.18870416956535729 -111.08269936970918
-0.00098186679184602893 -1.2494231347445914 -90.766607181984895
0.64301480329262284 -1.1608080177534823 -101.92381227774985
1.262013889945357 2.526302409833967 -90.499495204178132
-0.97168618877052271 1.8379072628262392 -104.98249802294089
-1.6106584062360929 -0.27834543006151907 -149.89532075030004
-0.10385717941392512 0.48605052534285553 -155.51941523608568
-1.7885598731941383 2.0889207096748512 -111.02355289477175
-2.1235542174454771 5.3506746722562148 -105.63185970442096
-4.2950115543365488 0.99185656163469849 -109.35478032092983
-4.0528595073903837 3.3592024297715439 -106.16112821788242
-1.4842892982318936 1.8930198565165222 -132.04978762426973
-3.4614135806356217 -0.34041283970559932 -133.0979545238294
-0.43413019329885338 1.0122781300701806 -147.63581092297554
-2.4875007141096481 -1.2754517536259651 -148.22027116648104
0.89061313838914158 3.5314114379286985 -149.07647220198265
0.48198145292915362 -0.12934150933051242 -149.20466143833451
-9.9491191505087908 -0.085679914621132128 -81.551563073819992
-6.2390923866782151 5.4208180027115347 -85.817968047679599
1.0423869078671748 -1.556159412209885 -49.826850787104028
3.044768380392683 -1.9422007093835443 -56.87296153922739
-0.10107808765708798 2.1839162120988997 -49.975023449142348
1.0845623453894846 0.072826013078722635 -50.102296460266373
0.79851736387938821 -0.12606082381838496 -19.73256178958248
0.53190935985231558 0.088782696043344309 -21.062174322348731
1.4449079348721177 -0.20391015985776484 -78.960705647929629
0.92164411442702332 -0.23705546300844754 -76.305294258053038
0.53359574193016968 -0.99050854246759712 -169.11717708534627
1.2081336870012058 -2.0084485534534284 -173.01556359051196
2.6687618598526228 3.3305867405604048 -167.76465222164049
3.9531904080408311 -1.5500017209887806 -162.47430045506474
1.3522461509225718 -0.14924239388964256 -114.16567172124246
1.4206789013797387 0.2167848395684035 -141.09257037352805
3.5055297613359824 -4.059780897847288 -103.62713870642767
2.0181578315757154 -0.05520626526437096 -90.691433385500844
-0.75712215563472518 -0.84883366964776885 -90.254253724381428
2.645376651433867 1.4689093041258801 -129.778641383935
0.18776376084933399 0.88591914824085627 -163.26614991720382
0.76238448804495917 0.51886521056776791 -155.51622408913414
-0.8273582863525899 6.1698601727890612 -102.86804790256537
-1.2717067725512814 5.3009639145592073 -100.29054995970901
-2.5323427114282056 5.4343986554257668 -102.31540740942536
-2.4013288449849326 4.2350477719689428 -99.905872186705366
-0.8622373284999405 3.0851209376235 -129.67296626563595
-2.3621039005012623 2.8185238954574809 -129.03191767739239
0.52021493502583727 -0.1407045547427106 -144.58299274694377
1.0168174370268461 2.8630032041834181 -146.11571778805092
-1.4603752854483711 0.17710033578917422 -145.8772797588808
0.86441827520929848 1.8629063708624982 -147.51733122626004
-7.8254644602825447 7.6173067685495743 -74.523567861529372
-3.7632947625535307 9.6167960204684686 -73.167881967728874
-0.15324678702471584 -3.7083677619688418 -49.904833591912627
0.91081322235340278 -0.22516693070674551 -50.833125101580031
-0.37591891091293184 -0.76068906316356288 -50.615368322993199
-1.1079237645209132 1.7761876741971985 -50.330952575594978
-0.061185212930584265 -0.65416444964686959 -22.223260516336438
0.67888520393049323 -0.8604712699358148 -19.259775037642882
1.3561924943928769 -0.63765377903991471 -81.202284781437271
0.23047781078832583 -0.47951921420130705 -74.689471870410813
1.6233693180503315 -2.6976953597767079 -165.31899629023147
2.1255375646673338 0.80070081255158143 -170.29320293632384
-0.30555320034166533 -0.24918192904108813 -159.61602138992643
-0.51166776700904482 2.4235315315758541 -167.26282199835907
1.0807604343970743 0.38120683063229299 -140.95551450580132
1.1290082820542888 -0.14552815824770057 -139.48028601725909
-0.22868729822928852 0.24939996332598391 -90.2648923051742
2.7461037611420811 0.47978967909157771 -90.246270803840702
-2.2929106980158114 -0.85331002719804738 -106.69012351601864
1.4042971173070125 0.5996961409490047 -102.34986655738669
-0.19317402959772667 0.45162619507231005 -155.76579249474918
0.077184972532815616 0.63769552052362377 -161.85359402182701
-0.079409710025144076 3.3962181560489504 -97.142520478337289
-0.61608022349142844 1.7542903059993484 -95.674954770127215
-1.6409052702034259 3.18292309113134 -96.567396572983
-1.9842876393218407 1.1478274656692316 -95.322619698141239
-0.84635947613749796 1.7066092761776648 -124.79062774541495
-1.6788176707758369 2.2734795833902504 -125.33336645519134
-1.9569858905488275 1.5085629180906859 -142.6663109472712
-0.91719160715006387 0.89322584160112228 -143.2135407172793
0.3395978946472672 1.8501748630757451 -143.07288052027121
0.17505134974041239 0.71107541509949923 -144.00300588531596
-4.0136496257978003 6.0176725557955768 -66.198191939070455
-1.7388278999559224 3.762538067840469 -64.729201433532936
-1.0490923977812097 -1.4599935873322414 -50.562296729108496
0.88248594579298711 0.2476390562257221 -50.393743863853665
2.1809283390275844 4.3774151863315831 -51.767141413060571
-0.20374744255723815 1.4953404485363484 -50.667371973110697
-0.55861126124422156 -0.071213538982310753 -19.429065944694642
0.37373763664178633 0.51061994003934319 -23.76844577924826
0.01203632361752037 -0.057746907673443454 -75.560251678715602
-0.10082913559970848 0.4916294025774065 -77.606549395357007
0.868897172795985 -2.1990463121339601 -165.19284176717971
-0.94106628883408394 -1.1818770392551381 -158.66973139548361
-1.3352416252580444 0.091458396200981215 -169.82254095800428
-0.92458157069099012 2.8280744410236562 -163.6284464255163
-0.13898372994133448 0.48271270044182585 -138.76596756880951
-0.26181104713390368 -0.3244361566254399 -96.448255893235554
-3.9710384822145777 3.1295195670923226 -102.682455860091
-0.73703477078316526 -1.368648864720029 -106.71798324663737
0.57548468810284392 2.3672529255287653 -90.83950277027381
2.9665742394816048 -1.701366595705502 -90.571084434128224
-0.075394425934285511 0.17239867711042797 -158.31947780719196
-0.15060799488317517 -0.1213032797099482 -158.39530710119175
1.8849785918172599 -0.92163858671081589 -95.170419645173823
1.5664463367486328 -3.0627410822664527 -96.649024506342542
0.51742769431649027 -1.5193465123027132 -95.670255693990057
0.038666150073840388 -3.3475038096127596 -97.425795388224998
0.5309028306604453 -1.2242522887112195 -124.7249313708766
-0.15424792065266141 0.13527032700897168 -125.15654730364281
-1.5377222591438566 0.43746048690136446 -144.16528600087381
-0.65485229799634248 -1.0738904395580993 -143.25587162290481
0.49524887925968913 -0.66040309901024385 -143.375823624302
1.0572990638448279 -0.43417952798166798 -143.00412389888737
-0.020754167143298211 0.056417387257406658 -64.437091325756398
1.6993611678639866 -3.6690919601902499 -64.804627339212658
-0.95779081262267018 -0.81628105476485802 -49.996832222014923
1.0897290263551169 0.30362757310762228 -50.319830948515005
-2.1660719129093575 3.8242464356497856 -56.707729477924943
0.021037870902665911 0.023879965067209862 -50.016739999278407
-0.97512752908547251 0.88973871563232887 -19.387788421400309
0.14603206180616649 0.96547190768529756 -19.655005705071712
-0.010057064235068384 1.2129043981554988 -76.188979145387279
-0.85588794700039317 0.41132753414396439 -77.248998229503059
-1.9920108046077301 1.2837603804376418 -161.64930879216422
1.0900974966091301 -1.4539047721768117 -166.8643599238431
-2.0029569396408169 1.189894057393091 -172.7987831418898
-0.31189579247502497 -0.67422620804708899 -168.53853602403476
-0.62469098707938153 0.061018661213603539 -113.46264737710059
-0.28757180850486663 1.181479208504119 -114.13948663164743
-1.4064979009686027 -2.7773011221199577 -130.65884202430416
-0.10061296601204409 -0.15878007717461748 -90.693567218239835
-1.9838111402699461 0.054177860826714205 -90.545107556316779
0.36890902529464081 2.2215241434168012 -102.25972220632315
-0.22512780859056553 0.21467227090481528 -156.01021540563212
-0.36973754258894986 -0.9068446927161572 -149.31557812986281
2.5099616073532882 -4.3645577294363553 -100.04948519347496
2.7389629277622278 -5.6193745702680413 -102.38058017861758
1.1638983640073277 -5.4390235121317119 -100.57526822884181
0.68530821368049144 -6.4621829757670692 -102.79578053469959
0.91156415407076374 -3.5198880431927675 -129.74484470346553
-0.092961537032536623 -2.4029054196691098 -128.22403080471167
0.51702682883551876 -3.6563793584946529 -147.22972737036832
0.19399194853028462 -1.8040379677283709 -145.85766527770821
-0.19618598697038125 -2.8644565567250808 -146.55071294302348
-0.5190781718960118 0.14209740738200602 -144.63035683466273
-0.052237800769867421 -7.6522971906164186 -68.752710083585342
3.7672995109431442 -9.7256852155442903 -73.130332682860711
-1.5636736855741153 -1.7182401748362528 -50.212010059714764
2.6182736371017938 2.3562753811341053 -50.300458104377157
-0.47523264583935687 1.1817547235444863 -50.671414506840271
2.0448698426646112 -1.268553411199159 -51.413273582923161
-0.81737099598807061 -0.043476955849060882 -21.30019096243624
-0.052709312591256302 -0.27227210478843916 -20.011909810517739
-0.60891550792611582 -0.8520991036140142 -78.757431024986275
-0.051671062957825399 0.022194031330974844 -78.208080164185532
1.9081299762731894 -1.6363817943188834 -158.05338123962892
3.5368238548409154 1.3704029653394429 -163.98638563460045
-1.8314550599316559 -2.5039521441660262 -168.04518526192163
1.0742764549603683 1.9491626181399044 -170.99794351220211
0.89415399455100253 0.54268961811600924 -140.65967342269798
-0.32226117126611059 -1.3843319901343907 -113.03884441780041
2.0824123473785843 -1.7035642772184629 -105.69094381712171
-0.14746996746109442 -1.7160968897201971 -90.329733546469555
-0.57907683132379917 1.718381078046973 -102.31917207616692
1.400572329385793 -0.038635096509555183 -90.813207817093257
-0.21702030446314716 -2.2544947916099627 -151.08657426742522
1.1543902603493172 -0.26630400002683569 -163.05265059830873
4.7740283293229986 -3.902702805404398 -106.21879669378869
4.6222965933271745 -0.63181696053608138 -109.19610156357002
1.7253607682518504 -5.8432044689396827 -105.37862357463929
1.2373374686749068 -1.5971616735143812 -110.91559457770175
1.6916337787480229 -1.9076523640186602 -132.67436102078267
-0.17792625649706595 -3.9171415342771092 -131.72383935305908
-0.65324886351120715 0.65485176125010813 -148.98217852030518
0.17279728267182534 -2.4628902504247971 -148.46273706661054
1.9419375100795118 -0.1644142421290907 -148.43227163644983
1.8418078125784294 -1.6117585092903346 -147.86582901579706
-0.13842204570065281 -12.2002703693823 -83.510460060264393
6.2707917621789919 -5.4267507484096233 -85.231522017513058
-0.69013924105807878 -1.1225131384196663 -49.812429384918865
-0.22202069511639824 -2.2058744617120323 -50.124104015413515
2.2809878672362527 4.0623137685116726 -50.737786088763961
0.66250200873805554 0.97136547337733847 -50.01713761709631
0.12411190318673819 -0.41767299643588029 -17.212666599372
0.17417735544475124 -0.022361205854440146 -24.080497171738298
0.52661576319800962 0.53253912166214934 -78.199913049194308
0.389355758899186 -0.022592343865938384 -77.305635717611679
2.3185138951020696 -2.1288929557808736 -166.52082462685431
1.000266849254116 0.10706814943576939 -156.54251432279153
-0.35679638117243528 0.87834986417533778 -171.87197749385038
-1.1216928598286737 4.0450783132334305 -163.71716056037718
0.58992794341997812 0.031339192259070295 -138.90249250496942
0.39470876715023928 0.56249233621253469 -95.309443593987908
-2.7134074162094972 1.8816394799134537 -102.86367898418469
2.6536080041912187 0.1103756983455154 -105.42327213143194
0.31133989283965141 1.2154801226938718 -91.710338971349714
0.90477380971258081 0.045600588698002043 -90.361361650544879
-0.0028608584727341456 0.60095391744929993 -159.94722233181778
0.42837056574955851 0.88086958424978601 -157.57636766691468
4.9881254051281996 1.9827253966174614 -108.6281449658396
2.939868352439722 4.0309288853072482 -106.80788548857022
2.3188474820685019 1.6742207219456464 -109.79050703989468
1.529523915009904 4.6983373298474165 -106.49820581160166
1.3505875347566718 1.9929999633982225 -132.09240609424404
-0.20221242754691046 0.1721107128408183 -135.56939350384448
-1.4389850776121478 2.9248349979079435 -148.82843354154593
-0.19616260130419821 -0.12190067206257192 -149.52712910028387
0.67312209711862214 1.1973713273444861 -147.7950778716752
1.5699454888626305 0.69010117954240269 -148.72955549896722
-0.099491133743585106 0.069214161806230676 -92.987492622485632
6.1946184159241104 5.3611909324395404 -85.797394820355706
-0.99730310056738669 -1.7395045014347799 -49.943524791163497
1.3371556654451122 -0.62376842870472282 -49.954080933729827
-2.5701444563738538 -0.14471417196683878 -55.241023027576801
0.038945980757742457 -0.27875861709328242 -49.865810422986002
-0.47693654163455518 -0.41316623177729894 -19.810206792068019
0.529996603342615 -0.11940900561843572 -18.976221615712081
0.60512138906780799 0.18813760280848016 -77.791532120411986
-0.063208214218639869 -0.72568695491002766 -76.784142056296162
-2.4879309606412279 0.40080139650229096 -164.68790419707562
-2.7134294200452462 -4.0161345382216336 -168.63270980160581
-1.6782787372202332 0.74518348025320724 -174.01857971545505
0.7868157232819003 -0.28999457382117461 -169.2082759703122
-0.45125225417093462 -0.50123398961530752 -113.64947562770625
0.50825775664413808 0.69564372067055524 -113.52427793095146
-0.26898617658840995 -3.5786895180398215 -130.54679460319747
0.48932881923452975 -0.97506991289766898 -90.509364713870028
-0.38997436489644544 0.23001980225238269 -90.950513884929563
0.29599383487354713 1.5689176514876175 -103.03978648313193
0.0022441399349319474 1.4284083044958693 -156.09339480956561
-0.45994467514216741 0.27302382146180953 -156.0545379318684
3.3727982204510094 5.6270524162694748 -102.50700566903123
1.7699427965435919 4.59447567167385 -99.822814887101671
1.3139393336597716 5.7123664593735786 -102.42318798431701
0.65834125727137638 5.0168231331410329 -100.45782764297935
0.75917468531632271 3.0106789711948059 -128.13830534987886
-0.16992100765065618 3.4893497070639392 -133.20693045825374
-0.15001122623992294 0.82417001694066239 -145.85636100995569
-1.3252528461703108 0.0559505013773176 -147.67860277298107
0.51852528999575431 1.2424576845201596 -144.8482405998046
0.59942052772780574 1.991057074234784 -146.90116701870883
-0.0011479958689240364 12.084100342412645 -83.558171737281256
3.7427776524895835 9.3908986584014595 -72.930218123855568
-1.9661080040521477 -2.9750076275721158 -49.901022384317713
0.1971090679514366 0.71936685478990814 -50.049670429827124
-0.32760259513521811 -1.2171926386165495 -50.07506646502334
2.5304102815093841 0.65133951271984625 -51.081330392431212
-0.41387655526687572 0.0061173968418465549 -20.830969679971908
0.069113800887327909 -1.4846847464313642 -20.496041972485756
0.0052391511237480579 -1.3984210613007853 -77.967044593761841
-0.36084268151955706 -0.27957989093144159 -73.588765315118749
-0.49272979012495721 -0.39286126755901019 -163.43502259879307
2.1225106848921138 1.4118923169575426 -164.75236790837056
-3.0914810361829215 -2.4109195723433183 -168.16291319390857
-0.43520570314988011 2.1725449433316686 -170.28882626879141
-0.72103533722924729 -0.18973465523315197 -137.41353574276329
-0.40376490336710691 -0.8903126430668904 -114.42333433514567
1.1604460588043968 -4.5904334097595507 -107.09866942735434
1.8011335887974569 0.37906497169085041 -89.840659173466008
-1.0607626818265308 1.2069307517568033 -102.20555852724969
-0.16950934559231851 -0.31786664870579634 -91.229480028289984
0.0083785030303573389 -0.31126239565036756 -157.75608907198185
0.080404815761898438 0.70373451510065621 -162.09716949714891
2.2722519289261522 3.4564242643919019 -96.332786462002659
1.2834947635068497 1.3222697706168201 -95.177794882756032
0.6786432852917339 3.2518138871799622 -97.162496049656738
0.028208906301726774 1.4649644692027164 -95.695564072609784
0.69250915929954027 1.5792385728169194 -124.52412021631069
-0.16366442203548034 2.4636616775700673 -126.30061659141884
-0.79845605565953692 1.0405150083538557 -143.22506685879006
0.048226021774563366 0.74961520676777182 -144.07371988620463
0.89606503227932799 0.83124175084412133 -142.99659383402081
0.92719752756786045 1.1912866749913669 -143.49656057916795
-0.0089384723291058201 7.6620795977832525 -68.739258025763235
1.7181260629114299 3.7202624358357768 -64.770402060658043
-2.3367596603085783 -2.3767354420842275 -58.114601953792388
0.20884854903256816 -0.17912372290815837 -50.255276059465722
-1.2799478944157618 1.0719980925006916 -50.375643835798463
-1.4551257222833645 2.1093998448352886 -50.276087132154878
-1.0151265998105845 0.019989687519367291 -20.788228497419755
-0.46655874615833703 0.77344059353190908 -19.478142709371721
-0.39013442473857374 0.34375651252019612 -76.583376148711281
-0.85493840436404622 -0.31196600885554249 -77.709839020201443
-2.0877615262571378 -0.88292649964187886 -170.32128593972615
0.22081549076070522 -0.55721859812020202 -161.76905567106613
-0.8688613890739233 -0.14996478418587117 -167.48889323599238
1.9295758449644551 -0.55425977809095317 -167.08481577665231
-0.17836933971389024 -0.4395965636655435 -113.40778707481908
0.01656585847569637 -0.10424038507351097 -114.80188725921626
-2.0150242595974062 0.86830187787903546 -91.147161522674196
-0.2891682784583155 -2.5980957493662746 -129.8911090119783
-1.2678312244485406 0.55966815037636386 -104.15473421066247
-0.55644899456825003 0.99203044990668476 -91.396208134821734
0.83612412809260084 0.028018119811380072 -159.61486100409908
0.26524562261384987 -0.55195708217089079 -153.76518712691598
2.3216317935420685 -0.62502170867265372 -93.242685229560408
2.1940375319680938 -2.0125969715990459 -94.15730136669319
2.5297850737573833 -1.0612697080318632 -94.204047460773822
2.3683397210509742 -2.8888367125443737 -95.210581616399622
1.5700362777980772 -1.0839578009222008 -124.51753814872504
1.5803434829489102 0.050279343491531299 -123.69472688448604
1.9894229888548125 -1.9905769374344384 -142.77587883360872
2.2150909542547192 0.15174944268933863 -142.54349213377267
-0.52799881449933983 -1.3792469452759806 -141.96713915315954
-0.33266462664401186 0.84859525453905149 -141.55440942535603
2.6967197720790739 0.017413932809984239 -62.948932965127966
3.2987670912888807 -2.449734207546125 -62.425990850059904
0.62485122685925409 -2.0002405692173877 -51.316442171113046
3.8120367067756891 3.7585470335020825 -51.106039483977547
-4.2078087060227514 -0.81293295682567601 -51.555066955733707
-2.4737651632835909 2.9794023401245933 -51.703455706680941
-0.83737441853302097 0.69972693248575046 -23.536348429522622
-0.074381322268321434 0.7398573961210535 -19.519533769115199
-0.47174867958207334 0.73788943116254213 -75.610034792392256
-0.54820532934666732 0.81705772118674191 -75.253825096985423
-1.1826468092539542 0.97067912616363072 -169.8033924308765
1.1607539103962259 -0.63525385004049284 -170.57042438761846
0.63217694513276856 2.2575971338295169 -170.31888224007531
0.63205305245492582 1.1656037818859664 -171.08332003265014
0.012642293958186526 0.59270156748177727 -97.107134055618786
-0.060865924346047678 1.1853355582738627 -141.15449841835047
-2.7539462846419123 3.0050621913865916 -106.05765299471959
-2.1574125146649314 -2.3794402862249591 -107.11471926972565
1.7820563405466325 3.3508402812918709 -107.4528376895892
1.4390165438197702 2.1483503363723679 -106.78298068126544
0.48848719990982203 -0.0066543601745878127 -161.35496435005393
0.85956316331528293 -0.073851408685140701 -158.65554704959672
3.0729942619439776 -2.5440844997545411 -95.674333644904934
3.681968948533489 -3.360751313305494 -97.622627958659052
3.7743589543512308 -3.9278733785868787 -97.280558345907409
4.2989340883033824 -4.8863614359290732 -99.905396210061895
2.4201791217916164 -2.2182439148008295 -126.56770291345471
1.7039608272170439 -2.0623040974858426 -125.54757986237502
2.1117088415299912 -2.0007568354989314 -145.58941090312996
1.8892098701761324 -0.7725199006970046 -143.95751931169536
0.31032838087341957 -1.4110398651176528 -144.29434080593569
0.61761076780767055 -0.058070621490453452 -143.05519644765619
4.017072562263194 -5.9828031803771591 -66.299498313554281
5.8447890333964176 -5.781978849232682 -67.114564706549928
-1.4153970824696178 -0.091246096669151996 -49.30408361194371
-0.46161347269337522 -1.184952088528856 -50.008874024843813
1.6900843624145234 2.9668599342765485 -50.111041356938372
1.862027189106003 2.2878022155073445 -56.475662025191056
0.22945966254811589 0.53569112225158877 -19.118159706901054
-0.53162479085966796 -0.26345186153403427 -20.402888002775853
-0.16574594497014436 0.26673065548302644 -73.988275345488034
0.10749558007774301 0.44756408804583847 -77.20252693863408
-2.3379628484817858 0.72767894612285378 -166.66435667860392
-0.82454480103616767 -1.3884917319587011 -169.0055089811207
1.2259504151798699 2.3337940641654962 -164.19603075189849
1.6793510995096446 1.2148091098734666 -174.26698503772454
-0.23029649985426745 0.3797064582834534 -114.23587270015763
0.85614220942696206 0.30575166209082955 -136.20838687874578
0.53481424419863155 -1.2862059135307555 -90.474230033832313
2.0899532129765599 -0.81363889340420148 -102.23413404929981
-4.4398234953382563 -0.9000904143534082 -128.141624752323
-1.1500902845849215 2.6499695481370615 -91.032121849005307
1.3063443630760276 -0.83135797305586723 -158.88916913333344
0.93685944250114828 0.032022726718861749 -158.01006733707837
4.7394763113850384 -1.7619088759928614 -99.606348068784555
5.1558834879154469 -0.93724629974025009 -100.58817314850205
5.9177533811897023 -3.5282480898104556 -102.65836186114053
5.8340895220761633 -1.6175558944452124 -103.68697287639888
3.6296515176366455 -1.1472487879842246 -130.05866002958123
2.9841060439319111 -2.8956410276522271 -129.28262887097415
3.1587985573990198 -1.5811104612966529 -147.92630529656662
3.5401170356090659 -0.23515983824028222 -146.91073851395006
1.1011664042760179 -0.13143948774195469 -145.87824581754023
0.6395639351867578 0.48566588348457335 -145.2434081771365
7.9858738665727227 -7.7434895792362086 -74.543618483097504
9.3566364267678246 -3.5119568113143114 -73.048011092858999
-2.5854094221380679 -1.8245774512799253 -56.551099834208408
0.57283908577519227 -1.7229866502470639 -50.581060892931021
-1.3934093374035048 -0.011235782961174603 -50.192070888351537
0.14614825781263951 0.056573764448987769 -50.309613386874645
-0.74931393724144724 -0.84418417150821989 -19.179742151951704
0.047928984602152724 0.84590788177644427 -18.979642137196912
0.45995837152249897 0.3705696632322138 -78.403557842933211
-0.56459154926591171 -0.75606827101108631 -76.904833857445098
-2.1046142498165024 -1.2079962454880013 -173.11701913646266
-1.537658597418361 -2.7136517994748868 -165.5574889483035
-0.70824234238214434 0.088817472647171547 -170.13453564847927
1.8397851038950581 -0.90351902869864797 -167.34997536828726
-0.51384150503042925 -0.5719001144500554 -113.25712487898444
0.82928125262860075 0.78313455090063344 -112.93188418107204
-0.42344888657935775 -1.6050991262233612 -90.747188281756635
2.6552773821486597 -0.4907481310252752 -130.20349348739674
-2.7998676245124448 -0.90344603968006587 -103.22306623687101
-1.5837881620445282 1.3976045550055372 -91.03030142229818
1.8012059992062353 -0.072032981612855013 -158.18235546160207
0.66801324668991169 -0.45382987621442428 -164.62958002679821
5.4769544876949494 1.1967570161010914 -100.68493699048648
4.3497117291284866 2.4837091403527105 -99.133674521814982
6.0564077410040911 0.46408125711747356 -104.08526847285651
5.3861050415060951 2.8048199871023556 -101.64317184578709
3.4610932931944696 0.93945977142935999 -128.3288682506018
3.6088072199735062 -0.1095970869118357 -131.26994528584953
1.7912933995803224 0.58496568326051701 -146.80905264984202
2.3027546846210343 -0.22990446343919216 -147.90438164848464
1.0869664210732586 0.24842698488240078 -144.95486247466411
2.807127109140434 -1.0453866686278548 -145.84926527101521
9.9809603565516731 0.021656508509875522 -81.435939357187962
9.292166367904743 3.4665148564874371 -72.933400922468508
-0.99066403504983469 -4.553758546765577 -51.582598741027532
1.559331342144382 -0.81915597938106921 -51.437871756711807
-3.8692370932131728 -2.0213110575368276 -51.137253200514103
-3.3892005000229291 1.3015116815712573 -51.00863911426147
-1.2048671926775278 -1.1467503707980691 -23.478560789628727
-0.19523469750475134 -0.72016709294558556 -19.685033924092579
-0.28007347095360308 -0.24249539537808301 -75.121171291810271
-1.8291260468648183 -0.96562937855907083 -75.449566430311322
-1.9261498740348564 -0.2587034405649179 -170.40033945830282
-0.33640289823106279 -1.4382769541744724 -169.5037979274135
-0.30823398968026527 1.0725674234598499 -171.39738847383444
2.0106285661928802 -0.93063154346780008 -170.65901676733679
-0.88234357397990626 -0.39108341476052422 -96.363789822305165
0.01988533777535546 -0.01075777541779409 -139.96789123225705
-4.5739088497767648 -0.354928655360642 -107.7698273274512
-2.5857924300390578 -3.4162274108666213 -107.4702725271499
-0.37832964967029215 2.2445793774069638 -106.53524275755662
0.14657017688413868 -1.7814604320228451 -106.93949328358242
0.51617998876632665 0.63748033212498967 -158.37588393772401
0.35510342711475307 0.38880708778284556 -159.21367540666492
3.9087700295821617 3.8295072777758232 -97.207554028472416
2.5607316818550321 3.0462025791787921 -95.524457004453183
4.8172213206249337 4.2116974167401997 -99.708093772621467
3.5065235444999119 3.6599452569983035 -97.288351185266094
2.3890382960655998 2.3790693222205537 -126.34498829281509
2.6705318791363131 2.7322907744108602 -129.31184564919747
1.6578722088811986 0.55513521789901221 -143.91214343442192
2.1551445804001785 1.9354436428531445 -145.45345932806757
0.10196856059367516 0.6361078494440261 -142.81739173343834
0.58106843258383511 2.3605145995304628 -143.91785917822264
7.8596614688419706 7.649256374823036 -74.559998851352702
5.800360734757934 5.8115498748050589 -67.04919865057812
-3.7514881657423018 0.09957115126742104 -50.377444095823428
-1.3356668735813009 -0.42362101978910432 -49.736368539701509
-0.31162418592927504 0.98191006895881661 -50.050494322451833
0.3213104639532921 2.4283642657839839 -57.617067103420915
-0.92661070561921655 0.03064079738024204 -20.755583698451748
-0.97058756132535173 -1.664187127050105 -19.845022332864907
-1.2212024556629877 -1.7096130466440631 -73.561943756468551
-0.97731608986200891 0.017147153962659801 -76.861727374013043
-2.6711596996233622 0.37646999550648019 -165.66266079389081
-1.0377518542778035 -0.71096264781572138 -167.00003932423351
1.2754145574958025 2.0473699686072426 -164.65441657884301
0.86319172680344802 1.294976863995895 -171.11789563233199
-0.96561130424493213 0.16375711032230747 -112.23664651760144
-0.46253423650641662 -1.2896065615265286 -137.39342709849785
-2.1247937228759946 0.44234431709357369 -90.638830736588872
-0.45326159770116348 -2.3903181078605718 -102.9980396890418
-1.559519551207506 3.1819213908567208 -132.44542630824793
-0.27131104620141122 -0.75942318221793625 -89.436084618222765
0.82644886549720897 0.30385985616041611 -162.86493935618094
0.21121738792633526 0.58686628937938112 -158.95959242561139
2.5597398580911417 2.4162546849174689 -93.881092846477273
1.8115617716474235 0.96093804725383536 -93.312554971238995
2.9331420617896637 2.5642717522741996 -95.163105530411144
2.1093810301673654 0.82703191659623987 -94.323979737152086
1.5621523075037118 1.1921529825108585 -124.5240463608657
1.9125954432396934 2.2885483425910165 -125.29774088949371
1.7673332127982766 -0.60583531302975402 -142.50368182529809
2.4489703349516803 1.8869094833740641 -142.97127471092872
-0.85750662433424496 -0.30891846657760469 -141.50816750784756
-0.12806622248560975 2.032997570026188 -142.0566722843447
4.0966590804936072 5.9438942493519207 -66.191069750226376
3.3130595308221231 2.4780951778811908 -62.453064710820044
-4.0903091267870249 3.1694651601243002 -52.352489750036746
1.3606166194095155 -1.2220457451985693 -49.929221140667451
-0.73566078488794673 3.0738299191152612 -50.349087757541696
0.56168019578600792 -0.93031353680886708 -50.331340767743285
-0.093275966062625587 0.062593836875578582 -19.282920585371244
-1.1599175251598568 0.87312347641962085 -20.934347394841247
-1.3807870411050804 0.89856450458912174 -75.281874889452098
-0.36117014390188135 0.8305324305041103 -78.523748706693198
1.0635363078872544 -0.38620039234949521 -168.04638086492125
3.0513529627639797 2.3752387130718842 -166.82001913254999
-2.6370434678246952 -0.38937563787095814 -162.68493756705254
-0.92549996576369464 2.7022483532157651 -160.65180570325663
-0.034529718711116431 1.150713443372182 -140.90344692732401
-1.3027731192104526 0.42176942192715988 -114.72550851564284
-0.47928292016274082 -0.54214677418013035 -90.517045999684782
-0.87032140705097427 -0.54202627714160989 -103.41778035443834
-0.28503904017949139 2.355807744778784 -90.895012651351436
-0.6001930339189312 3.3903363276548686 -106.72259041886149
-0.79235099269977094 0.068718604684448417 -151.26752986827435
0.55506227764813876 0.49594344977562632 -159.75011137930318
0.7842018148951625 -0.26310648811493331 -91.685042971173544
0.57850150314146342 -1.1798910350721701 -92.329604576500529
1.6725330319210323 -0.75779129322148731 -92.030558811578558
1.6235878428160202 -1.9186057762341484 -92.727616298827684
0.94730255428533328 -0.58587916786694205 -121.28921512538382
0.90761562915946559 0.069571623396814275 -121.61144358020087
0.51159722232304694 -0.29225227179252211 -141.14636702201764
0.39165409372546872 -0.32821470989820856 -140.51102656115293
1.423237197346354 1.1682380504886709 -140.66865053699368
1.3513790693645207 -0.39026552047991558 -139.93856030309558
2.4979725721473827 0.023142490665079497 -60.831496792729588
1.5685249238289503 -1.4781151178378262 -60.319256326725423
-0.66642565975163326 1.1513242896680931 -49.857212616352655
0.74175427943092231 -1.7726190051398365 -55.740035604567794
-1.2807731404484892 3.1559178450774694 -50.274482742758771
-0.14280386701766998 2.2884334195319838 -49.180368306662345
0.110404898040546 0.86050276471354847 -19.695940159346705
-1.16958674300946 0.87706031450162469 -21.196573473869215
-0.3567390807764631 0.9994756646334112 -74.941857521045833
0.059256931150844981 1.257632843645663 -76.250818383892124
-0.78194106117025897 0.015917788066449775 -168.2052203724671
0.72118110376544586 -1.2549521683900422 -171.72679386070601
0.69645850585770186 2.8353236563640531 -166.27184801649381
0.86131050866642322 0.13671183181932367 -165.15610250374343
-0.024172852026501615 0.77948948258286443 -114.83207714291778
0.015766566912559614 1.5478013532583268 -140.80425738087277
-1.841868339093274 -0.66938705771196827 -103.47158985878396
0.53094016407145028 1.0794471752905381 -90.54401633541174
-0.062507144220113775 1.4458779765675427 -91.946907903577468
1.4033785259458729 2.7640031588389316 -129.26847862819585
0.21146627571340562 0.2703422829642646 -159.57697314972322
0.50128155147181963 -0.32195916815291631 -160.78428701812766
0.99784186779078743 -1.7678153709622684 -93.337457347961546
0.87075432038699674 -2.1172819234049594 -94.277900712439219
2.5297770049102852 -2.4459080716039954 -93.819656075977136
2.6209836619330722 -2.9347975448181254 -95.19903418738339
1.2910461971146741 -1.6324057514922536 -122.97291430374003
1.4006073494355338 -1.3994667074077674 -122.91776631570775
0.5923176317966562 -1.105611643306132 -143.38831867657132
1.0206656763574595 -0.75061075106854469 -142.45928764013044
0.45878019703227574 -1.1261732634103778 -142.72385253001156
1.8214987525696056 -1.2684791093055021 -141.87189909994689
3.4809436011943129 -3.3990335461504833 -62.366314951612758
2.5178903910629704 -3.2958499667184462 -62.602576238317305
-2.803049816141288 -0.034034773015914815 -49.83257614899648
-2.5114417286959805 -3.4920494224163074 -51.647339769541553
-2.5888798802574722 0.73283582404673342 -49.536938855937308
-0.16443881296650933 0.12056383945341193 -50.189734581611511
-0.99486528478303871 0.51816008411375514 -19.188577943749589
-0.95418198043483493 1.0359674506806575 -16.680962678612193
-0.048790316036026862 0.97045650610318801 -75.902698067991082
-1.5362898024934974 -0.27621353448660635 -75.291854970566931
1.2661591939252974 -3.7371132489910703 -164.61904945089825
1.1498900664418417 1.0417750337110383 -169.9810517050791
-2.2683693729910912 -1.2718470437872171 -159.74796331098756
-1.1940510702156695 1.8936863122818637 -168.06147757668037
-1.0062197623038809 -0.12793449271448185 -142.31184612539681
-0.3719616997936811 -0.11671859255444314 -135.16517339311565
-1.05516360566837 -1.7601830770539142 -90.439235095571306
0.1947830582323351 -0.30672023209075944 -91.421361798554244
-2.5205990683733632 0.087268033522267308 -105.91661870912525
-0.42892760141341985 -0.006125042796300312 -103.02414622260079
0.10198665909259066 -0.59863091523828393 -158.85373620499308
-0.077432066452801124 -0.031513975478165632 -162.9021542328951
1.2315977214311025 -1.2847424944857047 -95.187808652285923
1.1850766035887341 -0.24485035321264628 -95.861368185333944
3.4340897788373312 -2.1280398761460817 -96.44008951995103
3.2955578380477815 -0.88444396533453973 -97.386185689895569
1.2882081451843315 -0.5880130942757511 -124.70623835984547
2.0530092297948377 -1.6188410388899377 -125.61801713405973
-0.53115137536855506 0.76300814544060303 -144.09543957466059
0.5038277033488584 -0.86453214912345022 -143.78946827093819
0.80789638806675446 1.0250885416289162 -143.12236921656046
0.69566155698421772 -0.92160591353605736 -142.94228789844419
5.9427688420951688 -4.0170485886563334 -66.268976279834192
3.6877402480491179 -1.795844342732098 -65.041257470547137
-3.7677206336416327 -0.44627544527373403 -51.456184223360239
1.9382767001554206 -0.73193957775673713 -50.205691721262731
-2.2093884847787146 0.66874814754768697 -50.76600673095836
-2.6216990868633276 -1.4549936232358451 -50.251978662708567
-1.1210854357637057 -1.4451205364639732 -20.285484160218427
-1.2843282906221931 -0.22622121122386099 -19.419206851746242
-1.5074674249755953 -0.29797549601096535 -78.278505958227711
-1.6443215007448828 -1.2653103645770223 -78.723690834482781
-1.3939148298457871 -0.9625440352047141 -169.76797034523625
1.7557563761634318 0.39297683695617841 -165.98643282646307
-0.64292353035811611 0.55674037714106472 -163.50026486748422
1.0826220857623086 -0.87455586467016722 -161.21789547353552
-0.78523953874980135 -0.84874472854829419 -140.2250551788693
-1.2710462178534889 -0.12552143528422147 -111.87640382082743
-2.76636036883058 -1.0490334058039239 -90.12376087822048
-0.056099074364112086 -1.063300874801524 -102.4628380870963
0.83185235792949386 1.5908264892492445 -90.129684089685682
-1.5039202915894676 0.65873615790836615 -105.69438754289044
-0.14360435820535414 -0.24435286576999454 -157.57337725144399
0.37882782580240387 -0.28557594461198255 -159.87430699526243
1.4816102476185371 0.73948163476743334 -95.838382119472953
1.0850541690905005 1.8527329082060471 -95.255492748055943
3.5647911707472684 0.024067566052897591 -97.362966250156248
3.3310584775686172 1.4875800662778025 -96.453471469192067
1.5754729269582377 0.53417984305669763 -124.81907344298718
2.6375551930221381 -0.27193569659286015 -128.15857311192198
1.1893254021527975 0.31065754438951992 -143.5005831734091
0.34428165607148514 -1.4331048634700236 -144.18639531858901
1.4291479112781049 1.8309938811900299 -142.94898534180589
1.0147188819389823 -0.39932286559762892 -143.30612629697396
7.5489488401016001 -0.10190570434357135 -68.950442891387723
3.725345736276549 1.7347291656033741 -64.948739443024365
-0.6811852909848316 -1.1924315081831152 -50.162839245424266
1.1083686817474139 -2.52340053461511 -58.171034674419438
-1.1433854597069668 1.4972801426654847 -50.225848138232145
-0.44560146808504641 -1.0791472406852112 -50.644827730868059
-0.67507814848535064 -0.58835336956283246 -20.34889399064593
-1.9099865556825009 -1.2257961500099792 -20.211040840134771
-1.7597328860415975 -1.8539929709493896 -75.003198685266057
-0.6301955472567653 -0.92061142703371579 -79.212930120282408
-0.66669382503167807 -1.3023497417240835 -167.42890620855948
1.0648533734938406 -1.7224852500207415 -169.50210401364973
0.89938290436119517 2.078716539259327 -167.3020293985839
1.3816078070159523 -0.81092157336102144 -163.90644387965725
-0.19379717273069569 -1.3121224238267122 -113.36339712197571
-1.1626274838025918 -0.96018648134554174 -138.87377594502888
-3.0213319862508823 -1.6314880981435678 -102.95162517470146
-0.13926603368820603 -1.3107873825429543 -89.683486790264212
0.4137266009695067 -0.19090374299021121 -90.442951841656054
2.0678631618577423 -0.7826610084430996 -131.83021296540994
0.25478005527048425 0.31684828978056651 -162.63503454522808
0.74773141785413266 0.11286293830878512 -160.39839424587711
1.2641889467474514 2.4247357760427044 -94.255942037262486
0.71616793976040949 2.2307029064141961 -93.178441225860666
3.0515049412375546 2.31507800941176 -95.128594504016135
2.1398294923768333 2.2051234368698238 -93.861382103794611
1.4667114377227872 1.5245215466831987 -122.93683945124292
2.3317079798596514 1.6870047418238199 -125.30072857991965
0.77223668578618931 0.62198433991647872 -141.90061867050247
1.2675553602099741 0.95197564075869079 -142.77110264636573
1.4941420669803007 1.6201921706615314 -141.45742784897791
1.9446622436391989 0.23408918031037987 -142.4154925226041
5.9517946904699706 3.9538505842898113 -66.107286510636982
2.5352773293375575 3.2875881600347676 -62.451089296476717
-0.78628284750733823 -3.0621168933108676 -50.851420303108355
-2.2986414289274326 -0.81744611714336057 -52.205247375284202
-0.83345045699334142 0.65901093079339224 -50.630148756951442
0.76389682694105332 0.54979390952228924 -50.669339274940327
-0.64358860487958225 0.41183373072718094 -21.478587355991177
-0.94451585081340339 -1.4977628170513955 -21.337717490692444
-1.3962147489133683 -0.97167476887738324 -73.883218345185696
-1.5897375617984815 0.17225820176632239 -76.513678440161925
1.9988568139585674 -3.9629694190889726 -162.10023315419639
1.3672707390176613 1.2338806788937395 -167.22835297646671
-2.6660248750544651 -1.6692890876559365 -159.87508713262815
-1.506643927351732 2.1737885520033666 -165.74246694676523
-1.0707023857302069 -0.04402499256920097 -140.82374499301653
-1.6008973677491427 -1.0363787344071549 -139.83448898229
-4.2017002546008637 1.9894436900682262 -90.271753724672294
-1.9124745278704234 -1.9099414139603601 -89.989935422606052
-0.37131248719060167 2.3371402637899026 -107.87100609479938
1.5673204976398074 -1.8134749689720937 -103.64963948433088
-0.16217509521773546 0.10528267018206518 -159.75473063917346
0.17707647697149431 0.1587908531112491 -159.14508106560095
0.87699912972608851 1.6474219734535964 -92.171325927380181
0.41179462618771656 0.74479477199388233 -91.639146101288901
1.984659426949231 1.549738755446741 -92.653910683359086
1.2956610703378624 0.51209514816964197 -92.071384237475471
0.93998482350298707 0.73484248583637912 -121.16104797755946
1.3635028407503318 1.5474834735292891 -122.76407038064735
0.19298156917537732 0.29143144764282425 -140.31617448301373
0.3827949220145852 0.26033245821004941 -140.84665974590868
0.76247543402426121 0.89586875898998852 -139.78101467556462
1.8705728788779212 -0.53529516577343383 -140.33295817140976
3.4494645762426099 3.4397342510416782 -62.320569650207034
1.5524621991945131 1.5463794844540959 -60.278990485568904
-0.0075581127021681418 -0.006827778676427157 -50.581866333949534
16.087245593392964 -0.0059056952775264878 -64.929249629519916
16.24064788691075 -0.0036630729666080053 -36.298857925938087
-16.105504937008131 -0.011500009566013537 -64.939583719780344
-16.25049608473169 -0.0075375093281530026 -36.304038356648448
-10.056477245303107 16.172331173206103 -50.478807874772535
10.045194103270951 16.175510494119354 -50.478346342328209
-10.059799257303537 -16.188053761552737 -50.48760221599634
10.042819398470163 -16.185582918102039 -50.479018688299782
-0.0055068170573185039 -10.084508808384626 -27.612009017840638
-0.0036194818194340674 10.075258396324832 -27.609849567794598
-0.013591069707864232 -10.075557984519397 -73.599832320898443
-0.0117210313402449 10.057252917535834 -73.596819574453946
30.279736314529238 -0.0036177261768745566 -78.181870030781653
31.613440193192488 -0.0032315019030754594 -50.400216634991224
30.786686778091173 -0.0022248123115949786 -22.863419593763638
-30.294668125655352 -0.020625375818686616 -78.206655805372606
-31.621879493959373 -0.011898878781422685 -50.412895310082
-30.791679606335407 -0.0069698284750913161 -22.86999542552293
-19.149124804959154 30.565463867852145 -50.249733533161077
-0.0036409456288583192 31.698580913871787 -50.369026077351258
19.141634940822144 30.569973309347183 -50.252425842947794
-19.154567486488602 -30.578908599889015 -50.270134102818702
-0.010268152776723946 -31.7083876569708 -50.378200064522133
19.139012550904706 -30.576911080890444 -50.251623206345648
-0.0039966155242902365 -19.372889402560688 -6.6100468516794386
-0.0028022018683984615 -0.0032067762581279718 -5.2780553409000195
-0.0016028932681468639 19.367182593213986 -6.6071102913525985
-0.024325156508112594 -18.995009463611428 -95.160679640890663
-0.022787108140550513 -0.010851735577296177 -96.269679055830309
-0.018886564689196556 18.971314457567157 -95.157793033957802
16.255912863688053 -10.079687251633928 -13.58940233728269
16.25701725302811 10.074578890158714 -13.588390011062788
15.875457288249949 -9.8929558267418738 -87.965657508242884
15.874233534815904 9.8773966917127396 -87.966230842371417
-16.263097815504292 -10.081745744595979 -13.593243196867782
-16.261760179334868 10.072267299199106 -13.590636623229678
-15.907483899512972 -9.8996441708044003 -87.988981245906217
-15.903937955695671 9.868654772522806 -87.981993252345148
25.704981988628163 15.98011287626608 -64.667858404276146
25.918480133868371 16.125964510846742 -36.095476267176416
-25.717419073410788 15.96999753095821 -64.674614546569103
-25.925079725201307 16.120559998719919 -36.098610749485609
25.705414607286034 -15.988601468516567 -64.666191991167352
25.91799183748066 -16.131684546192957 -36.095383401092327
-25.720715468090752 -15.996175328773958 -64.689853345925471
-25.926783642034884 -16.13594062516351 -36.10760939388274
-10.024873695616114 25.949686982957438 -27.449657107045105
10.020536382955877 25.951149972909153 -27.450202685871488
-10.029142373616967 -25.958365690149705 -27.458321687871134
10.016855748364735 -25.957496437391821 -27.452673154919665
-9.9303450815546466 25.656053463995935 -73.517954165421159
9.9144478898353938 25.660520285079727 -73.520492047361216
-9.9392532875938961 -25.676182482803156 -73.537884956281218
9.909207994201676 -25.674012476000499 -73.51941753236801
42.847074551257855 -0.0025844868827889873 -90.542568700143633
45.937626728597621 -0.0027664185597791671 -63.344688390220497
46.229300915669 -0.0021691514924806338 -36.963698231371431
43.798256210714939 -0.0013646133103969726 -10.09115610266366
-42.848897055662071 -0.034063534702964159 -90.580142888257683
-45.94014236319402 -0.018571699364187507 -63.364739904706141
-46.231316152483799 -0.010345253977494404 -36.974534464807405
-43.799717368366295 -0.0060813284698245434 -10.097059624684187
-27.62272485412327 43.345449428464839 -49.918585957493967
-8.9617112773873018 46.161014420343577 -50.099448658892157
8.9576152104444038 46.162136671078827 -50.102108249605543
27.618120215762353 43.348811914000599 -49.924391911652577
-27.628136477329619 -43.351606214115357 -49.94802362682254
-8.9704726135401884 -46.166097633043933 -50.118532518841604
8.9505391548324997 -46.166744765348199 -50.108596333501978
27.616575590704951 -43.352744631536254 -49.923208193097025
-0.0028946937476900664 -28.219638268646573 12.585573080365592
-0.0021388453984555822 -9.2021387593316142 15.462153740030836
-0.0014243390932145868 9.1978976101515997 15.463136814193939
-0.00062540594214718914 28.216438750779652 12.588340065790632
-0.038902362738703407 -27.278800220245326 -114.52013886793179
-0.050624732535408716 -8.5276850939894793 -118.24324390328279
-0.033738150764403306 8.5109473794710269 -118.25593848617538
-0.03617639696484954 27.240232909836148 -114.52864446444427
31.224828147424688 -10.569709286813444 0.24520745778683914
17.100646629645361 -19.641147867589609 7.5099297377841809
31.225449338935924 10.566795235983108 0.24573971405843764
16.882762799694095 -0.0018136841693776051 9.4026523412964753
17.102156936223434 19.637988129482437 7.5114267723507053
30.235279446195023 -10.310415871571571 -101.67067247108299
16.179265256185644 -18.887736296673342 -109.52024054241336
30.226954490921557 10.302506068530585 -101.6793319145243
16.230142033767944 -0.0034270083547827124 -111.88300184796925
16.174650347702446 18.865136963507322 -109.53795214325737
-31.228660815752509 -10.572509159336841 0.24034944408514405
-17.105991121676634 -19.642295938051905 7.5073234356394316
-31.227808009660443 10.56369341190222 0.2428014088216279
-16.886455143657948 -0.003187036349192901 9.4008505536858422
-17.104281625519047 19.636578266173046 7.5104625180602866
-30.255416910093782 -10.334967403311282 -101.73188081869094
-16.238840039558237 -18.892281891680163 -109.5743296603253
-30.250548477512158 10.273404122140416 -101.70947804838401
-16.285546439266394 -0.020899386466977768 -111.92421243807632
-16.219886009184386 18.852698903429729 -109.55784140714407
35.334210473676002 30.629246349185557 -64.748893967101438
40.153839632608737 16.636895651654925 -77.940298060112696
35.548869518066404 30.85056441296631 -35.379083823334945
42.018380549710272 16.501827360193627 -50.10610418543083
40.695376005448573 16.892447099822228 -22.440095983890689
-35.341516164487601 30.619283628644933 -64.747980657383351
-40.162090370579541 16.615848561168189 -77.951314160215418
-35.552647293319872 30.845328090259425 -35.378809943618045
-42.023094177440896 16.491596241970875 -50.112499842710832
-40.697955267343886 16.886932966311065 -22.443546397934142
35.336212247580463 -30.635986743639805 -64.745879783958401
40.158696549213623 -16.642894671376396 -77.935753022350667
35.548717449986505 -30.854616146126865 -35.378756428278855
42.019956832123441 -16.507229190369934 -50.105158431213965
40.695495394992562 -16.896018995973026 -22.439924348466317
-35.345941590701621 -30.640154376889079 -64.780649322993128
-40.164001019715101 -16.659378478116931 -77.97829919315231
-35.555059272307396 -30.857249099436448 -35.396707213030872
-42.023811867690213 -16.515222612879107 -50.126863401727064
-40.698676860768096 -16.900499796404741 -22.451401387895892
-10.513092452955579 35.816195688684935 -6.0451657067242932
-19.352291891353907 40.61736349773517 -26.451116109428497
10.511749859293548 35.816783552659189 -6.0459195938228207
-0.00091945169363669144 42.23360705969624 -26.69134648566305
19.350130827883792 40.619044571939689 -26.453607614670457
-10.516957567407854 -35.820390899916987 -6.0522854836706763
-19.357569457974819 -40.62270779942272 -26.466314768611038
10.508202421441293 -35.820207100778816 -6.0486188120885309
-0.0070620887568284977 -42.237790806058925 -26.699401486826051
19.346195136872861 -40.622625171835111 -26.455080647769453
-10.34866297008505 35.016380187135219 -94.96441782470464
-19.18316060152242 40.196194207455981 -73.836170315435737
10.328544514885785 35.020007600725542 -94.975507724352155
-0.0036843892985920258 41.782772041804343 -73.834695935498814
19.173337265694862 40.200748325744392 -73.844383488302867
-10.371159594521927 -35.039740463538436 -95.003757213689894
-19.194667310177227 -40.209071085688635 -73.874813336842692
10.317032979544114 -35.042481335710924 -94.964851688833022
-0.0182382962089205 -41.793985151532652 -73.850370762129316
19.169370675026901 -40.21081984122435 -73.840820919475632
26.783485143187466 -26.798012425384876 -12.478406785894212
26.785318757872389 26.794617434033722 -12.477403654549448
26.261189853024753 -26.218168571653809 -88.329765831875932
26.256610607924493 26.20454070627337 -88.339272660268847
-26.790309494277999 -26.79997979388974 -12.486451590978785
-26.787696630267828 26.791698728571763 -12.478122204027143
-26.285378442801097 -26.223952106863877 -88.381131380631842
-26.275405809390179 26.190524830290801 -88.341865889768215
50.65712670117032 -0.0083616917084089332 -99.825497980401153
58.052217676881583 -0.0042005805893313075 -73.740987729523908
60.295535418861512 -0.0024602400262995205 -49.79556982365515
58.610630387454741 -0.0013278192114838522 -25.924598910165717
51.82588432703254 -0.00086754755688962792 -0.055504969455677886
-50.639306378756459 -0.046109950826865337 -99.865393077921141
-58.044441066497654 -0.025915758232866085 -73.764664709528347
-60.29206236879115 -0.014749083121483028 -49.80928316294294
-58.609009109161263 -0.0087243271039175035 -25.932418511329782
-51.825200421028647 -0.0051332884091926413 -0.05993562063778228
-33.502530388683567 51.116541827827788 -49.615737715978462
-15.682217942052382 58.2823090254943 -49.763414946073901
-0.0012950079021971789 60.258009688059168 -49.829687493127729
15.679287015272907 58.282314538381158 -49.766554380829682
33.499227439165658 51.117482498448297 -49.622590407518658
-33.505734383248964 -51.113066636571617 -49.647914543469184
-15.689781476596202 -58.278891766149826 -49.786666185800357
-0.0097147188974985588 -60.256462896606472 -49.843495906840786
15.674237082831818 -58.282330773481739 -49.77217971405598
33.49947540419992 -51.117689845181516 -49.622181573888099
-0.0021547606280272746 -34.757910455195876 26.501292294028939
-0.0015181580372748465 -16.46951472954435 33.583301409723283
-0.0011902123455378583 -0.0015376295536675411 35.394764275016648
-0.00083916036681886677 16.466831286641476 33.584474886581127
-0.00018191239787791746 34.756290689085056 26.503438265246054
-0.17606943509814793 -30.487599822837097 -127.92602077926743
-0.15174603465933431 -14.884828158023765 -137.2862476727023
-0.08775511306086399 0.026868306348221405 -139.74761728183117
-0.0064227408779776556 14.859486418500264 -137.37013663492388
0.04030671916567951 30.396929845113089 -127.96024113045799
43.149784534581016 -11.824006421446587 13.732388297333687
32.775590414286683 -20.514497896889097 21.54863649405813
19.280471200256756 -27.873966313583008 25.833797676621195
43.149880359693917 11.821806572974108 13.732811970561876
32.139269908267174 -0.0013512988885940186 24.678336739010494
18.497854945231847 -8.9601785986464773 30.779263467264681
32.77620290682831 20.512366297261121 21.549540215257807
18.498177084806809 8.9574503207445435 30.779825108385978
19.281764546976913 27.872156340458311 25.835095823620563
41.698884939980275 -11.49981085568051 -114.5017139819107
31.219615191030968 -19.570234363040093 -123.17142821550785
18.17535378768406 -26.008690967393751 -128.25129765506483
41.679408491136179 11.490070700713147 -114.5060518023583
30.394242891959099 0.0023380680368442486 -127.06393007721525
16.758945823152292 -8.3739363996277181 -134.35317474218871
31.185347085278451 19.569228968413089 -123.21552113972876
16.777252493975553 8.4034291999999056 -134.46635172817165
18.160931802743452 26.00851774253946 -128.30259706753606
-43.150902822899226 -11.826388488771327 13.72811196201946
-32.77830228925199 -20.515760298838458 21.545438480633365
-19.28424617647471 -27.874559863987781 25.831984186934495
-43.150644526919564 11.819169538293179 13.730081448032434
-32.141186440056487 -0.0026148093290833951 24.676091666510949
-18.500569252431898 -8.9607076040518425 30.778070326928699
-32.777480705934146 20.510788043156062 21.548166150297586
-18.500199513250728 8.9568505702297116 30.778934101039624
-19.282819169728061 27.871358861289956 25.834836846969807
-41.682785894204493 -11.546193810797199 -114.58815635687739
-31.248875523126131 -19.613875954489775 -123.31585568372174
-18.29097232776482 -26.055631823040073 -128.3564645254377
-41.683501318559777 11.438348124835812 -114.54671002813626
-30.421428459528375 -0.048278232422644826 -127.1565990341535
-16.898161872823795 -8.4110514597942618 -134.5209980163537
-31.213691346352938 19.509804723404198 -123.24324936272311
-16.837367988260709 8.3643881003700162 -134.48096250207166
-18.22238882506937 25.931465744736247 -128.35059736412634
44.537957137737614 42.187017899016446 -65.623796274162487
50.047045449740892 31.804091902481648 -78.268005051027288
52.055547725967358 18.62426753884937 -89.402658755583374
44.718556422076503 42.44984212479919 -33.737103911738323
52.932729542434821 31.264397652122884 -49.706938170787431
56.98061940657756 17.831579422724857 -62.531996963106614
50.516394219295002 32.207662738122394 -21.295599496138397
57.228812916723193 17.941247217567891 -36.987875925722243
52.900758910565358 18.957742880271041 -10.359145767124474
-44.543811412780286 42.181295402673882 -65.616748830928785
-50.054071790895073 31.788531746855721 -78.265353124426568
-52.057677913590837 18.594300156879918 -89.41460784390263
-44.720436603285336 42.446248959463119 -33.734027780786917
-52.934907426672297 31.256146497122753 -49.707162382499895
-56.980777103997994 17.816541710135166 -62.539495188520434
-50.517171322024957 32.202855007335522 -21.295809944319686
-57.228637882899207 17.932584266585682 -36.992244535304927
-52.900731403733957 18.952709090333816 -10.361716310376547
44.543315331117775 -42.191765587402188 -65.621878591757323
50.058170410417013 -31.811903514966687 -78.264159868697902
52.0683381392207 -18.63297381840864 -89.400074449620874
44.719247802349123 -42.451679591111287 -33.737154825591475
52.936072458538874 -31.26895684153347 -49.706912524923879
56.985084507351495 -17.838220533230501 -62.531230989218315
50.516995671197265 -32.210131761607585 -21.295703512747934
57.230307267957336 -17.945005659778701 -36.98752898544749
52.901150462465125 -18.959932762154668 -10.35901887731305
-44.54453627714426 -42.18923502383533 -65.660831938335093
-50.051050879001799 -31.81869990452746 -78.316004356382081
-52.051411525469042 -18.657437242885617 -89.455092714898655
-44.722160584004136 -42.451585093430353 -33.757642853882111
-52.934639332190386 -31.272994248058094 -49.733371219858007
-56.978785878445038 -17.850214153014011 -62.56079728967741
-50.517869774088958 -32.21296023165403 -21.310250172342961
-57.228205124367797 -17.952113476894827 -37.004017002513798
-52.900808914633672 -18.964214574401261 -10.368138462021872
-11.820580607809273 45.419145894925492 12.137721408737564
-20.209607680408137 50.713704915867496 -4.3278189102068048
-27.114063445862637 52.642422130172754 -24.006826823851867
11.820331772887744 45.419638125459613 12.13704093973227
2.3703720471973666e-05 53.384766121885605 -4.9366586867344351
-8.6622581267949332 57.274032120994839 -24.815473371822264
20.209316427001358 50.714529629587886 -4.3296223933813378
8.6616488252404356 57.274140092907132 -24.816489376535845
27.113415194644038 52.643410538787137 -24.01036213075108
-11.823587899996568 -45.421037284159091 12.132480070268116
-20.213756554877552 -50.715299427462952 -4.3381926490810336
-27.119072046386865 -52.64251730177552 -24.025373219709959
11.81749238688827 -45.420798468190043 12.134854429175212
-0.0047986136347157975 -53.385714053642722 -4.9425739687295929
-8.6688253714175705 -57.273630576585845 -24.827551041703259
20.205799482707331 -50.715399443653993 -4.3314168882732327
8.6557471655796228 -57.274439258380099 -24.82270519040997
27.110053562606637 -52.64397409739675 -24.011363292428854
-11.466873526604376 43.764170816517513 -113.19106540336273
-19.856288062941978 49.766570548904433 -95.727197291421589
-26.912920968873149 52.197135920035983 -75.529651212161085
11.439219339311208 43.769251333214086 -113.22013207740271
-0.0033585692172342085 52.344409809051427 -95.37561373782485
-8.5489049467777658 56.813953234302474 -75.001197152518557
19.841444002817113 49.767123923505096 -95.746783754623706
8.5441656857749635 56.814176244471739 -75.005576284026276
26.905078192425631 52.198145330321772 -75.540515872114725
-11.512412273525268 -43.796686675200341 -113.2669754267604
-19.875943450666227 -49.771319478800621 -95.796734184393941
-26.920525012939784 -52.19499246510491 -75.578151271808068
11.421362220017784 -43.808874130012121 -113.18967806565533
-0.030277979553882863 -52.35659101436498 -95.401262814882273
-8.5638464315129355 -56.813915549924104 -75.031849547030419
19.838773612436665 -49.785512394649643 -95.73675634108254
8.5327812957333897 -56.817575346691008 -75.016531278514236
26.90538703617667 -52.203645484331346 -75.539002391095437
42.066016134165416 -29.074659826956839 2.3464199456253585
42.066657191136571 29.072679391426732 2.3471030149271712
37.063955096898241 -41.909100901185056 -9.689063682959187
37.065413208102896 41.90763933644881 -9.6880126727541196
29.125055158853087 -37.397336237397269 9.4395300207432911
29.12664433941584 37.395848857756782 9.4407862423513116
41.106763734365416 -28.305371446361988 -102.63230154842415
41.083221277653024 28.292302041991125 -102.65067670796167
36.586985246452144 -41.176951028650436 -90.182293110957275
36.575855922977553 41.163848797622528 -90.192295687282225
28.348142184159286 -36.174152114636712 -110.09160580918252
28.329468702151541 36.151065592297549 -110.12068372777156
-42.068662481779249 -29.076798671808589 2.339026058304956
-42.067444287993389 29.069676273484141 2.3459470537398182
-37.068930771719756 -41.910011794254942 -9.6997231396333028
-37.066351989900028 41.905084193880043 -9.6872219781708928
-29.129681356027891 -37.398346584211396 9.4343943501134717
-29.127648638802473 37.394184075118361 9.4408630879420841
-41.102053285856016 -28.320012234220844 -102.72753148122676
-41.100247918486069 28.26324201688724 -102.64754524169757
-36.595610705073462 -41.17146842675939 -90.249854363701274
-36.589913360058745 41.154259509415439 -90.180071268908065
-28.383350154089786 -36.172555526110784 -110.19799531711408
-28.35785854216045 36.128645457718974 -110.11036733405075
-1.6370541932260312 3.5263861765826356 -75.875109556319956
2.2514063664730948 2.3781031057285156 -77.083034826903358
3.2551244926329175 3.0774563338700847 -191.91768429301803
-1.7636187887980914 5.7851726845362101 -213.32352969586978
-0.77715932563066281 3.8071526969841298 -290.39605410623545
1.8169761218283502 1.9690544282560392 -287.40490430814305
0.026004733113129719 0.50198518556830818 -264.62136389246092
0.45516134804576797 1.1767044375917062 -264.5146284158559
0.087508985032086165 -0.67352359374920467 -199.14833120101608
-1.536982371795369 0.089576167805047416 -198.70883530496531
-2.2669919089155486 0.052193441248734256 -107.79859337054727
0.023622811222342284 -2.1646224021076921 -107.86855620184606
-0.34760373781383658 1.1515457555730799 -70.985251267287325
-0.70406933191745369 3.8665918273136706 -60.968969181824143
-0.68046163481821587 3.5774636396445776 -181.4719854789104
-0.8058501853104737 1.5573300956053544 -206.46633257410329
-1.1880425188044932 1.0195883627387781 -292.70034632727646
-2.3204792384113992 3.04273670378748 -289.36117386433699
-2.4009921014317399 0.967695715254828 -265.58074017839016
-0.013703965022400183 -0.99765542323588607 -268.04772836887781
0.62417161437810431 -2.9876036932131242 -202.17132712193941
-2.2407321580727286 -1.2143596445453666 -200.88314215904447
-3.1521742211668613 -4.2676780934574419 -109.9245130030253
0.092055068292470718 -4.886704219117334 -111.12971793704671
-2.3645977907005267 -0.33391663231926116 -76.418543884442954
-0.58338305404482349 -2.2176727134309133 -80.185772639577365
0.34906166171405401 -1.7689819790716552 -181.39700057288476
-2.786533434060158 -2.5246213102543513 -212.16304926038302
-1.2815883787672488 -1.5423139917363682 -293.2103677437164
-0.72649595025593694 -1.9198466307570623 -290.29716305138237
-1.0231099207503265 -2.3265466581844758 -268.39943089514799
-0.25196107824736041 -0.47773503646887727 -268.50387499902502
-0.026401411050446931 -0.8987539118597051 -203.87396949102259
-2.1316906354701191 -3.1092979974823547 -203.78125538253917
-5.0510184975199985 -5.0030909154105458 -114.25157515415883
0.023354576141247561 -2.5681990365430414 -114.38425464690103
0.016327704572466788 -0.66915591238114691 -68.259816633439542
2.3504647472188638 0.47465349569829157 -67.304898706182996
3.2757148187816147 1.504238665055603 -213.11953165222698
0.73104994556597658 0.73735415665678816 -190.17912112650353
0.21820818516275914 0.45294450403406522 -290.18644942539447
0.74311462334473499 1.4429472320465748 -292.07842004756196
-0.15113180171479729 0.35845871526074119 -269.03831637804137
-0.39848624205853883 0.61334923836338839 -268.56848321850515
-0.070767978597042577 1.2943470242324788 -204.26169227471118
-2.2861933280633631 -0.13133250664991025 -205.41608599185599
-6.3197640604093346 -0.080324254891218499 -116.77083973495368
0.037019832619706428 2.4818933894096245 -114.39273920495393
-0.28901021952837525 -2.5510328855564506 -73.796816150583837
-0.38424298118756334 -0.31239815619508349 -61.651914564936277
-1.0575080441863796 -0.91694315760275669 -179.37460155774775
1.1386256060161037 -2.7562568782102819 -206.60331550209787
-0.37773903098306671 -1.8569576666080454 -289.85844466996866
-3.4063085146137344 -0.62961928424532909 -289.6146208229315
-3.0768027939862344 1.0529211879233515 -267.18804124129065
-0.082699423753746393 0.14132810247846586 -266.32697187847896
0.56449790539719891 2.3586629904919172 -202.25193000171893
-3.115046661897241 2.8731322706055988 -203.74046360788378
-5.143838368573471 4.888763289506036 -114.15386621161402
0.054548952038705953 4.8324698878818513 -111.01979816756359
-1.0699857658976131 -0.97485361987171559 -79.47344005199237
-1.8710928433628002 -4.9598170954758185 -83.296172648360269
-0.060810633167776906 -3.9930570967381152 -181.12725661155389
0.38921676332884181 -1.9909539904105982 -213.98138358225177
1.1913054256836413 -1.1659806867667564 -285.46473748190238
-0.34801458486861653 -2.6267230534930039 -287.1198615381187
-1.7375889590684728 -0.30637108119732476 -264.80136564734113
0.78706465245056223 -0.43000751261438031 -263.29596187466365
0.079302435495395229 0.88953047239807148 -198.89587055947041
-2.2243838117419692 1.4784255600307707 -200.63718359241733
-3.1507381166339732 4.4135593381981328 -109.79040660161735
0.028130087046671432 2.3054431023243636 -107.79643014926823
3.9715555074884632 0.36512451068593893 -81.062301767992139
3.7213688663342728 0.47284552605052377 -71.991550696071116
4.3391506500946102 1.0856991399557674 -206.85175483814285
2.1549351214193861 1.3751688062792418 -182.56587590874068
2.2003169336832049 -0.11737652541680101 -288.38320098090043
2.6275315755455897 0.64807100397171891 -290.98673266037559
0.087906493015648429 -0.41473392246824875 -267.30983994098676
0.074027238088658298 -1.4200327714551277 -266.14599619693053
-2.161444608289683 -1.429077579625551 -200.02220085156776
-1.8047239242297459 -0.55816830370933412 -202.0256823910475
-4.8715589485262729 -0.012363436994520671 -110.93306284182083
-4.5241930162873532 -3.0622303494579866 -109.70948798365905
0.56082183006736752 1.764731598457792 -75.286230219942496
2.055855708844875 1.3968919139930858 -67.942161567541021
2.4871531328144161 0.28115830639582118 -211.9635430254562
-1.0246974443580636 2.5179040079828394 -191.79214185130039
0.43860176000262574 2.231475860455558 -291.70164552961387
2.8179097400442115 0.92054151117549354 -290.83607016856672
0.66164054369124847 0.28045840451161813 -268.57216975440542
-0.61271537236648899 0.33616627551403239 -268.16837950721737
-3.3268567995802325 -2.9367812689524224 -204.08376158107762
-2.9482349208142793 -2.313132913463857 -203.737900871356
-6.8807364848135659 -7.0905980924345373 -114.82119998151633
-7.3533938928465261 -6.8960151913578738 -114.92875239823094
5.738758280247084 3.1048961154228283 -81.352341543365156
2.4394941924533131 2.4464412331255367 -66.668058398114027
2.4711173387454797 3.7896785849680512 -190.21841783455645
6.0037074633741421 0.5828418068404978 -230.55503985249692
4.6250657950788234 0.1913569906804109 -293.83121400449113
2.6658671450314038 1.8299611101069675 -294.22471079829643
-0.16927995096992982 -0.30174245388762877 -272.09041340781124
1.4006851587419278 0.26260491786782242 -270.22898355703802
-3.3413135262799156 -1.1247312785249342 -207.84716582615744
-4.4628869414080343 -3.1788405505003285 -209.36139066951654
-12.003366422479376 -8.8845044106619238 -124.41877940952277
-11.205727837401216 -4.0401421530530035 -121.08845419187988
2.9729039730641067 -3.2730658473446086 -60.772260238047373
2.3770387674002085 -0.92984033446618064 -71.247400990588076
3.490600307912449 -1.2931362715795318 -205.8680089988782
1.8306859897203027 -3.1526717214557487 -179.78709494975226
0.92780871400733089 -3.6879648822569666 -289.93490424502249
2.2353340934841097 -1.8844754436522448 -294.83975035146796
-1.0091681037653972 -1.6388027230873865 -272.6059029186589
-0.75188273412247764 -2.4255493461361266 -269.62975089749165
-4.2975018071761149 0.51278426500401342 -206.95953289893367
-5.3812477217006629 -1.0183547969958 -212.69956786084273
-15.936761827653868 -0.11124100668006198 -130.37130694733716
-11.319045051512079 3.6799989684758718 -120.90173516266059
0.95907332587260097 -4.3619567022131287 -77.611869967959066
1.5585395402195061 -2.5319128449967572 -68.073247515375854
3.4525517299315442 -4.4803512419863063 -213.17648311697022
-1.3737689268471116 -1.6215436035589423 -212.66867621809826
-0.65275864347597279 1.0396657637125852 -291.50971166118131
2.4813975878725576 -2.0380828237179984 -291.02894379464396
-0.50072434697842205 0.66370586063330694 -269.48825300958327
-1.3035999933211935 1.3352557835153975 -266.5513425251952
-3.6056430868052374 3.2864186386636534 -203.52482765944211
-4.6004591094883516 3.7225023292978281 -208.13514105672371
-12.399683004975689 8.9464560004614491 -123.87072156960512
-7.4856454878419152 6.8656719629138392 -114.69816434515458
6.162174817301044 3.2272125615064073 -83.324950864634715
5.4689922909578685 0.18728421589115327 -76.720947909809112
3.4570076063237627 1.6735728279170607 -213.5355006825227
5.5638867788058866 1.8538650376272952 -228.11825336688858
3.5091884362400081 1.3195491129310308 -289.80495026817732
0.98352713174651685 1.2582584354805382 -290.90670634156078
-0.54280708664214394 1.7949201027942849 -267.05296382567957
0.85649891981126069 1.3190549460987115 -265.81400804755231
-1.5326663933465465 1.6342643575462383 -200.38031563790739
-3.0458836588508076 3.5195234026818194 -203.87059436699045
-6.9425746899919121 7.3910397639372958 -114.66175329727599
-4.482651964243102 3.170678510329989 -109.75550498239524
0.90917938181369573 -1.1288960901017244 -60.12885821316717
-1.2409951408596809 2.5361207569844355 -76.949165616150708
-2.4858064827332536 2.3996912296987665 -210.916596784322
1.7643953309797533 -0.88592108508838685 -179.42010830923135
-0.29750605879617048 -0.39702745176788723 -291.6901028596551
-0.43021905452065351 0.34362005374539473 -295.37386473134711
-0.42749109840409899 0.60109181444423898 -268.13506805778297
-1.073518207841154 -0.87788502483233666 -268.49728516314963
-2.157816655468527 -2.5804821390653245 -203.95959128305839
-1.3131844998571041 0.21162739735191433 -204.39716886527927
-2.4081878630965785 0.073083144913726569 -114.22952579068907
-4.8692039202035629 -5.0134849894098688 -114.08747137837801
2.9661349866248177 2.1680676993887569 -65.868743159412858
3.4269698839531628 4.4080653502143088 -80.956070923010572
2.5130635834223254 3.869407704321274 -229.12628839358041
5.3475083977010573 2.4696471056736873 -212.83414633280191
2.6194222242365655 1.4628775593895751 -293.1216801039721
1.4778018662860675 3.999486164000468 -295.94055184487365
0.91782807397009425 1.5880245050951691 -270.6149707045966
0.19369499729190798 -0.23268007565519397 -272.23036984904905
-3.1585546147241641 -4.501384986434978 -209.4060893440234
-0.77830328765032741 -3.2535820143185639 -208.20960885820867
-3.7484107703875922 -11.357562167967263 -121.02559354701661
-9.4349934391522545 -12.165713753722303 -124.38058142780561
-0.28608701073280823 2.0671287612263161 -59.067657219389424
1.99313466207878 -0.81910167299982084 -59.128015954406166
1.0177930570252716 -1.0776316292275556 -178.08052061311702
0.13779488818754795 1.2179216949837284 -230.84453015542576
-2.997678840523351 -0.49154979464836568 -298.4166977394745
-0.079513090408102394 -4.0100630604588776 -298.97619395327149
-1.1202600273156449 -4.4957164921541883 -274.15051654750681
-3.9402106657386686 -0.59119625441239654 -273.51688524671283
-5.8638259428603554 -2.0481713880011627 -215.34183093291639
-2.3118055643015514 -6.0640829723524616 -215.21210427477982
-9.1540667979493442 -15.945807575441833 -139.40821459909537
-16.340993359688028 -8.0326326681374187 -137.51568036178182
0.10797355627820987 -4.8187589341104822 -80.531470591588231
-1.0271470025021325 -0.9800632132904783 -75.068347575068614
-2.7607206080394171 -1.1094512498843161 -213.90130033282671
0.65136386202520202 -3.2156537986824145 -174.29843338553937
0.33526566051082668 -3.1373695645601525 -292.45681032364615
-1.7341640188264293 1.1221910596529794 -294.7649843057597
-1.879672481377143 1.5621915552287746 -274.16316397509217
-0.7454808805743397 -1.6950967101908749 -273.29654367052819
-4.8537079444679092 1.3918444061757764 -214.53821203452998
-3.5731140996942488 -0.10494658555681664 -219.57602351792747
-11.149042789829341 -0.16570249273420079 -151.16929507650627
-16.086029693859455 7.5573606088362295 -137.07006504925533
4.2373674711273539 -0.23238772972524668 -75.343862292394064
4.8438892718443247 1.6075173586867713 -81.049766740644515
4.2946840723183408 1.4157141578569088 -230.37965291676525
5.9732563488397865 -1.739120408400435 -193.28350743767191
4.3080296245318639 -1.6382504945279235 -292.00937128154141
4.0920322449730762 1.7686024225214498 -296.67167788971545
2.6087127445158638 2.4494715579033448 -274.01064317937789
1.0518406189047298 1.3567460358808232 -270.09763080723621
-2.8168724627985964 4.704308243787243 -209.03544036004581
-0.9990151933435153 5.5729085153816467 -215.17486321153947
-8.9989408850678583 15.44440900995019 -138.7415703760004
-9.1202059179558876 12.105224263115351 -124.02869170197184
-0.23701400947359558 0.7797567281665968 -60.881737102614537
1.8696988685416731 -3.5992421292917873 -60.384551870419713
2.9061662845296392 -3.0585309713597018 -178.10032994085472
1.5902674494136022 2.2646889370104497 -231.23360550175315
0.046253678538977806 2.5463006417740348 -294.05678174251869
4.5034617154738417 -3.0355391375298866 -291.28953206363644
1.0217636427257224 -1.3579593879599057 -270.39235183609259
-2.1435753891378075 1.9161347867806988 -267.41567208348829
-2.9379723094222343 2.8907048543038107 -204.14711741930478
-1.3623272795480272 3.363055794552634 -207.25256821933868
-3.800348679860476 11.386646443119439 -120.70657414333556
-4.945050405116965 5.1355567628533754 -114.03486997553729
0.79921308766579247 2.4232632182156451 -66.493794759454403
0.64208232518609409 1.5267465237913811 -75.472841843732724
2.213613643625048 -1.2912413830134859 -214.03289492391278
-1.1299694105399354 4.0710234323121828 -191.10887512600081
-0.7909374345367346 2.4886914579832635 -293.43891416034774
0.95474055487989407 -1.3842439751420963 -293.16078889520173
0.43499695437497637 0.27838785545516442 -269.09019386082258
0.10068798396803445 0.66885530195901011 -269.1114846664359
-0.18757172284079576 -1.9365287218195988 -205.6425198800662
0.771806804719534 0.17469292664749461 -203.90769128657871
2.3478013634433772 0.096115398080210621 -114.15588082887319
-0.02700540202146031 -6.3392442214749343 -116.62774362735094
0.39811138242907801 1.9712857843477458 -70.683430040935036
-2.9914244773237613 3.798166523522676 -79.84708362112417
-2.5215848683117574 5.2028666544450868 -231.41515057969039
-0.28281969975661281 1.3491463987467072 -206.29855404674265
-1.1414745315501018 -0.032280765215813606 -295.96830578080744
-2.8077289947679227 3.6248384221415004 -295.94071260723894
-1.8413724843754944 0.66007236681724757 -270.18327123736515
-0.67988735370658759 -2.1451181222760232 -273.20016770353686
-0.26902394377988392 -5.8867915598079135 -213.05493489810164
0.66528136263378312 -3.348313535163213 -207.8219139855801
3.7832382858951195 -11.415696114011592 -120.85784010350737
-0.19352158565162708 -17.618997525728908 -131.1331744146128
0.057386116627103079 -0.94204135073057693 -66.876709815242577
-2.2065984186523768 -1.2513726110228938 -59.724239793387696
-1.3095137945778863 -1.699160872774887 -232.02917974658195
-0.76975351899218691 -2.5173314304414274 -212.84920541292706
-0.035685196203005184 -1.7203069369990214 -298.02976748782635
-0.17435006982702017 -2.3735277067159153 -297.91534113945164
0.4401240020983147 -3.5129092794361636 -273.9106124882685
0.22459612092722961 -1.3068516088567061 -274.24078346234825
-0.51302357432823442 -3.1626370807997137 -219.88691487050883
1.9371925068876994 -6.1552363657171973 -214.93939663528406
9.020220848124934 -15.810568337374221 -138.50102619324241
-0.39841276394098402 -9.4415029453601456 -155.29205239350998
2.3204813350172868 0.75169995671401324 -75.403319989229402
1.5336238651911986 2.1629495981152185 -75.479355670060968
3.1744804833495111 2.0956535782887116 -213.3383177967338
2.0546524881626724 2.9710415072283873 -214.414983075582
0.2023049144196509 3.0284646765232996 -293.38101231189739
3.441416573709466 0.7361726019581103 -297.30322627566892
1.9601220858585966 0.58986591447013403 -275.63099741376743
-0.23405722813639274 2.7997106529355014 -275.54925031172201
-0.046530972903212391 3.8996420096653241 -220.4843272109473
2.7544689597595724 0.45793356707750094 -219.30828164414604
10.968578901574464 0.43224356106451867 -150.93701384349197
-0.049688718099715472 9.4821039020037183 -155.59035129674842
0.3019485480504393 -1.7093838399662489 -70.968292279904077
-2.3565284086158349 -1.2236925836602008 -78.982594544922236
-1.6936321323232724 0.31395340062782401 -231.33642563095268
0.63935822398099407 -2.3195530006717107 -205.36864535522582
0.72061175000312849 -1.3165466083586257 -295.35892181236784
-1.6867333157431446 2.5423745158930542 -297.62276543228143
-1.2841897168311009 2.2329098842539037 -275.16835304434363
-0.31792951993992147 -0.24313209064520724 -274.00285611229896
-0.68444159349842715 4.2850986820214487 -212.54840914030621
1.0416641196686038 5.0833717990978418 -215.33058237081065
8.7323248316290663 15.768651787300499 -139.25279259387025
-0.016216575956215337 17.475709870688654 -131.0234673156929
0.83641623212046068 -2.0539284596782359 -77.808041317185712
-1.7252973150720934 -3.9232855978884031 -60.652755303033715
-0.13024057157933161 -3.9629330221534174 -229.2588348521503
1.3294452174990574 -3.0095538765044356 -209.06241369690889
0.47740980305195707 -1.8235391736716893 -295.90018718929645
-1.8404023347439644 -3.2081111470579273 -293.04470357012326
-1.0344780237953479 -0.95319083855063613 -271.00392445432061
0.031158190089495975 0.53336271256837275 -269.51344581479503
-0.12039272497969056 2.9315320090066623 -205.05118020672137
1.2743338092749383 3.9554929833049104 -207.05284451967159
3.6631145993120962 11.495039119426934 -120.75596252491317
-0.02140825136011288 6.4734692348308949 -116.4816017507646
-0.18079852138427527 -0.6630843223632491 -59.897780540987668
-2.8123109549259153 1.5684356340311556 -72.353228742594411
-2.7343572432618308 1.6508061790829909 -206.07254990920052
-0.14758116163097135 0.16628625662996771 -180.14909757503085
0.32935726477661487 -1.0748229067387323 -289.88634911451828
-1.8639405997450711 0.23146810930348072 -290.82568773290984
-0.091520718065063719 -0.12039380231163209 -267.46294292159865
1.4422486990448797 -1.6584877333982722 -268.41662614489928
2.9007381324870902 -2.0570580602493451 -203.85259689868045
2.375484713869696 0.067244859644080432 -202.07597613562427
4.8918774577878699 0.059428120824587975 -110.93252513056967
4.9061285763053135 -4.9622730253915019 -114.04483633458757
-2.9516348384366862 1.7236819666145251 -74.676076066655341
-2.6411413921173934 0.88321967653192468 -67.315197872404028
-3.4641936851847017 0.57797557507734731 -213.32142566369697
-4.1862984029826178 1.3343609796445026 -213.1129904942141
-1.4197544655301968 1.3818901149415226 -295.36011460689173
-0.99893484647213193 1.6599941053191463 -291.35537143969668
1.4488305507713901 -0.26318337502476202 -268.0276863642415
0.55335187770404248 -0.17814194871639302 -271.15978316656145
3.2313900746544189 -4.7112802294325249 -209.48126663755397
3.0962569061150629 -3.0712979544871852 -204.26494572821423
6.9094929380963439 -7.2677895731336051 -114.79350915980514
9.2541150452821253 -12.202482243749003 -124.1773729968919
1.965607995478291 3.4732713852303947 -80.924936355736349
0.24181001687761575 3.3016188014095942 -66.373633887322612
0.13077913444247236 5.7491389420769279 -212.1237765238601
3.1337986534927884 2.2863055388559204 -229.857354127245
3.8871744999851052 1.8183930295755948 -297.91282758070838
-0.70218688371108984 2.9324736439426018 -295.55329279786048
1.414032568149177 0.028618693706220832 -271.97222164679664
3.8591255606267856 0.078832481155628673 -274.93258451808231
6.1941322969478447 -2.5052509186475453 -215.07228773985253
4.9463443660273656 -3.2829795095725802 -209.67855686013519
12.4777525634178 -9.0472073647207978 -124.14884127015121
16.464626604184296 -7.7339275679209871 -136.9077489717873
0.083989230185981367 -2.3755480077388604 -58.241541895614979
-1.2663695735637168 0.42279360239126396 -69.900086849178805
-1.2548150724712379 -0.24877247225735588 -196.33580992174203
0.49535340561600305 -1.7089159514995651 -233.04225405558518
2.2550120109230543 -1.6955614622417399 -292.89797623720307
-1.7687051830014178 -0.4627608241977742 -294.75237224432118
1.5055383021544775 -0.99278875370511732 -274.30358484317838
2.0454452780055452 -0.32000149379632481 -275.65495484135045
4.9793048353676852 2.2968796274583911 -214.63383167811867
6.3496011839100044 -0.8672337319309702 -212.62768548517997
16.093644880881296 -0.21790604790896576 -130.27806986850149
16.133862792298576 7.8191497135569952 -137.18450661079311
-3.0880868988592236 -2.1581667821075641 -74.321689525906521
-2.4533807939117613 -4.184209619910928 -74.461472306380927
-3.4356356323908623 -5.6980331710678298 -212.40625628169695
-4.159860100804976 -1.4122044364053514 -189.3754015894948
-2.6027204850231529 -1.3803635220375101 -297.06436535137465
-2.0442460372118849 -2.9912820917737002 -293.89012967923247
0.47795056554640919 0.47234410555352851 -272.19536770969978
0.25905073401154821 0.24524137788585365 -271.78020182497482
3.7081918453500737 4.6495398914279846 -208.80615542563302
4.6655833296907741 3.7426472259148751 -208.82266739647574
12.191773454217621 8.8752116387205309 -123.996628085469
9.366497159292102 12.375658920249748 -123.99585552712607
-0.37090082913719608 1.491593855845702 -81.720464436337764
-2.8135438056396129 -1.3250012049852924 -67.602711939593675
-3.6707667574969562 -0.72231858525622472 -188.34397088310803
-2.1895603447003253 0.39658464476206179 -228.20962079225265
0.10017927680469242 1.228009506085997 -295.04309476615924
-1.8320887227154217 -0.85813511356819205 -291.57175741850216
0.87865804360533217 1.0897841250055835 -268.27281039205269
2.1626006282402432 1.7491088166104145 -268.49085568383805
3.0490718957951635 2.3611323992399518 -203.84689298073991
3.1575414521227749 3.3396899453632831 -204.09186945217883
6.9133775693367427 7.3706417670628248 -114.7447104473387
4.9436075606617091 5.1446066218902695 -114.02031541746619
-2.3839904582049543 -0.45197878437739736 -61.043847764750019
-2.1678792892290044 2.284617990642138 -67.663228169408541
-4.5214362596607769 4.417224528556873 -215.02210511358268
-1.5335270401007945 -0.35301178553332119 -180.37299512708327
-1.8753459047894934 0.037779446212906999 -293.45187621427232
-2.4199878532244421 2.9552452901821109 -290.03366723335864
0.30892024575977456 0.46094033025263825 -263.69028285868319
-1.1904943063304072 0.12396280883317061 -265.70229398785523
1.5324624761327594 -1.3755237104903946 -200.50612821404891
1.4943942541149966 0.16543328788077649 -198.55220216642729
2.3077615485718841 0.07128518758589085 -107.77767388277771
4.4976871569683539 -3.0592399006728925 -109.7673789494827
-0.71358970299760294 3.7772625771513817 -75.692942031298344
1.9128429805710137 3.74643045541977 -80.945464171456621
1.5296761878561886 3.7548627167244062 -228.83284965660167
1.7123610611541125 4.564033886588037 -211.81080668457679
0.90221835609413537 2.1624840162130856 -293.81803182738304
0.98618411252306848 3.7353320090855648 -293.06497940532495
1.4057045451404622 1.5608670785543912 -266.78555629936375
0.7228063108780598 -0.046004448276712392 -269.60956181946204
2.7606423296738423 -2.9139916327032034 -204.13211653140985
2.2087372299891177 -1.8065858103994934 -200.63692812697025
3.2197574774695159 -4.3365493140707452 -109.84790370484474
7.444462438160536 -6.8414964637929554 -114.84650505665212
-3.2869449067778151 1.3004323588391764 -58.52521583720501
-1.7166531957448889 0.45495168970135424 -79.163900231519904
-2.2315016109681181 0.19277195562473842 -180.01945931414264
-2.7792256205413328 -0.21410743202304716 -180.43454799351753
-3.2268910173604932 0.18278327715524328 -292.64685910065839
-0.33089332351710515 -1.7791664809072725 -291.7542955667837
0.46301560422075905 -2.1216948660282697 -269.69709841963521
-1.3696730060041487 0.1290559139361282 -270.84598057391759
3.537483486946789 -1.0168285696297259 -208.11161272821232
2.1044217924230488 -2.4721113966473967 -203.61698299630652
5.1271375336254987 -4.9487253295319409 -114.18637166651601
11.321847326443358 -3.8092308135297661 -121.11117931191617
-4.3570413471148726 -3.0084526905691065 -59.02280170882284
-4.144776166371976 -1.2569317624673804 -75.420183486948787
-5.2605711286046022 -2.0380277867350078 -214.30710074292165
-4.9538700123986956 -2.2921330075165351 -181.74814491120091
-3.9160126149825834 -1.5940819006211138 -291.68307156817031
-2.1933654937370402 -0.57392378497694663 -293.47884321676423
-0.099086647490264967 0.48893621187123493 -269.41622554053055
0.10080736659779019 -1.5024514641369164 -271.1645879700273
4.3206934841754903 0.58980835288901712 -207.53122922871236
2.2066834303028959 -0.07733946413384872 -205.75792826188805
6.3520138540986277 -0.10596073683812546 -116.81543756108142
11.393195999984069 3.8329651705100463 -120.91031345393942
-1.6059790227396709 -2.0587411447935198 -67.798571383014732
-0.68986122924801241 -0.48814015232007918 -82.567416016611077
-1.5644069860081269 -1.8566414857728364 -229.4249349078641
-1.6942097808972501 -2.3250908913399737 -212.58215132433054
-1.2551446115397689 -1.457351020722224 -291.96624422090753
-0.18347734538276869 -0.23535536688855888 -288.25679402921617
2.0711010144681015 0.79466363954211838 -268.70626350476397
0.39758937400854588 0.92659907625105742 -268.46394783268033
2.817198832172338 3.1444807176128453 -203.66483620206319
2.9603746833988467 2.2854183390006826 -203.71502274825886
5.2088981871968931 4.8645317586729622 -114.1095667225963
7.3958973242353867 6.9718189621933737 -114.65668822879202
-4.7445033909413628 1.8597105216538219 -82.609961425269617
-0.16524358025386565 -3.6777211537641352 -62.831831085544472
-1.5947812346370447 -4.3532507487937915 -229.65816059380282
-4.0093598718267964 1.0884549740504064 -180.58006527747702
-4.5288245033214682 0.4984195915115659 -287.56290948879928
-0.60341021078287471 -4.1403634650021663 -286.10440762246822
1.0857865125362534 -1.2720626452021797 -265.41253493984283
-1.9885831848417366 0.46497071364443299 -265.56171451888639
1.4284492958145671 1.5732120953814253 -200.35719352871496
2.1879208068267304 1.9460220188207564 -200.33713014328686
3.1881758138382374 4.4484710374180159 -109.72523511485969
4.4661825024434636 3.1883837814255722 -109.7224747807077
-0.65548794886302097 -0.16988402621801629 26.208732113158163
0.46767589931304382 -0.98193231074981102 35.652090422710678
-1.1633604165496794 -1.0285429216964097 4.6480410844835447
-1.4830774675185334 1.0166312407844085 66.551721611825997
-0.43698334791256843 -0.098852308930364785 59.891754591507151
-0.86414087838851772 1.3590197584063317 50.033446356188868
-2.3552284921507751 -1.9752294293012573 -176.4218917040661
0.042957372603710173 0.11993918869637753 -173.4245308747638
3.2030350731616322 3.4972302357705556 -33.915669143135062
-1.2710496531093933 -0.67673359668626953 -109.74314574465095
0.16740865661674287 -3.6198997273126232 33.311620805915751
-1.5943689855918672 -2.235870034158661 32.706232892291631
1.1598777530180184 -0.23785645290364171 35.791821439289158
-3.6633388733593049 0.33628350822301595 64.285338509934846
0.95375780010146827 -1.0209669453614254 57.838474997788204
1.0383754334862292 -0.47480539113881404 48.100706555360894
-3.339677545784653 -4.561289290169098 -176.43141520994442
0.13315793496494147 -3.2797057062747794 -178.14200529822847
3.8083540931892435 0.19411548140405091 -15.00780535518428
-0.43041420596075292 -3.6965059226933366 -4.4865978750197719
0.40259696691120028 -3.0995800125186372 19.233143963851852
-0.066103872624028545 1.2600336179313902 29.173977838223582
-1.0320219730234437 0.80266868399494773 -6.2187030875829459
4.0545581579503045 -0.38789216655243758 66.803114620227262
0.89475421417092971 0.90544437902915098 49.389192325057415
3.5349636541376244 1.0399043592938491 54.231137415841538
-4.6261325740014509 -2.4355966846779742 -182.92237594865568
0.096125072474735507 -4.0658585903870685 -182.8936964929251
0.01082743431039275 -1.156112491969153 -92.19520699424298
-0.55161026448627404 -0.16613823314095158 -57.928143570653305
-0.71018165528361266 0.62425402794511875 26.250913602284164
0.81590575511713925 0.45794466840480785 36.558268764352626
-1.6529509877243593 -2.5885488621395196 11.54263518620041
-0.66728514812684103 -0.92527027284262586 69.82813783170289
-0.65959371472469219 -0.58681095054454568 61.495658492593329
0.61490290532320202 0.96692530053667247 48.176326645819955
-4.833247038048075 2.2986354637687691 -184.16395516663349
-0.02230858429702828 -0.054883612179106991 -179.55194708822768
-3.6970657164932992 -3.225685392098586 -29.357450248900591
-1.7414849444704104 -0.77527543956620926 -115.92700309854753
0.39819532496215504 -1.3093303195975787 32.592070198489814
1.9804427487839271 -0.10011192559553173 32.94925933490893
-0.49248894827767764 0.23649597833129812 33.666967543004624
-2.9041690790218357 0.59862447818864495 66.250355354806203
1.1554637221710189 0.14030951363539437 61.397632769852891
0.47828074084358679 -1.3892952863592769 60.619592676626517
-3.6090123247370074 4.5835110214393655 -179.67394627605555
0.10981079735862546 3.8902497735929225 -183.27693054548249
3.6336718491902569 0.12049572513820229 -11.628866012927237
-0.43374641961694393 3.8315394543226189 -9.3508614573797892
-0.12582730945163306 -4.3382085951470479 24.389490745256182
2.4098355725694924 2.0572202494568708 33.210580866748685
-1.5245156265303597 1.3351706242643853 8.3243961211993227
3.7258736767861151 -0.091499407360591187 64.223373093297454
-0.42405683491259266 2.116680666839871 49.612436887087732
-0.32342115862343224 -3.6940484651460523 52.958994233981713
-2.2631845281497589 2.1873611168588925 -175.65326023698714
0.11046174028932274 3.4087962010668456 -178.66675335141269
4.0284197982488825 -0.26381004458904167 -11.513902449350272
-0.23848370728152249 0.69288234148251904 -59.445853294271039
-0.3645402809319308 1.9204105087359202 28.833992830040856
-2.0555328756776796 -2.6429165606573846 32.281948234242869
-0.094183314931621118 0.91288266382860872 42.212058985260178
-0.19182420134789643 -3.5955075277132362 60.296683313365406
-0.70134974853011289 -0.30907183060344978 51.799051938253832
0.75376286871792919 0.070030477063485821 59.811995389195204
-4.6504267208089658 -3.3910207474913627 -182.63318453613684
-3.4028978677109722 -0.014313548238369196 -172.80933441966889
0.46523159678921172 -0.10353231184397255 -96.231195508261663
-0.35985500840924628 -0.93362905694619525 -95.49241507676571
-0.51136572292932303 -0.72455685408201587 36.238034712339733
0.39612581011443854 -1.6892769731402579 26.406773214895424
-0.96016100577680819 -0.93969402589430628 69.500861974132079
0.22527680632758365 1.3813682786608477 -15.651223293507961
0.23004482374188209 -3.8189138695386351 49.739123302910798
0.168061848956818 -0.88553192379052015 60.751999419564548
-6.8029426489895322 -6.7081167391302605 -172.99149189927545
-4.8865301745943013 -4.3386861211688634 -182.03663672864712
-0.40830285952446593 0.17462107425788717 -58.763193882267984
3.3528638885878497 -3.4688189903086153 -27.482461721798831
-2.9004141534392494 -1.0728378343750422 33.684559044913485
0.27596632431291951 1.0550410850946681 25.339942597724342
-3.5256019767533533 0.79776872793444875 65.975361359206701
0.73534675839273989 -1.5914488264498956 17.055821766269347
0.37432404124685986 1.7922090207384342 49.129235115435804
-2.655283023955286 -0.48596763719001429 59.281312996937906
-10.406680545458718 -4.3316430790234079 -185.36394136314382
-7.5157184044757974 -5.4933442893619251 -190.99450884696677
0.27644547616747239 -1.3327927264967532 -113.56141238591719
3.6505978436572004 0.60140297673916698 -1.4679360481732433
0.29065549080129371 1.9079311250201638 27.071419806901098
-0.87187054114177753 -2.8596625115851242 32.670309607867644
0.26866200927403711 1.9962501441383071 47.926809998265064
0.20640561644421765 -3.3617794378692167 64.585055285063717
-0.68448652746592853 0.2483285018060416 53.323681834125757
-0.75572065146995904 2.0678526528129524 50.226863473671699
-10.746450087535631 3.4088779925595927 -186.18608423495584
-8.8738336087177547 -0.24055618464208717 -185.67003532569612
0.12945576909971998 -3.5368924865732807 -6.8975567917756235
-1.2253959828104299 -0.9768324486762755 -96.208155917407055
-1.5614194689424954 0.200307534915277 36.431754213074839
0.24878568175354843 -3.1074237206629967 24.677124691868201
-1.2069900047024618 1.2946475513825939 70.337452839503996
0.51923667210369839 1.5972612290686856 -9.9654508101875532
0.23411787759936017 0.95484695633131345 64.388468238022156
0.10188357466840664 1.0562401224088231 61.773158580486779
-7.1780588502466234 7.1861756998820452 -177.88094037173383
-7.7142527815217568 5.2724333755286121 -185.38140389264512
-0.62240047011956601 0.38942754805231178 -56.435852929366021
4.0874152230357677 -3.3757629498955812 -25.843640220096795
-1.1674112978569096 -1.1138057411015885 29.478057186645444
-3.8698115086350025 0.32669050974271702 21.068339981521248
3.4971003724619503 0.44854242386929749 63.657493057434017
1.0431931033888395 -1.484714885516587 20.679874092857304
0.96160849739387677 2.6357297029045683 49.377508777682372
-1.8531382293674969 -0.79628010442269459 59.248196928248788
-4.6612681196820196 3.6100922164047509 -181.87637096961197
-4.8484025852778894 4.7532072758689239 -181.3285429906515
0.19022695968313319 0.08100695796416188 -110.00115654020101
-3.5457718880760916 0.55183405444560252 -8.0237008382829984
0.67778834782183972 0.68301106032803671 27.318461668614091
0.61107346043977007 1.9601263929419532 31.832917922471161
0.54174667704860513 -1.2970464695815822 -9.5730949899408824
1.1697160555851323 -0.15570612118284985 40.006371834318678
-0.56254774568829358 -2.1863891101809623 61.509321448049761
0.87134331851000912 2.2595235347220108 49.314660750421496
-2.2780829321364346 -4.870922783815443 -189.4182148150901
-3.9064460998156707 0.042493285558446066 -184.34685225666348
0.11757557790459865 -3.4708091421592089 -5.4074410044108774
0.75231071169481178 -1.0156193922340642 -109.37704104005927
-0.55797410733569208 -2.8200112912199047 33.630362117427083
0.076314259918973726 -3.1076698658514093 21.854026497822424
0.087489139911843816 -2.9701705662445552 69.398860518408469
-2.3940531569246986 1.2936057849796863 15.22140620674184
-0.8611835386874791 -3.9774149992379684 51.595324715831929
-0.70898137121028393 1.5932061601656256 61.42493362177045
-3.9438679329387134 -10.493976919210672 -185.54955817543038
-5.3663903393849077 -7.2806592892455004 -190.77037986769656
-0.22532596510618241 0.095149405063634562 -58.127871215079537
0.34364950243075204 4.821509960119891 -0.67952581858437766
0.24569103159934566 -3.1302533809920594 30.841401774232626
-0.41055788671686483 0.75251080157719474 25.921757484125784
0.24384501449076826 0.17570573740994708 -33.065251651070064
-0.3929390630185513 -0.50201880012655964 33.550892288058925
0.38349558468835354 0.25019611885145693 47.619780715635365
0.5881209439710956 -0.066764248522869926 43.655957279783252
-6.1055674943547986 -5.9716561868997378 -198.6218317829356
-9.6189840908038278 -9.1887367286657984 -197.74027639800522
-2.00860137791204 -2.0463177061863274 -115.68723738994252
-0.44409823164999257 0.27153142544965331 -109.27878526175637
0.12560068656371709 1.1078598741274814 28.118429765447331
0.14611920572717002 -2.2931523933889673 34.525048459590238
0.71923300383319233 -2.2923230539158732 26.011241011233135
1.7010359842259006 0.65818301723753081 48.740645447388964
1.3693596909517789 0.16717036413990005 52.680439121022111
0.95130823226713535 0.5694030965879131 47.732003072053544
-5.575696646858658 6.4360264342019571 -197.21267629665152
-10.69628190657952 -0.41045780092717271 -191.51403798986377
-0.14681878145253974 -3.2321530824952567 5.3848122274660355
0.58021096508169601 -0.45598734052836948 -109.68436263955842
-0.98871175555641622 -2.2462076400070226 33.33768550625507
0.21157295657598063 -3.8309418233617487 19.681487812551367
-0.77272421601379726 -2.9112548210164375 68.370314630056185
-0.30479029731756302 1.5787932759777377 -4.6950855911243927
-0.7188363448208418 -3.5241530655400313 52.454140456711663
-1.2320675673801595 -1.631779149447125 58.766631348403344
-2.7684840799923953 10.340286136686561 -183.67884313321906
-9.0632003904625762 9.6382623738658033 -201.41437107188236
-0.32081448393649381 0.95103701711126964 -59.696903600535443
0.091579925072252016 4.5678637920614777 -0.40910084263789748
0.034782818126960935 0.38047276455774132 19.651735594233397
0.52152768397400739 0.86775197962758699 27.521489284111663
1.9843385434507981 1.8526389335410034 -16.069486964306769
-1.8647001110346504 -1.8677381415529002 1.7721312332000825
-0.96300687997357037 0.080331064452345904 62.136012160278668
-2.0740065332259308 -2.0456629918417066 48.323521784619572
-2.3372345387527949 5.1609538825677985 -189.19410482590143
-5.3196216666293168 7.6366607532019648 -189.96500564083107
-1.2989540228235326 0.27530979037298525 -107.80858070278087
-0.17258017895010527 0.85186074455976246 -58.530832537346484
1.0069246245706753 0.72606094794284148 28.428550670841499
-0.87341383188417998 0.37828144930500041 36.129153753444385
-1.2553927166869256 -1.1331998118565612 27.344388972714455
-1.1561834330693235 -1.1183337212102609 71.370894648974783
-1.0076309433647164 -0.2826362979235042 61.347335246452033
-0.19326114649795906 -0.39000733088607115 63.293514219917896
2.1878423995392673 -4.6305645048825088 -187.68810030196855
-0.093538956552711508 0.18434021427564024 -174.18459867197359
-4.3061140418500559 -3.8406957757339444 -29.956967335892465
-0.0020466508510326889 -0.17268477987253533 -56.431318216335463
2.1179604306914772 -0.8135162163402796 27.294636573963615
2.5318820344731146 -1.996250084994174 33.033406142142383
1.5024531349777455 0.10650070556132152 44.037624870152115
3.9742668111521815 0.26188591747521783 67.234042309858168
1.8172716957509931 -0.8891214907955487 59.9295458016868
0.39946630477776401 -1.7141436284281517 61.401478492641345
3.6207148911093374 -10.773673485934308 -186.41970685241131
-0.10504490927858784 -8.7968145243373801 -185.27379567248349
4.5892486215495829 0.39576810647726585 -12.158896316471143
-0.22543740022869399 -4.6210479715223824 -6.636492246152601
4.4997256355051372 -0.36750018765195158 21.224697623479205
0.58777120325010102 1.7658929438240274 26.86680938475698
-0.52794877991290712 1.2052803429514065 -5.1236278952039784
-0.012098194307089647 2.1203397326641897 47.195992436213892
0.83947131449462242 1.2282303681707012 52.456333772424991
-0.16906046144442646 -3.0928669808682767 54.735614781501475
6.1649446291348138 -6.1415551884642232 -211.6527900960098
-0.24392997461948904 -10.123781003424439 -188.50987339492875
-0.65073787151368956 -2.5420624598344257 -96.150969543595622
0.42270207486955264 -0.10317430654934798 -61.108482554069049
-0.68685161642484949 -0.70590832464830544 26.13554012249244
-0.19066438401831576 -0.41385526903791303 28.873695625570829
-1.4518120866882338 -1.6448858449644141 16.702854827271576
-0.37218129209270345 -0.29368159648872616 55.237504244912621
-0.56912726472060127 -0.57957606667444039 54.02104798213044
-0.46340100437851084 3.0226715737214134 57.28986035892234
5.2053523091798919 5.8842459105481426 -193.19290852333938
-0.26594794013255857 0.25048072845654701 -181.92853991043535
-3.6103347373757071 -4.5234400899976874 -7.1496042033623191
-0.67508353399627297 0.29133495382974661 -110.66954026389949
0.46479926259829785 -1.4414341559996338 32.720830224911651
-3.1860542294732666 -1.0639574398711684 34.107131882794469
0.40022193218441687 -3.33023337689322 67.429442514459069
2.6350981202986996 -0.086242236523343396 66.750192951196055
0.65887990843993804 -0.72724250815299607 59.470721556692048
0.023250329728872345 2.4893001189115167 60.673295343088732
3.5077344690764867 10.251000015120585 -183.00585239673063
-0.25639761175234177 9.8614568770604158 -186.53889002806292
-4.3888897954804982 0.24378623354521217 4.7399701682884121
-0.73674761638355701 1.0377917534510224 -100.63314254469741
0.58329953179706184 -2.1952686307599572 22.29064944075985
0.490164597894444 2.7940920157351963 29.208752956505613
-0.46336743305443262 1.3570124943265927 -10.434739629166375
-3.9253190432061182 0.66561434636646799 66.108373749724493
-0.16883398275328254 0.91539853069419053 51.011225927943215
2.6435859532988841 -0.55187814048106909 44.446161707688951
2.3980445178052063 4.944898209250038 -188.15316523076183
-0.11920290084147839 8.6585462346378268 -177.87980266936466
0.015219935241609681 -0.098012881430025484 -99.625699158132676
-0.51058531069429802 1.4440762130575915 -109.47584764885792
1.1108913937124276 1.4980460182942517 29.349334823288498
-0.35594953748170061 1.3073511331077881 32.54908318874832
0.33325058423447584 1.0404633210841303 38.272289888326362
0.71286676982579145 3.3241906946784487 64.827431163218435
0.15948374798791809 -1.4518328133613105 58.960338245817852
0.25048763573325811 0.98587336268403847 50.09766721684251
4.7140906116413577 -3.3181059404968316 -182.54200846944948
4.1129103540356846 0.059823663845453991 -183.68932545959208
1.2693329839138336 -0.011353691112836323 -95.02049142003645
3.3200042155915317 -0.67460702637149383 -7.8767668380002576
0.078071592759422881 -1.2021515346216656 37.264727265416084
-1.5401023818384267 -2.2285522659276498 20.370824510082969
0.73106425595010371 -1.5582267241879653 70.823091383330379
1.4575560525856071 1.3179700004471766 -15.984641034883786
-1.9339640766196546 -2.5156770726482161 52.765527238593897
0.8071038665819944 -1.6605935500692781 61.65956672672263
7.1674389245334433 -7.0218165590417989 -177.39553559272602
5.3170468279828231 -7.4762291421902622 -190.43755307389333
0.75796458969637814 0.049013666088293828 -61.643597655299715
3.685036741956365 3.745451581455685 -30.367062417064826
-3.3121508402386755 -0.71694700659880684 32.733360619496338
1.0538181385471708 0.51326802416878814 26.486928178054271
-3.5975947508501145 0.68880166258207765 68.628609793805154
1.1748673659743285 -2.3066281250532494 19.879512453415618
-1.7909469608995185 -0.93399503952146534 50.758570819405236
-1.3058833597495052 -0.97806336234452107 58.260092428912536
11.030210018096293 -3.3518208935314791 -185.23003211572905
9.8991274868442645 -9.7223345201322307 -201.95482570690601
2.4635881651487526 -2.0548953955230642 -118.55419915016931
-3.5946896420214367 0.52363969465551419 -7.0728460382599021
-2.2904287872909608 1.7046052518001984 32.615864824567623
-1.0855570045555021 2.1096588164506263 33.477954705463368
-3.4061061441393292 0.39868937364766421 69.011894057213681
0.301365630554845 3.2856971096168031 68.203675528417051
-0.28386749406165751 0.05001811473832346 50.95601489482668
-2.0612903010639214 0.56194724566512189 58.721591062529491
10.772720469262833 3.9205421254648671 -187.83423839138459
10.751249319397273 0.035859495940917523 -190.56787080185009
2.1084049779975786 -0.14435652323479117 -100.33056479364039
0.64954512881452398 -0.57877749581879789 -92.293648758087201
1.4219929225543775 0.74567967593981721 36.216548966712814
-1.8591274251800161 -1.7641320892992405 20.570016250903237
-0.70388055601574517 -0.82059698868330089 70.484006669442238
0.97236168898427844 1.2109287857139819 37.886413065769837
-1.5670199078255163 -1.3160528945162226 52.41579053013438
0.55267589637988257 1.0817829818520326 60.599995480837613
7.0440503125042291 7.1171428890584698 -175.16430230910444
9.5571547179801808 9.5565218428830345 -201.6813236149863
0.52030338500769735 0.8775318585597206 -59.984659994725803
3.6866922883117832 -3.5495587188818964 -21.184274987328848
-2.0640070140905218 -0.82629630672097043 32.994813455105721
1.1689971314748866 1.598710522951166 26.585613469337758
-2.9368916237325777 0.20168702321115214 64.761805408367835
1.2696969683491912 -0.60849576540886896 -13.762517875862001
-0.0056600281593983792 2.3084165284363753 44.002820479812627
0.65079300791725481 0.20775998169958004 50.31381899331474
4.7189247487282069 3.522568595017407 -180.63407605276589
5.6105050678262494 7.7933176644323883 -190.13965908274974
1.6252041582458894 -0.0065960775255049058 -109.89720623113278
-4.5749392318743904 0.17056486229071421 -6.6965703906695166
0.10272884530819243 0.99016990637225955 25.002268316625074
1.8826244401763712 -1.0465587389991158 29.449160106655061
1.4501381147569834 -0.18864292867644053 -16.280781456193356
1.410789383532997 0.20050029283516402 35.236521735891934
0.74532497280304344 1.1241845649641238 57.964047131376041
0.30350895133539213 -0.35108903837962901 41.312874255065118
2.351024612913247 -2.0165210488642589 -175.58004612094086
3.3981078505481048 0.085102044297974078 -175.45748300211451
-0.34519038453766399 0.25964872152032015 -97.664483116343249
0.27578949472504061 -0.41609084721783923 -58.787061446810611
-1.4727330634811582 -0.34148892515334089 27.723202948389552
3.1293042006157483 -2.5758316833396186 20.548086271423259
0.022350136999998004 2.6896441211851596 64.557826427011065
-0.75379424181960963 1.1696737446275154 19.394016738985883
-0.19010052429827939 -4.3800579744353394 47.512227801183528
0.095494150688702567 -2.1065209357401957 60.330676813116675
3.5162973698479165 -4.5695362075195129 -176.32204958833191
4.7760712584956018 -4.6054327238769162 -183.21033232190683
-0.26400721763130069 0.46767615026615839 -117.49941048489492
1.1286574227636674 -0.70234558305124173 -99.782270550671328
0.29803209034565203 -0.83835831652591331 16.497971020261065
-0.0081354215224147142 -1.6544349859401053 26.450352668942539
0.07702034875734419 1.4480070168734054 -13.526361024846791
-1.044881314248771 -2.4006366492886131 18.168967995848618
-0.95271884774019 2.3789272935118704 48.902941201854141
1.4084748560514879 -0.89862679685039892 45.65276323406102
4.6300802876160541 -2.2223177256814872 -183.2167197952333
7.6197283137923471 -5.3100161206021079 -190.56662761180016
-0.14542854012462089 -1.3272642200829181 -108.21642812708387
0.18080576569241011 0.16008455194568658 -58.693242179923651
1.2798954691683324 1.7194472246300727 27.576109471724475
1.6026318439219838 -2.7537696324427281 32.320115384053274
0.86215887162820237 -1.1807616495284761 22.285755771274808
1.7100359497135109 -0.16962925501945256 41.511606005652382
0.40430078260741065 -0.0079875281776430884 50.268317642022637
0.87668664778306127 4.1712377237314557 51.729530282459386
4.9135066803128931 2.2742116240569077 -186.30831789668514
9.014872451450163 -0.36587245192596918 -184.98215483925668
-0.30878078409999821 -3.8858532379731674 -5.5803748066443921
0.3854107236085581 -0.50023733023561678 -59.505488760809868
0.62943804589296681 -2.1196974987006265 34.288088599176511
1.9202353941820556 1.2424763766286957 25.074559083057412
0.093712862117688006 3.4376781662885181 62.362677346462632
-1.4175564584246778 1.2026445867927726 -4.9647465768305681
1.3014993725495927 1.2228626021635995 45.949662501373943
-0.066002985783554902 -0.037067326852261856 50.108878693330773
3.6347173637049983 4.6254549666788911 -179.3923916540698
7.8531082608609646 5.2940976467167955 -190.68766230038017
0.46705562545578433 0.48148833526255536 -58.528699971455588
1.3722723555338163 0.42366792537744036 -96.215048444198203
0.52784270273330747 -3.7793771998184096 23.904558875991825
0.81898213989946733 0.72266826289260533 25.592079568864762
0.23879637745245902 1.7103146450698219 -19.451428454649992
-0.89280841941519218 -0.90007705473581523 22.453105655351241
2.6276919161472141 1.9776057229174966 46.486660582391814
0.89967766573069907 0.045953193184087769 59.301604534590069
2.3002566350573868 2.215618961880363 -175.35215458547307
4.7440820548693861 4.8124795745908786 -182.12706010590549
-0.3185289707174877 -0.020506852264934507 -111.04072918263971
1.0158398635938406 0.87796358479074665 -65.414463472791667
