0.00000000000000000 -0.00000000702240127 0.00000001114985001
0.00000060603270582 0.00000005216087578 -0.00000008282244167
0.00000121623926342 0.00000015721953841 -0.00000024963732044
0.00000183064841884 0.00000030046448727 -0.00000047708512435
0.00000244928911611 0.00000047650484979 -0.00000075660580843
0.00000307219049857 0.00000068224798015 -0.00000108328894481
0.00000369938191031 0.00000091569026801 -0.00000145395386172
0.00000433089289749 0.00000117539395592 -0.00000186631716183
0.00000496675320978 0.00000146028824368 -0.00000231867874472
0.00000560699280172 0.00000176955727854 -0.00000280974310793
0.00000625164183417 0.00000210256209631 -0.00000333849568141
0.00000690073067572 0.00000245879813967 -0.00000390413532820
0.00000755428990408 0.00000283786400510 -0.00000450602468550
0.00000821235030760 0.00000323943941164 -0.00000514365520376
0.00000887494288662 0.00000366326976718 -0.00000581662263577
0.00000954209885504 0.00000410915456146 -0.00000652460860648
0.00001021384964169 0.00000457693849829 -0.00000726736653306
0.00001089022689190 0.00000506650462353 -0.00000804471071306
0.00001157126246890 0.00000557776889409 -0.00000885650770102
0.00001225698845539 0.00000611067582546 -0.00000970266939742
0.00001294743715505 0.00000666519496021 -0.00001058314744136
0.00001364264109400 0.00000724131797031 -0.00001149792860948
0.00001434263302241 0.00000783905625572 -0.00001244703100300
0.00001504744591597 0.00000845843893672 -0.00001343050085987
0.00001575711297752 0.00000909951116214 -0.00001444840986853
0.00001647166763854 0.00000976233267347 -0.00001550085288797
0.00001719114356077 0.00001044697657840 -0.00001658794600037
0.00001791557463778 0.00001115352829718 -0.00001770982483805
0.00001864499499659 0.00001188208465266 -0.00001886664313863
0.00001937943899923 0.00001263275308064 -0.00002005857149125
0.00002011894124442 0.00001340565094180 -0.00002128579624400
0.00002086353656913 0.00001420090491978 -0.00002254851854811
0.00002161326005029 0.00001501865049267 -0.00002384695351894
0.00002236814700639 0.00001585903146777 -0.00002518132949707
0.00002312823299918 0.00001672219957062 -0.00002655188739591
0.00002389355383531 0.00001760831408130 -0.00002795888012413
0.00002466414556806 0.00001851754151179 -0.00002940257207335
0.00002544004449901 0.00001945005531921 -0.00003088323866284
0.00002622128717973 0.00002040603565059 -0.00003240116593432
0.00002700791041356 0.00002138566911546 -0.00003395665019077
0.00002779995125730 0.00002238914858303 -0.00003554999767441
0.00002859744702296 0.00002341667300106 -0.00003718152427920
0.00002940043527952 0.00002446844723435 -0.00003885155529425
0.00003020895385472 0.00002554468192044 -0.00004056042517476
0.00003102304083682 0.00002664559334090 -0.00004230847733771
0.00003184273457640 0.00002777140330667 -0.00004409606397970
0.00003266807368816 0.00002892233905595 -0.00004592354591483
0.00003349909705276 0.00003009863316345 -0.00004779129243069
0.00003433584381862 0.00003130052346007 -0.00004969968116076
0.00003517835340380 0.00003252825296191 -0.00005164909797167
0.00003602666549782 0.00003378206980782 -0.00005363993686410
0.00003688082006357 0.00003506222720479 -0.00005567259988605
0.00003774085733916 0.00003636898338053 -0.00005774749705751
0.00003860681783982 0.00003770260154254 -0.00005986504630551
0.00003947874235983 0.00003906334984329 -0.00006202567340883
0.00004035667197442 0.00004045150135096 -0.00006422981195149
0.00004124064804171 0.00004186733402529 -0.00006647790328449
0.00004213071220466 0.00004331113069826 -0.00006877039649507
0.00004302690639304 0.00004478317905918 -0.00007110774838306
0.00004392927282539 0.00004628377164390 -0.00007349042344372
0.00004483785401101 0.00004781320582785 -0.00007591889385673
0.00004575269275200 0.00004937178382271 -0.00007839363948089
0.00004667383214520 0.00005095981267645 -0.00008091514785412
0.00004760131558430 0.00005257760427645 -0.00008348391419853
0.00004853518676184 0.00005422547535570 -0.00008610044143020
0.00004947548967128 0.00005590374750176 -0.00008876524017335
0.00005042226860905 0.00005761274716830 -0.00009147882877882
0.00005137556817669 0.00005935280568928 -0.00009424173334642
0.00005233543328290 0.00006112425929539 -0.00009705448775111
0.00005330190914567 0.00006292744913278 -0.00009991763367277
0.00005427504129443 0.00006476272128399 -0.00010283172062936
0.00005525487557217 0.00006663042679085 -0.00010579730601334
0.00005624145813759 0.00006853092167940 -0.00010881495513121
0.00005723483546734 0.00007046456698669 -0.00011188524124608
0.00005823505435811 0.00007243172878935 -0.00011500874562300
0.00005924216192892 0.00007443277823392 -0.00011818605757716
0.00006025620562330 0.00007646809156882 -0.00012141777452467
0.00006127723321152 0.00007853805017802 -0.00012470450203592
0.00006230529279288 0.00008064304061615 -0.00012804685389145
0.00006334043279791 0.00008278345464521 -0.00013144545214018
0.00006438270199072 0.00008495968927274 -0.00013490092715997
0.00006543214947126 0.00008717214679133 -0.00013841391772052
0.00006648882467762 0.00008942123481969 -0.00014198507104835
0.00006755277738841 0.00009170736634486 -0.00014561504289403
0.00006862405772505 0.00009403095976597 -0.00014930449760150
0.00006970271615417 0.00009639243893907 -0.00015305410817942
0.00007078880348996 0.00009879223322343 -0.00015686455637452
0.00007188237089658 0.00010123077752895 -0.00016073653274699
0.00007298346989057 0.00010370851236488 -0.00016467073674778
0.00007409215234328 0.00010622588388967 -0.00016866787679778
0.00007520847048328 0.00010878334396205 -0.00017272867036894
0.00007633247689889 0.00011138135019332 -0.00017685384406726
0.00007746422454057 0.00011402036600069 -0.00018104413371753
0.00007860376672349 0.00011670086066189 -0.00018530028444999
0.00007975115712999 0.00011942330937083 -0.00018962305078871
0.00008090644981215 0.00012218819329440 -0.00019401319674183
0.00008206969919430 0.00012499599963038 -0.00019847149589352
0.00008324096007561 0.00012784722166652 -0.00020299873149769
0.00008442028763265 0.00013074235884064 -0.00020759569657348
0.00008560773742201 0.00013368191680184 -0.00021226319400251
0.00008680336538291 0.00013666640747286 -0.00021700203662778
0.00008800722783983 0.00013969634911346 -0.00022181304735438
0.00008921938150515 0.00014277226638493 -0.00022669705925191
0.00009043988348186 0.00014589469041566 -0.00023165491565859
0.00009166879126623 0.00014906415886780 -0.00023668747028708
0.00009290616275050 0.00015228121600501 -0.00024179558733211
0.00009415205622562 0.00015554641276130 -0.00024698014157970
0.00009540653038403 0.00015886030681090 -0.00025224201851823
0.00009666964432236 0.00016222346263931 -0.00025758211445111
0.00009794145754428 0.00016563645161534 -0.00026300133661130
0.00009922202996325 0.00016909985206436 -0.00026850060327747
0.00010051142190536 0.00017261424934248 -0.00027408084389196
0.00010180969411221 0.00017618023591202 -0.00027974299918044
0.00010311690774369 0.00017979841141791 -0.00028548802127338
0.00010443312438095 0.00018346938276534 -0.00029131687382922
0.00010575840602925 0.00018719376419843 -0.00029723053215934
0.00010709281512086 0.00019097217738008 -0.00030322998335483
0.00010843641451808 0.00019480525147291 -0.00030931622641501
0.00010978926751612 0.00019869362322132 -0.00031549027237780
0.00011115143784613 0.00020263793703480 -0.00032175314445185
0.00011252298967817 0.00020663884507224 -0.00032810587815053
0.00011390398762428 0.00021069700732748 -0.00033454952142775
0.00011529449674147 0.00021481309171605 -0.00034108513481566
0.00011669458253481 0.00021898777416303 -0.00034771379156415
0.00011810431096053 0.00022322173869212 -0.00035443657778232
0.00011952374842909 0.00022751567751590 -0.00036125459258175
0.00012095296180836 0.00023187029112729 -0.00036816894822180
0.00012239201842671 0.00023628628839226 -0.00037518077025668
0.00012384098607623 0.00024076438664371 -0.00038229119768467
0.00012529993301590 0.00024530531177664 -0.00038950138309911
0.00012676892797482 0.00024990979834452 -0.00039681249284150
0.00012824804015542 0.00025457858965695 -0.00040422570715652
0.00012973733923676 0.00025931243787860 -0.00041174222034915
0.00013123689537777 0.00026411210412941 -0.00041936324094377
0.00013274677922061 0.00026897835858608 -0.00042708999184531
0.00013426706189393 0.00027391198058491 -0.00043492371050252
0.00013579781501627 0.00027891375872594 -0.00044286564907336
0.00013733911069942 0.00028398449097840 -0.00045091707459240
0.00013889102155182 0.00028912498478756 -0.00045907926914050
0.00014045362068197 0.00029433605718289 -0.00046735353001659
0.00014202698170187 0.00029961853488768 -0.00047574116991160
0.00014361117873053 0.00030497325442993 -0.00048424351708469
0.00014520628639740 0.00031040106225477 -0.00049286191554165
0.00014681237984592 0.00031590281483824 -0.00050159772521560
0.00014842953473709 0.00032147937880248 -0.00051045232214990
0.00015005782725295 0.00032713163103248 -0.00051942709868348
0.00015169733410024 0.00033286045879419 -0.00052852346363844
0.00015334813251402 0.00033866675985414 -0.00053774284250996
0.00015501030026123 0.00034455144260064 -0.00054708667765873
0.00015668391564445 0.00035051542616640 -0.00055655642850563
0.00015836905750551 0.00035655964055272 -0.00056615357172902
0.00016006580522926 0.00036268502675527 -0.00057587960146436
0.00016177423874727 0.00036889253689140 -0.00058573602950635
0.00016349443854163 0.00037518313432905 -0.00059572438551371
0.00016522648564871 0.00038155779381727 -0.00060584621721632
0.00016697046166299 0.00038801750161836 -0.00061610309062512
0.00016872644874093 0.00039456325564168 -0.00062649659024450
0.00017049452960478 0.00040119606557908 -0.00063702831928740
0.00017227478754653 0.00040791695304205 -0.00064769989989303
0.00017406730643183 0.00041472695170055 -0.00065851297334737
0.00017587217070391 0.00042162710742357 -0.00066946920030629
0.00017768946538756 0.00042861847842144 -0.00068057026102156
0.00017951927609319 0.00043570213538989 -0.00069181785556957
0.00018136168902080 0.00044287916165588 -0.00070321370408289
0.00018321679096405 0.00045015065332530 -0.00071475954698475
0.00018508466931440 0.00045751771943238 -0.00072645714522638
0.00018696541206516 0.00046498148209105 -0.00073830828052724
0.00018885910781567 0.00047254307664815 -0.00075031475561832
0.00019076584577548 0.00048020365183846 -0.00076247839448833
0.00019268571576853 0.00048796436994172 -0.00077480104263301
0.00019461880823741 0.00049582640694156 -0.00078728456730744
0.00019656521424759 0.00050379095268639 -0.00079993085778155
0.00019852502549171 0.00051185921105224 -0.00081274182559869
0.00020049833429394 0.00052003240010766 -0.00082571940483741
0.00020248523361429 0.00052831175228061 -0.00083886555237651
0.00020448581705300 0.00053669851452741 -0.00085218224816325
0.00020650017885496 0.00054519394850375 -0.00086567149548495
0.00020852841391413 0.00055379933073788 -0.00087933532124389
0.00021057061777803 0.00056251595280578 -0.00089317577623556
0.00021262688665221 0.00057134512150864 -0.00090719493543038
0.00021469731740485 0.00058028815905243 -0.00092139489825887
0.00021678200757123 0.00058934640322966 -0.00093577778890022
0.00021888105535840 0.00059852120760343 -0.00095034575657458
0.00022099455964977 0.00060781394169369 -0.00096510097583877
0.00022312262000977 0.00061722599116580 -0.00098004564688568
0.00022526533668857 0.00062675875802142 -0.00099518199584737
0.00022742281062675 0.00063641366079169 -0.00101051227510183
0.00022959514346012 0.00064619213473281 -0.00102603876358350
0.00023178243752444 0.00065609563202401 -0.00104176376709766
0.00023398479586029 0.00066612562196797 -0.00105768961863855
0.00023620232221791 0.00067628359119361 -0.00107381867871149
0.00023843512106208 0.00068657104386143 -0.00109015333565890
0.00024068329757706 0.00069698950187140 -0.00110669600599028
0.00024294695767150 0.00070754050507326 -0.00112344913471628
0.00024522620798350 0.00071822561147950 -0.00114041519568682
0.00024752115588558 0.00072904639748093 -0.00115759669193332
0.00024983190948974 0.00074000445806484 -0.00117499615601517
0.00025215857765257 0.00075110140703586 -0.00119261615037040
0.00025450126998040 0.00076233887723950 -0.00121045926767060
0.00025686009683441 0.00077371852078845 -0.00122852813118027
0.00025923516933586 0.00078524200929156 -0.00124682539512041
0.00026162659937133 0.00079691103408576 -0.00126535374503671
0.00026403449959799 0.00080872730647066 -0.00128411589817212
0.00026645898344887 0.00082069255794610 -0.00130311460384400
0.00026890016513825 0.00083280854045256 -0.00132235264382587
0.00027135815966704 0.00084507702661455 -0.00134183283273384
0.00027383308282816 0.00085749980998690 -0.00136155801841771
0.00027632505121202 0.00087007870530409 -0.00138153108235685
0.00027883418221200 0.00088281554873266 -0.00140175494006095
0.00028136059403001 0.00089571219812658 -0.00142223254147559
0.00028390440568202 0.00090877053328588 -0.00144296687139277
0.00028646573700369 0.00092199245621830 -0.00146396094986650
0.00028904470865600 0.00093537989140422 -0.00148521783263336
0.00029164144213096 0.00094893478606477 -0.00150674061153824
0.00029425605975730 0.00096265911043320 -0.00152853241496527
0.00029688868470626 0.00097655485802960 -0.00155059640827397
0.00029953944099738 0.00099062404593892 -0.00157293579424074
0.00030220845350433 0.00100486871509238 -0.00159555381350566
0.00030489584796083 0.00101929093055236 -0.00161845374502484
0.00030760175096652 0.00103389278180066 -0.00164163890652815
0.00031032628999299 0.00104867638303034 -0.00166511265498262
0.00031306959338972 0.00106364387344112 -0.00168887838706145
0.00031583179039017 0.00107879741753832 -0.00171293953961868
0.00031861301111784 0.00109413920543547 -0.00173729959016970
0.00032141338659243 0.00110967145316057 -0.00176196205737755
0.00032423304873599 0.00112539640296618 -0.00178693050154520
0.00032707213037912 0.00114131632364309 -0.00181220852511376
0.00032993076526727 0.00115743351083802 -0.00183779977316673
0.00033280908806701 0.00117375028737499 -0.00186370793394050
0.00033570723437240 0.00119026900358077 -0.00188993673934091
0.00033862534071132 0.00120699203761412 -0.00191648996546615
0.00034156354455197 0.00122392179579917 -0.00194337143313607
0.00034452198430932 0.00124106071296280 -0.00197058500842785
0.00034750079935162 0.00125841125277606 -0.00199813460321819
0.00035050013000696 0.00127597590809987 -0.00202602417573212
0.00035352011756991 0.00129375720133478 -0.00205425773109846
0.00035656090430816 0.00131175768477511 -0.00208283932191203
0.00035962263346922 0.00132997994096726 -0.00211177304880268
0.00036270544928716 0.00134842658307249 -0.00214106306101127
0.00036580949698943 0.00136710025523406 -0.00217071355697260
0.00036893492280368 0.00138600363294878 -0.00220072878490543
0.00037208187396465 0.00140513942344318 -0.00223111304340972
0.00037525049872113 0.00142451036605414 -0.00226187068207100
0.00037844094634289 0.00144411923261421 -0.00229300610207226
0.00038165336712778 0.00146396882784160 -0.00232452375681307
0.00038488791240876 0.00148406198973486 -0.00235642815253636
0.00038814473456106 0.00150440158997240 -0.00238872384896277
0.00039142398700932 0.00152499053431685 -0.00242141545993265
0.00039472582423487 0.00154583176302431 -0.00245450765405594
0.00039805040178297 0.00156692825125858 -0.00248800515536984
0.00040139787627014 0.00158828300951041 -0.00252191274400454
0.00040476840539154 0.00160989908402185 -0.00255623525685701
0.00040816214792842 0.00163177955721571 -0.00259097758827289
0.00041157926375558 0.00165392754813030 -0.00262614469073678
0.00041501991384890 0.00167634621285937 -0.00266174157557080
0.00041848426029293 0.00169903874499741 -0.00269777331364168
0.00042197246628852 0.00172200837609040 -0.00273424503607635
0.00042548469616053 0.00174525837609193 -0.00277116193498634
0.00042902111536552 0.00176879205382493 -0.00280852926420079
0.00043258189049963 0.00179261275744896 -0.00284635234000853
0.00043616718930631 0.00181672387493319 -0.00288463654190898
0.00043977718068435 0.00184112883453507 -0.00292338731337228
0.00044341203469574 0.00186583110528482 -0.00296261016260857
0.00044707192257372 0.00189083419747585 -0.00300231066334658
0.00045075701673086 0.00191614166316099 -0.00304249445562174
0.00045446749076714 0.00194175709665487 -0.00308316724657369
0.00045820351947816 0.00196768413504229 -0.00312433481125359
0.00046196527886340 0.00199392645869277 -0.00316600299344111
0.00046575294613442 0.00202048779178138 -0.00320817770647136
0.00046956669972332 0.00204737190281577 -0.00325086493407184
0.00047340671929107 0.00207458260516970 -0.00329407073120944
0.00047727318573598 0.00210212375762292 -0.00333780122494780
0.00048116628120228 0.00212999926490766 -0.00338206261531497
0.00048508618908861 0.00215821307826168 -0.00342686117618157
0.00048903309405675 0.00218676919598803 -0.00347220325614962
0.00049300718204025 0.00221567166402160 -0.00351809527945203
0.00049700864025323 0.00224492457650246 -0.00356454374686308
0.00050103765719918 0.00227453207635620 -0.00361155523661980
0.00050509442267985 0.00230449835588122 -0.00365913640535456
0.00050917912780418 0.00233482765734318 -0.00370729398903885
0.00051329196499732 0.00236552427357655 -0.00375603480393856
0.00051743312800967 0.00239659254859353 -0.00380536574758071
0.00052160281192606 0.00242803687820020 -0.00385529379973190
0.00052580121317485 0.00245986171062024 -0.00390582602338854
0.00053002852953727 0.00249207154712605 -0.00395696956577907
0.00053428496015669 0.00252467094267756 -0.00400873165937825
0.00053857070554804 0.00255766450656876 -0.00406111962293366
0.00054288596760719 0.00259105690308196 -0.00411414086250462
0.00054723094962053 0.00262485285214997 -0.00416780287251362
0.00055160585627451 0.00265905713002630 -0.00422211323681040
0.00055601089366530 0.00269367456996338 -0.00427707962974893
0.00056044626930847 0.00272871006289895 -0.00433270981727723
0.00056491219214880 0.00276416855815078 -0.00438901165804043
0.00056940887257012 0.00280005506411966 -0.00444599310449707
0.00057393652240518 0.00283637464900095 -0.00450366220404884
0.00057849535494568 0.00287313244150459 -0.00456202710018387
0.00058308558495229 0.00291033363158387 -0.00462109603363384
0.00058770742866478 0.00294798347117286 -0.00468087734354495
0.00059236110381219 0.00298608727493280 -0.00474137946866301
0.00059704682962311 0.00302465042100739 -0.00480261094853268
0.00060176482683598 0.00306367835178720 -0.00486458042471126
0.00060651531770952 0.00310317657468318 -0.00492729664199692
0.00061129852603317 0.00314315066290959 -0.00499076844967169
0.00061611467713765 0.00318360625627616 -0.00505500480275948
0.00062096399790559 0.00322454906198989 -0.00512001476329901
0.00062584671678217 0.00326598485546636 -0.00518580750163217
0.00063076306378593 0.00330791948115084 -0.00525239229770768
0.00063571327051958 0.00335035885334920 -0.00531977854240047
0.00064069757018092 0.00339330895706876 -0.00538797573884679
0.00064571619757383 0.00343677584886920 -0.00545699350379535
0.00065076938911931 0.00348076565772371 -0.00552684156897456
0.00065585738286665 0.00352528458589036 -0.00559752978247622
0.00066098041850462 0.00357033890979395 -0.00566906811015566
0.00066613873737275 0.00361593498091833 -0.00574146663704861
0.00067133258247275 0.00366207922670946 -0.00581473556880508
0.00067656219847990 0.00370877815148914 -0.00588888523314026
0.00068182783175460 0.00375603833737978 -0.00596392608130278
0.00068712973035400 0.00380386644524007 -0.00603986868956047
0.00069246814404364 0.00385226921561188 -0.00611672376070380
0.00069784332430924 0.00390125346967842 -0.00619450212556732
0.00070325552436855 0.00395082611023379 -0.00627321474456907
0.00070870499918329 0.00400099412266411 -0.00635287270926848
0.00071419200547112 0.00405176457594026 -0.00643348724394267
0.00071971680171777 0.00410314462362250 -0.00651506970718153
0.00072527964818920 0.00415514150487699 -0.00659763159350182
0.00073088080694388 0.00420776254550433 -0.00668118453498029
0.00073652054184512 0.00426101515898038 -0.00676574030290634
0.00074219911857348 0.00431490684750943 -0.00685131080945423
0.00074791680463933 0.00436944520308980 -0.00693790810937501
0.00075367386939543 0.00442463790859210 -0.00702554440170868
0.00075947058404960 0.00448049273885024 -0.00711423203151649
0.00076530722167754 0.00453701756176539 -0.00720398349163380
0.00077118405723566 0.00459422033942296 -0.00729481142444361
0.00077710136757402 0.00465210912922276 -0.00738672862367116
0.00078305943144943 0.00471069208502259 -0.00747974803619960
0.00078905852953852 0.00476997745829524 -0.00757388276390718
0.00079509894445100 0.00482997359929921 -0.00766914606552610
0.00080118096074297 0.00489068895826319 -0.00776555135852322
0.00080730486493030 0.00495213208658446 -0.00786311222100301
0.00081347094550215 0.00501431163804152 -0.00796184239363282
0.00081967949293455 0.00507723637002083 -0.00806175578159085
0.00082593079970410 0.00514091514475813 -0.00816286645653700
0.00083222516030174 0.00520535693059417 -0.00826518865860691
0.00083856287124660 0.00527057080324536 -0.00836873679842932
0.00084494423109999 0.00533656594708917 -0.00847352545916721
0.00085136954047950 0.00540335165646472 -0.00857956939858279
0.00085783910207307 0.00547093733698850 -0.00868688355112666
0.00086435322065335 0.00553933250688560 -0.00879548303005153
0.00087091220309199 0.00560854679833638 -0.00890538312955049
0.00087751635837411 0.00567858995883899 -0.00901659932692046
0.00088416599761289 0.00574947185258774 -0.00912914728475074
0.00089086143406418 0.00582120246186758 -0.00924304285313718
0.00089760298314128 0.00589379188846479 -0.00935830207192215
0.00090439096242980 0.00596725035509417 -0.00947494117296056
0.00091122569170262 0.00604158820684276 -0.00959297658241231
0.00091810749293494 0.00611681591263045 -0.00971242492306136
0.00092503669031947 0.00619294406668744 -0.00983330301666173
0.00093201361028169 0.00626998339004893 -0.00995562788631079
0.00093903858149521 0.00634794473206717 -0.01007941675885001
0.00094611193489729 0.00642683907194088 -0.01020468706729354
0.00095323400370442 0.00650667752026261 -0.01033145645328498
0.00096040512342800 0.00658747132058376 -0.01045974276958240
0.00096762563189013 0.00666923185099785 -0.01058956408257228
0.00097489586923960 0.00675197062574199 -0.01072093867481233
0.00098221617796781 0.00683569929681683 -0.01085388504760363
0.00098958690292501 0.00692042965562522 -0.01098842192359251
0.00099700839133644 0.00700617363462965 -0.01112456824940233
0.00100448099281878 0.00709294330902881 -0.01126234319829542
0.00101200505939656 0.00718075089845343 -0.01140176617286579
0.00101958094551878 0.00726960876868148 -0.01154285680776258
0.00102720900807557 0.00735952943337316 -0.01168563497244484
0.00103488960641504 0.00745052555582566 -0.01183012077396777
0.00104262310236019 0.00754260995074806 -0.01197633455980091
0.00105040986022595 0.00763579558605647 -0.01212429692067845
0.00105825024683636 0.00773009558468967 -0.01227402869348218
0.00106614463154184 0.00782552322644548 -0.01242555096415722
0.00107409338623658 0.00792209194983802 -0.01257888507066104
0.00108209688537607 0.00801981535397609 -0.01273405260594593
0.00109015550599474 0.00811870720046296 -0.01289107542097548
0.00109826962772375 0.00821878141531763 -0.01304997562777523
0.00110643963280880 0.00832005209091795 -0.01321077560251789
0.00111466590612820 0.00842253348796570 -0.01337349798864357
0.00112294883521100 0.00852624003747392 -0.01353816570001520
0.00113128881025522 0.00863118634277670 -0.01370480192410974
0.00113968622414621 0.00873738718156162 -0.01387343012524525
0.00114814147247525 0.00884485750792509 -0.01404407404784441
0.00115665495355806 0.00895361245445087 -0.01421675771973476
0.00116522706845369 0.00906366733431188 -0.01439150545548600
0.00117385822098330 0.00917503764339571 -0.01456834185978481
0.00118254881774927 0.00928773906245385 -0.01474729183084748
0.00119129926815430 0.00940178745927505 -0.01492838056387070
0.00120010998442074 0.00951719889088297 -0.01511163355452107
0.00120898138160997 0.00963398960575837 -0.01529707660246343
0.00121791387764197 0.00975217604608605 -0.01548473581492857
0.00122690789331501 0.00987177485002689 -0.01567463761032080
0.00123596385232548 0.00999280285401506 -0.01586680872186542
0.00124508218128781 0.01011527709508083 -0.01606127620129689
0.00125426330975463 0.01023921481319905 -0.01625806742258776
0.00126350767023696 0.01036463345366370 -0.01645721008571895
0.00127281569822460 0.01049155066948868 -0.01665873222049176
0.00128218783220664 0.01061998432383507 -0.01686266219038180
0.00129162451369212 0.01074995249246519 -0.01706902869643563
0.00130112618723083 0.01088147346622366 -0.01727786078121009
0.00131069330043425 0.01101456575354569 -0.01748918783275502
0.00132032630399665 0.01114924808299293 -0.01770303958863966
0.00133002565171628 0.01128553940581713 -0.01791944614002315
0.00133979180051682 0.01142345889855171 -0.01813843793576956
0.00134962521046882 0.01156302596563182 -0.01836004578660781
0.00135952634481143 0.01170426024204277 -0.01858430086933703
0.00136949566997423 0.01184718159599743 -0.01881123473107759
0.00137953365559914 0.01199181013164267 -0.01904087929356841
0.00138964077456262 0.01213816619179509 -0.01927326685751074
0.00139981750299789 0.01228627036070651 -0.01950843010695918
0.00141006432031739 0.01243614346685921 -0.01974640211375994
0.00142038170923537 0.01258780658579147 -0.01998721634203716
0.00143077015579059 0.01274128104295339 -0.02023090665272750
0.00144123014936926 0.01289658841659355 -0.02047750730816337
0.00145176218272806 0.01305375054067657 -0.02072705297670553
0.00146236675201740 0.01321278950783196 -0.02097957873742523
0.00147304435680474 0.01337372767233447 -0.02123512008483628
0.00148379550009815 0.01353658765311625 -0.02149371293367787
0.00149462068837002 0.01370139233681111 -0.02175539362374811
0.00150552043158087 0.01386816488083114 -0.02202019892478907
0.00151649524320343 0.01403692871647592 -0.02228816604142361
0.00152754564024681 0.01420770755207471 -0.02255933261814440
0.00153867214328084 0.01438052537616183 -0.02283373674435583
0.00154987527646060 0.01455540646068552 -0.02311141695946892
0.00156115556755113 0.01473237536425047 -0.02339241225804987
0.00157251354795226 0.01491145693539461 -0.02367676209502281
0.00158394975272368 0.01509267631590004 -0.02396450639092682
0.00159546472061013 0.01527605894413863 -0.02425568553722813
0.00160705899406676 0.01546163055845262 -0.02455034040168769
0.00161873311928472 0.01564941720057026 -0.02484851233378447
0.00163048764621685 0.01583944521905703 -0.02515024317019530
0.00164232312860364 0.01603174127280259 -0.02545557524033133
0.00165424012399926 0.01622633233454380 -0.02576455137193182
0.00166623919379787 0.01642324569442405 -0.02607721489671563
0.00167832090326005 0.01662250896358922 -0.02639360965609074
0.00169048582153940 0.01682415007782063 -0.02671378000692257
0.00170273452170940 0.01702819730120505 -0.02703777082736123
0.00171506758079040 0.01723467922984236 -0.02736562752272837
0.00172748557977676 0.01744362479559090 -0.02769739603146399
0.00173998910366426 0.01765506326985088 -0.02803312283113366
0.00175257874147765 0.01786902426738623 -0.02837285494449676
0.00176525508629839 0.01808553775018504 -0.02871663994563598
0.00177801873529259 0.01830463403135893 -0.02906452596614862
0.00179087028973917 0.01852634377908169 -0.02941656170140031
0.00180381035505814 0.01875069802056738 -0.02977279641684128
0.00181683954083913 0.01897772814608830 -0.03013327995438603
0.00182995846087016 0.01920746591303299 -0.03049806273885644
0.00184316773316647 0.01943994345000459 -0.03086719578448908
0.00185646797999970 0.01967519326095998 -0.03124073070150717
0.00186985982792719 0.01991324822938964 -0.03161871970275731
0.00188334390782146 0.02015414162253904 -0.03200121561041195
0.00189692085489999 0.02039790709567126 -0.03238827186273755
0.00191059130875509 0.02064457869637154 -0.03277994252092913
0.00192435591338407 0.02089419086889394 -0.03317628227601180
0.00193821531721954 0.02114677845855027 -0.03357734645580931
0.00195217017315999 0.02140237671614167 -0.03398319103198037
0.00196622113860054 0.02166102130243317 -0.03439387262712316
0.00198036887546389 0.02192274829267134 -0.03480944852194835
0.00199461405023152 0.02218759418114545 -0.03522997666252108
0.00200895733397509 0.02245559588579241 -0.03565551566757253
0.00202339940238804 0.02272679075284558 -0.03608612483588110
0.00203794093581742 0.02300121656152801 -0.03652186415372415
0.00205258261929597 0.02327891152879008 -0.03696279430240021
0.00206732514257435 0.02355991431409206 -0.03740897666582253
0.00208216920015365 0.02384426402423165 -0.03786047333818407
0.00209711549131812 0.02413200021821683 -0.03831734713169432
0.00211216472016810 0.02442316291218444 -0.03877966158438884
0.00212731759565318 0.02471779258436438 -0.03924748096801117
0.00214257483160563 0.02501593018009000 -0.03972087029596816
0.00215793714677397 0.02531761711685496 -0.04019989533135881
0.00217340526485689 0.02562289528941634 -0.04068462259507694
0.00218897991453733 0.02593180707494489 -0.04117511937398840
0.00220466182951677 0.02624439533822221 -0.04167145372918287
0.00222045174854982 0.02656070343688513 -0.04217369450430060
0.00223635041547903 0.02688077522671782 -0.04268191133393496
0.00225235857926994 0.02720465506699144 -0.04319617465211049
0.00226847699404630 0.02753238782585197 -0.04371655570083721
0.00228470641912567 0.02786401888575601 -0.04424312653874150
0.00230104761905517 0.02819959414895518 -0.04477596004977370
0.00231750136364746 0.02853916004302907 -0.04531512995199306
0.00233406842801705 0.02888276352646692 -0.04586071080643011
0.00235074959261680 0.02923045209429848 -0.04641277802602675
0.00236754564327467 0.02958227378377399 -0.04697140788465470
0.00238445737123077 0.02993827718009351 -0.04753667752621221
0.00240148557317460 0.03029851142218606 -0.04810866497379956
0.00241863105128260 0.03066302620853828 -0.04868744913897363
0.00243589461325595 0.03103187180307306 -0.04927310983108151
0.00245327707235861 0.03140509904107856 -0.04986572776667406
0.00247077924745560 0.03178275933518702 -0.05046538457899885
0.00248840196305164 0.03216490468140449 -0.05107216282757345
0.00250614604932993 0.03255158766519072 -0.05168614600783881
0.00252401234219130 0.03294286146758994 -0.05230741856089315
0.00254200168329356 0.03333877987141248 -0.05293606588330673
0.00256011492009119 0.03373939726746734 -0.05357217433701732
0.00257835290587520 0.03414476866084575 -0.05421583125930666
0.00259671649981338 0.03455494967725602 -0.05486712497285866
0.00261520656699076 0.03496999656940959 -0.05552614479589835
0.00263382397845036 0.03538996622345857 -0.05619298105241292
0.00265256961123421 0.03581491616548456 -0.05686772508245425
0.00267144434842469 0.03624490456803914 -0.05755046925252304
0.00269044907918612 0.03667999025673602 -0.05824130696603540
0.00270958469880665 0.03712023271689454 -0.05894033267387067
0.00272885210874043 0.03756569210023526 -0.05964764188500208
0.00274825221665007 0.03801642923162698 -0.06036333117720901
0.00276778593644944 0.03847250561588557 -0.06108749820787147
0.00278745418834666 0.03893398344462477 -0.06182024172484706
0.00280725789888750 0.03940092560315844 -0.06256166157742972
0.00282719800099900 0.03987339567745481 -0.06331185872739087
0.00284727543403344 0.04035145796114239 -0.06407093526010263
0.00286749114381257 0.04083517746256749 -0.06483899439574307
0.00288784608267220 0.04132461991190360 -0.06561614050058358
0.00290834120950700 0.04181985176831226 -0.06640247909835802
0.00292897748981576 0.04232094022715524 -0.06719811688171361
0.00294975589574679 0.04282795322725871 -0.06800316172374381
0.00297067740614377 0.04334095945822810 -0.06881772268960211
0.00299174300659185 0.04386002836781469 -0.06964191004819785
0.00301295368946406 0.04438523016933307 -0.07047583528397255
0.00303431045396808 0.04491663584912955 -0.07131961110875740
0.00305581430619332 0.04545431717410146 -0.07217335147371140
0.00307746625915828 0.04599834669926708 -0.07303717158133982
0.00309926733285830 0.04654879777538585 -0.07391118789759253
0.00312121855431360 0.04710574455662899 -0.07479551816404242
0.00314332095761769 0.04766926200829996 -0.07569028141014274
0.00316557558398603 0.04823942591460492 -0.07659559796556384
0.00318798348180513 0.04881631288647234 -0.07751158947260835
0.00321054570668190 0.04940000036942213 -0.07843837889870396
0.00323326332149341 0.04999056665148364 -0.07937609054897506
0.00325613739643695 0.05058809087116207 -0.08032485007889004
0.00327916900908044 0.05119265302545339 -0.08128478450698641
0.00330235924441319 0.05180433397790717 -0.08225602222767144
0.00332570919489702 0.05242321546673664 -0.08323869302409805
0.00334921996051774 0.05304938011297637 -0.08423292808111620
0.00337289264883693 0.05368291142868627 -0.08523885999829768
0.00339672837504414 0.05432389382520207 -0.08625662280303475
0.00342072826200945 0.05497241262143155 -0.08728635196371161
0.00344489344033629 0.05562855405219610 -0.08832818440294722
0.00346922504841481 0.05629240527661721 -0.08938225851091008
0.00349372423247539 0.05696405438654698 -0.09044871415870259
0.00351839214664275 0.05764359041504268 -0.09152769271181482
0.00354322995299023 0.05833110334488414 -0.09261933704364742
0.00356823882159458 0.05902668411713382 -0.09372379154910095
0.00359341993059108 0.05973042463973879 -0.09484120215823266
0.00361877446622901 0.06044241779617388 -0.09597171634997806
0.00364430362292757 0.06116275745412511 -0.09711548316593663
0.00367000860333214 0.06189153847421347 -0.09827265322422157
0.00369589061837089 0.06262885671875723 -0.09944337873337046
0.00372195088731191 0.06337480906057262 -0.10062781350631712
0.00374819063782055 0.06412949339181231 -0.10182611297442307
0.00377461110601734 0.06489300863283995 -0.10303843420156650
0.00380121353653618 0.06566545474114086 -0.10426493589828846
0.00382799918258295 0.06644693272026750 -0.10550577843599417
0.00385496930599461 0.06723754462881844 -0.10676112386120769
0.00388212517729859 0.06803739358945100 -0.10803113590987944
0.00390946807577267 0.06884658379792485 -0.10931598002174366
0.00393699928950523 0.06966522053217732 -0.11061582335472535
0.00396472011545594 0.07049341016142804 -0.11193083479939432
0.00399263185951686 0.07133126015531219 -0.11326118499346421
0.00402073583657394 0.07217887909304169 -0.11460704633633595
0.00404903337056898 0.07303637667259234 -0.11596859300368235
0.00407752579456202 0.07390386371991595 -0.11734600096207237
0.00410621445079408 0.07478145219817686 -0.11873944798363410
0.00413510069075045 0.07566925521701040 -0.12014911366075197
0.00416418587522431 0.07656738704180283 -0.12157517942079893
0.00419347137438088 0.07747596310299094 -0.12301782854089885
0.00422295856782194 0.07839510000537987 -0.12447724616271845
0.00425264884465081 0.07932491553747822 -0.12595361930728610
0.00428254360353781 0.08026552868084783 -0.12744713688983428
0.00431264425278616 0.08121705961946797 -0.12895798973466457
0.00434295221039828 0.08217962974911130 -0.13048637059003107
0.00437346890414265 0.08315336168673025 -0.13203247414304084
0.00440419577162101 0.08413837927985252 -0.13359649703456819
0.00443513426033611 0.08513480761598331 -0.13517863787417989
0.00446628582775994 0.08614277303201275 -0.13677909725506820
0.00449765194140230 0.08716240312362691 -0.13839807776899021
0.00452923407888002 0.08819382675471989 -0.14003578402120759
0.00456103372798652 0.08923717406680567 -0.14169242264542725
0.00459305238676189 0.09029257648842723 -0.14336820231873657
0.00462529156356352 0.09136016674456104 -0.14506333377653155
0.00465775277713708 0.09244007886601512 -0.14677802982743443
0.00469043755668813 0.09353244819881733 -0.14851250536819627
0.00472334744195411 0.09463741141359353 -0.15026697739858252
0.00475648398327694 0.09575510651493135 -0.15204166503623620
0.00478984874167595 0.09688567285072887 -0.15383678953151669
0.00482344328892152 0.09802925112152416 -0.15565257428230855
0.00485726920760908 0.09918598338980471 -0.15748924484879726
0.00489132809123367 0.10035601308929362 -0.15934702896820921
0.00492562154426498 0.10153948503420915 -0.16122615656950814
0.00496015118222299 0.10273654542849643 -0.16312685978804800
0.00499491863175403 0.10394734187502733 -0.16504937298017469
0.00502992553070742 0.10517202338476675 -0.16699393273777471
0.00506517352821265 0.10641074038590093 -0.16896077790276287
0.00510066428475703 0.10766364473292662 -0.17095014958150845
0.00513639947226393 0.10893088971569738 -0.17296229115919212
0.00517238077417156 0.11021263006842262 -0.17499744831408875
0.00520860988551227 0.11150902197861863 -0.17705586903177309
0.00524508851299234 0.11282022309600688 -0.17913780361924198
0.00528181837507249 0.11414639254135579 -0.18124350471894629
0.00531880120204874 0.11548769091526397 -0.18337322732273006
0.00535603873613397 0.11684428030688103 -0.18552722878567057
0.00539353273153997 0.11821632430256138 -0.18770576883981077
0.00543128495456009 0.11960398799444862 -0.18990910960778293
0.00546929718365248 0.12100743798898672 -0.19213751561631434
0.00550757120952378 0.12242684241535368 -0.19439125380961084
0.00554610883521359 0.12386237093381315 -0.19667059356260941
0.00558491187617932 0.12531419474398225 -0.19897580669409745
0.00562398216038176 0.12678248659300967 -0.20130716747968969
0.00566332152837118 0.12826742078365977 -0.20366495266465556
0.00570293183337404 0.12976917318229980 -0.20604944147659215
0.00574281494138029 0.13128792122678568 -0.20846091563793659
0.00578297273123128 0.13282384393424010 -0.21089965937830693
0.00582340709470825 0.13437712190872117 -0.21336595944666858
0.00586411993662146 0.13594793734877536 -0.21586010512331744
0.00590511317489996 0.13753647405486980 -0.21838238823167111
0.00594638874068188 0.13914291743670029 -0.22093310314986231
0.00598794857840543 0.14076745452036962 -0.22351254682212604
0.00602979464590051 0.14241027395543124 -0.22612101876997351
0.00607192891448094 0.14407156602179233 -0.22875882110314119
0.00611435336903731 0.14575152263647292 -0.23142625853031279
0.00615707000813049 0.14745033736021462 -0.23412363836960012
0.00620008084408578 0.14916820540393269 -0.23685127055877730
0.00624338790308773 0.15090532363500803 -0.23960946766525809
0.00628699322527555 0.15266189058341245 -0.24239854489581072
0.00633089886483926 0.15443810644766034 -0.24521882010599427
0.00637510689011644 0.15623417310058305 -0.24807061380931508
0.00641961938368965 0.15805029409491905 -0.25095424918609011
0.00646443844248456 0.15988667466871281 -0.25387005209200542
0.00650956617786875 0.16174352175051818 -0.25681835106636475
0.00655500471575113 0.16362104396439853 -0.25979947734001457
0.00660075619668212 0.16551945163471843 -0.26281376484293845
0.00664682277595447 0.16743895679071791 -0.26586155021150537
0.00669320662370483 0.16937977317086664 -0.26894317279536795
0.00673990992501593 0.17134211622698764 -0.27205897466399548
0.00678693488001954 0.17332620312814501 -0.27520930061283089
0.00683428370400013 0.17533225276428915 -0.27839449816906270
0.00688195862749922 0.17736048574965244 -0.28161491759700025
0.00692996189642044 0.17941112442588536 -0.28487091190303721
0.00697829577213536 0.18148439286493048 -0.28816283684019678
0.00702696253158998 0.18358051687162280 -0.29149105091224420
0.00707596446741206 0.18569972398600990 -0.29485591537735178
0.00712530388801904 0.18784224348538509 -0.29825779425130972
0.00717498311772688 0.19000830638602428 -0.30169705431026483
0.00722500449685944 0.19219814544462047 -0.30517406509297923
0.00727537038185885 0.19441199515940408 -0.30868919890258995
0.00732608314539645 0.19665009177094511 -0.31224283080786203
0.00737714517648455 0.19891267326262616 -0.31583533864392010
0.00742855888058902 0.20119997936077696 -0.31946710301244063
0.00748032667974261 0.20351225153446481 -0.32313850728129717
0.00753245101265898 0.20584973299492881 -0.32684993758364184
0.00758493433484768 0.20821266869465019 -0.33060178281640556
0.00763777911872974 0.21060130532604976 -0.33439443463820795
0.00769098785375419 0.21301589131980378 -0.33822828746665967
0.00774456304651533 0.21545667684276612 -0.34210373847503883
0.00779850722087083 0.21792391379549028 -0.34602118758833345
0.00785282291806056 0.22041785580933967 -0.34998103747862702
0.00790751269682637 0.22293875824317724 -0.35398369355981768
0.00796257913353260 0.22548687817962204 -0.35802956398164831
0.00801802482228748 0.22806247442086666 -0.36211905962303848
0.00807385237506527 0.23066580748404161 -0.36625259408469746
0.00813006442182937 0.23329713959611684 -0.37043058368100074
0.00818666361065620 0.23595673468833051 -0.37465344743111573
0.00824365260785992 0.23864485839013536 -0.37892160704936112
0.00830103409811806 0.24136177802264733 -0.38323548693477466
0.00835881078459801 0.24410776259159003 -0.38759551415988047
0.00841698538908430 0.24688308277972251 -0.39200211845863425
0.00847556065210689 0.24968801093873499 -0.39645573221352537
0.00853453933307024 0.25252282108060797 -0.40095679044182247
0.00859392421038329 0.25538778886841612 -0.40550573078094049
0.00865371808159037 0.25828319160657026 -0.41010299347291246
0.00871392376350298 0.26120930823048055 -0.41474902134794261
0.00877454409233250 0.26416641929563278 -0.41944425980702638
0.00883558192382376 0.26715480696606403 -0.42418915680361624
0.00889704013338961 0.27017475500222238 -0.42898416282430851
0.00895892161624638 0.27322654874820212 -0.43382973086853838
0.00902122928755021 0.27631047511834023 -0.43872631642725857
0.00908396608253449 0.27942682258315737 -0.44367437746057853
0.00914713495664801 0.28257588115463655 -0.44867437437434887
0.00921073888569427 0.28575794237082119 -0.45372676999566591
0.00927478086597164 0.28897329927971988 -0.45883202954727376
0.00933926391441452 0.29222224642250549 -0.46399062062084584
0.00940419106873544 0.29550507981599455 -0.46920301314912094
0.00946956538756820 0.29882209693439149 -0.47446967937687340
0.00953538995061192 0.30217359669028332 -0.47979109383069113
0.00960166785877617 0.30555987941487295 -0.48516773328754265
0.00966840223432696 0.30898124683743511 -0.49060007674211092
0.00973559622103396 0.31243800206397676 -0.49608860537286209
0.00980325298431847 0.31593044955509469 -0.50163380250683698
0.00987137571140260 0.31945889510300862 -0.50723615358313578
0.00993996761145943 0.32302364580775550 -0.51289614611506729
0.01000903191576417 0.32662501005253408 -0.51861426965094815
0.01007857187784633 0.33026329747818001 -0.52439101573352043
0.01014859077364310 0.33393881895675498 -0.53022687785796274
0.01021909190165358 0.33765188656423922 -0.53612235142847497
0.01029007858309422 0.34140281355230556 -0.54207793371340407
0.01036155416205525 0.34519191431916457 -0.54809412379889411
0.01043352200565821 0.34901950437945783 -0.55417142254102236
0.01050598550421464 0.35288590033318906 -0.56031033251640860
0.01057894807138568 0.35679141983367441 -0.56651135797126462
0.01065241314434297 0.36073638155449261 -0.57277500476885290
0.01072638418393055 0.36472110515542178 -0.57910178033533877
0.01080086467482788 0.36874591124734568 -0.58549219360400107
0.01087585812571401 0.37281112135610778 -0.59194675495777316
0.01095136806943289 0.37691705788530178 -0.59846597617009267
0.01102739806315972 0.38106404407797895 -0.60505037034403086
0.01110395168856863 0.38525240397725080 -0.61170045184966637
0.01118103255200134 0.38948246238577694 -0.61841673625968596
0.01125864428463708 0.39375454482411354 -0.62519974028317737
0.01133679054266361 0.39806897748790998 -0.63204998169758919
0.01141547500744952 0.40242608720392925 -0.63896797927882309
0.01149470138571760 0.40682620138488063 -0.64595425272943818
0.01157447340971946 0.41126964798304361 -0.65300932260493394
0.01165479483741141 0.41575675544266111 -0.66013371023807943
0.01173566945263146 0.42028785265109025 -0.66732793766126530
0.01181710106527750 0.42486326888868925 -0.67459252752684917
0.01189909351148690 0.42948333377741749 -0.68192800302545531
0.01198165065381718 0.43414837722813693 -0.68933488780221175
0.01206477638142790 0.43885872938659443 -0.69681370587088898
0.01214847461026398 0.44361472057805929 -0.70436498152590399
0.01223274928324013 0.44841668125060824 -0.71198923925217361
0.01231760437042657 0.45326494191702932 -0.71968700363277249
0.01240304386923608 0.45815983309533209 -0.72745879925437873
0.01248907180461233 0.46310168524783846 -0.73530515061046064
0.01257569222921947 0.46809082871884294 -0.74322658200219216
0.01266290922363301 0.47312759367081708 -0.75122361743705446
0.01275072689653214 0.47821231001913861 -0.75929678052509408
0.01283914938489322 0.48334530736533221 -0.76744659437281160
0.01292818085418463 0.48852691492879680 -0.77567358147465026
0.01301782549856311 0.49375746147699873 -0.78397826360204437
0.01310808754107126 0.49903727525411939 -0.79236116169001125
0.01319897123383649 0.50436668390813200 -0.80082279572124604
0.01329048085827137 0.50974601441628609 -0.80936368460768859
0.01338262072527526 0.51517559300898796 -0.81798434606953863
0.01347539517543749 0.52065574509205204 -0.82668529651168410
0.01356880857924170 0.52618679516730738 -0.83546705089751250
0.01366286533727186 0.53176906675153435 -0.84433012262007301
0.01375756988041951 0.53740288229372191 -0.85327502337056338
0.01385292667009247 0.54308856309062026 -0.86230226300411572
0.01394894019842510 0.54882642920056746 -0.87141234940282997
0.01404561498848984 0.55461679935557828 -0.88060578833605507
0.01414295559451028 0.56045999087167608 -0.88988308331786981
0.01424096660207578 0.56635631955743793 -0.89924473546172934
0.01433965262835744 0.57230609962075196 -0.90869124333226703
0.01443901832232557 0.57830964357375592 -0.91822310279420993
0.01453906836496878 0.58436726213594259 -0.92784080685837411
0.01463980746951446 0.59047926413541518 -0.93754484552472717
0.01474124038165079 0.59664595640827478 -0.94733570562247771
0.01484337187975032 0.60286764369612278 -0.95721387064716867
0.01494620677509509 0.60914462854165652 -0.96717982059474328
0.01504974991210328 0.61547721118234811 -0.97723403179256085
0.01515400616855738 0.62186568944218767 -0.98737697672733848
0.01525898045583403 0.62831035862146656 -0.99760912386997846
0.01536467771913538 0.63481151138459746 -1.00793093749727181
0.01547110293772201 0.64136943764594712 -1.01834287751044794
0.01557826112514755 0.64798442445366300 -1.02884539925053176
0.01568615732949484 0.65465675587148897 -1.03943895331050817
0.01579479663361371 0.66138671285854755 -1.05012398534425078
0.01590418415536049 0.66817457314707107 -1.06090093587219436
0.01601432504783903 0.67502061111807687 -1.07177024008373722
0.01612522449964356 0.68192509767496401 -1.08273232763633920
0.01623688773510297 0.68888830011502356 -1.09378762245130923
0.01634932001452705 0.69591048199884264 -1.10493654250623519
0.01646252663445428 0.70299190301759484 -1.11617949962406215
0.01657651292790123 0.71013281885820623 -1.12751689925879273
0.01669128426461396 0.71733348106637240 -1.13894914027777006
0.01680684605132086 0.72459413690742980 -1.15047661474054919
0.01692320373198737 0.73191502922506491 -1.16209970767433357
0.01704036278807250 0.73929639629783905 -1.17381879684594193
0.01715832873878701 0.74673847169353635 -1.18563425253030852
0.01727710714135337 0.75424148412131420 -1.19754643727549559
0.01739670359126766 0.76180565728164096 -1.20955570566418746
0.01751712372256306 0.76943120971402545 -1.22166240407167459
0.01763837320807536 0.77711835464251755 -1.23386687042029064
0.01776045775971008 0.78486729981897585 -1.24616943393030888
0.01788338312871166 0.79267824736408865 -1.25857041486725785
0.01800715510593438 0.80055139360614713 -1.27107012428567145
0.01813177952211507 0.80848692891756146 -1.28366886376924416
0.01825726224814788 0.81648503754910118 -1.29636692516737595
0.01838360919536085 0.82454589746186835 -1.30916459032810617
0.01851082631579428 0.83266968015698717 -1.32206213082742319
0.01863891960248128 0.84085655050299823 -1.33505980769492338
0.01876789508972999 0.84910666656096467 -1.34815787113582841
0.01889775885340782 0.85742017940727189 -1.36135656024934382
0.01902851701122779 0.86579723295411326 -1.37465610274333327
0.01916017572303663 0.87423796376766738 -1.38805671464532421
0.01929274119110504 0.88274250088394579 -1.40155860000981169
0.01942621966041975 0.89131096562231948 -1.41516195062187178
0.01956061741897786 0.89994347139670083 -1.42886694569704664
0.01969594079808299 0.90864012352439472 -1.44267375157752209
0.01983219617264347 0.91740101903259885 -1.45658252142457600
0.01996938996147281 0.92622624646254847 -1.47059339490727203
0.02010752862759195 0.93511588567131110 -1.48470649788742404
0.02024661867853376 0.94407000763121518 -1.49892194210079688
0.02038666666664964 0.95308867422690913 -1.51323982483453778
0.02052767918941817 0.96217193805005197 -1.52766022860084782
0.02066966288975585 0.97131984219162992 -1.54218322080687420
0.02081262445633016 0.98053242003188656 -1.55680885342081132
0.02095657062387454 0.98980969502787963 -1.57153716263422694
0.02110150817350574 0.99915168049864955 -1.58636816852059215
0.02124744393304316 1.00855837940800619 -1.60130187469002694
0.02139438477733065 1.01802978414492573 -1.61633826794024360
0.02154233762856028 1.02756587630157314 -1.63147731790371431
0.02169130945659838 1.03716662644894253 -1.64671897669105438
0.02184130727931404 1.04683199391011716 -1.66206317853062080
0.02199233816290960 1.05656192653116965 -1.67750983940435816
0.02214440922225352 1.06635636044970727 -1.69305885667989986
0.02229752762121561 1.07621521986105884 -1.70871010873892071
0.02245170057300452 1.08613841678214018 -1.72446345460180228
0.02260693534050743 1.09612585081301184 -1.74031873354862054
0.02276323923663236 1.10617740889612715 -1.75627576473647129
0.02292061962465255 1.11629296507333375 -1.77233434681321711
0.02307908391855340 1.12647238024062468 -1.78849425752765723
0.02323863958338165 1.13671550190069404 -1.80475525333621323
0.02339929413559715 1.14702216391331979 -1.82111706900614800
0.02356105514342692 1.15739218624362694 -1.83757941721542695
0.02372393022722160 1.16782537470828141 -1.85414198814928000
0.02388792705981457 1.17832152071964558 -1.87080444909352805
0.02405305336688331 1.18888040102798853 -1.88756644402481233
0.02421931692731334 1.19950177746178377 -1.90442759319778698
0.02438672557356476 1.21018539666617753 -1.92138749272939879
0.02455528719204117 1.22093098983970383 -1.93844571418037703
0.02472500972346112 1.23173827246932444 -1.95560180413406526
0.02489590116323235 1.24260694406386829 -1.97285528377270425
0.02506796956182830 1.25353668788598438 -1.99020564845134929
0.02524122302516745 1.26452717068268106 -2.00765236726954210
0.02541566971499507 1.27557804241457440 -2.02519488264092429
0.02559131784926784 1.28668893598392686 -2.04283260986093040
0.02576817570254092 1.29785946696160948 -2.06056493667276852
0.02594625160635771 1.30908923331309746 -2.07839122283185507
0.02612555394964243 1.32037781512360075 -2.09631079966888301
0.02630609117909530 1.33172477432247405 -2.11432296965173450
0.02648787179959031 1.34312965440702747 -2.13242700594643919
0.02667090437457610 1.35459198016584326 -2.15062215197735140
0.02685519752647922 1.36611125740176420 -2.16890762098679568
0.02704075993711031 1.37768697265466367 -2.18728259559436333
0.02722760034807320 1.38931859292413140 -2.20574622735607440
0.02741572756117663 1.40100556539222243 -2.22429763632364130
0.02760515043884895 1.41274731714639823 -2.24293591060402342
0.02779587790455549 1.42454325490280276 -2.26166010591952338
0.02798791894321911 1.43639276473000188 -2.28046924516860638
0.02818128260164339 1.44829521177333387 -2.29936231798769697
0.02837597798893873 1.46024993998001773 -2.31833828031416944
0.02857201427695161 1.47225627182513019 -2.33739605395071992
0.02876940070069660 1.48431350803862028 -2.35653452613138459
0.02896814655879134 1.49642092733349408 -2.37575254908940847
0.02916826121389472 1.50857778613528315 -2.39504893962716103
0.02936975409314790 1.52078331831297198 -2.41442247868835924
0.02957263468861828 1.53303673491150372 -2.43387191093280153
0.02977691255774686 1.54533722388599370 -2.45339594431380670
0.02998259732379836 1.55768394983781100 -2.47299324965862199
0.03018969867631460 1.57007605375264725 -2.49266246025199134
0.03039822637157088 1.58251265274072717 -2.51240217142311639
0.03060819023303571 1.59499283977927764 -2.53221094013620851
0.03081960015183355 1.60751568345741336 -2.55208728458487588
0.03103246608721064 1.62008022772358040 -2.57202968379057850
0.03124679806700435 1.63268549163566656 -2.59203657720531089
0.03146260618811551 1.64533046911395209 -2.61210636431880783
0.03167990061698394 1.65801412869703513 -2.63223740427046238
0.03189869159006760 1.67073541330084319 -2.65242801546615903
0.03211898941432467 1.68349323998091638 -2.67267647520029072
0.03234080446769906 1.69628649969807954 -2.69298101928317513
0.03256414719960946 1.70911405708763620 -2.71333984167405706
0.03278902813144147 1.72197475023226887 -2.73375109412000095
0.03301545785704333 1.73486739043875349 -2.75421288580084367
0.03324344704322482 1.74779076201866235 -2.77472328298049264
0.03347300643026002 1.76074362207318558 -2.79528030866475508
0.03370414683239309 1.77372470028224782 -2.81588194226600397
0.03393687913834766 1.78673269869806051 -2.83652611927489540
0.03417121431184000 1.79976629154326462 -2.85721073093936440
0.03440716339209538 1.81282412501383727 -2.87793362395121211
0.03464473749436801 1.82590481708692653 -2.89869260014051866
0.03488394781046485 1.83900695733376485 -2.91948541617812207
0.03512480560927281 1.85212910673784870 -2.94030978328647663
0.03536732223728946 1.86526979751857236 -2.96116336695917459
0.03561150911915772 1.87842753296044540 -2.98204378668935188
0.03585737775820400 1.89160078724813885 -3.00294861570734994
0.03610493973698011 1.90478800530750725 -3.02387538072788109
0.03635420671780883 1.91798760265279222 -3.04482156170702645
0.03660519044333343 1.93119796524019383 -3.06578459160935113
0.03685790273707081 1.94441744932802552 -3.08676185618548971
0.03711235550396835 1.95764438134365482 -3.10775069376051505
0.03736856073096499 1.97087705775740996 -3.12874839503339253
0.03762653048755576 1.98411374496371540 -3.14975220288791391
0.03788627692636030 1.99735267916963655 -3.17075931221542984
0.03814781228369551 2.01059206629105569 -3.19176686974970236
0.03841114888015196 2.02383008185673230 -3.21277197391429903
0.03867629912117412 2.03706487092045840 -3.23377167468285842
0.03894327549764499 2.05029454798152821 -3.25476297345258292
0.03921209058647443 2.06351719691379376 -3.27574282293137609
0.03948275705119166 2.07673087090352126 -3.29670812703897687
0.03975528764254173 2.08993359239630783 -3.31765574082251335
0.04002969519908633 2.10312335305328224 -3.33858247038680567
0.04030599264780860 2.11629811371687504 -3.35948507283989883
0.04058419300472190 2.12945580438639270 -3.38036025625418191
0.04086430937548322 2.14259432420363893 -3.40120467964348761
0.04114635495601049 2.15571154144887256 -3.42201495295663927
0.04143034303310408 2.16880529354735430 -3.44278763708782609
0.04171628698507298 2.18187338708672129 -3.46351924390420773
0.04200420028236487 2.19491359784549900 -3.48420623629124115
0.04229409648820062 2.20792367083299945 -3.50484502821609789
0.04258598925921348 2.22090132034085341 -3.52543198480961184
0.04287989234609223 2.23384423000650267 -3.54596342246723228
0.04317581959422907 2.24675005288887686 -3.56643560896936940
0.04347378494437166 2.25961641155657489 -3.58684476362162252
0.04377380243328013 2.27244089818877759 -3.60718705741527179
0.04407588619438821 2.28522107468922409 -3.62745861320854335
0.04438005045846889 2.29795447281350551 -3.64765550592906118
0.04468630955430507 2.31063859430994389 -3.66777376279792033
0.04499467790936444 2.32327091107437322 -3.68780936357585487
0.04530517005047906 2.33584886531907410 -3.70775824083195849
0.04561780060452988 2.34836986975615680 -3.72761628023535252
0.04593258429913571 2.36083130779567574 -3.74737932087032455
0.04624953596334689 2.37323053375876025 -3.76704315557533853
0.04656867052834411 2.38556487310602039 -3.78660353130635752
0.04689000302814165 2.39783162268154593 -3.80605614952497406
0.04721354860029565 2.41002805097274786 -3.82539666661174937
0.04753932248661712 2.42215139838633897 -3.84462069430523412
0.04786734003389014 2.43419887754070885 -3.86372380016707151
0.04819761669459478 2.44616767357499576 -3.88270150807368042
0.04853016802763484 2.45805494447512007 -3.90154929873490897
0.04886500969907115 2.46985782141702348 -3.92026261024010036
0.04920215748285936 2.48157340912742885 -3.93883683863200140
0.04954162726159295 2.49319878626235703 -3.95726733850896339
0.04988343502725170 2.50473100580365138 -3.97554942365578512
0.05022759688195493 2.51616709547380335 -3.99367836770368489
0.05057412903871987 2.52750405816931822 -4.01164940481977883
0.05092304782222574 2.53873887241285212 -4.02945773042644007
0.05127436966958262 2.54986849282440220 -4.04709850195097509
0.05162811113110581 2.56088985061176189 -4.06456683960597687
0.05198428887109539 2.57179985408050582 -4.08185782720074730
0.05234291966862144 2.58259538916369991 -4.09896651298412973
0.05270402041831444 2.59327331997159183 -4.11588791051914082
0.05306760813116093 2.60383048936150052 -4.13261699958975992
0.05343369993530521 2.61426371952808401 -4.14914872714015281
0.05380231307685603 2.62456981261423339 -4.16547800824674042
0.05417346492069896 2.63474555134277111 -4.18159972712337957
0.05454717295131468 2.64478769966913196 -4.19750873815995007
0.05492345477360246 2.65469300345523518 -4.21319986699468796
0.05530232811370946 2.66445819116470961 -4.22866791162051125
0.05568381081986596 2.67407997457962709 -4.24390764352558048
0.05606792086322609 2.68355504953891533 -4.25891380886840309
0.05645467633871443 2.69288009669858885 -4.27368112968765868
0.05684409546587828 2.70205178231394871 -4.28820430514701822
0.05723619658974628 2.71106675904383909 -4.30247801281507591
0.05763099818169241 2.71992166677712088 -4.31649690998068003
0.05802851884030608 2.72861313348145140 -4.33025563500377153
0.05842877729226850 2.73713777607443154 -4.34374880870185454
0.05883179239323479 2.74549220131725091 -4.35697103577229328
0.05923758312872209 2.75367300673087367 -4.36991690625052431
0.05964616861500417 2.76167678153479779 -4.38258099700421067
0.06005756810001192 2.76950010760848020 -4.39495787326350218
0.06047180096423987 2.77713956047542121 -4.40704209018741011
0.06088888672165952 2.78459171030991204 -4.41882819446626129
0.06130884502063842 2.79185312296649224 -4.43031072596034559
0.06173169564486587 2.79892036103204456 -4.44148421937464288
0.06215745851428463 2.80578998490056186 -4.45234320596964306
0.06258615368602982 2.81245855387045296 -4.46288221530811668
0.06301780135537340 2.81892262726442677 -4.47309577703783035
0.06345242185667553 2.82517876557179948 -4.48297842271002889
0.06389003566434281 2.83122353161315443 -4.49252468763351320
0.06433066339379256 2.83705349172724830 -4.50172911276420251
0.06477432580242388 2.84266521698003594 -4.51058624662992980
0.06522104379059587 2.84805528439562794 -4.51909064729020571
0.06567083840261197 2.85322027820905477 -4.52723688433075910
0.06612373082771117 2.85815679114063936 -4.53501954089251846
0.06657974240106661 2.86286142569172641 -4.54243321573463810
0.06703889460479043 2.86733079546158987 -4.54947252533131863
0.06750120906894577 2.87156152648524055 -4.55613210600193685
0.06796670757256559 2.87555025859185687 -4.56240661607407372
0.06843541204467901 2.87929364678351440 -4.56829073807892971
0.06890734456534416 2.88278836263393279 -4.57377918097866765
0.06938252736668807 2.88603109570685668 -4.57886668242508588
0.06986098283395459 2.88901855499366667 -4.58354801104896215
0.07034273350655847 2.89174747036986002 -4.58781796877954484
0.07082780207914721 2.89421459406992643 -4.59167139319336659
0.07131621140267042 2.89641670218012548 -4.59510315989167495
0.07180798448545608 2.89835059614871460 -4.59810818490570394
0.07230314449429440 2.90001310431303905 -4.60068142712889383
0.07280171475552941 2.90140108344290537 -4.60281789077511316
0.07330371875615763 2.90251142029966491 -4.60451262786199411
0.07380918014493468 2.90334103321030401 -4.60576074071825214
0.07431812273348896 2.90388687365588849 -4.60655738451396246
0.07483057049744396 2.90414592787358750 -4.60689776981255772
0.07534654757754738 2.90411521847153953 -4.60677716514338886
0.07586607828080817 2.90379180605574616 -4.60619089959353278
0.07638918708164215 2.90317279086808089 -4.60513436541743548
0.07691589862302453 2.90225531443461016 -4.60360302066307714
0.07744623771765087 2.90103656122321674 -4.60159239181307900
0.07798022934910616 2.89951376030958485 -4.59909807643926616
0.07851789867304167 2.89768418705055453 -4.59611574586908134
0.07905927101835979 2.89554516476380908 -4.59264114786224109
0.07960437188840763 2.89309406641282107 -4.58867010929589281
0.08015322696217819 2.89032831629600517 -4.58419853885664885
0.08070586209552016 2.88724539173899197 -4.57922242973770999
0.08126230332235576 2.88384282478891674 -4.57373786233939938
0.08182257685590748 2.88011820390963491 -4.56774100697130692
0.08238670908993284 2.87606917567681064 -4.56122812655441923
0.08295472659996748 2.87169344647181779 -4.55419557932154628
0.08352665614457758 2.86698878417340763 -4.54663982151434087
0.08410252466662016 2.86195301984621686 -4.53855741007552460
0.08468235929451211 2.85658404942517929 -4.52994500533472788
0.08526618734350867 2.85087983539496159 -4.52079937368663476
0.08585403631698994 2.84483840846369596 -4.51111739026024328
0.08644593390775629 2.83845786923031218 -4.50089604157810541
0.08704190799933344 2.83173638984482867 -4.49013242820458824
0.08764198666728568 2.82467221566119209 -4.47882376738244936
0.08824619818053861 2.81726366688222063 -4.46696739565704615
0.08885457100271059 2.80950914019641695 -4.45456077148779883
0.08946713379345408 2.80140711040645529 -4.44160147784658044
0.09008391540980545 2.79295613204934057 -4.42808722480305317
0.09070494490754430 2.78415484100825195 -4.41401585209694147
0.09133025154256254 2.77500195611624090 -4.39938533169751267
0.09195986477224254 2.76549628075202047 -4.38419377035065239
0.09259381425684444 2.75563670442818776 -4.36843941211402864
0.09323212986090400 2.74542220437219209 -4.35212064088090411
0.09387484165463919 2.73485184710055362 -4.33523598289329204
0.09452197991536644 2.72392478998671805 -4.31778410924517075
0.09517357512892761 2.71264028282300496 -4.29976383837637055
0.09582965799112571 2.70099766937710850 -4.28117413855791895
0.09649025940917109 2.68899638894350357 -4.26201413036936749
0.09715541050313714 2.67663597789010943 -4.24228308916863917
0.09782514260742688 2.66391607120037488 -4.22198044755468338
0.09849948727224871 2.65083640401096243 -4.20110579782313120
0.09917847626510250 2.63739681314491126 -4.17965889441484162
0.09986214157227666 2.62359723864004613 -4.15763965635687072
0.10055051540035467 2.60943772527219986 -4.13504816969521638
0.10124363017773205 2.59491842407251871 -4.11188468991813227
0.10194151855614454 2.58003959383783599 -4.08814964436840089
0.10264421341220598 2.56480160263285795 -4.06384363464255483
0.10335174784895693 2.54920492928248477 -4.03896743897435773
0.10406415519742446 2.53325016485226984 -4.01352201459936797
0.10478146901819221 2.51693801411466023 -3.98750850009683599
0.10550372310298135 2.50026929699827427 -3.96092821770453973
0.10623095147624222 2.48324495001710410 -3.93378267560164030
0.10696318839675767 2.46586602767619478 -3.90607357015402945
0.10770046835925672 2.44813370385006746 -3.87780278811628065
0.10844282609603929 2.43004927312990127 -3.84897240878382263
0.10919029657861286 2.41161415213527253 -3.81958470608867762
0.10994291501933974 2.39282988078620296 -3.78964215063201770
0.11070071687309559 2.37369812353122489 -3.75914741164669852
0.11146373783894017 2.35422067052718953 -3.72810335888301125
0.11223201386179885 2.33439943876682054 -3.69651306441125271
0.11300558113415557 2.31423647315012326 -3.66437980433498689
0.11378447609775848 2.29373394749612780 -3.63170706040935043
0.11456873544533624 2.27289416549181089 -3.59849852155943273
0.11535839612232673 2.25171956157539821 -3.56475808529423865
0.11615349532861717 2.23021270175168773 -3.53048985901251600
0.11695407052029710 2.20837628433740951 -3.49569816119725507
0.11776015941142259 2.18621314063507777 -3.46038752249643000
0.11857179997579269 2.16372623553410115 -3.42456268668797836
0.11938903044873875 2.14091866803822128 -3.38822861152755284
0.12021188932892556 2.11779367171864363 -3.35139046947800523
0.12104041538016444 2.09435461509238463 -3.31405364831984661
0.12187464763324013 2.07060500192548291 -3.27622375164208401
0.12271462538774915 2.04654847146085439 -3.23790659921307622
0.12356038821395075 2.02218879857055356 -3.19910822723102717
0.12441197595463170 1.99752989383220014 -3.15983488845368266
0.12526942872698282 1.97257580352932238 -3.12009305220685018
0.12613278692448912 1.94733070957526655 -3.07988940427112379
0.12700209121883205 1.92179892936027774 -3.03923084664621079
0.12787738256180636 1.89598491552122739 -2.99812449719197982
0.12875870218724889 1.86989325563347486 -2.95657768914538721
0.12964609161298060 1.84352867182420099 -2.91459797051225200
0.13053959264276330 1.81689602030652986 -2.87219310333272038
0.13143924736826845 1.79000029083375933 -2.82937106281936046
0.13234509817105980 1.76284660607295951 -2.78614003636668128
0.13325718772459053 1.73544022089721506 -2.74250842243089021
0.13417555899621331 1.70778652159584432 -2.69848482927884392
0.13510025524920402 1.67989102500194187 -2.65407807360510173
0.13603132004480051 1.65175937753664637 -2.60929717901613145
0.13696879724425431 1.62339735416962716 -2.56415137438084351
0.13791273101089702 1.59481085729534477 -2.51865009204672052
0.13886316581222044 1.56600591552472723 -2.47280296592095317
0.13982014642197194 1.53698868239197939 -2.42661982941612919
0.14078371792226346 1.50776543497635740 -2.38011071326016044
0.14175392570569484 1.47834257243880218 -2.33328584317028387
0.14273081547749294 1.44872661447339302 -2.28615563739104344
0.14371443325766448 1.41892419967370964 -2.23873070409636288
0.14470482538316343 1.38894208381421236 -2.19102183865588218
0.14570203851007471 1.35878713804682949 -2.14304002076580913
0.14670611961581190 1.32846634701301913 -2.09479641144471707
0.14771711600132961 1.29798680687161005 -2.04630234989472104
0.14873507529335270 1.26735572324275680 -1.99756935022855853
0.14976004544661942 1.23658040906842648 -1.94860909806321914
0.15079207474614068 1.20566828238984280 -1.89943344698074967
0.15183121180947412 1.17462686404235961 -1.85005441485699529
0.15287750558901539 1.14346377526824727 -1.80048418005899280
0.15393100537430371 1.11218673524794953 -1.75073507751189350
0.15499176079434338 1.08080355855034971 -1.70081959463624610
0.15605982181994271 1.04932215250262861 -1.65075036715653400
0.15713523876606758 1.01775051448034159 -1.60054017478195565
0.15821806229421123 0.98609672911835011 -1.55020193676041362
0.15930834341478184 0.95436896544326344 -1.49974870730675858
0.16040613348950503 0.92257547392811901 -1.44919367090639506
0.16151148423384307 0.89072458347001660 -1.39855013749538881
0.16262444771943196 0.85882469829148056 -1.34783153751827012
0.16374507637653393 0.82688429476636793 -1.29705141686481662
0.16487342299650756 0.79491191817116680 -1.24622343168714056
0.16600954073429422 0.76291617936258904 -1.19536134309849373
0.16715348311092296 0.73090575138239233 -1.14447901175526234
0.16830530401603144 0.69888936599044593 -1.09359039232374355
0.16946505771040399 0.66687581012709007 -1.04270952783335558
0.17063279882852889 0.63487392230589612 -0.99185054391803007
0.17180858238117150 0.60289258893802689 -0.94102764294766927
0.17299246375796537 0.57094074058943456 -0.89025509805163161
0.17418449873002248 0.53902734817221809 -0.83954724703632611
0.17538474345256003 0.50716141907154610 -0.78891848619914295
0.17659325446754551 0.47535199320961979 -0.73838326404104981
0.17781008870636109 0.44360813904823282 -0.68795607488032462
0.17903530349248506 0.41193894953158727 -0.63765145237004583
0.18026895654419256 0.38035353797109517 -0.58748396292208849
0.18151110597727393 0.34886103387400169 -0.53746819904053666
0.18276181030777353 0.31747057871775131 -0.48761877256755876
0.18402112845474572 0.28619132167212408 -0.43795030784496675
0.18528911974303014 0.25503241527125931 -0.38847743479482322
0.18656584390604733 0.22400301103778530 -0.33921478192261706
0.18785136108861214 0.19311225506137641 -0.29017696924670222
0.18914573184976669 0.16236928353415334 -0.24137860115783813
0.19044901716563412 0.13178321824544165 -0.19283425921283273
0.19176127843229071 0.10136316203850458 -0.14455849486644898
0.19308257746865756 0.07111819423195630 -0.09656582214588312
0.19441297651941386 0.04105736600865809 -0.04887071027227331
0.19575253825792849 0.01118969577499087 -0.00148757623384717
0.19710132578921277 -0.01847583550651482 0.04556922268454590
0.19845940265289264 -0.04793028900812384 0.09228539641063011
0.19982683282620289 -0.07716477274826389 0.13864672962760408
0.20120368072700057 -0.10617044632008005 0.18463908934559092
0.20259001121679915 -0.13493852563385766 0.23024843249634699
0.20398588960382499 -0.16346028766990880 0.27546081354580082
0.20539138164609347 -0.19172707523843199 0.32026239211885410
0.20680655355450628 -0.21973030174275723 0.36463944063072146
0.20823147199597156 -0.24746145594228525 0.40857835191891778
0.20966620409654391 -0.27491210671131716 0.45206564686982059
0.21111081744458601 -0.30207390778983417 0.49508798203351378
0.21256538009395401 -0.32893860252213214 0.53763215722037461
0.21402996056720233 -0.35549802857904511 0.57968512307258346
0.21550462785881241 -0.38174412265927227 0.62123398860339252
0.21698945143844184 -0.40766892516509201 0.66226602869660733
0.21848450125419838 -0.43326458484745195 0.70276869155828092
0.21998984773593447 -0.45852336341512218 0.74272960611211669
0.22150556179856454 -0.48343764010222545 0.78213658932949537
0.22303171484540685 -0.50799991618805740 0.82097765348439400
0.22456837877154651 -0.53220281946268877 0.85924101332279634
0.22611562596722207 -0.55603910863136241 0.89691509313543061
0.22767352932123661 -0.57950167765022509 0.93398853372191648
0.22924216222439106 -0.60258355998545821 0.97045019923365061
0.23082159857294077 -0.62527793278740529 1.00628918388202426
0.23241191277207801 -0.64757812097087009 1.04149481849788672
0.23401317973943619 -0.66947760119244026 1.07605667692767826
0.23562547490861963 -0.69097000571542722 1.10996458225124273
0.23724887423275626 -0.71204912615295235 1.14320861280623576
0.23888345418807699 -0.73270891707977759 1.17577910800417995
0.24052929177751764 -0.75294349950381878 1.20766667392375737
0.24218646453434586 -0.77274716418884204 1.23886218866785658
0.24385505052581510 -0.79211437482070712 1.26935680747226298
0.24553512835684130 -0.81103977101073421 1.29914196755584976
0.24722677717370542 -0.82951817113128135 1.32820939270452065
0.24893007666778313 -0.84754457498049995 1.35655109758418568
0.25064510707929838 -0.86511416627549709 1.38415939178164793
0.25237194920110279 -0.88222231497568937 1.41102688357635708
0.25411068438248285 -0.89886457944103848 1.43714648345061491
0.25586139453299134 -0.91503670843304996 1.46251140735090424
0.25762416212630668 -0.93073464296980979 1.48711517971837881
0.25939907020411690 -0.94595451804988517 1.51095163631222573
0.26118620238003326 -0.96069266426348365 1.53401492685522989
0.26298564284352799 -0.97494560931272900 1.55629951753637652
0.26479747636390111 -0.98871007946599843 1.57780019341017885
0.26662178829427297 -1.00198300097381821 1.59851206073643493
0.26845866457560524 -1.01476150147538746 1.61843054930655650
0.27030819174075138 -1.02704291142514181 1.63755141480308275
0.27217045691852998 -1.03882476556748604 1.65587074123687450
0.27404554783783092 -1.05010480448444454 1.67338494350102773
0.27593355283174942 -1.06088097623552313 1.69009077007179265
0.27783456084174468 -1.07115143810126612 1.70598530587427977
0.27974866142183086 -1.08091455843207340 1.72106597531492667
0.28167594474279772 -1.09016891859242060 1.73533054546447718
0.28361650159645529 -1.09891331497837808 1.74877712935577234
0.28557042339991229 -1.10714676107427579 1.76140418934150067
0.28753780219988456 -1.11486848950381412 1.77321054044036952
0.28951873067702744 -1.12207795402292065 1.78419535358751746
0.29151330215030596 -1.12877483139700274 1.79435815869772064
0.29352161058138737 -1.13495902310482388 1.80369884744941844
0.29554375057906923 -1.14063065681463871 1.81221767570309766
0.29757981740373779 -1.14579008758546186 1.81991526547925653
0.29962990697185221 -1.15043789875631663 1.82679260643706742
0.30169411586046524 -1.15457490249789863 1.83285105681339000
0.30377254131177361 -1.15820214001331157 1.83809234380123576
0.30586528123769657 -1.16132088138603606 1.84251856336508180
0.30797243422448944 -1.16393262508331174 1.84613217950633191
0.31009409953738992 -1.16603909713111076 1.84893602300491877
0.31223037712529061 -1.16764224998258381 1.85093328967201520
0.31438136762544966 -1.16874426110516927 1.85212753815405784
0.31654717236823277 -1.16934753131299174 1.85252268733048697
0.31872789338188390 -1.16945468287085541 1.85212301334703233
0.32092363339733304 -1.16906855739454363 1.85093314632381523
0.32313449585303744 -1.16819221356979552 1.84895806677374996
0.32536058489985120 -1.16682892470947541 1.84620310176217206
0.32760200540593343 -1.16498217616532784 1.84267392083362247
0.32985886296168992 -1.16265566260772957 1.83837653172697912
0.33213126388474412 -1.15985328518396624 1.83331727589552185
0.33441931522494717 -1.15657914856288779 1.82750282384427232
0.33672312476942301 -1.15283755787152331 1.82094017029334343
0.33904280104764212 -1.14863301552725217 1.81363662917289403
0.34137845333653621 -1.14397021796740561 1.80559982845255163
0.34373019166564794 -1.13885405227692571 1.79683770480620120
0.34609812682230995 -1.13328959271368812 1.78735849811145142
0.34848237035686874 -1.12728209713036587 1.77717074578191592
0.35088303458793546 -1.12083700329140057 1.76628327693002407
0.35330023260767901 -1.11395992508344865 1.75470520635771221
0.35573407828715525 -1.10665664861783508 1.74244592837270940
0.35818468628166800 -1.09893312822391054 1.72951511042863659
0.36065217203617167 -1.09079548233265355 1.71592268658793690
0.36313665179071219 -1.08224998925058347 1.70167885080777537
0.36563824258589855 -1.07330308282481202 1.68679405005027161
0.36815706226841882 -1.06396134800082565 1.67127897721965990
0.37069322949659317 -1.05423151627550338 1.65514456393042586
0.37324686374596050 -1.04412046104870981 1.63840197311177427
0.37581808531490823 -1.03363519287756267 1.62106259145502007
0.37840701533034138 -1.02278285463827223 1.60313802171173037
0.38101377575338496 -1.01157071660110365 1.58464007485150438
0.38363848938513134 -1.00000617142456227 1.56558076208911201
0.38628127987242716 -0.98809672907540769 1.54597228679154908
0.38894227171369411 -0.97585001168149321 1.52582703627613969
0.39162159026479615 -0.96327374832465551 1.50515757351119484
0.39431936174494664 -0.95037576978111293 1.48397662873109093
0.39703571324265036 -0.93716400321692683 1.46229709097778660
0.39977077272169265 -0.92364646684605645 1.44013199958072580
0.40252466902716960 -0.90983126455854357 1.41749453558710470
0.40529753189155343 -0.89572658052623799 1.39439801315425349
0.40808949194080635 -0.88134067379328751 1.37085587091559957
0.41090068070053642 -0.86668187285846010 1.34688166333139914
0.41373123060218814 -0.85175857025613133 1.32248905203507650
0.41658127498928715 -0.83657921714246697 1.29769179718549843
0.41945094812371697 -0.82115231789313903 1.27250374883521866
0.42234038519204559 -0.80548642471854515 1.24693883832413577
0.42524972231189667 -0.78959013230226405 1.22101106970762019
0.42817909653835690 -0.77347207246817418 1.19473451122769836
0.43112864587043542 -0.75714090888133534 1.16812328683533106
0.43409850925756621 -0.74060533178747234 1.14119156777144348
0.43708882660614989 -0.72387405279560968 1.11395356421386582
0.44009973878614655 -0.70695579970808675 1.08642351699687234
0.44313138763771442 -0.68985931140194590 1.05861568940959794
0.44618391597788670 -0.67259333276541200 1.03054435907920450
0.44925746760730267 -0.65516660969289375 1.00222380994419025
0.45235218731698318 -0.63758788414172529 0.97366832432291917
0.45546822089514793 -0.61986588925361974 0.94489217508204526
0.45860571513408505 -0.60200934454355726 0.91590961790911596
0.46176481783706874 -0.58402695115864045 0.88673488369334685
0.46494567782531782 -0.56592738720924174 0.85738217101822423
0.46814844494500796 -0.54771930317455497 0.82786563876926023
0.47137327007433427 -0.52941131738449465 0.79819939885996694
0.47462030513061321 -0.51101201157973186 0.76839750907886528
0.47788970307744211 -0.49252992655145428 0.73847396606003735
0.48118161793190767 -0.47397355786232592 0.70844269837955565
0.48449620477183586 -0.45535135164998125 0.67831755977989627
0.48783361974310091 -0.43667170051423559 0.64811232252422180
0.49119402006698276 -0.41794293948910849 0.61784067088227246
0.49457756404756831 -0.39917334210064365 0.58751619474944383
0.49798441107921515 -0.38037111651139605 0.55715238340044682
0.50141472165405510 -0.36154440175240721 0.52676261937887514
0.50486865736955655 -0.34270126404337697 0.49636017252383868
0.50834638093614049 -0.32384969320169832 0.46595819413475054
0.51184805618483975 -0.30499759914096364 0.43556971127527522
0.51537384807502007 -0.28615280845948016 0.40520762121734055
0.51892392270215304 -0.26732306111931092 0.37488468602608277
0.52249844730563633 -0.24851600721631539 0.34461352728653666
0.52609759027667324 -0.22973920384162166 0.31440662097281946
0.52972152116621019 -0.21100011203494773 0.28427629246054287
0.53337041069291669 -0.19230609383016889 0.25423471168315220
0.53704443075123121 -0.17366440939349470 0.22429388843285417
0.54074375441946221 -0.15508221425461655 0.19446566780678803
0.54446855596793509 -0.13656655663117126 0.16476172579907500
0.54821901086720481 -0.11812437484684250 0.13519356503935218
0.55199529579632578 -0.09976249484342127 0.10577251067839569
0.55579758865116813 -0.08148762778713024 0.07650970642141670
0.55962606855280195 -0.06330636776950210 0.04741611070959668
0.56348091585593751 -0.04522518960309525 0.01850249305041715
0.56736231215741650 -0.02725044671231507 -0.01022056950267820
0.57127044030476937 -0.00938836911959847 -0.03874269572076593
0.57520548440483177 0.00835493847279218 -0.06705370341956067
0.57916762983241210 0.02597349850512774 -0.09514361252867051
0.58315706323902683 0.04346146228649461 -0.12300264800950031
0.58717397256169712 0.06081311162477562 -0.15062124262131646
0.59121854703179433 0.07802286036010610 -0.17799003953498835
0.59529097718396295 0.09508525580157455 -0.20509989479390012
0.59939145486508971 0.11199498006693204 -0.23194187962152107
0.60352017324334362 0.12874685132505184 -0.25850728257507699
0.60767732681727959 0.14533582494085825 -0.28478761154472904
0.61186311142499428 0.16175699452241393 -0.31077459559761511
0.61607772425335505 0.17800559286980719 -0.33646018666602762
0.62032136384729264 0.19407699282543758 -0.36183656107893547
0.62459423011914772 0.20996670802524753 -0.38689612093597214
0.62889652435809140 0.22567039355038021 -0.41163149532290993
0.63322844923961197 0.24118384647869517 -0.43603554136756101
0.63759020883505479 0.25650300633552131 -0.46010134513497575
0.64198200862124022 0.27162395544296369 -0.48382222236070876
0.64640405549014601 0.28654291916712193 -0.50719171902101690
0.65085655775864737 0.30125626606238876 -0.53020361173852970
0.65533972517833383 0.31576050791228877 -0.55285190802247708
0.65985376894539371 0.33005229966626431 -0.57513084634246026
0.66439890171055649 0.34412843927171405 -0.59703489603459459
0.66897533758911365 0.35798586740129063 -0.61855875704008778
0.67358329217100954 0.37162166707512395 -0.63969735947571382
0.67822298253098967 0.38503306317829417 -0.66044586303678643
0.68289462723883121 0.39821742187435893 -0.68079965623405947
0.68759844636964218 0.41117224991588858 -0.70075435546620701
0.69233466151422274 0.42389519385384639 -0.72030580393103405
0.69710349578950681 0.43638403914812501 -0.73945007037934718
0.70190517384907669 0.44863670918232817 -0.75818344771668966
0.70673992189373802 0.46065126418664887 -0.77650245145939933
0.71160796768218526 0.47242590007347790 -0.79440381805270721
0.71650954054172245 0.48395894719123550 -0.81188450305998150
0.72144487137907043 0.49524886900267101 -0.82894167923342010
0.72641419269124807 0.50629426069466921 -0.84557273447773218
0.73141773857651804 0.51709384772725897 -0.86177526971938689
0.73645574474541731 0.52764648433006933 -0.87754709669481035
0.74152844853186650 0.53795115195489529 -0.89288623567153491
0.74663608890434163 0.54800695769327756 -0.90779091311659876
0.75177890647713608 0.55781313266799393 -0.92225955932639347
0.75695714352169929 0.56736903040719466 -0.93629080603179415
0.76217104397804170 0.57667412520948547 -0.94988348399160749
0.76742085346623079 0.58572801050758072 -0.96303662058617168
0.77270681929796636 0.59453039723730672 -0.97574943742148179
0.77802919048822172 0.60308111221766170 -0.98802134795239860
0.78338821776697964 0.61138009654638437 -0.99985195513138592
0.78878415359104803 0.61942740401416285 -1.01124104908703449
0.79421725215594319 0.62722319953919403 -1.02218860483429363
0.79968776940787090 0.63476775762233273 -1.03269478001592296
0.80519596305578611 0.64206146082170867 -1.04275991267249757
0.81074209258352603 0.64910479824436484 -1.05238451903615648
0.81632641926203720 0.65589836405128055 -1.06156929134142075
0.82194920616168921 0.66244285597116692 -1.07031509564488725
0.82761071816465814 0.66873907381764741 -1.07862296964441629
0.83331122197740892 0.67478791800384297 -1.08649412048757177
0.83905098614326490 0.68059038804809235 -1.09392992255869381
0.84483028105504709 0.68614758106446250 -1.10093191523395784
0.85064937896782500 0.69146069023178369 -1.10750180059401293
0.85650855401173109 0.69653100323535588 -1.11364144108453789
0.86240808220487908 0.70135990067588927 -1.11935285711582999
0.86834824146637202 0.70594885444092392 -1.12463822459372698
0.87432931162938499 0.71029942603469576 -1.12949987237538818
0.88035157445435230 0.71441326486316614 -1.13394027964474753
0.88641531364224579 0.71829210647177655 -1.13796207320386911
0.89252081484793000 0.72193777073429677 -1.14156802467776464
0.89866836569362407 0.72535215999187019 -1.14476104763146447
0.90485825578245527 0.72853725714211648 -1.14754419459937451
0.91109077671209349 0.73149512367880454 -1.14992065402801380
0.91736622208849117 0.73422789768314989 -1.15189374713411308
0.92368488753972133 0.73673779176831566 -1.15346692468090795
0.93004707072989290 0.73902709097911601 -1.15464376367612886
0.93645307137317935 0.74109815064919993 -1.15542796399565351
0.94290319124794220 0.74295339421831175 -1.15582334493726679
0.94939773421093754 0.74459531101238730 -1.15583384170927106
0.95593700621163524 0.74602645398936418 -1.15546350185884483
0.96252131530663754 0.74724943745369388 -1.15471648164523466
0.96915097167417996 0.74826693474258876 -1.15359704236293759
0.97582628762874912 0.74908167588701524 -1.15210954661999243
0.98254757763580092 0.74969644525047208 -1.15025845457653686
0.98931515832656336 0.75011407914855610 -1.14804832014874769
0.99612934851295887 0.75033746345225405 -1.14548378718315558
1.00299046920262747 0.75036953117787752 -1.14256958560632293
1.00989884361403748 0.75021326006651712 -1.13931052755478879
1.01685479719172500 0.74987167015579104 -1.13571150349004157
1.02385865762161421 0.74934782134668609 -1.13177747830331654
1.03091075484645822 0.74864481096817381 -1.12751348741482849
1.03801142108138866 0.74776577134227362 -1.12292463287205813
1.04516099082955427 0.74671386735220557 -1.11801607945163317
1.05235980089788472 0.74549229401618122 -1.11279305076923585
1.05960819041296261 0.74410427406938928 -1.10726082540195803
1.06690650083698868 0.74255305555668683 -1.10142473302745758
1.07425507598387227 0.74084190943842609 -1.09529015058415502
1.08165426203543413 0.73897412721185407 -1.08886249845669925
1.08910440755770344 0.73695301855045869 -1.08214723669085089
1.09660586351734346 0.73478190896357121 -1.07514986124180822
1.10415898329819151 0.73246413747850692 -1.06787590025997181
1.11176412271789449 0.73000305434747947 -1.06033091041804139
1.11942164004467637 0.72740201878142718 -1.05252047328320941
1.12713189601422270 0.72466439671286131 -1.04445019173814013
1.13489525384666146 0.72179355858978589 -1.03612568645433023
1.14271207926368090 0.71879287720262153 -1.02755259242126007
1.15058274050576292 0.71566572554604013 -1.01873655553467923
1.15850760834951960 0.71241547471752009 -1.00968322924723131
1.16648705612516523 0.70904549185433030 -1.00039827128442793
1.17452145973411026 0.70555913811059234 -0.99088734042890292
1.18261119766665646 0.70195976667597637 -0.98115609337570098
1.19075665101983330 0.69825072083747142 -0.97121018166117823
1.19895820351535809 0.69443533208560204 -0.96105524866796155
1.20721624151769702 0.69051691826637462 -0.95069692670827144
1.21553115405228396 0.68649878178009138 -0.94014083418767302
1.22390333282383090 0.68238420782815068 -0.92939257285126964
1.23233317223478811 0.67817646270877274 -0.91845772511407353
1.24082106940393033 0.67387879216255697 -0.90734185147721524
1.24936742418505098 0.66949441976864787 -0.89605048803144094
1.25797263918580571 0.66502654539219497 -0.88458914404919475
1.26663711978668481 0.66047834368371072 -0.87296329966644148
1.27536127416009770 0.65585296263082082 -0.86117840365520237
1.28414551328960691 0.65115352216282452 -0.84923987128764611
1.29299025098929765 0.64638311280837668 -0.83715308229239627
1.30189590392325605 0.64154479440654277 -0.82492337890361189
1.31086289162520631 0.63664159487136440 -0.81255606400321168
1.31989163651828068 0.63167650901000760 -0.80005639935649231
1.32898256393490533 0.62665249739449991 -0.78742960394127381
1.33813610213684386 0.62157248528694642 -0.77468085237052764
1.34735268233538008 0.61643936161808022 -0.76181527340835553
1.35663273871161705 0.61125597801892606 -0.74883794857906505
1.36597670843693786 0.60602514790526407 -0.73575391086893582
1.37538503169360782 0.60074964561454036 -0.72256814352018961
1.38485815169549564 0.59543220559481469 -0.70928557891657051
1.39439651470896098 0.59007552164524513 -0.69591109755980129
1.40400057007388401 0.58468224620761566 -0.68244952713615759
1.41367077022481880 0.57925498970810729 -0.66890564167200006
1.42340757071231394 0.57379631994927294 -0.65528416077798035
1.43321143022438102 0.56830876155080323 -0.64158974897995846
1.44308281060808552 0.56279479543854405 -0.62782701513572425
1.45302217689132229 0.55725685838166839 -0.61400051193702365
1.46302999730470673 0.55169734257596270 -0.60011473549415051
1.47310674330363889 0.54611859527355811 -0.58617412500308630
1.48325288959052193 0.54052291845782319 -0.57218306249322504
1.49346891413710736 0.53491256856209335 -0.55814587265370597
1.50375529820702170 0.52928975623196595 -0.54406682273751927
1.51411252637844407 0.52365664612979235 -0.52995012254127705
1.52454108656692022 0.51801535678054822 -0.51579992445914136
1.53504147004835301 0.51236796045803823 -0.50162032360911879
1.54561417148215696 0.50671648311042528 -0.48741535802994485
1.55625968893454147 0.50106290432406975 -0.47318900894673765
1.56697852390198511 0.49540915732460444 -0.45894520110352738
1.57777118133486671 0.48975712901420443 -0.44468780316075979
1.58863816966123794 0.48410866004398279 -0.43042062815582921
1.59958000081078100 0.47846554492042098 -0.41614743402464044
1.61059719023893511 0.47282953214475776 -0.40187192418218987
1.62169025695116265 0.46720232438425019 -0.38759774816012499
1.63285972352740405 0.46158557867420275 -0.37332850229919223
1.64410611614670854 0.45598090664966745 -0.35906773049447577
1.65542996461200076 0.45038987480573645 -0.34481892499131039
1.66683180237505080 0.44481400478530458 -0.33058552722970236
1.67831216656161164 0.43925477369322496 -0.31637092873509748
1.68987159799670472 0.43371361443576806 -0.30217847205331055
1.70151064123010665 0.42819191608428520 -0.28801145172739967
1.71322984456201199 0.42269102426200622 -0.27387311531426728
1.72502976006884090 0.41721224155290210 -0.25976666443875707
1.73691094362927045 0.41175682793153084 -0.24569525588298161
1.74887395495040243 0.40632600121283280 -0.23166200270863607
1.76091935759413643 0.40092093752080998 -0.21766997541001229
1.77304771900373059 0.39554277177506258 -0.20372220309543726
1.78525961053051230 0.39019259819416735 -0.18982167469485128
1.79755560746080478 0.38487147081487072 -0.17597134019122226
1.80993628904303661 0.37958040402611209 -0.16217411187350067
1.82240223851501071 0.37432037311689537 -0.14843286560881233
1.83495404313138932 0.36909231483703203 -0.13475044213157636
1.84759229419136894 0.36389712796980977 -0.12112964834724212
1.86031758706651473 0.35873567391565597 -0.10757325864833778
1.87313052122882051 0.35360877728586537 -0.09408401624051629
1.88603170027895439 0.34851722650549988 -0.08066463447629557
1.89902173197467894 0.34346177442457748 -0.06731779819418693
1.91210122825948781 0.33844313893667033 -0.05404616506090937
1.92527080529144534 0.33346200360430528 -0.04085236691443229
1.93853108347219338 0.32851901828867452 -0.02773901110530347
1.95188268747618587 0.32361479978737800 -0.01470868183472078
1.96532624628012798 0.31874993247366085 -0.00176394148592758
1.97886239319258661 0.31392496894053584 0.01109266805235995
1.99249176588383281 0.30914043064517244 0.02385862407300775
2.00621500641589323 0.30439680855807166 0.03653142175084131
2.02003276127277731 0.29969456381210235 0.04910857285744088
2.03394568139093934 0.29503412835229953 0.06158760449360565
2.04795442218995793 0.29041590558554298 0.07396605784117492
2.06205964360338356 0.28584027102950027 0.08624148693651421
2.07626201010985856 0.28130757296021019 0.09841145746784631
2.09056219076439209 0.27681813305773101 0.11047354559858071
2.10496085922989185 0.27237224704927732 0.12242533681877987
2.11945869380890795 0.26797018534930772 0.13426442482688769
2.13405637747556742 0.26361219369604605 0.14598841044382854
2.14875459790775691 0.25929849378393405 0.15759490056155967
2.16355404751953095 0.25502928389154284 0.16908150712814699
2.17845542349370769 0.25080473950449889 0.18044584617141454
2.19345942781472392 0.24662501393298766 0.19168553686319098
2.20856676730171486 0.24249023892343316 0.20279820062616274
2.22377815364179110 0.23840052526397471 0.21378146028532274
2.23909430342357307 0.23435596338337314 0.22463293926597511
2.25451593817096496 0.23035662394301057 0.23535026084024047
2.27004378437711551 0.22640255842167106 0.24593104742398844
2.28567857353866044 0.22249379969279812 0.25637291992608663
2.30142104219018861 0.21863036259395910 0.26667349715184857
2.31727193193891834 0.21481224448826353 0.27683039526253478
2.33323198949964450 0.21103942581749588 0.28684122729272754
2.34930196672992908 0.20731187064674900 0.29670360272738955
2.36548262066549286 0.20362952720036745 0.30641512714038782
2.38177471355589265 0.19999232838901498 0.31597340189622791
2.39817901290044277 0.19640019232770975 0.32537602391672826
2.41469629148434395 0.19285302284468853 0.33462058551433971
2.43132732741510260 0.18935070998096667 0.34370467429376711
2.44807290415919843 0.18589313048048819 0.35262587312354138
2.46493381057896288 0.18248014827077330 0.36138176017915002
2.48191084096977521 0.17911161493397695 0.36996990905929089
2.49900479509745121 0.17578737016830137 0.37838788897680409
2.51621647823593220 0.17250724223970335 0.38663326502577022
2.53354670120523284 0.16927104842386032 0.39470359852624398
2.55099628040961113 0.16607859543837095 0.40259644744805562
2.56856603787604332 0.16292967986516999 0.41030936691504238
2.58625680129295965 0.15982408856315702 0.41783990979105673
2.60406940404921050 0.15676159907104753 0.42518562734903875
2.62200468527333941 0.15374198000045952 0.43234407002437714
2.64006348987312522 0.15076499141926461 0.43931278825374920
2.65824666857535963 0.14783038522524172 0.44608933340056989
2.67655507796593595 0.14493790551007488 0.45267125876810643
2.69498958053021731 0.14208728891374969 0.45905612070127239
2.71355104469363706 0.13927826496941398 0.46524147977805308
2.73224034486262513 0.13651055643876636 0.47122490209142370
2.75105836146581328 0.13378387963805408 0.47700396062258488
2.77000598099548245 0.13109794475476533 0.48257623670626021
2.78908409604933905 0.12845245615510628 0.48793932158871800
2.80829360537257955 0.12584711268236240 0.49309081807912519
2.82763541390019668 0.12328160794625484 0.49802834229477394
2.84711043279962883 0.12075563060340012 0.50274952550062224
2.86671957951369549 0.11826886462899769 0.50725201604355308
2.88646377780378760 0.11582098957987448 0.51153348138167642
2.90634395779340204 0.11341168084901905 0.51559161020891442
2.92636105601196883 0.11104060991174960 0.51942411467507466
2.94651601543894071 0.10870744456366822 0.52302873270154504
2.96680978554825137 0.10641184915055452 0.52640323039267223
2.98724332235300905 0.10415348479036896 0.52954540454287291
3.00781758845055025 0.10193200958753489 0.53245308523943702
3.02853355306780125 0.09974707883968091 0.53512413856097885
3.04939219210690604 0.09759834523703369 0.53755646937145762
3.07039448819121263 0.09548545905465364 0.53974802420963819
3.09154143071158360 0.09340806833771803 0.54169679427387907
3.11283401587297037 0.09136581908006371 0.54340081850212341
3.13427324674135965 0.08935835539620406 0.54485818674694764
3.15586013329104409 0.08738531968704608 0.54606704304555509
3.17759569245216467 0.08544635279954005 0.54702558898462550
3.19948094815863815 0.08354109418049538 0.54773208715992383
3.22151693139640605 0.08166918202480715 0.54818486473063988
3.24370468025197134 0.07983025341834121 0.54838231706845697
3.26604523996131801 0.07802394447572672 0.54832291150137813
3.28853966295916722 0.07624989047331159 0.54800519115239676
3.31118900892852341 0.07450772597753931 0.54742777887315597
3.33399434485060953 0.07279708496900258 0.54658938127275281
3.35695674505515118 0.07111760096243333 0.54548879284191643
3.38007729127094736 0.06946890712288793 0.54412490017282111
3.40335707267685450 0.06785063637838061 0.54249668627479508
3.42679718595310590 0.06626242152921882 0.54060323498622875
3.45039873533294417 0.06470389535428872 0.53844373548297730
3.47416283265465609 0.06317469071453066 0.53601748688350837
3.49809059741397022 0.06167444065384028 0.53332390295102428
3.52218315681675032 0.06020277849762223 0.53036251689271385
3.54644164583214483 0.05875933794922206 0.52713298625615668
3.57086720724601214 0.05734375318437512 0.52363509792280705
3.59546099171477529 0.05595565894407248 0.51986877319826108
3.62022415781964479 0.05459469062569366 0.51583407299882444
3.64515787212116038 0.05326048437277442 0.51153120313377309
3.67026330921416610 0.05195267716379367 0.50696051968112954
3.69554165178316163 0.05067090689950569 0.50212253445839394
3.72099409065798081 0.04941481248957493 0.49701792058328231
3.74662182486990636 0.04818403393828328 0.49164751812209179
3.77242606170817796 0.04697821242928378 0.48601233982704634
3.79840801677682238 0.04579699040987070 0.48011357695260543
3.82456891405194277 0.04464001167449424 0.47395260515204046
3.85090998593939648 0.04350692144767999 0.46753099044828977
3.87743247333281227 0.04239736646635631 0.46085049527039501
3.90413762567206657 0.04131099506159638 0.45391308455287921
3.93102670100216622 0.04024745723976621 0.44672093188836753
3.95810096603246819 0.03920640476305617 0.43927642572583703
3.98536169619637626 0.03818749122935677 0.43158217560491607
4.01281017571144627 0.03719037215142949 0.42364101841573465
4.04044769763983957 0.03621470503531090 0.41545602467267317
4.06827556394925782 0.03526014945787554 0.40703050478913438
4.09629508557430455 0.03432636714347508 0.39836801533924071
4.12450758247818960 0.03341302203956290 0.38947236529107215
4.15291438371494248 0.03251978039120308 0.38034762219470353
4.18151682749203335 0.03164631081435929 0.37099811830696688
4.21031626123337333 0.03079228436785286 0.36142845663346290
4.23931404164284142 0.02995737462387391 0.35164351686691581
4.26851153476814815 0.02914125773692973 0.34164846119956654
4.29791011606521067 0.02834361251110915 0.33144873998582525
4.32751117046297207 0.02756412046554421 0.32105009722998573
4.35731609242859541 0.02680246589794968 0.31045857587236281
4.38732628603318098 0.02605833594612161 0.29968052284578117
4.41754316501793021 0.02533142064728024 0.28872259387295329
4.44796815286070313 0.02462141299514541 0.27759175797392033
4.47860268284309537 0.02392800899463601 0.26629530165138260
4.50944819811798503 0.02325090771409127 0.25484083272048508
4.54050615177746941 0.02258981133491730 0.24323628374840395
4.57177800692133918 0.02194442519856797 0.23148991506791566
4.60326523672603471 0.02131445785077712 0.21961031732807906
4.63496932451398713 0.02069962108296709 0.20760641354418097
4.66689176382352855 0.02009962997076523 0.19548746060820410
4.69903405847926958 0.01951420290957044 0.18326305022032746
4.73139772266289604 0.01894306164711988 0.17094310920132094
4.76398428098452786 0.01838593131301492 0.15853789914517488
4.79679526855455585 0.01784254044517615 0.14605801537094554
4.82983223105592252 0.01731262101320612 0.13351438513257449
4.86309672481695010 0.01679590843864872 0.12091826504537610
4.89659031688469248 0.01629214161214418 0.10828123768800021
4.93031458509869847 0.01580106290748914 0.09561520733896454
4.96427111816537092 0.01532241819262067 0.08293239480731128
4.99846151573283315 0.01485595683755343 0.07024533131760777
5.03288738846622596 0.01440143171930990 0.05756685141036182
5.06755035812365673 0.01395859922389155 0.04491008481996882
5.10245205763253029 0.01352721924535067 0.03228844729356881
5.13759413116650521 0.01310705518202962 0.01971563031564316
5.17297823422297665 0.01269787393004473 0.00720558970484835
5.20860603370100783 0.01229944587410011 -0.00522746694854723
5.24447920797988143 0.01191154487572421 -0.01756909403418372
5.28059944699819717 0.01153394825903027 -0.02980462288936873
5.31696845233342508 0.01116643679410848 -0.04191917800787869
5.35358793728209381 0.01080879467816392 -0.05389769451193086
5.39045962694052694 0.01046080951452008 -0.06572493690658662
5.42758525828605887 0.01012227228961335 -0.07738551913279133
5.46496658025888138 0.00979297734810718 -0.08886392593201506
5.50260535384447369 0.00947272236625884 -0.10014453553204253
5.54050335215649259 0.00916130832367441 -0.11121164365987411
5.57866236052033670 0.00885853947358886 -0.12204948888393614
5.61708417655727565 0.00856422331180980 -0.13264227928388631
5.65577061026908012 0.00827817054446355 -0.14297422044222188
5.69472348412331364 0.00800019505468103 -0.15302954474766262
5.73394463313921854 0.00773011386836021 -0.16279254199590384
5.77343590497410020 0.00746774711913911 -0.17224759126880596
5.81319916001040049 0.00721291801271048 -0.18137919406840222
5.85323627144336545 0.00696545279060529 -0.19017200867729128
5.89354912536922804 0.00672518069356817 -0.19861088571201146
5.93413962087409441 0.00649193392464209 -0.20668090483086898
5.97500967012343231 0.00626554761207445 -0.21436741255243491
6.01616119845208175 0.00604585977215038 -0.22165606113550626
6.05759614445503924 0.00583271127205203 -0.22853284846574501
6.09931646007870754 0.00562594579283617 -0.23498415888849175
6.14132411071287976 0.00542540979261442 -0.24099680492134137
6.18362107528336136 0.00523095247001335 -0.24655806977401742
6.22620934634512757 0.00504242572798375 -0.25165575059685635
6.26909093017622254 0.00485968413802037 -0.25627820237279908
6.31226784687230946 0.00468258490484589 -0.26041438236122566
6.35574213044176251 0.00451098783160518 -0.26405389499522269
6.39951582890152437 0.00434475528560780 -0.26718703712693992
6.44359100437361665 0.00418375216464986 -0.26980484350861633
6.48796973318221504 0.00402784586393887 -0.27189913238960406
6.53265410595150353 0.00387690624363831 -0.27346255110229256
6.57764622770418317 0.00373080559704223 -0.27448862150229963
6.62294821796058031 0.00358941861938419 -0.27497178512060083
6.66856221083852052 0.00345262237727874 -0.27490744787746491
6.71449035515390236 0.00332029627878874 -0.27429202420017074
6.76073481452185465 0.00319232204410692 -0.27312298037853044
6.80729776745870030 0.00306858367683547 -0.27139887698421916
6.85418140748460925 0.00294896743584404 -0.26911941017192798
6.90138794322687321 0.00283336180768283 -0.26628545167237844
6.94891959852397711 0.00272165747952458 -0.26289908727933403
6.99677861253040323 0.00261374731260699 -0.25896365362498458
7.04496723982204198 0.00250952631614503 -0.25448377303049169
7.09348775050243230 0.00240889162168108 -0.24946538621111813
7.14234243030975069 0.00231174245783964 -0.24391578260832564
7.19153358072439097 0.00221798012545289 -0.23784362811454995
7.24106351907749612 0.00212750797302262 -0.23125898995011029
7.29093457866002304 0.00204023137248459 -0.22417335844603301
7.34114910883271410 0.00195605769524114 -0.21659966548144702
7.39170947513679444 0.00187489628842881 -0.20855229931983618
7.44261805940534860 0.00179665845138868 -0.20004711558483471
7.49387725987554987 0.00172125741230779 -0.19110144411354932
7.54548949130168989 0.00164860830500194 -0.18173409142370828
7.59745718506884682 0.00157862814581098 -0.17196533853035834
7.64978278930746658 0.00151123581057990 -0.16181693384846596
7.70246876900873456 0.00144635201170042 -0.15131208091977996
7.75551760614061170 0.00138389927518977 -0.14047542070576038
7.80893179976480489 0.00132380191778521 -0.12933300819340657
7.86271386615452528 0.00126598602403497 -0.11791228306757007
7.91686633891295788 0.00121037942336803 -0.10624203421191228
7.97139176909264169 0.00115691166712744 -0.09435235781119730
8.02629272531570415 0.00110551400555383 -0.08227460884023483
8.08157179389476887 0.00105611936470754 -0.07004134573961358
8.13723157895484306 0.00100866232332027 -0.05768626809551086
8.19327470255603352 0.00096307908956848 -0.04524414716046583
8.24970380481698484 0.00091930747776308 -0.03275074907415020
8.30652154403929366 0.00087728688495157 -0.02024275066797481
8.36373059683278619 0.00083695826743058 -0.00775764776493519
8.42133365824150992 0.00079826411716835 0.00466634408349992
8.47933344187075200 0.00076114843813838 0.01699039644833781
8.53773268001491026 0.00072555672256670 0.02917518245043499
8.59653412378610682 0.00069143592709708 0.04118099871356860
8.65574054324390119 0.00065873444887918 0.05296789475011696
8.71535472752569795 0.00062740210158635 0.06449580964084400
8.77537948497815989 0.00059739009137066 0.07572471582182011
8.83581764328957142 0.00056865099276364 0.08661476974005101
8.89667204962294100 0.00054113872453247 0.09712646908498961
8.95794557075018716 0.00051480852550177 0.10722081624586118
9.01964109318722329 0.00048961693035209 0.11685948758478572
9.08176152332984898 0.00046552174540687 0.12600500805317727
9.14430978759071600 0.00044248202441999 0.13462093061404196
9.20728883253723041 0.00042045804437664 0.14267201986583655
9.27070162503026651 0.00039941128132053 0.15012443919475196
9.33455115236398569 0.00037930438622091 0.15694594071197965
9.39884042240660378 0.00036010116089280 0.16310605716109175
9.46357246374199690 0.00034176653398430 0.16857629490851914
9.52875032581242287 0.00032426653704478 0.17333032705772095
9.59437707906221782 0.00030756828068768 0.17734418565554305
9.66045581508235429 0.00029163993086187 0.18059645188802109
9.72698964675612210 0.00027645068524514 0.18306844309312648
9.79398170840582871 0.00026197074977347 0.18474439535038192
9.86143515594034170 0.00024817131531936 0.18561164034261696
9.92935316700382486 0.00023502453453249 0.18566077512416759
9.99773894112547623 0.00022250349885535 0.18488582337343340
10.06659569987014713 0.00021058221572656 0.18328438665674945
10.13592668699016741 0.00019923558598398 0.18085778418595488
10.20573516857819385 0.00018843938147943 0.17761117951485667
10.27602443322096626 0.00017817022291643 0.17355369259099046
10.34679779215434792 0.00016840555792194 0.16869849555973160
10.41805857941921332 0.00015912363936257 0.16306289070901914
10.48981015201854206 0.00015030350391541 0.15666836894577904
10.56205589007563006 0.00014192495090298 0.14954064721072741
10.63479919699321208 0.00013396852140145 0.14170968326767913
10.70804349961384183 0.00012641547763055 0.13320966634788278
10.78179224838138772 0.00011924778263349 0.12407898219033761
10.85604891750345935 0.00011244808025415 0.11436015109653409
10.93081700511513965 0.00010599967541879 0.10409973771357112
11.00610003344382370 0.00009988651472860 0.09334823137405987
11.08190154897503987 0.00009409316736926 0.08215989595541759
11.15822512261957122 0.00008860480634268 0.07059258837578435
11.23507434988173870 0.00008340719002620 0.05870754501944223
11.31245285102866305 0.00007848664406334 0.04656913558167664
11.39036427126086970 0.00007383004359027 0.03424458404172844
11.46881228088406779 0.00006942479580123 0.02180365671288928
11.54780057548193817 0.00006525882285594 0.00931831758068398
11.62733287609027499 0.00006132054513138 -0.00313764857697327
11.70741292937236366 0.00005759886481989 -0.01548904449048198
11.78804450779532864 0.00005408314987521 -0.02765969900035689
11.86923140980793434 0.00005076321830729 -0.03957293449979453
11.95097746001958150 0.00004762932282680 -0.05115206140080737
12.03328650938034805 0.00004467213583924 -0.06232089743562720
12.11616243536247062 0.00004188273478865 -0.07300430922217546
12.19960914214307124 0.00003925258785020 -0.08312877313054046
12.28363056078792503 0.00003677353997070 -0.09262295208984229
12.36823064943682482 0.00003443779925573 -0.10141828457528310
12.45341339348988541 0.00003223792370161 -0.10944958161770596
12.53918280579536493 0.00003016680827019 -0.11665562728713041
12.62554292683876156 0.00002821767230411 -0.12297977772249578
12.71249782493303115 0.00002638404727994 -0.12837055341757839
12.80005159641030055 0.00002465976489603 -0.13278221913352048
12.88820836581490603 0.00002303894549213 -0.13617534549775884
12.97697228609757403 0.00002151598679700 -0.13851734607380251
13.06634753881110811 0.00002008555300051 -0.13978298345299692
13.15633833430746158 0.00001874256414615 -0.13995483773509099
13.24694891193594515 0.00001748218583970 -0.13902373063615786
13.33818354024298891 0.00001629981926995 -0.13698909839736359
13.43004651717330766 0.00001519109153652 -0.13385930667338453
13.52254217027224570 0.00001415184628044 -0.12965190066192578
13.61567485688968482 0.00001317813461231 -0.12439378390255379
13.70944896438540361 0.00001226620633313 -0.11812131943033459
13.80386891033561803 0.00001141250144264 -0.11088034732343567
13.89893914274114195 0.00001061364192982 -0.10272611313913031
13.99466414023702043 0.00000986642384028 -0.09372310229397349
14.09104841230335481 0.00000916780961491 -0.08394477611471711
14.18809649947781004 0.00000851492069440 -0.07347320606908106
14.28581297356959823 0.00000790503038384 -0.06239860358076860
14.38420243787468600 0.00000733555697187 -0.05081874384053821
14.48326952739274454 0.00000680405709852 -0.03883828314248165
14.58301890904555620 0.00000630821936609 -0.02656797049782474
14.68345528189669658 0.00000584585818719 -0.01412375560142251
14.78458337737311012 0.00000541490786415 -0.00162579664036930
14.88640795948781026 0.00000501341689411 0.01080262707082663
14.98893382506439842 0.00000463954249372 0.02303629108130205
15.09216580396309659 0.00000429154533799 0.03494928225900997
15.19610875930813876 0.00000396778450716 0.04641632589894180
15.30076758771692269 0.00000366671263612 0.05731417201110125
15.40614721953078536 0.00000338687126047 0.06752302766269376
15.51225261904708930 0.00000312688635368 0.07692802063253550
15.61908878475316698 0.00000288546404962 0.08542067808312778
15.72666074956188353 0.00000266138654485 0.09290040249748541
15.83497358104856190 0.00000245350817534 0.09927592579582095
15.94403238168977666 0.00000226075166188 0.10446672137531275
16.05384228910383726 0.00000208210451911 0.10840435283932147
16.16440847629262834 0.00000191661562252 0.11103373743612044
16.27573615188538625 0.00000176339192851 0.11231430174710672
16.38783056038416674 0.00000162159534206 0.11222100698569147
16.50069698241071947 0.00000149043972725 0.11074522142443358
16.61434073495536978 0.00000136918805532 0.10789541799123804
16.72876717162753124 0.00000125714968566 0.10369767599442525
16.84398168290777775 0.00000115367777480 0.09819596727612019
16.95998969640185550 0.00000105816680873 0.09145220887383972
17.07679667709644278 0.00000097005025396 0.08354606650565431
17.19440812761645176 0.00000088879832282 0.07457449589226588
17.31282958848430553 0.00000081391584867 0.06465101208930646
17.43206663838105897 0.00000074494026657 0.05390468061578595
17.55212489440898693 0.00000068143969547 0.04247882821073620
17.67301001235643199 0.00000062301111758 0.03052947549989791
17.79472768696403406 0.00000056927865116 0.01822349866658124
17.91728365219310604 0.00000051989191276 0.00573653234239848
18.04068368149582469 0.00000047452446520 -0.00674936870111597
18.16493358808703462 0.00000043287234756 -0.01904828594801578
18.29003922521819092 0.00000039465268374 -0.03097318290250068
18.41600648645320959 0.00000035960236611 -0.04233880592577079
18.54284130594588476 0.00000032747681090 -0.05296470041105235
18.67054965871956540 0.00000029804878213 -0.06267829739064472
18.79913756094870436 0.00000027110728089 -0.07131802089491227
18.92861107024209844 0.00000024645649711 -0.07873636214682213
19.05897628592832760 0.00000022391482070 -0.08480286312081729
19.19023934934321218 0.00000020331390937 -0.08940694926703646
19.32240644411890074 0.00000018449781041 -0.09246054944502903
19.45548379647529202 0.00000016732213374 -0.09390044046377133
19.58947767551343233 0.00000015165327376 -0.09369025421630729
19.72439439351064294 0.00000013736767754 -0.09182208734336794
19.86024030621799952 0.00000012435115703 -0.08831765675829821
19.99702181315981875 0.00000011249824306 -0.08322894928993139
20.13474535793495690 0.00000010171157891 -0.07663832019720591
20.27341742852043538 0.00000009190135143 -0.06865800339316704
20.41304455757720504 0.00000008298475772 -0.05942900586316831
20.55363332275766908 0.00000007488550543 -0.04911936990774930
20.69519034701566085 0.00000006753334491 -0.03792179937489094
20.83772229891854622 0.00000006086363139 -0.02605065981120782
20.98123589296111646 0.00000005481691566 -0.01373837724916086
21.12573788988219903 0.00000004933856140 -0.00123127589878277
21.27123509698287762 0.00000004437838801 0.01121508898142919
21.41773436844730227 0.00000003989033708 0.02334103065632637
21.56524260566567719 0.00000003583216145 0.03488817475170355
21.71376675755915642 0.00000003216513536 0.04560514412758614
21.86331382090732234 0.00000002885378447 0.05525336772192146
22.01389084067788815 0.00000002586563458 0.06361288417628880
22.16550491035836856 0.00000002317097792 0.07048800114853139
22.31816317229034397 0.00000002074265589 0.07571266402771668
22.47187281800605874 0.00000001855585728 0.07915538377648278
22.62664108856695222 0.00000001658793095 0.08072357328059074
22.78247527490490754 0.00000001481821210 0.08036714527701945
22.93938271816583452 0.00000001322786124 0.07808123297834381
23.09737081005526349 0.00000001179971501 0.07390790713741506
23.25644699318666753 0.00000001051814813 0.06793678061509931
23.41661876143221122 0.00000000936894570 0.06030441350687184
23.57789366027551736 0.00000000833918517 0.05119245838593679
23.74027928716727942 0.00000000741712735 0.04082451590459910
23.90378329188323292 0.00000000659211580 0.02946170536367964
24.06841337688434734 0.00000000585448401 0.01739699223626928
24.23417729767975004 0.00000000519547039 0.00494835416370097
24.40108286319222586 0.00000000460713767 -0.00754909239709468
24.56913793612584485 0.00000000408230446 -0.01975184208916191
24.73835043333644990 0.00000000361447346 -0.03131742511702598
24.90872832620479116 0.00000000319777506 -0.04191427550498537
25.08027964101170326 0.00000000282690769 -0.05123173345852070
25.25301245931659011 0.00000000249708774 -0.05898997437170776
25.42693491833779973 0.00000000220400226 -0.06494941939385604
25.60205521133612194 0.00000000194376570 -0.06891944207849945
25.77838158800087243 0.00000000171288028 -0.07076589034787162
25.95592235483826826 0.00000000150819981 -0.07041738074195142
26.13468587556286593 0.00000000132689657 -0.06786962739297274
26.31468057149170292 0.00000000116643114 -0.06318798170442740
26.49591492194075215 0.00000000102452484 -0.05650775956823131
26.67839746462448147 0.00000000089913463 -0.04803224855776694
26.86213679605822335 0.00000000078843025 -0.03802832315549289
27.04714157196285029 0.00000000069077340 -0.02681962175958390
27.23342050767267608 0.00000000060469886 -0.01477752523129092
27.42098237854617082 0.00000000052889729 -0.00230985830864989
27.60983602037906337 0.00000000046219961 0.01015216078513912
27.79999032982073714 0.00000000040356291 0.02216850235754440
27.99145426479347520 0.00000000035205759 0.03330594086289054
28.18423684491418513 0.00000000030685580 0.04315418921127503
28.37834715191940305 0.00000000026722092 0.05134196441578871
28.57379433009332814 0.00000000023249808 0.05755235541540935
28.77058758669825522 0.00000000020210562 0.06153684337742064
28.96873619240848896 0.00000000017552734 0.06312732908959076
29.16824948174722820 0.00000000015230558 0.06224555420849148
29.36913685352597270 0.00000000013203490 0.05890936451459972
29.57140777128746478 0.00000000011435647 0.05323535431091116
29.77507176375166154 0.00000000009895302 0.04543755071713401
29.98013842526423645 0.00000000008554426 0.03582194241905564
30.18661741624899619 0.00000000007388280 0.02477682545802445
30.39451846366259957 0.00000000006375050 0.01275912336747567
30.60385136145291085 0.00000000005495520 0.00027703338490711
30.81462597102058965 0.00000000004732777 -0.01213045372604294
31.02685222168328139 0.00000000004071949 -0.02391642489868923
31.24054011114357010 0.00000000003499974 -0.03455040197444353
31.45569970596010023 0.00000000003005389 -0.04354313861667659
31.67234114202147310 0.00000000002578141 -0.05047070805398782
31.89047462502390218 0.00000000002209428 -0.05499667817874922
32.11011043095216166 0.00000000001891549 -0.05689117183231436
32.33125890656335599 0.00000000001617768 -0.05604567318281974
32.55393046987445160 0.00000000001382207 -0.05248256914779316
32.77813561065330106 0.00000000001179737 -0.04635860783687253
33.00388489091239563 0.00000000001005887 -0.03796171036815591
33.23118894540665735 0.00000000000856766 -0.02770088062029607
33.46005848213456346 0.00000000000728988 -0.01608930801163406
33.69050428284223386 0.00000000000619615 -0.00372113590160217
33.92253720353155444 0.00000000000526093 0.00875724608563017
34.15616817497173940 0.00000000000446210 0.02068015512933589
34.39140820321391345 0.00000000000378050 0.03139824722717850
34.62826837010977243 0.00000000000319954 0.04031498646255580
34.86675983383382516 0.00000000000270492 0.04692191811768396
35.10689382940867631 0.00000000000228425 0.05083062463514556
35.34868166923443766 0.00000000000192687 0.05179927644334029
35.59213474362190510 0.00000000000162359 0.04975185402463184
35.83726452132862050 0.00000000000136652 0.04478841684771286
36.08408255009970134 0.00000000000114885 0.03718522400961943
36.33260045721140585 0.00000000000096476 0.02738405651127464
36.58282995001901128 0.00000000000080924 0.01597072839754502
36.83478281650860708 0.00000000000067800 0.00364347076967332
37.08847092585194360 0.00000000000056739 -0.00882741188771769
37.34390622896582812 0.00000000000047428 -0.02064652656835519
37.60110075907528682 0.00000000000039597 -0.03104432332486412
37.86006663228003788 0.00000000000033021 -0.03932880135562047
38.12081604812546942 0.00000000000027503 -0.04493451774134478
38.38336129017754672 0.00000000000022880 -0.04746536009843087
38.64771472660106610 0.00000000000019012 -0.04672765004051803
38.91388881074252026 0.00000000000015778 -0.04275065922578513
39.18189608171694260 0.00000000000013078 -0.03579229342135373
39.45174916499820483 0.00000000000010827 -0.02632848231769491
39.72346077301400413 0.00000000000008952 -0.01502636814973974
39.99704370574492174 0.00000000000007392 -0.00270151366995473
40.27251085132701292 0.00000000000006097 0.00973765097264809
40.54987518665913626 0.00000000000005022 0.02135539034856142
40.82914977801451073 0.00000000000004131 0.03125950900012748
41.11034778165581827 0.00000000000003394 0.03867223774065709
41.39348244445520209 0.00000000000002785 0.04299550894987397
41.67856710451849267 0.00000000000002282 0.04386496965494816
41.96561519181314992 0.00000000000001868 0.04118758392327018
42.25464022880114356 0.00000000000001527 0.03515865721264580
42.54565583107618920 0.00000000000001246 0.02625554709517652
42.83867570800463653 0.00000000000001016 0.01520712760044623
43.13371366337192114 0.00000000000000827 0.00294012551881282
43.43078359603229188 0.00000000000000672 -0.00949441377750066
43.72989950056381758 0.00000000000000546 -0.02100923398307626
44.03107546792784888 0.00000000000000442 -0.03057651343169772
44.33432568613240932 0.00000000000000358 -0.03732277209377038
44.63966444090076635 0.00000000000000289 -0.04061419170933166
44.94710611634466346 0.00000000000000234 -0.04012372531138342
45.25666519564148160 0.00000000000000188 -0.03587245550488454
45.56835626171672260 0.00000000000000152 -0.02823958609204290
45.88219399793127451 0.00000000000000122 -0.01793811398834286
46.19819318877259207 0.00000000000000098 -0.00595643382185897
46.51636872055146199 0.00000000000000078 0.00653039843686245
46.83673558210352894 0.00000000000000063 0.01827261036738035
47.15930886549484313 0.00000000000000050 0.02807076552982518
47.48410376673314204 0.00000000000000040 0.03490165808090599
47.81113558648395667 0.00000000000000032 0.03803174597241760
48.14041973079085324 0.00000000000000025 0.03710514164008435
48.47197171180150121 0.00000000000000020 0.03219497086535970
48.80580714849863710 0.00000000000000016 0.02381012415068215
49.14194176743541220 0.00000000000000013 0.01285384170134068
49.48039140347642473 0.00000000000000010 0.00053580570551590
49.82117200054399575 0.00000000000000008 -0.01175506956876928
50.16429961236871549 0.00000000000000006 -0.02260478859239358
50.50979040324599367 0.00000000000000005 -0.03073884439440491
50.85766064879778270 0.00000000000000004 -0.03517815362244223
51.20792673673872031 0.00000000000000003 -0.03536692342369235
51.56060516764880930 0.00000000000000002 -0.03125474217324074
51.91571255575011179 0.00000000000000002 -0.02332034769265566
52.27326562968973178 0.00000000000000001 -0.01252964256975876
52.63328123332806285 0.00000000000000001 -0.00022979243188065
52.99577632653188175 0.00000000000000001 0.01201106111691543
53.36076798597342474 0.00000000000000001 0.02260072269484142
53.72827340593521939 0.00000000000000001 0.03013266135449917
54.09830989911951349 0.00000000000000000 0.03358084369061769
54.47089489746409896 0.00000000000000000 0.03245211817027205
54.84604595296382712 0.00000000000000000 0.02687232137707857
55.22378073849689883 0.00000000000000000 0.01758984161126298
55.60411704865762061 0.00000000000000000 0.00589097011411889
55.98707280059507951 0.00000000000000000 -0.00656623775120480
56.37266603485656447 0.00000000000000000 -0.01798033957663505
56.76091491623769514 0.00000000000000000 -0.02666709153847852
57.15183773463848382 0.00000000000000000 -0.03131502798615726
57.54545290592436402 0.00000000000000000 -0.03119672833172169
57.94177897279396205 0.00000000000000000 -0.02630033522507634
58.34083460565301493 0.00000000000000000 -0.01735573419827576
58.74263860349324062 0.00000000000000000 -0.00574466446175452
59.14720989477827118 0.00000000000000000 0.00669800517241375
59.55456753833561123 0.00000000000000000 0.01796619176695703
59.96473072425391138 0.00000000000000000 0.02620626291580400
60.37771877478727589 0.00000000000000000 0.03003079510897021
60.79355114526580195 0.00000000000000000 0.02876850124623418
61.21224742501138394 0.00000000000000000 0.02260331624589494
61.63382733826140480 0.00000000000000000 0.01257146859449851
62.05831074509711698 0.00000000000000000 0.00040822191617002
62.48571764237959769 0.00000000000000000 -0.01173758406536465
62.91606816469209207 0.00000000000000000 -0.02167753926091134
63.34938258528783450 0.00000000000000000 -0.02758283696764133
63.78568131704546573 0.00000000000000000 -0.02833566904493811
64.22498491343100113 0.00000000000000000 -0.02376339807400659
64.66731406946533411 0.00000000000000000 -0.01470333179262414
65.11268962269959104 0.00000000000000000 -0.00287500491924825
65.56113255419701602 0.00000000000000000 0.00942684925675791
66.01266398952071768 0.00000000000000000 0.01976824528593483
66.46730519972919637 0.00000000000000000 0.02606103724928222
66.92507760237876369 0.00000000000000000 0.02700029433299304
67.38600276253178833 0.00000000000000000 0.02236029251113660
67.85010239377291441 0.00000000000000000 0.01307802097182553
68.31739835923238502 0.00000000000000000 0.00109322009102873
68.78791267261519238 0.00000000000000000 -0.01103547658602366
69.26166749923855548 0.00000000000000000 -0.02066794942280915
69.73868515707637528 0.00000000000000000 -0.02566358830907225
70.21898811780998528 0.00000000000000000 -0.02487769536590233
70.70259900788697394 0.00000000000000000 -0.01845475312066981
71.18954060958763819 0.00000000000000000 -0.00783818406850308
71.67983586209734881 0.00000000000000000 0.00452314997396157
72.17350786258761275 0.00000000000000000 0.01572062391414670
72.67057986730449670 0.00000000000000000 0.02306778016821869
73.17107529266338872 0.00000000000000000 0.02476042148472498
73.67501771635303953 0.00000000000000000 0.02035021075150339
74.18243087844544448 0.00000000000000000 0.01090157155740562
74.69333868251453623 0.00000000000000000 -0.00122742047049977
75.20776519676272187 0.00000000000000000 -0.01294678660012327
75.72573465515387170 0.00000000000000000 -0.02121340735189838
76.24727145855528931 0.00000000000000000 -0.02383407763142452
76.77240017588772503 0.00000000000000000 -0.02007903938159817
77.30114554528189785 0.00000000000000000 -0.01092769223535761
77.83353247524428298 0.00000000000000000 0.00114366447908651
78.36958604583098520 0.00000000000000000 0.01280079539247936
78.90933150982831989 0.00000000000000000 0.02076251996336569
79.45279429394295789 0.00000000000000000 0.02273919024617766
80.00000000000002842 0.00000000000000000 0.01812769966139634
