0.00000000000000000 -114.96189804928187073 719.06772770343900447
0.00000060603270582 -93.52715456037519459 584.99707244847854781
0.00000121623926342 -82.62778859477779747 516.82346614582957045
0.00000183064841884 -76.82945026616128814 480.55602854597975693
0.00000244928911611 -72.94971262043254967 456.28919671179960460
0.00000307219049857 -70.05807163573375362 438.20272501854293523
0.00000369938191031 -67.77663264396932163 423.93278540744216798
0.00000433089289749 -65.89979517020242383 412.19353912374413085
0.00000496675320978 -64.31028086887813799 402.25141801905374450
0.00000560699280172 -62.93506676860158677 393.64969458877209263
0.00000625164183417 -61.72541296913689024 386.08351461036551200
0.00000690073067572 -60.64721744755581767 379.33957903765355013
0.00000755428990408 -59.67577701914548527 373.26337558786156023
0.00000821235030760 -58.79263246701064105 367.73944614055614011
0.00000887494288662 -57.98364481962208572 362.67935454407222551
0.00000954209885504 -57.23775698235956355 358.01394100248415953
0.00001021384964169 -56.54616665639434103 353.68814892360973090
0.00001089022689190 -55.90175793302305607 349.65746969703252489
0.00001157126246890 -55.29870042914654249 345.88543539056615828
0.00001225698845539 -54.73216019904482010 342.34181057503161583
0.00001294743715505 -54.19808713042291970 339.00126253707350088
0.00001364264109400 -53.69305584852515523 335.84236617085741727
0.00001434263302241 -53.21414480150276205 332.84684768386352971
0.00001504744591597 -52.75884307597616640 329.99900174829485877
0.00001575711297752 -52.32497767503672748 327.28523664022776529
0.00001647166763854 -51.91065611437638694 324.69371519015442118
0.00001719114356077 -51.51422063637244264 322.21406840125217741
0.00001791557463778 -51.13421134152926584 319.83716484379107214
0.00001864499499659 -50.76933623972264797 317.55492333144064787
0.00001937943899923 -50.41844672548621986 315.36015952383701233
0.00002011894124442 -50.08051734459462523 313.24645937033955079
0.00002086353656913 -49.75462898511112542 311.20807397312711373
0.00002161326005029 -49.43995482309701828 309.23983168016627587
0.00002236814700639 -49.13574850075350753 307.33706414161088105
0.00002312823299918 -48.84133412638820460 305.49554376136842393
0.00002389355383531 -48.55609777082470657 303.71143050863730650
0.00002466414556806 -48.27948020050884281 301.98122646475013653
0.00002544004449901 -48.01097063852544267 300.30173679941100318
0.00002622128717973 -47.75010138461167486 298.67003611979907873
0.00002700791041356 -47.49644315667362093 297.08343933254542435
0.00002779995125730 -47.24960104124049565 295.53947631450654399
0.00002859744702296 -47.00921096019755652 294.03586981277004497
0.00002940043527952 -46.77493657712932418 292.57051609434597594
0.00003020895385472 -46.54646657952461197 291.14146794680834773
0.00003102304083682 -46.32351228359196682 289.74691969680930015
0.00003184273457640 -46.10580551700441987 288.38519396699359731
0.00003266807368816 -45.89309674192605115 287.05472993583515517
0.00003349909705276 -45.68515338647284807 285.75407290119426307
0.00003433584381862 -45.48175835756175900 284.48186497842829112
0.00003517835340380 -45.28270871209670645 283.23683678887357473
0.00003602666549782 -45.08781446677615179 282.01780001538099896
0.00003688082006357 -44.89689752960322267 280.82364071908313008
0.00003774085733916 -44.70979073853224861 279.65331332627931715
0.00003860681783982 -44.52633699467388340 278.50583520677156457
0.00003947874235983 -44.34638847916433946 277.38028177550489772
0.00004035667197442 -44.16980594423636575 276.27578205832679714
0.00004124064804171 -43.99645807025151356 275.19151467032543223
0.00004213071220466 -43.82622088149690143 274.12670416172926480
0.00004302690639304 -43.65897721444784452 273.08061769197257718
0.00004392927282539 -43.49461623296723900 272.05256199734253642
0.00004483785401101 -43.33303298557999739 271.04188062179969165
0.00004575269275200 -43.17412800053514133 270.04795138415374822
0.00004667383214520 -43.01780691486855090 269.07018405790842053
0.00004760131558430 -42.86398013411291430 268.10801824279866423
0.00004853518676184 -42.71256251967978557 267.16092140941452726
0.00004947548967128 -42.56347310126939476 266.22838710036779730
0.00005042226860905 -42.41663481195277541 265.30993327327087172
0.00005137556817669 -42.27197424382465840 264.40510077238417352
0.00005233543328290 -42.12942142234868470 263.51345191717780381
0.00005330190914567 -41.98890959771262743 262.63456919729253514
0.00005427504129443 -41.85037505168543248 261.76805406445760127
0.00005525487557217 -41.71375691862023416 260.91352581289322643
0.00005624145813759 -41.57899701938392667 260.07062054056450506
0.00005723483546734 -41.44603970711460761 259.23899018441755970
0.00005823505435811 -41.31483172381429370 258.41830162338897026
0.00005924216192892 -41.18532206688106356 257.60823584358365679
0.00006025620562330 -41.05746186476871173 256.80848716054555325
0.00006127723321152 -40.93120426103862286 256.01876249401880159
0.00006230529279288 -40.80650430613645341 255.23878069102758559
0.00006334043279791 -40.68331885628683864 254.46827189347735043
0.00006438270199072 -40.56160647895446658 253.70697694682829137
0.00006543214947126 -40.44132736436861819 252.95464684669411781
0.00006648882467762 -40.32244324265246149 252.21104222049834220
0.00006755277738841 -40.20491730613868953 251.47593284157056814
0.00006862405772505 -40.08871413648824245 250.74909717328426950
0.00006970271615417 -39.97379963626213595 250.03032194104915220
0.00007078880348996 -39.86014096462497491 249.31940173014618267
0.00007188237089658 -39.74770647688611547 248.61613860756628469
0.00007298346989057 -39.63646566760778001 247.92034176616058971
0.00007409215234328 -39.52638911703216706 247.23182718954919324
0.00007520847048328 -39.41744844059832786 246.55041733635715673
0.00007633247689889 -39.30961624133899335 245.87594084246373427
0.00007746422454057 -39.20286606496309645 245.20823224004976737
0.00007860376672349 -39.09717235744483332 244.54713169232422842
0.00007975115712999 -38.99251042495441766 243.89248474289624369
0.00008090644981215 -38.88885639597750554 243.24414207883819472
0.00008206969919430 -38.78618718548218425 242.60195930655521579
0.00008324096007561 -38.68448046100257898 241.96579673964336621
0.00008442028763265 -38.58371461051820717 241.33551919797966434
0.00008560773742201 -38.48386871201633852 240.71099581733884065
0.00008680336538291 -38.38492250463344391 240.09209986888788535
0.00008800722783983 -38.28685636127862324 239.47870858794917126
0.00008921938150515 -38.18965126264929211 238.87070301147247164
0.00009043988348186 -38.09328877255510548 238.26796782368973027
0.00009166879126623 -37.99775101447242776 237.67039120946691355
0.00009290616275050 -37.90302064925680980 237.07786471489833957
0.00009415205622562 -37.80908085394550255 236.49028311472005726
0.00009540653038403 -37.71591530158728034 235.90754428614815197
0.00009666964432236 -37.62350814204062743 235.32954908877385947
0.00009794145754428 -37.53184398368491514 234.75620125017007922
0.00009922202996325 -37.44090787599366621 234.18740725688979865
0.00010051142190536 -37.35068529292161088 233.62307625055373705
0.00010180969411221 -37.26116211706036552 233.06311992874753969
0.00010311690774369 -37.17232462452100350 232.50745245046351783
0.00010443312438095 -37.08415947050368544 231.95599034584131459
0.00010575840602925 -36.99665367551762785 231.40865242997588780
0.00010709281512086 -36.90979461221657942 230.86535972057484400
0.00010843641451808 -36.82356999281722665 230.32603535926270411
0.00010978926751612 -36.73796785707003920 229.79060453634031091
0.00011115143784613 -36.65297656075372856 229.25899441881932717
0.00011252298967817 -36.56858476466637597 228.73113408156322635
0.00011390398762428 -36.48478142408779945 228.20695444137618324
0.00011529449674147 -36.40155577868930692 227.68638819388957018
0.00011669458253481 -36.31889734286814075 227.16936975310579783
0.00011810431096053 -36.23679589648577348 226.65583519346759545
0.00011952374842909 -36.15524147598966920 226.14572219432557176
0.00012095296180836 -36.07422436589987313 225.63896998668857918
0.00012239201842671 -35.99373509064273691 225.13551930214416075
0.00012384098607623 -35.91376440671478321 224.63531232384568170
0.00012529993301590 -35.83430329516109225 224.13829263946456649
0.00012676892797482 -35.75534295435300436 223.64440519601680535
0.00012824804015542 -35.67687479305126885 223.15359625647337793
0.00012973733923676 -35.59889042374107504 222.66581335807219943
0.00013123689537777 -35.52138165622629629 222.18100527225072938
0.00013274677922061 -35.44434049147113086 221.69912196612671096
0.00013426706189393 -35.36775911567784192 221.22011456545462238
0.00013579781501627 -35.29162989458937716 220.74393531899022491
0.00013733911069942 -35.21594536800749609 220.27053756420167474
0.00013889102155182 -35.14069824451604518 219.79987569426450023
0.00014045362068197 -35.06588139640063417 219.33190512628490865
0.00014202698170187 -34.99148785475598089 218.86658227069708005
0.00014361117873053 -34.91751080477249047 218.40386450178129962
0.00014520628639740 -34.84394358119462254 217.94371012925631703
0.00014681237984592 -34.77077966394320185 217.48607837089846839
0.00014842953473709 -34.69801267389507160 217.03092932614302413
0.00015005782725295 -34.62563636881292695 216.57822395062623855
0.00015169733410024 -34.55364463941934616 216.12792403162933397
0.00015334813251402 -34.48203150560873098 215.67999216438431631
0.00015501030026123 -34.41079111279149316 215.23439172920728879
0.00015668391564445 -34.33991772836494505 214.79108686942490181
0.00015836905750551 -34.26940573830570003 214.35004247005971934
0.00016006580522926 -34.19924964387865174 213.91122413724593798
0.00016177423874727 -34.12944405845768614 213.47459817834271689
0.00016349443854163 -34.05998370445367129 213.04013158271985162
0.00016522648564871 -33.99086341034549719 212.60779200318697235
0.00016697046166299 -33.92207810780984545 212.17754773804082902
0.00016872644874093 -33.85362282894610075 211.74936771370727229
0.00017049452960478 -33.78549270359223300 211.32322146795283402
0.00017227478754653 -33.71768295672856652 210.89907913364530145
0.00017406730643183 -33.65018890596558521 210.47691142304071832
0.00017587217070391 -33.58300595911291708 210.05668961257725869
0.00017768946538756 -33.51612961182600969 209.63838552815585103
0.00017951927609319 -33.44955544532781744 209.22197153088961841
0.00018136168902080 -33.38327912420260191 208.80742050330428583
0.00018321679096405 -33.31729639425903144 208.39470583597221776
0.00018508466931440 -33.25160308045996516 207.98380141456365777
0.00018696541206516 -33.18619508491672576 207.57468160730093132
0.00018885910781567 -33.12106838494503336 207.16732125279887100
0.00019076584577548 -33.05621903118081661 206.76169564827918634
0.00019268571576853 -32.99164314575330081 206.35778053814357236
0.00019461880823741 -32.92733692051341876 205.95555210289268189
0.00019656521424759 -32.86329661531584634 205.55498694838053098
0.00019852502549171 -32.79951855635219005 205.15606209538867688
0.00020049833429394 -32.73599913453408305 204.75875496951269383
0.00020248523361429 -32.67273480392384499 204.36304339134650832
0.00020448581705300 -32.60972208021156860 203.96890556695629471
0.00020650017885496 -32.54695753923661528 203.57632007863298895
0.00020852841391413 -32.48443781555224774 203.18526587591418320
0.00021057061777803 -32.42215960103155936 202.79572226686462955
0.00021262688665221 -32.36011964351376236 202.40766890960816227
0.00021469731740485 -32.29831474548898029 202.02108580410248351
0.00021678200757123 -32.23674176282052883 201.63595328414612595
0.00021888105535840 -32.17539760350335598 201.25225200961330074
0.00022099455964977 -32.11427922645730604 200.86996295890565989
0.00022312262000977 -32.05338364035421250 200.48906742161602779
0.00022526533668857 -31.99270790247753737 200.10954699139568902
0.00022742281062675 -31.93224911761370421 199.73138355901954810
0.00022959514346012 -31.87200443697371810 199.35455930564125993
0.00023178243752444 -31.81197105714449336 198.97905669623392555
0.00023398479586029 -31.75214621906858525 198.60485847320833841
0.00023620232221791 -31.69252720705170390 198.23194765020511454
0.00023843512106208 -31.63311134779672074 197.86030750605277717
0.00024068329757706 -31.57389600946383013 197.48992157888886823
0.00024294695767150 -31.51487860075554437 197.12077366043700977
0.00024522620798350 -31.45605657002606037 196.75284779043604999
0.00024752115588558 -31.39742740441415592 196.38612825121597893
0.00024983190948974 -31.33898862899866344 196.02059956241640748
0.00025215857765257 -31.28073780597620512 195.65624647584266427
0.00025450126998040 -31.22267253386014829 195.29305397045570203
0.00025686009683441 -31.16479044670037268 194.93100724749197639
0.00025923516933586 -31.10708921332299681 194.57009172570764122
0.00026162659937133 -31.04956653658963717 194.21029303674558264
0.00026403449959799 -30.99222015267550745 193.85159702062017573
0.00026645898344887 -30.93504783036582140 193.49398972131623964
0.00026890016513825 -30.87804737036994851 193.13745738249858164
0.00027135815966704 -30.82121660465271162 192.78198644333053835
0.00027383308282816 -30.76455339578251724 192.42756353439568784
0.00027632505121202 -30.70805563629556900 192.07417547372145350
0.00027883418221200 -30.65172124807586584 191.72180926290099023
0.00028136059403001 -30.59554818175045199 191.37045208331059598
0.00028390440568202 -30.53953441609951014 191.02009129242000540
0.00028646573700369 -30.48367795748078990 190.67071442019204142
0.00028904470865600 -30.42797683926810848 190.32230916557065825
0.00029164144213096 -30.37242912130326289 189.97486339305277170
0.00029425605975730 -30.31703288936133234 189.62836512934381972
0.00029688868470626 -30.26178625462856431 189.28280256009173854
0.00029953944099738 -30.20668735319295806 188.93816402670091747
0.00030220845350433 -30.15173434554662535 188.59443802321951011
0.00030489584796083 -30.09692541610021976 188.25161319330214837
0.00030760175096652 -30.04225877270856770 187.90967832724285813
0.00031032628999299 -29.98773264620750112 187.56862235907794911
0.00031306959338972 -29.93334528996149757 187.22843436375677584
0.00031583179039017 -29.87909497942174397 186.88910355437718636
0.00031861301111784 -29.82498001169449608 186.55061927948588618
0.00032141338659243 -29.77099870511925772 186.21297102044010785
0.00032423304873599 -29.71714939885683648 185.87614838883064294
0.00032707213037912 -29.66343045248651933 185.54014112396228597
0.00032993076526727 -29.60984024561257755 185.20493909039279856
0.00033280908806701 -29.55637717747966065 184.87053227552706858
0.00033570723437240 -29.50303966659677357 184.53691078726521368
0.00033862534071132 -29.44982615036973428 184.20406485170360611
0.00034156354455197 -29.39673508474183095 183.87198481088734070
0.00034452198430932 -29.34376494384250478 183.54066112061258309
0.00034750079935162 -29.29091421964371733 183.21008434827734845
0.00035050013000696 -29.23818142162405920 182.88024517078042663
0.00035352011756991 -29.18556507644001741 182.55113437246546937
0.00035656090430816 -29.13306372760464669 182.22274284311069437
0.00035962263346922 -29.08067593517306193 181.89506157596218827
0.00036270544928716 -29.02840027543494372 181.56808166581009800
0.00036580949698943 -28.97623534061348849 181.24179430710580618
0.00036893492280368 -28.92417973857098445 180.91619079212051702
0.00037208187396465 -28.87223209252063327 180.59126250914246725
0.00037525049872113 -28.82039104074456759 180.26700094071307490
0.00037844094634289 -28.76865523631778743 179.94339766190077512
0.00038165336712778 -28.71702334683803670 179.62044433861061066
0.00038488791240876 -28.66549405416133922 179.29813272593074203
0.00038814473456106 -28.61406605414305915 178.97645466651258062
0.00039142398700932 -28.56273805638450014 178.65540208898553942
0.00039472582423487 -28.51150878398462751 178.33496700640441190
0.00039805040178297 -28.46037697329704486 178.01514151472929370
0.00040139787627014 -28.40934137369204393 177.69591779133685350
0.00040476840539154 -28.35840074732346494 177.37728809356266879
0.00040816214792842 -28.30755386890040270 177.05924475727275080
0.00041157926375558 -28.25679952546354556 176.74178019546477003
0.00041501991384890 -28.20613651616612927 176.42488689689810144
0.00041848426029293 -28.15556365205935307 176.10855742475121133
0.00042197246628852 -28.10507975588201646 175.79278441530644272
0.00042548469616053 -28.05468366185453633 175.47756057666111928
0.00042902111536552 -28.00437421547707117 175.16287868746488243
0.00043258189049963 -27.95415027333161007 174.84873159568223855
0.00043616718930631 -27.90401070288812946 174.53511221737957726
0.00043977718068435 -27.85395438231450882 174.22201353553649028
0.00044341203469574 -27.80398020029027606 173.90942859888045291
0.00044707192257372 -27.75408705582394475 173.59735052074498185
0.00045075701673086 -27.70427385807411369 173.28577247794967775
0.00045446749076714 -27.65453952617383848 172.97468770970255036
0.00045820351947816 -27.60488298905866600 172.66408951652385895
0.00046196527886340 -27.55530318529780942 172.35397125919050154
0.00046575294613442 -27.50579906292885113 172.04432635770157844
0.00046956669972332 -27.45636957929535171 171.73514829026316875
0.00047340671929107 -27.40701370088780919 171.42643059229339997
0.00047727318573598 -27.35773040318760607 171.11816685544627603
0.00048116628120228 -27.30851867051390158 170.81035072665395091
0.00048508618908861 -27.25937749587354375 170.50297590718824381
0.00048903309405675 -27.21030588081375257 170.19603615173869571
0.00049300718204025 -27.16130283527760270 169.88952526750918537
0.00049700864025323 -27.11236737746233416 169.58343711333128567
0.00050103765719918 -27.06349853368024228 169.27776559879413298
0.00050509442267985 -27.01469533822216817 168.97250468339098006
0.00050917912780418 -26.96595683322367520 168.66764837568172197
0.00051329196499732 -26.91728206853356653 168.36319073247057077
0.00051743312800967 -26.86867010158500335 168.05912585800007264
0.00052160281192606 -26.82011999726889329 167.75544790315908017
0.00052580121317485 -26.77163082780971948 167.45215106470595856
0.00053002852953727 -26.72320167264358659 167.14922958450605961
0.00053428496015669 -26.67483161829861871 166.84667774878315072
0.00053857070554804 -26.62651975827744621 166.54448988738502635
0.00054288596760719 -26.57826519294190248 166.24266037306176713
0.00054723094962053 -26.53006702939984507 165.94118362075795403
0.00055160585627451 -26.48192438139401972 165.64005408691761545
0.00055601089366530 -26.43383636919294233 165.33926626880165145
0.00056044626930847 -26.38580211948376686 165.03881470381773511
0.00056491219214880 -26.33782076526713922 164.73869396886260574
0.00056940887257012 -26.28989144575387726 164.43889867967592977
0.00057393652240518 -26.24201330626354789 164.13942349020564393
0.00057849535494568 -26.19418549812493424 163.84026309198574722
0.00058308558495229 -26.14640717857813712 163.54141221352367097
0.00058770742866478 -26.09867751067864816 163.24286561970029652
0.00059236110381219 -26.05099566320294002 162.94461811117955108
0.00059704682962311 -26.00336081055583293 162.64666452382888906
0.00060176482683598 -25.95577213267952388 162.34899972815054525
0.00060651531770952 -25.90822881496425723 162.05161862872225242
0.00061129852603317 -25.86073004816046250 161.75451616364816232
0.00061611467713765 -25.81327502829261888 161.45768730401977109
0.00062096399790559 -25.76586295657450876 161.16112705338602495
0.00062584671678217 -25.71849303932609132 160.86483044723325975
0.00063076306378593 -25.67116448789172622 160.56879255247383753
0.00063571327051958 -25.62387651855990001 160.27300846694384973
0.00064069757018092 -25.57662835248444466 159.97747331891048361
0.00064571619757383 -25.52941921560699967 159.68218226658686376
0.00065076938911931 -25.48224833858095195 159.38713049765658525
0.00065585738286665 -25.43511495669667966 159.09231322880580706
0.00066098041850462 -25.38801830980806784 158.79772570526387199
0.00066613873737275 -25.34095764226043457 158.50336320035228255
0.00067133258247275 -25.29393220281959742 158.20922101504123702
0.00067656219847990 -25.24694124460224387 157.91529447751369730
0.00068182783175460 -25.19998402500757706 157.62157894273823899
0.00068712973035400 -25.15305980564999544 157.32806979204804065
0.00069246814404364 -25.10616785229323256 157.03476243272845636
0.00069784332430924 -25.05930743478536371 156.74165229761084106
0.00070325552436855 -25.01247782699514843 156.44873484467422031
0.00070870499918329 -24.96567830674943522 156.15600555665406546
0.00071419200547112 -24.91890815577162499 155.86345994065683840
0.00071971680171777 -24.87216665962134599 155.57109352778300604
0.00072527964818920 -24.82545310763502044 155.27890187275556855
0.00073088080694388 -24.77876679286764272 154.98688055355523829
0.00073652054184512 -24.73210701203549888 154.69502517106258210
0.00074219911857348 -24.68547306545994857 154.40333134870618892
0.00074791680463933 -24.63886425701207727 154.11179473211683444
0.00075367386939543 -24.59227989405862758 153.82041098878860907
0.00075947058404960 -24.54571928740850950 153.52917580774499129
0.00076530722167754 -24.49918175126057918 153.23808489921199794
0.00077118405723566 -24.45266660315225593 152.94713399429647893
0.00077710136757402 -24.40617316390889968 152.65631884467003943
0.00078305943144943 -24.35970075759443887 152.36563522225964107
0.00078905852953852 -24.31324871146252775 152.07507891894246654
0.00079509894445100 -24.26681635590886543 151.78464574624763372
0.00080118096074297 -24.22040302442425741 151.49433153506242888
0.00080730486493030 -24.17400805354846582 151.20413213534385477
0.00081347094550215 -24.12763078282514684 150.91404341583651671
0.00081967949293455 -24.08127055475733513 150.62406126379443094
0.00082593079970410 -24.03492671476391251 150.33418158470851722
0.00083222516030174 -23.98859861113690428 150.04440030203966217
0.00083856287124660 -23.94228559499942932 149.75471335695559105
0.00084494423109999 -23.89598702026462007 149.46511670807396399
0.00085136954047950 -23.84970224359517843 149.17560633120936586
0.00085783910207307 -23.80343062436376655 148.88617821912544059
0.00086435322065335 -23.75717152461414372 148.59682838129214133
0.00087091220309199 -23.71092430902296400 148.30755284364647650
0.00087751635837411 -23.66468834486254735 148.01834764835962233
0.00088416599761289 -23.61846300196409132 147.72920885360701959
0.00089086143406418 -23.57224765268174949 147.44013253334350111
0.00089760298314128 -23.52604167185745254 147.15111477708325083
0.00090439096242980 -23.47984443678634747 146.86215168968391254
0.00091122569170262 -23.43365532718294020 146.57323939113433653
0.00091810749293494 -23.38747372514799849 146.28437401634798221
0.00092503669031947 -23.34129901513602690 145.99555171495916284
0.00093201361028169 -23.29513058392349834 145.70676865112463361
0.00093903858149521 -23.24896782057771816 145.41802100332850500
0.00094611193489729 -23.20281011642627078 145.12930496419139104
0.00095323400370442 -23.15665686502730480 144.84061674028433231
0.00096040512342800 -23.11050746214017337 144.55195255194533388
0.00096762563189013 -23.06436130569702669 144.26330863310161590
0.00097489586923960 -23.01821779577477400 143.97468123109419480
0.00098221617796781 -22.97207633456779519 143.68606660650712570
0.00098958690292501 -22.92593632636126344 143.39746103300086588
0.00099700839133644 -22.87979717750502928 143.10886079714867947
0.00100448099281878 -22.83365829638811917 142.82026219827722002
0.00101200505939656 -22.78751909341392334 142.53166154831137646
0.00101958094551878 -22.74137898097576738 142.24305517162136425
0.00102720900807557 -22.69523737343333636 141.95443940487533041
0.00103488960641504 -22.64909368708948989 141.66581059689428912
0.00104262310236019 -22.60294734016768814 141.37716510851092266
0.00105040986022595 -22.55679775279005739 141.08849931243247511
0.00105825024683636 -22.51064434695595295 140.79980959310643129
0.00106614463154184 -22.46448654652112253 140.51109234659048752
0.00107409338623658 -22.41832377717744151 140.22234398042556336
0.00108209688537607 -22.37215546643313857 139.93356091351211035
0.00109015550599474 -22.32598104359364655 139.64473957599048504
0.00109826962772375 -22.27979993974296136 139.35587640912427787
0.00110643963280880 -22.23361158772553736 139.06696786518696740
0.00111466590612820 -22.18741542212876183 138.77801040735249671
0.00112294883521100 -22.14121087926589482 138.48900050958823726
0.00113128881025522 -22.09499739715964139 138.19993465655269915
0.00113968622414621 -22.04877441552618933 137.91080934349517406
0.00114814147247525 -22.00254137575971569 137.62162107615927198
0.00115665495355806 -21.95629772091758625 137.33236637068986852
0.00116522706845369 -21.91004289570586039 137.04304175354295126
0.00117385822098330 -21.86377634646553858 136.75364376139930300
0.00118254881774927 -21.81749752115914376 136.46416894108048723
0.00119129926815430 -21.77120586935787827 136.17461384946861358
0.00120010998442074 -21.72490084222932794 135.88497505342962768
0.00120898138160997 -21.67858189252564216 135.59524912973901678
0.00121791387764197 -21.63224847457218658 135.30543266501106814
0.00122690789331501 -21.58590004425676767 135.01552225563136744
0.00123596385232548 -21.53953605901928370 134.72551450769213943
0.00124508218128781 -21.49315597784197251 134.43540603693114122
0.00125426330975463 -21.44675926124005727 134.14519346867325567
0.00126350767023696 -21.40034537125291791 133.85487343777515434
0.00127281569822460 -21.35391377143583824 133.56444258857374052
0.00128218783220664 -21.30746392685210111 133.27389757483675226
0.00129162451369212 -21.26099530406567339 132.98323505971700342
0.00130112618723083 -21.21450737113443452 132.69245171570972275
0.00131069330043425 -21.16799959760370342 132.40154422461250761
0.00132032630399665 -21.12147145450044050 132.11050927748888739
0.00133002565171628 -21.07492241432788660 131.81934357463455854
0.00133979180051682 -21.02835195106059629 131.52804382554674589
0.00134962521046882 -20.98175954014010713 131.23660674889666211
0.00135952634481143 -20.93514465847094996 130.94502907250492285
0.00136949566997423 -20.88850678441727027 130.65330753332023050
0.00137953365559914 -20.84184539779984391 130.36143887740075797
0.00138964077456262 -20.79515997989357246 130.06941985989817567
0.00139981750299789 -20.74845001342557893 129.77724724504645337
0.00141006432031739 -20.70171498257359843 129.48491780615100311
0.00142038170923537 -20.65495437296503667 129.19242832558333589
0.00143077015579059 -20.60816767167639085 128.89977559477716795
0.00144123014936926 -20.56135436723318222 128.60695641422805124
0.00145176218272806 -20.51451394961038943 128.31396759349610193
0.00146236675201740 -20.46764591023335811 128.02080595121179840
0.00147304435680474 -20.42074974197916504 127.72746831508423782
0.00148379550009815 -20.37382493917851889 127.43395152191325792
0.00149462068837002 -20.32687099761804461 127.14025241760380425
0.00150552043158087 -20.27988741454321442 126.84636785718389262
0.00151649524320343 -20.23287368866159852 126.55229470482518650
0.00152754564024681 -20.18582932014664166 126.25802983386682854
0.00153867214328084 -20.13875381064202230 125.96357012684218546
0.00154987527646060 -20.09164666326636350 125.66891247550886135
0.00156115556755113 -20.04450738261852294 125.37405378088126895
0.00157251354795226 -19.99733547478332341 125.07899095326692418
0.00158394975272368 -19.95013044733776653 124.78372091230507124
0.00159546472061013 -19.90289180935777225 124.48824058700893147
0.00160705899406676 -19.85561907142538729 124.19254691581072336
0.00161873311928472 -19.80831174563645547 123.89663684660963838
0.00163048764621685 -19.76096934560884577 123.60050733682342639
0.00164232312860364 -19.71359138649107479 123.30415535344222633
0.00165424012399926 -19.66617738497157220 123.00757787308650393
0.00166623919379787 -19.61872685928827664 122.71077188206710673
0.00167832090326005 -19.57123932923880005 122.41373437644897137
0.00169048582153940 -19.52371431619115683 122.11646236211797145
0.00170273452170940 -19.47615134309484120 121.81895285485050806
0.00171506758079040 -19.42854993449256540 121.52120288038668150
0.00172748557977676 -19.38090961653240996 121.22320947450641881
0.00173998910366426 -19.33322991698041093 120.92496968310825878
0.00175257874147765 -19.28551036523386841 120.62648056229249960
0.00176525508629839 -19.23775049233493917 120.32773917844620826
0.00177801873529259 -19.18994983098482265 120.02874260833213782
0.00179087028973917 -19.14210791555854385 119.72948793918089905
0.00180381035505814 -19.09422428212003808 119.42997226878574679
0.00181683954083913 -19.04629846843801744 119.13019270560128859
0.00182995846087016 -18.99833001400213206 118.83014636884506388
0.00184316773316647 -18.95031846003972120 118.52983038860209319
0.00185646797999970 -18.90226334953315401 118.22924190593342075
0.00186985982792719 -18.85416422723759311 117.92837807298714381
0.00188334390782146 -18.80602063969936211 117.62723605311333586
0.00189692085489999 -18.75783213527474302 117.32581302098185461
0.00191059130875509 -18.70959826414942029 117.02410616270351795
0.00192435591338407 -18.66131857835836172 116.72211267595504580
0.00193821531721954 -18.61299263180630703 116.41982977010668776
0.00195217017315999 -18.56461998028868265 116.11725466635336090
0.00196622113860054 -18.51620018151321645 115.81438459784980921
0.00198036887546389 -18.46773279512193966 115.51121680984820728
0.00199461405023152 -18.41921738271383902 115.20774855983967200
0.00200895733397509 -18.37065350786797069 114.90397711769938383
0.00202339940238804 -18.32204073616717466 114.59989976583436544
0.00203794093581742 -18.27337863522236105 114.29551379933569422
0.00205258261929597 -18.22466677469726548 113.99081652613328686
0.00206732514257435 -18.17590472633385801 113.68580526715487622
0.00208216920015365 -18.12709206397826023 113.38047735648811454
0.00209711549131812 -18.07822836360718100 113.07483014154594514
0.00211216472016810 -18.02931320335504495 112.76886098323619478
0.00212731759565318 -17.98034616354153314 112.46256725613429239
0.00214257483160563 -17.93132682669979516 112.15594634865914259
0.00215793714677397 -17.88225477760525450 111.84899566325366038
0.00217340526485689 -17.83312960330485808 111.54171261656773595
0.00218897991453733 -17.78395089314705402 111.23409463964578947
0.00220466182951677 -17.73471823881227394 110.92613917811729607
0.00222045174854982 -17.68543123434396591 110.61784369239106240
0.00223635041547903 -17.63608947618034151 110.30920565785366705
0.00225235857926994 -17.58669256318656338 110.00022256507109830
0.00226847699404630 -17.53724009668762562 109.69089191999415789
0.00228470641912567 -17.48773168050181681 109.38121124416788632
0.00230104761905517 -17.43816692097469812 109.07117807494429940
0.00231750136364746 -17.38854542701385242 108.76078996569943058
0.00233406842801705 -17.33886681012408459 108.45004448605371294
0.00235074959261680 -17.28913068444326129 108.13893922209635434
0.00236754564327467 -17.23933666677883991 107.82747177661354954
0.00238445737123077 -17.18948437664493412 107.51563976932041555
0.00240148557317460 -17.13957343630001873 107.20344083709714766
0.00241863105128260 -17.08960347078529551 106.89087263422862861
0.00243589461325595 -17.03957410796360250 106.57793283264811635
0.00245327707235861 -16.98948497855904094 106.26461912218501027
0.00247077924745560 -16.93933571619716716 105.95092921081632653
0.00248840196305164 -16.88912595744586298 105.63686082492237972
0.00250614604932993 -16.83885534185681720 105.32241170954621623
0.00252401234219130 -16.78852351200763238 105.00757962865718298
0.00254200168329356 -16.73813011354465274 104.69236236541865992
0.00256011492009119 -16.68767479522635355 104.37675772245967210
0.00257835290587520 -16.63715720896738048 104.06076352215032443
0.00259671649981338 -16.58657700988338490 103.74437760688218191
0.00261520656699076 -16.53593385633627122 103.42759783935150608
0.00263382397845036 -16.48522740998037150 103.11042210284793441
0.00265256961123421 -16.43445733580906776 102.79284830154644226
0.00267144434842469 -16.38362330220220286 102.47487436080361078
0.00269044907918612 -16.33272498097414172 102.15649822745842812
0.00270958469880665 -16.28176204742246824 101.83771787013698429
0.00272885210874043 -16.23073418037739657 101.51853127956161416
0.00274825221665007 -16.17964106225188559 101.19893646886413308
0.00276778593644944 -16.12848237909230420 100.87893147390327897
0.00278745418834666 -16.07725782063001319 100.55851435358697188
0.00280725789888750 -16.02596708033340533 100.23768319019811202
0.00282719800099900 -15.97460985546078405 99.91643608972523793
0.00284727543403344 -15.92318584711389207 99.59477118219757585
0.00286749114381257 -15.87169476029210813 99.27268662202401117
0.00288784608267220 -15.82013630394743053 98.95018058833699115
0.00290834120950700 -15.76851019104010732 98.62725128534073349
0.00292897748981576 -15.71681613859491300 98.30389694266312972
0.00294975589574679 -15.66505386775832420 97.98011581571353190
0.00297067740614377 -15.61322310385618373 97.65590618604348094
0.00299174300659185 -15.56132357645227415 97.33126636171311930
0.00301295368946406 -15.50935501940749006 97.00619467766149739
0.00303431045396808 -15.45731717093977231 96.68068949608139917
0.00305581430619332 -15.40520977368480438 96.35474920679909872
0.00307746625915828 -15.35303257475738548 96.02837222765839442
0.00309926733285830 -15.30078532581353556 95.70155700490910533
0.00312121855431360 -15.24846778311341211 95.37430201360062654
0.00314332095761769 -15.19607970758484683 95.04660575797956312
0.00316557558398603 -15.14362086488773684 94.71846677189243735
0.00318798348180513 -15.09109102547911796 94.38988361919294334
0.00321054570668190 -15.03848996467894672 94.06085489415339396
0.00323326332149341 -14.98581746273676529 93.73137922188183779
0.00325613739643695 -14.93307330489895257 93.40145525874277155
0.00327916900908044 -14.88025728147683857 93.07108169278338039
0.00330235924441319 -14.82736918791556668 92.74025724416424055
0.00332570919489702 -14.77440882486364337 92.40898066559445567
0.00334921996051774 -14.72137599824332455 92.07725074277217914
0.00337289264883693 -14.66827051932174086 91.74506629482942799
0.00339672837504414 -14.61509220478275139 91.41242617478168597
0.00342072826200945 -14.56184087679963746 91.07932926998276457
0.00344489344033629 -14.50851636310848569 90.74577450258377098
0.00346922504841481 -14.45511849708240426 90.41176082999756147
0.00349372423247539 -14.40164711780646911 90.07728724536774223
0.00351839214664275 -14.34810207015346961 89.74235277804226030
0.00354322995299023 -14.29448320486042689 89.40695649405240886
0.00356823882159458 -14.24079037860586006 89.07109749659618103
0.00359341993059108 -14.18702345408789611 88.73477492652692433
0.00361877446622901 -14.13318230010309762 88.39798796284649995
0.00364430362292757 -14.07926679162606654 88.06073582320348692
0.00367000860333214 -14.02527680988991499 87.72301776439645948
0.00369589061837089 -13.97121224246742877 87.38483308288192575
0.00372195088731191 -13.91707298335302667 87.04618111528712632
0.00374819063782055 -13.86285893304560268 86.70706123892821893
0.00377461110601734 -13.80856999863198986 86.36747287233261261
0.00380121353653618 -13.75420609387136928 86.02741547576700043
0.00382799918258295 -13.69976713928037704 85.68688855176996810
0.00385496930599461 -13.64525306221899470 85.34589164568929220
0.00388212517729859 -13.59066379697730476 85.00442434622470955
0.00390946807577267 -13.53599928486294068 84.66248628597516301
0.00393699928950523 -13.48125947428938254 84.32007714199122006
0.00396472011545594 -13.42644432086504125 83.97719663633246512
0.00399263185951686 -13.37155378748308365 83.63384453662941098
0.00402073583657394 -13.31658784441210308 83.29002065665105192
0.00404903337056898 -13.26154646938755910 82.94572485687670849
0.00407752579456202 -13.20642964770393135 82.60095704507284609
0.00410621445079408 -13.15123737230781842 82.25571717687542161
0.00413510069075045 -13.09596964389163531 81.91000525637623753
0.00416418587522431 -13.04062647098824890 81.56382133671513657
0.00419347137438088 -12.98520787006629540 81.21716552067618977
0.00422295856782194 -12.92971386562630620 80.87003796128934141
0.00425264884465081 -12.87414449029764185 80.52243886243689985
0.00428254360353781 -12.81849978493615794 80.17436847946450484
0.00431264425278616 -12.76277979872268276 79.82582711979749490
0.00434295221039828 -12.70698458926223573 79.47681514356158061
0.00437346890414265 -12.65111422268402741 79.12733296420867646
0.00440419577162101 -12.59516877374224642 78.77738104914742223
0.00443513426033611 -12.53914832591757822 78.42695992037846509
0.00446628582775994 -12.48305297151949311 78.07607015513445958
0.00449765194140230 -12.42688281178932819 77.72471238652514103
0.00452923407888002 -12.37063795700404611 77.37288730418651994
0.00456103372798652 -12.31431852658084480 77.02059565493540561
0.00459305238676189 -12.25792464918241542 76.66783824342817866
0.00462529156356352 -12.20145646282301577 76.31461593282428169
0.00465775277713708 -12.14491411497524886 75.96092964545466941
0.00469043755668813 -12.08829776267755385 75.60678036349418107
0.00472334744195411 -12.03160757264250691 75.25216912963932714
0.00475648398327694 -11.97484372136572262 74.89709704778969979
0.00478984874167595 -11.91800639523560434 74.54156528373476931
0.00482344328892152 -11.86109579064369335 74.18557506584430428
0.00485726920760908 -11.80411211409578343 73.82912768576376550
0.00489132809123367 -11.74705558232376212 73.47222449911413378
0.00492562154426498 -11.68992642239805591 73.11486692619546091
0.00496015118222299 -11.63272487184085513 72.75705645269549393
0.00499491863175403 -11.57545117873993767 72.39879463040188057
0.00502992553070742 -11.51810560186327415 72.04008307791934840
0.00506517352821265 -11.46068841077415001 71.68092348139005310
0.00510066428475703 -11.40319988594705158 71.32131759521890046
0.00513639947226393 -11.34564031888422164 70.96126724280269116
0.00517238077417156 -11.28801001223273204 70.60077431726287500
0.00520860988551227 -11.23030927990229166 70.23984078218282434
0.00524508851299234 -11.17253844718365841 69.87846867234874537
0.00528181837507249 -11.11469785086762840 69.51666009449428429
0.00531880120204874 -11.05678783936463638 69.15441722804899882
0.00535603873613397 -10.99880877282502034 68.79174232589102189
0.00539353273153997 -10.94076102325972855 68.42863771510234017
0.00543128495456009 -10.88264497466171754 68.06510579772860581
0.00546929718365248 -10.82446102312784753 67.70114905154183305
0.00550757120952378 -10.76620957698138348 67.33677003080724432
0.00554610883521359 -10.70789105689492615 66.97197136705223386
0.00558491187617932 -10.64950589601396480 66.60675576983994972
0.00562398216038176 -10.59105454008092195 66.24112602754532020
0.00566332152837118 -10.53253744755962984 65.87508500813423495
0.00570293183337404 -10.47395508976035927 65.50863565994580995
0.00574281494138029 -10.41530795096530682 65.14178101247799191
0.00578297273123128 -10.35659652855448876 64.77452417717512390
0.00582340709470825 -10.29782133313211112 64.40686834821914886
0.00586411993662146 -10.23898288865339268 64.03881680332304427
0.00590511317489996 -10.18008173255170412 63.67037290452666554
0.00594638874068188 -10.12111841586618155 63.30154009899542444
0.00598794857840543 -10.06209350336968633 62.93232191982097845
0.00602979464590051 -10.00300757369712912 62.56272198682456320
0.00607192891448094 -9.94386121947408874 62.19274400736181008
0.00611435336903731 -9.88465504744580059 61.82239177713017142
0.00615707000813049 -9.82538967860646828 61.45166918097808662
0.00620008084408578 -9.76606574832876539 61.08058019371572556
0.00624338790308773 -9.70668390649367474 60.70912888092739479
0.00628699322527555 -9.64724481762059938 60.33731939978601133
0.00633089886483926 -9.58774916099756958 59.96515599986805967
0.00637510689011644 -9.52819763081176951 59.59264302397055957
0.00641961938368965 -9.46859093628023807 59.21978490892902158
0.00646443844248456 -9.40892980178060867 58.84658618643584305
0.00650956617786875 -9.34921496698212273 58.47305148386042362
0.00655500471575113 -9.28944718697666616 58.09918552506918843
0.00660075619668212 -9.22962723240996930 57.72499313124678366
0.00664682277595447 -9.16975588961273580 57.35047922171701629
0.00669320662370483 -9.10983396073194562 56.97564881476467491
0.00673990992501593 -9.04986226386211889 56.60050702845700954
0.00678693488001954 -8.98984163317651941 56.22505908146520426
0.00683428370400013 -8.92977291905837411 55.84931029388559409
0.00688195862749922 -8.86965698823201976 55.47326608806071135
0.00692996189642044 -8.80949472389388610 55.09693198939908854
0.00697829577213536 -8.74928702584342233 54.72031362719490488
0.00702696253158998 -8.68903481061386529 54.34341673544651030
0.00707596446741206 -8.62873901160273249 53.96624715367332925
0.00712530388801904 -8.56840057920222087 53.58881082773213222
0.00717498311772688 -8.50802048092923613 53.21111381063104062
0.00722500449685944 -8.44759970155526929 52.83316226334252974
0.00727537038185885 -8.38713924323582027 52.45496245561367488
0.00732608314539645 -8.32664012563955858 52.07652076677469921
0.00737714517648455 -8.26610338607711803 51.69784368654529061
0.00742855888058902 -8.20553007962938352 51.31893781583767122
0.00748032667974261 -8.14492127927540643 50.93980986755755680
0.00753245101265898 -8.08427807601982629 50.56046666740169826
0.00758493433484768 -8.02360157901969018 50.18091515465201269
0.00763777911872974 -7.96289291571079882 49.80116238296646713
0.00769098785375419 -7.90215323193341579 49.42121552116625338
0.00774456304651533 -7.84138369205730257 49.04108185401853603
0.00779850722087083 -7.78058547910610709 48.66076878301532105
0.00785282291806056 -7.71975979488103725 48.28028382714768441
0.00790751269682637 -7.65890786008374747 47.89963462367538227
0.00796257913353260 -7.59803091443841261 47.51882892889095444
0.00801802482228748 -7.53713021681296169 47.13787461887907426
0.00807385237506527 -7.47620704533945180 46.75677969027010761
0.00813006442182937 -7.41526269753343215 46.37555226098760386
0.00818666361065620 -7.35429849041236938 45.99420057098982539
0.00824365260785992 -7.29331576061306475 45.61273298300510248
0.00830103409811806 -7.23231586450792552 45.23115798325977011
0.00835881078459801 -7.17130017832014932 44.84948418219969568
0.00841698538908430 -7.11027009823777778 44.46772031520431057
0.00847556065210689 -7.04922704052641791 44.08587524329270479
0.00853453933307024 -6.98817244164079465 43.70395795382215454
0.00859392421038329 -6.92710775833490544 43.32197756117801646
0.00865371808159037 -6.86603446777084869 42.93994330745538690
0.00871392376350298 -6.80495406762617083 42.55786456313136057
0.00877454409233250 -6.74386807619975315 42.17575082772827955
0.00883558192382376 -6.68277803251618341 41.79361173046747524
0.00889704013338961 -6.62168549642846394 41.41145703091266483
0.00895892161624638 -6.56059204871912005 41.02929661960318697
0.00902122928755021 -6.49949929119960323 40.64714051867684219
0.00908396608253449 -6.43840884680787262 40.26499888248100945
0.00914713495664801 -6.37732235970419925 39.88288199817297652
0.00921073888569427 -6.31624149536506607 39.50080028630826234
0.00927478086597164 -6.25516794067509974 39.11876430141641947
0.00933926391441452 -6.19410340401701021 38.73678473256475030
0.00940419106873544 -6.13304961535945292 38.35487240390875741
0.00946956538756820 -6.07200832634275933 37.97303827522939201
0.00953538995061192 -6.01098131036243633 37.59129344245629056
0.00960166785877617 -5.94997036265041856 37.20964913817699937
0.00966840223432696 -5.88897730035399913 36.82811673213174686
0.00973559622103396 -5.82800396261230880 36.44670773169271172
0.00980325298431847 -5.76705221063036966 36.06543378232829866
0.00987137571140260 -5.70612392775060329 35.68430666805141982
0.00993996761145943 -5.64522101952168320 35.30333831185117077
0.01000903191576417 -5.58434541376476012 34.92254077610807173
0.01007857187784633 -5.52349906063690987 34.54192626299200697
0.01014859077364310 -5.46268393269172758 34.16150711484225155
0.01021909190165358 -5.40190202493706817 33.78129581452962782
0.01029007858309422 -5.34115535488976612 33.40130498579986096
0.01036155416205525 -5.28044596262734522 33.02154739359809810
0.01043352200565821 -5.21977591083654779 32.64203594437340428
0.01050598550421464 -5.15914728485868945 32.26278368636359772
0.01057894807138568 -5.09856219273174371 31.88380380985949003
0.01065241314434297 -5.03802276522900705 31.50510964744783138
0.01072638418393055 -4.97753115589436312 31.12671467423288263
0.01080086467482788 -4.91708954107401919 30.74863250803607428
0.01087585812571401 -4.85670011994459472 30.37087690957268649
0.01095136806943289 -4.79636511453755787 29.99346178260578100
0.01102739806315972 -4.73608676975987475 29.61640117407645789
0.01110395168856863 -4.67586735341077731 29.23970927420976196
0.01118103255200134 -4.61570915619460909 28.86340041659612865
0.01125864428463708 -4.55561449172962085 28.48748907824745302
0.01133679054266361 -4.49558569655266904 28.11198987962754359
0.01141547500744952 -4.43562513011966431 27.73691758465595925
0.01149470138571760 -4.37573517480174967 27.36228710068527903
0.01157447340971946 -4.31591823587710799 26.98811347845075659
0.01165479483741141 -4.25617674151823522 26.61441191199189049
0.01173566945263146 -4.19651314277468579 26.24119773854550530
0.01181710106527750 -4.13692991355116391 25.86848643840978923
0.01189909351148690 -4.07742955058081336 25.49629363477821187
0.01198165065381718 -4.01801457339368628 25.12463509354343216
0.01206477638142790 -3.95868752428028614 24.75352672307021606
0.01214847461026398 -3.89945096825001869 24.38298457393662488
0.01223274928324013 -3.84030749298455909 24.01302483864331450
0.01231760437042657 -3.78125970878594675 23.64366385128993997
0.01240304386923608 -3.72231024851938841 23.27491808721835653
0.01248907180461233 -3.66346176755058917 22.90680416262163988
0.01257569222921947 -3.60471694367758566 22.53933883411872330
0.01266290922363301 -3.54607847705695711 22.17253899829377772
0.01275072689653214 -3.48754909012427561 21.80642169119967377
0.01283914938489322 -3.42913152750876637 21.44100408782507472
0.01292818085418463 -3.37082855594202480 21.07630350152447818
0.01301782549856311 -3.31264296416068271 20.71233738341028285
0.01310808754107126 -3.25457756280297872 20.34912332170680571
0.01319897123383649 -3.19663518429907167 19.98667904106505588
0.01329048085827137 -3.13881868275500553 19.62502240183786739
0.01338262072527526 -3.08113093383025038 19.26417139931479383
0.01347539517543749 -3.02357483460868215 18.90414416291593724
0.01356880857924170 -2.96615330346292216 18.54495895534427063
0.01366286533727186 -2.90886927991190003 18.18663417169548424
0.01375756988041951 -2.85172572447156503 17.82918833852501805
0.01385292667009247 -2.79472561849863865 17.47264011287151675
0.01394894019842510 -2.73787196402725774 17.11700828123579043
0.01404561498848984 -2.68116778359846641 16.76231175851504673
0.01414295559451028 -2.62461612008241296 16.40856958689144918
0.01424096660207578 -2.56822003649312558 16.05580093467422387
0.01433965262835744 -2.51198261579581184 15.70402509509499644
0.01443901832232557 -2.45590696070653847 15.35326148505544097
0.01453906836496878 -2.39999619348417248 15.00352964382648224
0.01463980746951446 -2.34425345571452048 14.65484923169865716
0.01474124038165079 -2.28868190808651084 14.30724002858271326
0.01484337187975032 -2.23328473016034756 13.96072193255993099
0.01494620677509509 -2.17806512012749209 13.61531495838128514
0.01504974991210328 -2.12302629456239877 13.27103923591502621
0.01515400616855738 -2.06817148816588281 12.92791500854186815
0.01525898045583403 -2.01350395349999189 12.58596263149697947
0.01536467771913538 -1.95902696071431182 12.24520257015838531
0.01547110293772201 -1.90474379726357612 11.90565539828092234
0.01557826112514755 -1.85065776761645795 11.56734179617500757
0.01568615732949484 -1.79677219295547785 11.23028254882975752
0.01579479663361371 -1.74309041086788730 10.89449854397966533
0.01590418415536049 -1.68961577502742033 10.56001077011410594
0.01601432504783903 -1.63635165486683953 10.22684031442915753
0.01612522449964356 -1.58330143524113121 9.89500836072097201
0.01623688773510297 -1.53046851608128276 9.56453618722011356
0.01634932001452705 -1.47785631203850154 9.23544516436609264
0.01646252663445428 -1.42546825211880157 8.90775675252159793
0.01657651292790123 -1.37330777930785164 8.58149249962573535
0.01669128426461396 -1.32137835018596128 8.25667403878555817
0.01680684605132086 -1.26968343453313470 7.93332308580537759
0.01692320373198737 -1.21822651492408451 7.61146143665323205
0.01704036278807250 -1.16701108631309070 7.29111096486377352
0.01715832873878701 -1.11604065560863908 6.97229361887717047
0.01727710714135337 -1.06531874123772918 6.65503141931329001
0.01739670359126766 -1.01484887269975443 6.33934645618064430
0.01751712372256306 -0.96463459010988362 6.02526088601954690
0.01763837320807536 -0.91467944373184029 5.71279692897891334
0.01776045775971008 -0.86498699350000852 5.40197686582620662
0.01788338312871166 -0.81556080853076673 5.09282303488994881
0.01800715510593438 -0.76640446662298922 4.78535782893436945
0.01813177952211507 -0.71752155374762983 4.47960369196572028
0.01825726224814788 -0.66891566352631093 4.17558311596970899
0.01838360919536085 -0.62059039669885951 3.87331863757971906
0.01851082631579428 -0.57254936057971995 3.57283283467538171
0.01863891960248128 -0.52479616850317667 3.27414832291104929
0.01876789508972999 -0.47733443925734226 2.97728775217391428
0.01889775885340782 -0.43016779650684794 2.68227380297137374
0.01902851701122779 -0.38329986820419254 2.38912918274734398
0.01916017572303663 -0.33673428598970723 2.09787662212729176
0.01929274119110504 -0.29047468458009912 1.80853887109170652
0.01942621966041975 -0.24452470114553984 1.52113869507783850
0.01956061741897786 -0.19888797467527161 1.23569887100949427
0.01969594079808299 -0.15356814533171229 0.95224218325480192
0.01983219617264347 -0.10856885379304300 0.67079141951181698
0.01996938996147281 -0.06389374058426607 0.39136936662190513
0.02010752862759195 -0.01954644539673507 0.11399880631090341
0.02024661867853376 0.02446939360384504 -0.16129748914195299
0.02038666666664964 0.06815014048093652 -0.43449676130727155
0.02052767918941817 0.11149216224219248 -0.70557627008082713
0.02066966288975585 0.15449182956596502 -0.97451329823084565
0.02081262445633016 0.19714551753927087 -1.24128515601707701
0.02095657062387454 0.23944960640718368 -1.50586918588147345
0.02110150817350574 0.28140048233361498 -1.76824276721023010
0.02124744393304316 0.32299453817344231 -2.02838332116694042
0.02139438477733065 0.36422817425593546 -2.28626831559655086
0.02154233762856028 0.40509779917943262 -2.54187526999982616
0.02169130945659838 0.44559983061720965 -2.79518176057796897
0.02184130727931404 0.48573069613448161 -3.04616542534701162
0.02199233816290960 0.52548683401647889 -3.29480396932163089
0.02214440922225352 0.56486469410753348 -3.54107516976797854
0.02229752762121561 0.60386073866110457 -3.78495688152508913
0.02245170057300452 0.64247144320068328 -4.02642704239448967
0.02260693534050743 0.68069329739150686 -4.26546367859759101
0.02276323923663236 0.71852280592300821 -4.50204491030037435
0.02292061962465255 0.75595648940194604 -4.73614895720505924
0.02307908391855340 0.79299088525613470 -4.96775414420824113
0.02323863958338165 0.82962254864872431 -5.19683890712517460
0.02339929413559715 0.86584805340294824 -5.42338179847973123
0.02356105514342692 0.90166399293729649 -5.64736149335972204
0.02372393022722160 0.93706698121104692 -5.86875679533718930
0.02388792705981457 0.97205365368008834 -6.08754664245328225
0.02405305336688331 1.00662066826300123 -6.30371011326743780
0.02421931692731334 1.04076470631732931 -6.51722643297052961
0.02438672557356476 1.07448247362599014 -6.72807497956160105
0.02455528719204117 1.10777070139378764 -6.93623529008801398
0.02472500972346112 1.14062614725397515 -7.14168706694860056
0.02489590116323235 1.17304559628480742 -7.34441018425957726
0.02506796956182830 1.20502586203606010 -7.54438469428292180
0.02524122302516745 1.23656378756544494 -7.74159083391693947
0.02541566971499507 1.26765624648489150 -7.93600903124866441
0.02559131784926784 1.29830014401661198 -8.12761991216774859
0.02576817570254092 1.32849241805892682 -8.31640430704155520
0.02594625160635771 1.35823004026176575 -8.50234325745103270
0.02612555394964243 1.38751001711177180 -8.68541802298684651
0.02630609117909530 1.41632939102694633 -8.86561008810541651
0.02648787179959031 1.44468524146074184 -9.04290116904428309
0.02667090437457610 1.47257468601548913 -9.21727322079609479
0.02685519752647922 1.49999488156508010 -9.38870844414068451
0.02704075993711031 1.52694302538676374 -9.55718929273441375
0.02722760034807320 1.55341635630191743 -9.72269848025589134
0.02741572756117663 1.57941215582566463 -9.88521898760721740
0.02760515043884895 1.60492774932515037 -10.04473407016966746
0.02779587790455549 1.62996050718631347 -10.20122726511275602
0.02798791894321911 1.65450784598893441 -10.35468239875527807
0.02818128260164339 1.67856722968976513 -10.50508359397715807
0.02837597798893873 1.70213617081349722 -10.65241527768059626
0.02857201427695161 1.72521223165130944 -10.79666218829880897
0.02876940070069660 1.74779302546673110 -10.93780938335085473
0.02896814655879134 1.76987621770854231 -11.07584224704064724
0.02916826121389472 1.79145952723037172 -11.21074649789817101
0.02936975409314790 1.81254072751670092 -11.34250819646095998
0.02957263468861828 1.83311764791491005 -11.47111375299366820
0.02977691255774686 1.85318817487299392 -11.59654993524333122
0.02998259732379836 1.87275025318259036 -11.71880387622810282
0.03018969867631460 1.89180188722689513 -11.83786308205681692
0.03039822637157088 1.91034114223306872 -11.95371543977690365
0.03060819023303571 1.92836614552867003 -12.06634922524771625
0.03081960015183355 1.94587508780169571 -12.17575311103670188
0.03103246608721064 1.96286622436374514 -12.28191617433533267
0.03124679806700435 1.97933787641580183 -12.38482790489168295
0.03146260618811551 1.99528843231616837 -12.48447821295670224
0.03167990061698394 2.01071634885001949 -12.58085743724088701
0.03189869159006760 2.02562015250002236 -12.67395635287781275
0.03211898941432467 2.03999844071751468 -12.76376617939149938
0.03234080446769906 2.05384988319366002 -12.85027858866377493
0.03256414719960946 2.06717322312998686 -12.93348571289809179
0.03278902813144147 2.07996727850776830 -13.01338015257631575
0.03301545785704333 2.09223094335560145 -13.08995498440447847
0.03324344704322482 2.10396318901460555 -13.16320376924388391
0.03347300643026002 2.11516306540057908 -13.23312056002342274
0.03370414683239309 2.12582970226252543 -13.29969990962941218
0.03393687913834766 2.13596231043688212 -13.36293687876876746
0.03417121431184000 2.14556018309677565 -13.42282704380129488
0.03440716339209538 2.15462269699568543 -13.47936650453726415
0.03464473749436801 2.16314931370482721 -13.53255189199584230
0.03488394781046485 2.17113958084354852 -13.58238037612011517
0.03512480560927281 2.17859313330209270 -13.62884967344450615
0.03536732223728946 2.18550969445601995 -13.67195805471028613
0.03561150911915772 2.19188907737156491 -13.71170435242454033
0.03585737775820400 2.19773118600125628 -13.74808796835842450
0.03610493973698011 2.20303601636905944 -13.78110888098011877
0.03635420671780883 2.20780365774434628 -13.81076765281800967
0.03660519044333343 2.21203429380391992 -13.83706543774941800
0.03685790273707081 2.21572820378142543 -13.86000398821051505
0.03711235550396835 2.21888576360336520 -13.87958566232268431
0.03736856073096499 2.22150744701097569 -13.89581343093055210
0.03762653048755576 2.22359382666724326 -13.90869088454725855
0.03788627692636030 2.22514557524829382 -13.91822224020209298
0.03814781228369551 2.22616346651836938 -13.92441234818563167
0.03841114888015196 2.22664837638767477 -13.92726669868781997
0.03867629912117412 2.22660128395229595 -13.92679142832407280
0.03894327549764499 2.22602327251540011 -13.92299332654436661
0.03921209058647443 2.22491553058897651 -13.91587984192074501
0.03948275705119166 2.22327935287530032 -13.90545908830803334
0.03975528764254173 2.22111614122734702 -13.89173985087303365
0.04002969519908633 2.21842740558734031 -13.87473159198694717
0.04030599264780860 2.21521476490265545 -13.85444445697626747
0.04058419300472190 2.21147994801827741 -13.83088927972701399
0.04086430937548322 2.20722479454495835 -13.80407758813707098
0.04114635495601049 2.20245125570232236 -13.77402160941175957
0.04143034303310408 2.19716139513606334 -13.74073427519742374
0.04171628698507298 2.19135738970840599 -13.70422922654775988
0.04200420028236487 2.18504153026103376 -13.66452081871790902
0.04229409648820062 2.17821622234963996 -13.62162412578099513
0.04258598925921348 2.17088398694925111 -13.57555494506183003
0.04287989234609223 2.16304746112952362 -13.52632980138268870
0.04317581959422907 2.15470939869914124 -13.47396595111578499
0.04347378494437166 2.14587267081849875 -13.41848138603724472
0.04377380243328013 2.13654026657980278 -13.35989483697714597
0.04407588619438821 2.12671529355376610 -13.29822577726051058
0.04438005045846889 2.11640097830204876 -13.23349442593385028
0.04468630955430507 2.10560066685457103 -13.16572175077183893
0.04499467790936444 2.09431782515088383 -13.09492947105897187
0.04530517005047906 2.08255603944473888 -13.02114006014083003
0.04561780060452988 2.07031901667098461 -12.94437674773945979
0.04593258429913571 2.05761058477397452 -12.86466352202774388
0.04624953596334689 2.04443469299662706 -12.78202513145744312
0.04656867052834411 2.03079541212927195 -12.69648708633532408
0.04689000302814165 2.01669693471747635 -12.60807566014243086
0.04721354860029565 2.00214357522797526 -12.51681789059096772
0.04753932248661712 1.98713977017188870 -12.42274158041365339
0.04786734003389014 1.97169007818437025 -12.32587529788010805
0.04819761669459478 1.95579918005987796 -12.22624837703530964
0.04853016802763484 1.93947187874222804 -12.12389091765476934
0.04886500969907115 1.92271309926859924 -12.01883378491116439
0.04920215748285936 1.90552788866669265 -11.91110860874752042
0.04954162726159295 1.88792141580423367 -11.80074778295172422
0.04988343502725170 1.86989897118998161 -11.68778446392722081
0.05022759688195493 1.85146596672549890 -11.57225256915511125
0.05057412903871987 1.83262793540686708 -11.45418677534255814
0.05092304782222574 1.81339053097556047 -11.33362251625256434
0.05127436966958262 1.79375952751774048 -11.21059598021044224
0.05162811113110581 1.77374081901118141 -11.08514410728204247
0.05198428887109539 1.75334041881911462 -10.95730458611920000
0.05234291966862144 1.73256445913021340 -10.82711585046759240
0.05270402041831444 1.71141919034404144 -10.69461707533261574
0.05306760813116093 1.68991098040123511 -10.55984817279881227
0.05343369993530521 1.66804631405771486 -10.42284978749831126
0.05380231307685603 1.64583179210227759 -10.28366329172424898
0.05417346492069896 1.62327413051688940 -10.14233078018483702
0.05454717295131468 1.60038015957902524 -9.99889506439401998
0.05492345477360246 1.57715682290545933 -9.85339966669487133
0.05530232811370946 1.55361117643687119 -9.70588881391177694
0.05568381081986596 1.52975038736268698 -9.55640743062777531
0.05606792086322609 1.50558173298559739 -9.40500113208339883
0.05645467633871443 1.48111259952520080 -9.25171621669366750
0.05684409546587828 1.45635048086025254 -9.09659965817988159
0.05723619658974628 1.43130297720901334 -8.93969909731299595
0.05763099818169241 1.40597779374723730 -8.78106283326570036
0.05802851884030608 1.38038273916334742 -8.62073981457032623
0.05842877729226850 1.35452572415036410 -8.45877962967979968
0.05883179239323479 1.32841475983421820 -8.29523249712933897
0.05923758312872209 1.30205795613806763 -8.13014925529646248
0.05964616861500417 1.27546352008228592 -7.96358135175713144
0.06005756810001192 1.24863975401982219 -7.79558083223625431
0.06047180096423987 1.22159505380667288 -7.62620032915070212
0.06088888672165952 1.19433790690719888 -7.45549304974328209
0.06130884502063842 1.16687689043411980 -7.28351276380650781
0.06173169564486587 1.13922066912298825 -7.11031379099491279
0.06215745851428463 1.11137799324103903 -6.93595098772516927
0.06258615368602982 1.08335769643028446 -6.76047973366325650
0.06301780135537340 1.05516869348484033 -6.58395591779843237
0.06345242185667553 1.02681997806243652 -6.40643592410377938
0.06389003566434281 0.99832062033014213 -6.22797661678340209
0.06433066339379256 0.96967976454438065 -6.04863532510674773
0.06477432580242388 0.94090662656533686 -5.86846982783062998
0.06522104379059587 0.91201049130589518 -5.68753833720980673
0.06567083840261197 0.88300071011532788 -5.50589948259741746
0.06612373082771117 0.85388669809795881 -5.32361229363667920
0.06657974240106661 0.82467793136708456 -5.14073618304554625
0.06703889460479043 0.79538394423450542 -4.95733092899650973
0.06750120906894577 0.76601432633603417 -4.77345665709381350
0.06796670757256559 0.73657871969342370 -4.58917382195077028
0.06843541204467901 0.70708681571318144 -4.40454318837012782
0.06890734456534416 0.67754835212282305 -4.21962581213085297
0.06938252736668807 0.64797310984513878 -4.03448302038492379
0.06986098283395459 0.61837090981110543 -3.84917639166802417
0.07034273350655847 0.58875160971215368 -3.66376773552858470
0.07082780207914721 0.55912510069252386 -3.47831907177969013
0.07131621140267042 0.52950130398252004 -3.29289260937890615
0.07180798448545608 0.49989016747352538 -3.10755072494139162
0.07230314449429440 0.47030166223570036 -2.92235594089204032
0.07280171475552941 0.44074577897934120 -2.73737090326272003
0.07330371875615763 0.41123252446094838 -2.55265835914116890
0.07380918014493468 0.38177191783510550 -2.36828113377840177
0.07431812273348896 0.35237398695334732 -2.18430210736196884
0.07483057049744396 0.32304876461124327 -2.00078419146273667
0.07534654757754738 0.29380628474501447 -1.81779030516338813
0.07586607828080817 0.26465657857905173 -1.63538335087720998
0.07638918708164215 0.23560967072577890 -1.45362618986615577
0.07691589862302453 0.20667557523938720 -1.27258161746773535
0.07744623771765087 0.17786429162502551 -1.09231233804062211
0.07798022934910616 0.14918580080511759 -0.91288093963942085
0.07851789867304167 0.12065006104454862 -0.73434986842949024
0.07905927101835979 0.09226700383654203 -0.55678140285319810
0.07960437188840763 0.06404652975112217 -0.38023762755946683
0.08015322696217819 0.03599850424813956 -0.20478040710896842
0.08070586209552016 0.00813275345690814 -0.03047135946778821
0.08126230332235576 -0.01954094007541870 0.14262817069713785
0.08182257685590748 -0.04701284166453384 0.31445713890705174
0.08238670908993284 -0.07427326879645343 0.48495482793065947
0.08295472659996748 -0.10131259545944804 0.65406087499904864
0.08352665614457758 -0.12812125649802658 0.82171529916120822
0.08410252466662016 -0.15468975198651552 0.98785852876476876
0.08468235929451211 -0.18100865161972413 1.15243142904624962
0.08526618734350867 -0.20706859911813835 1.31537532981480898
0.08585403631698994 -0.23286031664505524 1.47663205321328417
0.08644593390775629 -0.25837460923303579 1.63614394154011022
0.08704190799933344 -0.28360236921703436 1.79385388511556298
0.08764198666728568 -0.30853458067155815 1.94970535017575619
0.08824619818053861 -0.33316232384920097 2.10364240677775882
0.08885457100271059 -0.35747677961791297 2.25560975669929631
0.08946713379345408 -0.38146923389437437 2.40555276131655082
0.09008391540980545 -0.40513108207088228 2.55341746944382342
0.09070494490754430 -0.42845383343318089 2.69915064511894709
0.09133025154256254 -0.45142911556671139 2.84269979531863726
0.09195986477224254 -0.47404867874880757 2.98401319758826578
0.09259381425684444 -0.49630440032441453 3.12303992757085647
0.09323212986090400 -0.51818828906294989 3.25972988642037143
0.09387484165463919 -0.53969248949400284 3.39403382808483256
0.09452197991536644 -0.56080928621960624 3.52590338644504264
0.09517357512892761 -0.58153110820086551 3.65529110229500365
0.09582965799112571 -0.60185053301679481 3.78215045015052009
0.09649025940917109 -0.62176029109323128 3.90643586487259142
0.09715541050313714 -0.64125326989974851 4.02810276809253054
0.09782514260742688 -0.66032251811249354 4.14710759442575938
0.09849948727224871 -0.67896124974091021 4.26340781746141406
0.09917847626510250 -0.69716284821628427 4.37696197551479838
0.09986214157227666 -0.71492087044002839 4.48772969712954239
0.10055051540035467 -0.73222905078960554 4.59567172631620480
0.10124363017773205 -0.74908130507991011 4.70074994751360631
0.10194151855614454 -0.76547173447784345 4.80292741025856440
0.10264421341220598 -0.78139462936774062 4.90216835354927749
0.10335174784895693 -0.79684447316514484 4.99843822988654196
0.10406415519742446 -0.81181594607628971 5.09170372897616375
0.10478146901819221 -0.82630392880047565 5.18193280107477339
0.10550372310298135 -0.84030350617232519 5.26909467996006242
0.10623095147624222 -0.85380997074069553 5.35315990550507959
0.10696318839675767 -0.86681882628080298 5.43410034583489132
0.10770046835925672 -0.87932579123590737 5.51188921904254858
0.10844282609603929 -0.89132680208468029 5.58650111443993502
0.10919029657861286 -0.90281801663017669 5.65791201331779448
0.10994291501933974 -0.91379581720617908 5.72609930918823018
0.11070071687309559 -0.92425681379653013 5.79104182748208896
0.11146373783894017 -0.93419784706295927 5.85271984467291073
0.11223201386179885 -0.94361599127689144 5.91111510679895513
0.11300558113415557 -0.95250855715068594 5.96621084735470752
0.11378447609775848 -0.96087309456380954 6.01799180452347837
0.11456873544533624 -0.96870739517955418 6.06644423772342467
0.11535839612232673 -0.97600949494801525 6.11155594344001685
0.11615349532861717 -0.98277767649122860 6.15331627031905803
0.11695407052029710 -0.98901047136654407 6.19171613349551198
0.11776015941142259 -0.99470666220453385 6.22674802813478045
0.11857179997579269 -0.99986528471793545 6.25840604216429863
0.11938903044873875 -1.00448562957833509 6.28668586817467290
0.12021188932892556 -1.00856724415752952 6.31158481447088437
0.12104041538016444 -1.01210993413065520 6.33310181525526428
0.12187464763324013 -1.01511376493836281 6.35123743992485057
0.12271462538774915 -1.01757906310546642 6.36599390146690602
0.12356038821395075 -1.01950641741361347 6.37737506393695064
0.12441197595463170 -1.02089667992562094 6.38538644900438790
0.12526942872698282 -1.02175096685923750 6.39003524155141367
0.12613278692448912 -1.02207065930813612 6.39133029431126332
0.12700209121883205 -1.02185740380803214 6.38928213153235536
0.12787738256180636 -1.02111311274584771 6.38390295165507737
0.12875870218724889 -1.01983996460994342 6.37520662898856560
0.12964609161298060 -1.01804040407946017 6.36320871437499669
0.13053959264276330 -1.01571714195089169 6.34792643482930519
0.13143924736826845 -1.01287315490008800 6.32937869214289162
0.13234509817105980 -1.00951168507796685 6.30758606044020453
0.13325718772459053 -1.00563623953829184 6.28257078267770108
0.13417555899621331 -1.00125058949601153 6.25435676607545954
0.13510025524920402 -0.99635876941474544 6.22296957647235338
0.13603132004480051 -0.99096507592213035 6.18843643159647883
0.13696879724425431 -0.98507406655190388 6.15078619324350573
0.13791273101089702 -0.97869055831172436 6.11004935835642993
0.13886316581222044 -0.97181962607588523 6.06625804900122212
0.13982014642197194 -0.96446660080224422 6.01944600123379647
0.14078371792226346 -0.95663706757285405 5.96964855285485729
0.14175392570569484 -0.94833686345793455 5.91690263005011197
0.14273081547749294 -0.93957207520299657 5.86124673291433496
0.14371443325766448 -0.93034903673909719 5.80272091985896754
0.14470482538316343 -0.92067432651637093 5.74136679090382440
0.14570203851007471 -0.91055476466111784 5.67722746985444715
0.14670611961581190 -0.89999740995693078 5.61034758536783418
0.14771711600132961 -0.88900955665047077 5.54077325091009776
0.14873507529335270 -0.87759873108264630 5.46855204361052749
0.14976004544661942 -0.86577268814613362 5.39373298201767337
0.15079207474614068 -0.85353940757029156 5.31636650276375367
0.15183121180947412 -0.84090709003468633 5.23650443614478789
0.15287750558901539 -0.82788415311256469 5.15419998062453644
0.15393100537430371 -0.81447922704578246 5.06950767627148924
0.15499176079434338 -0.80070115035280287 4.98248337713870448
0.15605982181994271 -0.78655896527152214 4.89318422259731456
0.15713523876606758 -0.77206191303883420 4.80166860763541070
0.15821806229421123 -0.75721942900895101 4.70799615213470091
0.15930834341478184 -0.74204113761263812 4.61222766913826376
0.16040613348950503 -0.72653684715967093 4.51442513212359930
0.16151148423384307 -0.71071654448693200 4.41465164129590271
0.16262444771943196 -0.69459038945469931 4.31297138891740239
0.16374507637653393 -0.67816870929383299 4.20944962368942832
0.16487342299650756 -0.66146199280667195 4.10415261420470312
0.16600954073429422 -0.64448088442460782 3.99714761148823872
0.16715348311092296 -0.62723617812541910 3.88850281064598180
0.16830530401603144 -0.60973881121360995 3.77828731164136311
0.16946505771040399 -0.59199985796710985 3.66657107922066405
0.17063279882852889 -0.57403052315383851 3.55342490200895877
0.17180858238117150 -0.55584213542178862 3.43892035079945479
0.17299246375796537 -0.53744614056640638 3.32312973605974671
0.17418449873002248 -0.51885409467919208 3.20612606467949313
0.17538474345256003 -0.50007765718159958 3.08798299598496406
0.17659325446754551 -0.48112858374844147 2.96877479704675995
0.17781008870636109 -0.46201871912515413 2.84857629730792494
0.17903530349248506 -0.44275998984343462 2.72746284256067106
0.18026895654419256 -0.42336439683988708 2.60551024830076061
0.18151110597727393 -0.40384400798247866 2.48279475248961345
0.18276181030777353 -0.38421095050973647 2.35939296775504026
0.18402112845474572 -0.36447740338777562 2.23538183306252147
0.18528911974303014 -0.34465558959038028 2.11083856488981159
0.18656584390604733 -0.32475776830750425 1.98584060793853268
0.18785136108861214 -0.30479622708770482 1.86046558541741214
0.18914573184976669 -0.28478327392015251 1.73479124893260006
0.19044901716563412 -0.26473122926199438 1.60889542802140650
0.19176127843229071 -0.24465241801698751 1.48285597936666136
0.19308257746865756 -0.22455916147143706 1.35675073572966598
0.19441297651941386 -0.20446376919359582 1.23065745464051091
0.19575253825792849 -0.18437853090280673 1.10465376688530070
0.19710132578921277 -0.16431570831477046 0.97881712483051664
0.19845940265289264 -0.14428752696943403 0.85322475062545211
0.19982683282620289 -0.12430616804808872 0.72795358432427293
0.20120368072700057 -0.10438376018636557 0.60308023196990679
0.20259001121679915 -0.08453237128990067 0.47868091368249416
0.20398588960382499 -0.06476400035952566 0.35483141179570638
0.20539138164609347 -0.04509056933292117 0.23160701908475209
0.20680655355450628 -0.02552391494974437 0.10908248713039355
0.20823147199597156 -0.00607578064731807 -0.01266802513620735
0.20966620409654391 0.01324219150595398 -0.13357100266248359
0.21111081744458601 0.03241846883220283 -0.25355362523144992
0.21256538009395401 0.05144163601341264 -0.37254381810026788
0.21402996056720233 0.07030040300101981 -0.49047030227336408
0.21550462785881241 0.08898361285826560 -0.60726264436238275
0.21698945143844184 0.10748024952765758 -0.72285130598448932
0.21848450125419838 0.12577944551575598 -0.83716769264964130
0.21998984773593447 0.14387048948735112 -0.95014420208646955
0.22150556179856454 0.16174283376092125 -1.06171427195528123
0.22303171484540685 0.17938610169706515 -1.17181242689544574
0.22456837877154651 0.19679009497139927 -1.28037432485310876
0.22611562596722207 0.21394480072317593 -1.38733680263372006
0.22767352932123661 0.23084039857065239 -1.49263792062239831
0.22924216222439106 0.24746726748400927 -1.59621700661370580
0.23082159857294077 0.26381599250639853 -1.69801469869104449
0.23241191277207801 0.27987737131351081 -1.79797298709466813
0.23401317973943619 0.29564242060191648 -1.89603525501649961
0.23562547490861963 0.31110238229635334 -1.99214631825942989
0.23724887423275626 0.32624872956615875 -2.08625246369896589
0.23888345418807699 0.34107317264116677 -2.17830148648592070
0.24052929177751764 0.35556766441767218 -2.26824272593062704
0.24218646453434586 0.36972440584549554 -2.35602710001194460
0.24385505052581510 0.38353585108779659 -2.44160713845821498
0.24553512835684130 0.39699471244612355 -2.52493701435269768
0.24722677717370542 0.41009396504421458 -2.60597257422245931
0.24893007666778313 0.42282685126532865 -2.68467136657776484
0.25064510707929838 0.43518688493938573 -2.76099266887839123
0.25237194920110279 0.44716785527788605 -2.83489751291401593
0.25411068438248285 0.45876383055648162 -2.90634870859775107
0.25586139453299134 0.46996916154716162 -2.97531086618499829
0.25762416212630668 0.48077848470420831 -3.04175041694358672
0.25939907020411690 0.49118672511038597 -3.10563563231552964
0.26118620238003326 0.50118909919211596 -3.16693664162503996
0.26298564284352799 0.51078111721462416 -3.22562544840132270
0.26479747636390111 0.51995858557003394 -3.28167594539694774
0.26662178829427297 0.52871760887304287 -3.33506392839284160
0.26845866457560524 0.53705459187988602 -3.38576710888735688
0.27030819174075138 0.54496624124663362 -3.43376512576873116
0.27217045691852998 0.55244956714223326 -3.47903955606591886
0.27404554783783092 0.55950188472986551 -3.52157392486087328
0.27593355283174942 0.56612081552710258 -3.56135371442573900
0.27783456084174468 0.57230428865094374 -3.59836637262034609
0.27974866142183086 0.57805054194815753 -3.63260132054982776
0.28167594474279772 0.58335812300487289 -3.66404995944132539
0.28361650159645529 0.58822589002242609 -3.69270567665524085
0.28557042339991229 0.59265301253967217 -3.71856385070401085
0.28753780219988456 0.59663897197609084 -3.74162185511475753
0.28951873067702744 0.60018356196561762 -3.76187906094506319
0.29151330215030596 0.60328688844871980 -3.77933683774641072
0.29352161058138737 0.60594936949025680 -3.79399855277060949
0.29554375057906923 0.60817173479291864 -3.80586956822916855
0.29757981740373779 0.60995502488048636 -3.81495723644403517
0.29962990697185221 0.61130058993116232 -3.82127089276614029
0.30169411586046524 0.61221008824814505 -3.82482184618195742
0.30377254131177361 0.61268548436187020 -3.82562336757386356
0.30586528123769657 0.61272904676516005 -3.82369067564289500
0.30797243422448944 0.61234334528845469 -3.81904092053956212
0.31009409953738992 0.61153124812705695 -3.81169316527812541
0.31223037712529061 0.61029591853573195 -3.80166836503081695
0.31438136762544966 0.60864081120804914 -3.78898934441112800
0.31654717236823277 0.60656966835879544 -3.77368077286094028
0.31872789338188390 0.60408651552773940 -3.75576913825572856
0.32092363339733304 0.60119565712223999 -3.73528271883696350
0.32313449585303744 0.59790167171498021 -3.71225155357310044
0.32536058489985120 0.59420940711160453 -3.68670741104101163
0.32760200540593343 0.59012397520139648 -3.65868375690933423
0.32985886296168992 0.58565074660256167 -3.62821572009538151
0.33213126388474412 0.58079534511218900 -3.59534005765788311
0.33441931522494717 0.57556364196959164 -3.56009511847923932
0.33672312476942301 0.56996174994059801 -3.52252080578399118
0.33904280104764212 0.56399601722939918 -3.48265853853419483
0.34137845333653621 0.55767302122376916 -3.44055121173756984
0.34373019166564794 0.55099956207893619 -3.39624315570099622
0.34609812682230995 0.54398265614501184 -3.34978009425970935
0.34848237035686874 0.53662952924264273 -3.30120910201120177
0.35088303458793546 0.52894760979158240 -3.25057856058307149
0.35330023260767901 0.52094452179693218 -3.19793811396458505
0.35573407828715525 0.51262807769808716 -3.14333862293354871
0.35818468628166800 0.50400627108575868 -3.08683211861234996
0.36065217203617167 0.49508726929286989 -3.02847175518972289
0.36313665179071219 0.48587940586562028 -2.96831176184804679
0.36563824258589855 0.47639117292155025 -2.90640739393938130
0.36815706226841882 0.46663121340194486 -2.84281488345664801
0.37069322949659317 0.45660831322646039 -2.77759138884988843
0.37324686374596050 0.44633139335835342 -2.71079494424057899
0.37581808531490823 0.43580950178911587 -2.64248440808970875
0.37840701533034138 0.42505180545172833 -2.57271941137790172
0.38101377575338496 0.41406758207207356 -2.50156030535786389
0.38363848938513134 0.40286621196827777 -2.42906810894093228
0.38628127987242716 0.39145716980795681 -2.35530445578074010
0.38894227171369411 0.37985001633344578 -2.28033154111767322
0.39162159026479615 0.36805439006512281 -2.20421206844796380
0.39431936174494664 0.35607999899293052 -2.12700919608123629
0.39703571324265036 0.34393661226612410 -2.04878648364980487
0.39977077272169265 0.33163405189112632 -1.96960783863213340
0.40252466902716960 0.31918218444722152 -1.88953746295188818
0.40529753189155343 0.30659091282960388 -1.80863979971268907
0.40808949194080635 0.29387016802904425 -1.72697948012708768
0.41090068070053642 0.28102990095719299 -1.64462127069673847
0.41373123060218814 0.26808007432624809 -1.56163002069896084
0.41658127498928715 0.25503065459140406 -1.47807061003292706
0.41945094812371697 0.24189160396421663 -1.39400789747696585
0.42234038519204559 0.22867287250467402 -1.30950666940633420
0.42524972231189667 0.21538439029946435 -1.22463158901895519
0.42817909653835690 0.20203605973360678 -1.13944714611460829
0.43112864587043542 0.18863774786228057 -1.05401760747102324
0.43409850925756621 0.17519927888938402 -0.96840696785844094
0.43708882660614989 0.16173042675903623 -0.88267890173224905
0.44009973878614655 0.14824090786591917 -0.79689671564136522
0.44313138763771442 0.13474037389006405 -0.71112330138822355
0.44618391597788670 0.12123840476138668 -0.62542108997439405
0.44925746760730267 0.10774450175898177 -0.53985200636405439
0.45235218731698318 0.09426808074991086 -0.45447742509585803
0.45546822089514793 0.08081846557194379 -0.36935812677204438
0.45860571513408505 0.06740488156444248 -0.28455425545201213
0.46176481783706874 0.05403644925132414 -0.20012527697602067
0.46494567782531782 0.04072217817979024 -0.11612993824317205
0.46814844494500796 0.02747096091826451 -0.03262622746635051
0.47137327007433427 0.01429156721675379 0.05032866457459242
0.47462030513061321 0.00119263833262169 0.13267838226148040
0.47788970307744211 -0.01181731847545263 0.21436744182965553
0.48118161793190767 -0.02472993528276294 0.29534126700564017
0.48449620477183586 -0.03753698866074519 0.37554622357444262
0.48783361974310091 -0.05023040466385138 0.45492965286147086
0.49119402006698276 -0.06280226363913700 0.53343990411513320
0.49457756404756831 -0.07524480485674871 0.61102636577727343
0.49798441107921515 -0.08755043095966657 0.68763949562958016
0.50141472165405510 -0.09971171223122487 0.76323084980514189
0.50486865736955655 -0.11172139067908857 0.83775311065521996
0.50834638093614049 -0.12357238393451893 0.91116011346225811
0.51184805618483975 -0.13525778896591317 0.98340687199105148
0.51537384807502007 -0.14677088560574131 1.05444960287082434
0.51892392270215304 -0.15810513989015010 1.12424574880185024
0.52249844730563633 -0.16925420721064274 1.19275400058108083
0.52609759027667324 -0.18021193527737378 1.25993431794204369
0.52972152116621019 -0.19097236689373548 1.32574794920508410
0.53337041069291669 -0.20152974254205008 1.39015744973488542
0.53704443075123121 -0.21187850278030099 1.45312669920290349
0.54074375441946221 -0.22201329044997703 1.51462091765321971
0.54446855596793509 -0.23192895269523547 1.57460668037113405
0.54821901086720481 -0.24162054279370615 1.63305193155452466
0.55199529579632578 -0.25108332179940290 1.68992599678888555
0.55579758865116813 -0.26031275999833314 1.74519959432774940
0.55962606855280195 -0.26930453817751843 1.79884484518092735
0.56348091585593751 -0.27805454870827556 1.85083528201388581
0.56736231215741650 -0.28655889644473231 1.90114585686233339
0.57127044030476937 -0.29481389943867076 1.94975294766685159
0.57520548440483177 -0.30281608947191829 1.99663436363320734
0.57916762983241210 -0.31056221240763082 2.04176934942475841
0.58315706323902683 -0.31804922836191513 2.08513858819404030
0.58717397256169712 -0.32527431169735926 2.12672420346137425
0.59121854703179433 -0.33223485084015159 2.16650975984908234
0.59529097718396295 -0.33892844792254712 2.20448026268039055
0.59939145486508971 -0.34535291825257103 2.24062215645294716
0.60352017324334362 -0.35150628961290475 2.27492332219729576
0.60767732681727959 -0.35738680139101014 2.30737307373131939
0.61186311142499428 -0.36299290354262381 2.33796215282225628
0.61607772425335505 -0.36832325539081984 2.36668272326830698
0.62032136384729264 -0.37337672426293084 2.39352836391252310
0.62459423011914772 -0.37815238396769596 2.41849406060220762
0.62889652435809140 -0.38264951311506962 2.44157619710756402
0.63322844923961197 -0.38686759328123249 2.46277254501406873
0.63759020883505479 -0.39080630702144370 2.48208225260380022
0.64198200862124022 -0.39446553573346504 2.49950583274155935
0.64640405549014601 -0.39784535737452376 2.51504514978330551
0.65085655775864737 -0.40094604403466022 2.52870340552368988
0.65533972517833383 -0.40376805936991877 2.54048512420354289
0.65985376894539371 -0.40631205589881375 2.55039613659802056
0.66439890171055649 -0.40857887216551869 2.55844356320639443
0.66897533758911365 -0.41056952977422240 2.56463579657082796
0.67358329217100954 -0.41228523029859393 2.56898248274835828
0.67822298253098967 -0.41372735207118327 2.57149450196602247
0.68289462723883121 -0.41489744685803237 2.57218394849184140
0.68759844636964218 -0.41579723642378208 2.57106410975449018
0.69233466151422274 -0.41642860899340972 2.56814944474977791
0.69710349578950681 -0.41679361561696260 2.56345556177343470
0.70190517384907669 -0.41689446644417316 2.55699919552283061
0.70673992189373802 -0.41673352691624843 2.54879818361266075
0.71160796768218526 -0.41631331388248388 2.53887144255161923
0.71650954054172245 -0.41563649164970035 2.52723894322900389
0.72144487137907043 -0.41470586797270204 2.51392168596113263
0.72641419269124807 -0.41352438999411001 2.49894167514805332
0.73141773857651804 -0.41209514014194876 2.48232189359080246
0.73645574474541731 -0.41042133199323338 2.46408627651823187
0.74152844853186650 -0.40850630611157535 2.44425968537059557
0.74663608890434163 -0.40635352586644069 2.42286788138427633
0.75177890647713608 -0.40396657324114293 2.39993749901822984
0.75695714352169929 -0.40134914463601440 2.37549601925843312
0.76217104397804170 -0.39850504667242587 2.34957174283153192
0.76742085346623079 -0.39543819200243435 2.32219376335318506
0.77270681929796636 -0.39215259512792544 2.29339194043083827
0.77802919048822172 -0.38865236823214827 2.26319687273466386
0.78338821776697964 -0.38494171702554958 2.23163987104439920
0.78878415359104803 -0.38102493660690595 2.19875293127442761
0.79421725215594319 -0.37690640733989117 2.16456870747444663
0.79968776940787090 -0.37259059074443940 2.12912048479873617
0.80519596305578611 -0.36808202540166368 2.09244215243386078
0.81074209258352603 -0.36338532287061348 2.05456817647228007
0.81632641926203720 -0.35850516361483481 2.01553357271805833
0.82194920616168921 -0.35344629293657720 1.97537387941079290
0.82761071816465814 -0.34821351691653130 1.93412512985480034
0.83331122197740892 -0.34281169835715081 1.89182382494234869
0.83905098614326490 -0.33724575272796620 1.84850690556250519
0.84483028105504709 -0.33152064411174759 1.80421172489052317
0.85064937896782500 -0.32564138115089231 1.75897602055639490
0.85650855401173109 -0.31961301299405093 1.71283788669554249
0.86240808220487908 -0.31344062524360794 1.66583574588866212
0.86834824146637202 -0.30712933590529595 1.61800832100208236
0.87432931162938499 -0.30068429134184504 1.56939460694399324
0.88035157445435230 -0.29411066223313781 1.52003384235549643
0.88641531364224579 -0.28741363954588128 1.46996548125881143
0.89252081484793000 -0.28059843051626876 1.41922916468773308
0.89866836569362407 -0.27367025464947042 1.36786469232768448
0.90485825578245527 -0.26663433974011364 1.31591199419454052
0.91109077671209349 -0.25949591791813831 1.26341110238266108
0.91736622208849117 -0.25226022172455270 1.21040212291331306
0.92368488753972133 -0.24493248022171060 1.15692520771509333
0.93004707072989290 -0.23751791514275256 1.10302052676794893
0.93645307137317935 -0.23002173708481100 1.04872824044201263
0.94290319124794220 -0.22244914175051486 0.99408847206193518
0.94939773421093754 -0.21480530624221580 0.93914128072659075
0.95593700621163524 -0.20709538541320910 0.88392663441301444
0.96252131530663754 -0.19932450828006928 0.82848438339240127
0.96915097167417996 -0.19149777450004610 0.77285423398482556
0.97582628762874912 -0.18362025091726777 0.71707572267807662
0.98254757763580092 -0.17569696818131725 0.66118819063480305
0.98931515832656336 -0.16773291744155300 0.60523075861089770
0.99612934851295887 -0.15973304712033948 0.54924230230675142
1.00299046920262747 -0.15170225976817039 0.49326142817180141
1.00989884361403748 -0.14364540900347481 0.43732644968154405
1.01685479719172500 -0.13556729653969699 0.38147536410493116
1.02385865762161421 -0.12747266930207307 0.32574582977890437
1.03091075484645822 -0.11936621663632797 0.27017514390557595
1.03801142108138866 -0.11125256761134610 0.21480022088640327
1.04516099082955427 -0.10313628841769092 0.15965757120651911
1.05235980089788472 -0.09502187986366614 0.10478328088118685
1.05960819041296261 -0.08691377497044406 0.05021299147519828
1.06690650083698868 -0.07881633666761134 -0.00401811929514773
1.07425507598387227 -0.07073385559030784 -0.05787535636901469
1.08165426203543413 -0.06267054797896622 -0.11132452554963393
1.08910440755770344 -0.05463055368249091 -0.16433195110839768
1.09660586351734346 -0.04661793426554185 -0.21686449277944395
1.10415898329819151 -0.03863667122042502 -0.26888956214088378
1.11176412271789449 -0.03069066428392505 -0.32037513837996634
1.11942164004467637 -0.02278372985924841 -0.37128978344059010
1.12713189601422270 -0.01491959954308688 -0.42160265655268486
1.13489525384666146 -0.00710191875765012 -0.47128352814408925
1.14271207926368090 0.00066575451264075 -0.52030279313659267
1.15058274050576292 0.00837995088025870 -0.56863148362887561
1.15850760834951960 0.01603729061008542 -0.61624128097009800
1.16648705612516523 0.02363448457209033 -0.66310452722884727
1.17452145973411026 0.03116833509206913 -0.70919423606312826
1.18261119766665646 0.03863573670147427 -0.75448410299799795
1.19075665101983330 0.04603367678749828 -0.79894851511829046
1.19895820351535809 0.05335923614469763 -0.84256256018473985
1.20721624151769702 0.06060958942956479 -0.88530203518261363
1.21553115405228396 0.06778200551956662 -0.92714345431265832
1.22390333282383090 0.07487384777828048 -0.96806405643495608
1.23233317223478811 0.08188257422835428 -1.00804181197684861
1.24082106940393033 0.08880573763411795 -1.04705542931677642
1.24936742418505098 0.09564098549575978 -1.08508436065641178
1.25797263918580571 0.10238605995706387 -1.12210880739397201
1.26663711978668481 0.10903879762878377 -1.15810972501210996
1.27536127416009770 0.11559712932979563 -1.19306882749415744
1.28414551328960691 0.12205907974823944 -1.22696859128291380
1.29299025098929765 0.12842276702491406 -1.25979225879646051
1.30189590392325605 0.13468640226124726 -1.29152384151582211
1.31086289162520631 0.14084828895420343 -1.32214812265948245
1.31989163651828068 0.14690682236053618 -1.35165065945996976
1.32898256393490533 0.15286048879282940 -1.38001778505793316
1.33813610213684386 0.15870786484979427 -1.40723661002912737
1.34735268233538008 0.16444761658331872 -1.43329502355988847
1.35663273871161705 0.17007849860478927 -1.45818169428667632
1.36597670843693786 0.17559935313320857 -1.48188607081519841
1.37538503169360782 0.18100910898765160 -1.50439838193461428
1.38485815169549564 0.18630678052660909 -1.52570963654224601
1.39439651470896098 0.19149146653675744 -1.54581162329398114
1.40400057007388401 0.19656234907371276 -1.56469690999556232
1.41367077022481880 0.20151869225723368 -1.58235884274905247
1.42340757071231394 0.20635984102359267 -1.59879154487065489
1.43321143022438102 0.21108521983739953 -1.61398991559235516
1.44308281060808552 0.21569433136539895 -1.62794962856171876
1.45302217689132229 0.22018675511497285 -1.64066713015546717
1.46302999730470673 0.22456214603935892 -1.65213963761667459
1.47310674330363889 0.22882023311239197 -1.66236513703154887
1.48325288959052193 0.23296081787504727 -1.67134238115720080
1.49346891413710736 0.23698377295596140 -1.67907088711100116
1.50375529820702170 0.24088904056850163 -1.68555093393480737
1.51411252637844407 0.24467663098651085 -1.69078356004370667
1.52454108656692022 0.24834662100103100 -1.69477056057000208
1.53504147004835301 0.25189915236018573 -1.69751448461194121
1.54561417148215696 0.25533443019438162 -1.69901863239623818
1.55625968893454147 0.25865272142894558 -1.69928705236278521
1.56697852390198511 0.26185435318624872 -1.69832453817914142
1.57777118133486671 0.26493971117933762 -1.69613662569178691
1.58863816966123794 0.26790923809903777 -1.69272958982035826
1.59958000081078100 0.27076343199643255 -1.68811044140025279
1.61059719023893511 0.27350284466257996 -1.68228692397825585
1.62169025695116265 0.27612808000727418 -1.67526751056503942
1.63285972352740405 0.27863979243859405 -1.66706140034746375
1.64410611614670854 0.28103868524493264 -1.65767851536280397
1.65542996461200076 0.28332550898115133 -1.64712949713616852
1.66683180237505080 0.28550105986042568 -1.63542570328136483
1.67831216656161164 0.28756617815331081 -1.62257920406463918
1.68987159799670472 0.28952174659549135 -1.60860277892974768
1.70151064123010665 0.29136868880561190 -1.59350991298179645
1.71322984456201199 0.29310796771453745 -1.57731479342636893
1.72502976006884090 0.29474058400733466 -1.56003230595946740
1.73691094362927045 0.29626757457918818 -1.54167803110268453
1.74887395495040243 0.29769001100643372 -1.52226824047714193
1.76091935759413643 0.29900899803380665 -1.50181989300855356
1.77304771900373059 0.30022567207895745 -1.48035063105480269
1.78525961053051230 0.30134119975523138 -1.45787877644637276
1.79755560746080478 0.30235677641363645 -1.43442332642880799
1.80993628904303661 0.30327362470487723 -1.41000394949541774
1.82240223851501071 0.30409299316227845 -1.38464098109731260
1.83495404313138932 0.30481615480634761 -1.35835541921673841
1.84759229419136894 0.30544440577168741 -1.33116891978865559
1.86031758706651473 0.30597906395690971 -1.30310379195442239
1.87313052122882051 0.30642146769813533 -1.27418299313028704
1.88603170027895439 0.30677297446662694 -1.24443012387242136
1.89902173197467894 0.30703495959104116 -1.21386942251910690
1.91210122825948781 0.30720881500472252 -1.18252575958958905
1.92527080529144534 0.30729594801863613 -1.15042463191894417
1.93853108347219338 0.30729778011875841 -1.11759215650066079
1.95188268747618587 0.30721574579236066 -1.08405506402941176
1.96532624628012798 0.30705129137851728 -1.04984069209992747
1.97886239319258661 0.30680587394400521 -1.01497697804224263
1.99249176588383281 0.30648096018965010 -0.97949245138302943
2.00621500641589323 0.30607802537858092 -0.94341622587468876
2.02003276127277731 0.30559855229437954 -0.90677799109394031
2.03394568139093934 0.30504403022661303 -0.86960800356959023
2.04795442218995793 0.30441595398048593 -0.83193707739993161
2.06205964360338356 0.30371582291529936 -0.79379657434502615
2.07626201010985856 0.30294514000873168 -0.75521839335271335
2.09056219076439209 0.30210541094779025 -0.71623495948971527
2.10496085922989185 0.30119814324609123 -0.67687921224466407
2.11945869380890795 0.30022484538728916 -0.63718459316997644
2.13405637747556742 0.29918702599444114 -0.59718503282898772
2.14875459790775691 0.29808619302504469 -0.55691493701430494
2.16355404751953095 0.29692385299147855 -0.51640917220301930
2.17845542349370769 0.29570151020655011 -0.47570305021414777
2.19345942781472392 0.29442066605381662 -0.43483231203345191
2.20856676730171486 0.29308281828234106 -0.39383311077069649
2.22377815364179110 0.29168946032552190 -0.35274199371439363
2.23909430342357307 0.29024208064360640 -0.31159588344912137
2.25451593817096496 0.28874216208949305 -0.27043205800070114
2.27004378437711551 0.28719118129741406 -0.22928812997478848
2.28567857353866044 0.28559060809406306 -0.18820202465479385
2.30142104219018861 0.28394190493173238 -0.14721195702556533
2.31727193193891834 0.28224652634301606 -0.10635640768986857
2.33323198949964450 0.28050591841660932 -0.06567409764543078
2.34930196672992908 0.27872151829374309 -0.02520396189119039
2.36548262066549286 0.27689475368478506 0.01501487816760853
2.38177471355589265 0.27502704240551523 0.05494314354469933
2.39817901290044277 0.27311979193259955 0.09454142775638101
2.41469629148434395 0.27117439897777623 0.13377022818990345
2.43132732741510260 0.26919224908025424 0.17258997878153698
2.44807290415919843 0.26717471621683575 0.21096108402745301
2.46493381057896288 0.26512316242927381 0.24884395434860820
2.48191084096977521 0.26303893746835727 0.28619904282870606
2.49900479509745121 0.26092337845424313 0.32298688334203185
2.51621647823593220 0.25877780955253177 0.35916813008545662
2.53354670120523284 0.25660354166559679 0.39470359852624398
2.55099628040961113 0.25440187213868487 0.42955430777442372
2.56856603787604332 0.25217408448028844 0.46368152438539501
2.58625680129295965 0.24992144809631492 0.49704680759516018
2.60406940404921050 0.24764521803757242 0.52961205598707883
2.62200468527333941 0.24534663476009158 0.56133955558529902
2.64006348987312522 0.24302692389781480 0.59219202936609783
2.65824666857535963 0.24068729604719216 0.62213268817419154
2.67655507796593595 0.23832894656321643 0.65112528302666484
2.69498958053021731 0.23595305536644876 0.67913415878255079
2.71355104469363706 0.23356078676059230 0.70612430915124869
2.73224034486262513 0.23115328926016881 0.73206143300782978
2.75105836146581328 0.22873169542787319 0.75691199197799530
2.77000598099548245 0.22629712172118868 0.78064326924987937
2.78908409604933905 0.22385066834784673 0.80322342956407211
2.80829360537257955 0.22139341912973559 0.82462158032724786
2.82763541390019668 0.21892644137487610 0.84480783378853597
2.84711043279962883 0.21645078575708188 0.86375337021126475
2.86671957951369549 0.21396748620295047 0.88143050196606620
2.88646377780378760 0.21147755978584298 0.89781273846443477
2.90634395779340204 0.20898200662651886 0.91287485184468786
2.92636105601196883 0.20648180980011901 0.92659294331504316
2.94651601543894071 0.20397793524921021 0.93894451005103352
2.96680978554825137 0.20147133170261114 0.94990851253679776
2.98724332235300905 0.19896293059976172 0.95946544223204966
3.00781758845055025 0.19645364602040127 0.96759738943847329
3.02853355306780125 0.19394437461935621 0.97428811123127057
3.04939219210690604 0.19143599556626489 0.97952309931334702
3.07039448819121263 0.18892937049008232 0.98328964764125781
3.09154143071158360 0.18642534342824496 0.98557691966366312
3.11283401587297037 0.18392474078040530 0.98637601500454786
3.13427324674135965 0.18142837126666359 0.98568003541486726
3.15586013329104409 0.17893702589026492 0.98348414980773802
3.17759569245216467 0.17645147790475854 0.97978565818368801
3.19948094815863815 0.17397248278563748 0.97458405424383132
3.22151693139640605 0.17150077820651735 0.96788108648030002
3.24370468025197134 0.16903708401993944 0.95968081752472900
3.26604523996131801 0.16658210224290596 0.94998968152707830
3.28853966295916722 0.16413651704729187 0.93881653932876064
3.31118900892852341 0.16170099475530264 0.92617273118578558
3.33399434485060953 0.15927618384016545 0.91207212678949490
3.35695674505515118 0.15686271493227202 0.89653117232458945
3.38007729127094736 0.15446120083101314 0.87956893429645289
3.40335707267685450 0.15207223652255247 0.86120713985226971
3.42679718595310590 0.14969639920381692 0.84147021331334071
3.45039873533294417 0.14733424831298458 0.82038530862914760
3.47416283265465609 0.14498632556676161 0.79798233745724712
3.49809059741397022 0.14265315500474707 0.77429399256709275
3.52218315681675032 0.14033524304118944 0.74935576626035449
3.54644164583214483 0.13803307852442839 0.72320596349527799
3.57086720724601214 0.13574713280432205 0.69588570939832772
3.59546099171477529 0.13347785980793964 0.66743895084260807
3.62022415781964479 0.13122569612379315 0.63791245176968714
3.64515787212116038 0.12899106109490402 0.60735578192955819
3.67026330921416610 0.12677435692065933 0.57582129871079901
3.69554165178316163 0.12457596876260629 0.54336412173784032
3.72099409065798081 0.12239626488246777 0.51004209990564942
3.74662182486990636 0.12023559675519065 0.47591577052917761
3.77242606170817796 0.11809429921445036 0.44104831029224362
3.79840801677682238 0.11597269060268006 0.40550547767399264
3.82456891405194277 0.11387107293068979 0.36935554655198877
3.85090998593939648 0.11178973204718649 0.33266923068069837
3.87743247333281227 0.10972893781812329 0.29551959875407124
3.90413762567206657 0.10768894431580781 0.25798197977988041
3.93102670100216622 0.10566999001766113 0.22013385850197886
3.95810096603246819 0.10367229801447765 0.18205476062675732
3.98536169619637626 0.10169607622798783 0.14382612762860811
4.01281017571144627 0.09974151763749171 0.10553118093147276
4.04044769763983957 0.09780880051528948 0.06725477528840081
4.06827556394925782 0.09589808867059235 0.02908324120882105
4.09629508557430455 0.09400953170156383 -0.00889578368593850
4.12450758247818960 0.09214326525510667 -0.04659353446434263
4.15291438371494248 0.09029941129397118 -0.08392030989171073
4.18151682749203335 0.08847807837073585 -0.12078567465008740
4.21031626123337333 0.08667936190818008 -0.15709867273414188
4.23931404164284142 0.08490334448553956 -0.19276805193849655
4.26851153476814815 0.08315009613011769 -0.22770249930042583
4.29791011606521067 0.08141967461369944 -0.26181088730668245
4.32751117046297207 0.07971212575320030 -0.29500253061432263
4.35731609242859541 0.07802748371496938 -0.32718745297278379
4.38732628603318098 0.07636577132214901 -0.35827666396814184
4.41754316501793021 0.07472700036449061 -0.38818244514054095
4.44796815286070313 0.07311117191001905 -0.41681864495229548
4.47860268284309537 0.07151827661793365 -0.44410098200724152
4.50944819811798503 0.06994829505213727 -0.46994735584177144
4.54050615177746941 0.06840119799478898 -0.49427816452478524
4.57177800692133918 0.06687694675927956 -0.51701662821777394
4.60326523672603471 0.06537549350204060 -0.53808911775776880
4.63496932451398713 0.06389678153261230 -0.55742548723524776
4.66689176382352855 0.06244074562140448 -0.57495940944663426
4.69903405847926958 0.06100731230460792 -0.59062871300732311
4.73139772266289604 0.05959640018573231 -0.60437571981659988
4.76398428098452786 0.05820792023326594 -0.61614758147096982
4.79679526855455585 0.05684177607398133 -0.62589661312794842
4.82983223105592252 0.05549786428143576 -0.63358062322886366
4.86309672481695010 0.05417607465924369 -0.63916323739743697
4.89659031688469248 0.05287629051872920 -0.64261421474162972
4.93031458509869847 0.05159838895060076 -0.64390975470030098
4.96427111816537092 0.05034224109032032 -0.64303279249439949
4.99846151573283315 0.04910771237687717 -0.63997328116580476
5.03288738846622596 0.04789466280471315 -0.63472845811637646
5.06755035812365673 0.04670294716857967 -0.62730309399628970
5.10245205763253029 0.04553241530115008 -0.61770972173553007
5.13759413116650521 0.04438291230324427 -0.60596884346633728
5.17297823422297665 0.04325427876656456 -0.59210911304879277
5.20860603370100783 0.04214635098888011 -0.57616749188760941
5.24447920797988143 0.04105896118163378 -0.55818937571668970
5.28059944699819717 0.03999193766998527 -0.53822869003039364
5.31696845233342508 0.03894510508534203 -0.51634795185779603
5.35358793728209381 0.03791828455046313 -0.49261829560962683
5.39045962694052694 0.03691129385725865 -0.46711946077831235
5.42758525828605887 0.03592394763744020 -0.43993973934056257
5.46496658025888138 0.03495605752620808 -0.41117588080033746
5.50260535384447369 0.03400743231919157 -0.38093295291883883
5.54050335215649259 0.03307787812288640 -0.34932415630827840
5.57866236052033670 0.03216719849885580 -0.31647059121839666
5.61708417655727565 0.03127519460198567 -0.28250097501990779
5.65577061026908012 0.03040166531310308 -0.24755130908776432
5.69472348412331364 0.02954640736628173 -0.21176449400994918
5.73394463313921854 0.02870921547117294 -0.17528989229482037
5.77343590497410020 0.02788988243070963 -0.13828283802206551
5.81319916001040049 0.02708819925453669 -0.10090409317914026
5.85323627144336545 0.02630395526852537 -0.06331925074659303
5.89354912536922804 0.02553693822072951 -0.02569808494156425
5.93413962087409441 0.02478693438413744 0.01178615060152545
5.97500967012343231 0.02405372865656847 0.04895747554127155
6.01616119845208175 0.02333710465805431 0.08563798484388815
6.05759614445503924 0.02263684482603298 0.12164869807982198
6.09931646007870754 0.02195273050867091 0.15681045352529985
6.14132411071287976 0.02128454205661091 0.19094484411965712
6.18362107528336136 0.02063205891342675 0.22387519184215873
6.22620934634512757 0.01999505970504546 0.25542755657237259
6.26909093017622254 0.01937332232837599 0.28543177498888084
6.31226784687230946 0.01876662403936134 0.31372252454551530
6.35574213044176251 0.01817474154064807 0.34014040704601456
6.39951582890152437 0.01759745106904208 0.36453304582102763
6.44359100437361665 0.01703452848289585 0.38675619000021405
6.48796973318221504 0.01648574934954816 0.40667481887158052
6.53265410595150353 0.01595088903291190 0.42416423883533955
6.57764622770418317 0.01542972278128256 0.43911116499612679
6.62294821796058031 0.01492202581541644 0.45141477900126009
6.66856221083852052 0.01442757341690457 0.46098775433017425
6.71449035515390236 0.01394614101684715 0.46775723987790579
6.76073481452185465 0.01347750428481318 0.47166579236041067
6.80729776745870030 0.01302143921804975 0.47267224780873329
6.85418140748460925 0.01257772223088852 0.47075252222009711
6.90138794322687321 0.01214613024428042 0.46590033130429426
6.94891959852397711 0.01172644077537413 0.45812781921098134
6.99677861253040323 0.01131843202704133 0.44746608615533112
7.04496723982204198 0.01092188297723986 0.43396560498344805
7.09348775050243230 0.01053657346809537 0.41769651694245497
7.14234243030975069 0.01016228429457414 0.39874879725037943
7.19153358072439097 0.00979879729261267 0.37723228150460436
7.24106351907749612 0.00944589542656379 0.35327654453093088
7.29093457866002304 0.00910336287581591 0.32703062396391469
7.34114910883271410 0.00877098512043862 0.29866258166774479
7.39170947513679444 0.00844854902570740 0.26835889705954041
7.44261805940534860 0.00813584292535992 0.23632368748622035
7.49387725987554987 0.00783265670343767 0.20277775203358558
7.54548949130168989 0.00753878187456903 0.16795743651204706
7.59745718506884682 0.00725401166255348 0.13211331886597033
7.64978278930746658 0.00697814107711055 0.09550871588959906
7.70246876900873456 0.00671096698866224 0.05841801389676219
7.75551760614061170 0.00645228820102393 0.02112482787667943
7.80893179976480489 0.00620190552188432 -0.01608000433541800
7.86271386615452528 0.00595962183096281 -0.05290058424842525
7.91686633891295788 0.00572524214573972 -0.08903826046136074
7.97139176909264169 0.00549857368466253 -0.12419406891221767
8.02629272531570415 0.00527942592773953 -0.15807129028079864
8.08157179389476887 0.00506761067444084 -0.19037810687566492
8.13723157895484306 0.00486294209883482 -0.22083033901459306
8.19327470255603352 0.00466523680189665 -0.24915423861564329
8.24970380481698484 0.00447431386093495 -0.27508931548294430
8.30652154403929366 0.00428999487608994 -0.29839116963101148
8.36373059683278619 0.00411210401386616 -0.31883430097969551
8.42133365824150992 0.00394046804767065 -0.33621486590669297
8.47933344187075200 0.00377491639533578 -0.35035334850577604
8.53773268001491026 0.00361528115361412 -0.36109711300796421
8.59653412378610682 0.00346139712964065 -0.36832280272212414
8.65574054324390119 0.00331310186936485 -0.37193855008396942
8.71535472752569795 0.00317023568296288 -0.37188596201111190
8.77537948497815989 0.00303264166724693 -0.36814184478885775
8.83581764328957142 0.00290016572509541 -0.36071963319769790
8.89667204962294100 0.00277265658193421 -0.34967048957738683
8.95794557075018716 0.00264996579930509 -0.33508404003943881
9.01964109318722329 0.00253194778556306 -0.31708871712109638
9.08176152332984898 0.00241845980374991 -0.29585168084534647
9.14430978759071600 0.00230936197669601 -0.27157829343329698
9.20728883253723041 0.00220451728940692 -0.24451112681983506
9.27070162503026651 0.00210379158879613 -0.21492848665516193
9.33455115236398569 0.00200705358082847 -0.18314244162832327
9.39884042240660378 0.00191417482514269 -0.14949635270846720
9.46357246374199690 0.00182502972722507 -0.11436190323786451
9.52875032581242287 0.00173949552820818 -0.07813563768784526
9.59437707906221782 0.00165745229237218 -0.04123502425150139
9.66045581508235429 0.00157878289242781 -0.00409406422793043
9.72698964675612210 0.00150337299266219 0.03284152072996196
9.79398170840582871 0.00143111103003040 0.06911948407535204
9.86143515594034170 0.00136188819327694 0.10428658462195070
9.92935316700382486 0.00129559840017219 0.13789439519444435
9.99773894112547623 0.00123213827295008 0.16950532493067910
10.06659569987014713 0.00117140711203325 0.19869878243962841
10.13592668699016741 0.00111330686813277 0.22507739942764080
10.20573516857819385 0.00105774211280920 0.24827322745070352
10.27602443322096626 0.00100462000758176 0.26795381431723841
10.34679779215434792 0.00095385027167206 0.28382806154461970
10.41805857941921332 0.00090534514846824 0.29565176035606272
10.48981015201854206 0.00085901937079458 0.30323270118446694
10.56205589007563006 0.00081479012507097 0.30643525071294431
10.63479919699321208 0.00077257701444524 0.30518429130513575
10.70804349961384183 0.00073230202098051 0.29946842042463595
10.78179224838138772 0.00069388946697807 0.28934231245486658
10.85604891750345935 0.00065726597551507 0.27492815232627282
10.93081700511513965 0.00062236043027461 0.25641605962363673
11.00610003344382370 0.00058910393474416 0.23406343343287786
11.08190154897503987 0.00055742977085650 0.20819316210179764
11.15822512261957122 0.00052727335714548 0.17919065829283662
11.23507434988173870 0.00049857220648701 0.14749969810509811
11.31245285102866305 0.00047126588349358 0.11361706348698844
11.39036427126086970 0.00044529596162882 0.07808600943776825
11.46881228088406779 0.00042060598010605 0.04148860132966700
11.54780057548193817 0.00039714140063322 0.00443699272942922
11.62733287609027499 0.00037484956406386 -0.03243626004968396
11.70741292937236366 0.00035367964701185 -0.06848872425134354
11.78804450779532864 0.00033358261848548 -0.10307930944299111
11.86923140980793434 0.00031451119659396 -0.13558000517395871
11.95097746001958150 0.00029641980537729 -0.16538794021296802
12.03328650938034805 0.00027926453180832 -0.19193754443573041
12.11616243536247062 0.00026300308301333 -0.21471257564838553
12.19960914214307124 0.00024759474375529 -0.23325775840324775
12.28363056078792503 0.00023300033422193 -0.24718977090957422
12.36823064943682482 0.00021918216815815 -0.25620731016098347
12.45341339348988541 0.00020610401138050 -0.26009996504616623
12.53918280579536493 0.00019373104070897 -0.25875563306723776
12.62554292683876156 0.00018202980334937 -0.25216622885622608
12.71249782493303115 0.00017096817675749 -0.24043145233432259
12.80005159641030055 0.00016051532901389 -0.22376041133886512
12.88820836581490603 0.00015064167973663 -0.20247092792168342
12.97697228609757403 0.00014131886155658 -0.17698639918193770
13.06634753881110811 0.00013251968217873 -0.14783013210889778
13.15633833430746158 0.00012421808705035 -0.11561712691889967
13.24694891193594515 0.00011638912265549 -0.08104334397792411
13.33818354024298891 0.00010900890045316 -0.04487255455931782
13.43004651717330766 0.00010205456147494 -0.00792094409686090
13.52254217027224570 0.00009550424159608 0.02896029328598246
13.61567485688968482 0.00008933703749225 0.06490406013109283
13.70944896438540361 0.00008353297329287 0.09904778402539526
13.80386891033561803 0.00007807296794005 0.13055472831107781
13.89893914274114195 0.00007293880326085 0.15863568705519510
13.99466414023702043 0.00006811309275917 0.18257051762971821
14.09104841230335481 0.00006357925113194 0.20172892681981563
14.18809649947781004 0.00005932146451339 0.21558990236313960
14.28581297356959823 0.00005532466144936 0.22375917334473597
14.38420243787468600 0.00005157448460285 0.22598401718135544
14.48326952739274454 0.00004805726319064 0.22216529126283555
14.58301890904555620 0.00004475998614971 0.21236498521668637
14.68345528189669658 0.00004167027603106 0.19681044011559604
14.78458337737311012 0.00003877636361787 0.17589359388559619
14.88640795948781026 0.00003606706326351 0.15016555652186861
14.98893382506439842 0.00003353174894429 0.12032622775587611
15.09216580396309659 0.00003116033102119 0.08720899888120641
15.19610875930813876 0.00002894323370344 0.05176068565359344
15.30076758771692269 0.00002687137320675 0.01501702175789264
15.40614721953078536 0.00002493613659782 -0.02192572321269601
15.51225261904708930 0.00002312936131633 -0.05794264893100350
15.61908878475316698 0.00002144331536494 -0.09191430782315257
15.72666074956188353 0.00001987067815745 -0.12276240304439574
15.83497358104856190 0.00001840452201438 -0.14948589227265505
15.94403238168977666 0.00001703829429532 -0.17119628240266840
16.05384228910383726 0.00001576580015643 -0.18715088087261006
16.16440847629262834 0.00001458118592154 -0.19678271962576724
16.27573615188538625 0.00001347892305467 -0.19972589317991846
16.38783056038416674 0.00001245379272163 -0.19583512195599859
16.50069698241071947 0.00001150087092811 -0.18519847299788450
16.61434073495536978 0.00001061551422138 -0.16814234326335423
16.72876717162753124 0.00000979334594251 -0.14522803412023280
16.84398168290777775 0.00000903024301604 -0.11723954896045377
16.95998969640185550 0.00000832232326371 -0.08516226568608841
17.07679667709644278 0.00000766593322879 -0.05015349983355508
17.19440812761645176 0.00000705763649768 -0.01350447821222477
17.31282958848430553 0.00000649420250512 0.02340455811830484
17.43206663838105897 0.00000597259580963 0.05915483575891239
17.55212489440898693 0.00000548996582561 0.09234363675908137
17.67301001235643199 0.00000504363699858 0.12164086885101436
17.79472768696403406 0.00000463109941034 0.14584543000643505
17.91728365219310604 0.00000424999980056 0.16393897021909079
18.04068368149582469 0.00000389813299163 0.17513458875300247
18.16493358808703462 0.00000357343370384 0.17891803938211107
18.29003922521819092 0.00000327396874763 0.17507916344424010
18.41600648645320959 0.00000299792958044 0.16373153735710866
18.54284130594588476 0.00000274362521531 0.14531870677474837
18.67054965871956540 0.00000250947546890 0.12060587761860532
18.79913756094870436 0.00000229400453667 0.09065653210828285
18.92861107024209844 0.00000209583488309 0.05679411632542801
19.05897628592832760 0.00000191368143528 0.02054967898135247
19.19023934934321218 0.00000174634606820 -0.01640290281412746
19.32240644411890074 0.00000159271237034 -0.05232173261626710
19.45548379647529202 0.00000145174067853 -0.08547867215948930
19.58947767551343233 0.00000132246337121 -0.11424442914974137
19.72439439351064294 0.00000120398040951 -0.13717284380547695
19.86024030621799952 0.00000109545511570 -0.15307998699726375
19.99702181315981875 0.00000099611017905 -0.16111361891514531
20.13474535793495690 0.00000090522387935 -0.16080873088791417
20.27341742852043538 0.00000082212651829 -0.15212531954726413
20.41304455757720504 0.00000074619704977 -0.13546522423156815
20.55363332275766908 0.00000067685989995 -0.11166578274515046
20.69519034701566085 0.00000061358196832 -0.08196919863169438
20.83772229891854622 0.00000055586980148 -0.04796781984094749
20.98123589296111646 0.00000050326693133 -0.01152694312382552
21.12573788988219903 0.00000045535136984 0.02531179428072799
21.27123509698287762 0.00000041173325279 0.06044198011836222
21.41773436844730227 0.00000037205262503 0.09181324637900035
21.56524260566567719 0.00000033597736029 0.11755463190180561
21.71376675755915642 0.00000030320120858 0.13609310171638225
21.86331382090732234 0.00000027344196470 0.14625957023403416
22.01389084067788815 0.00000024643975148 0.14737502478358119
22.16550491035836856 0.00000022195541170 0.13930976566448580
22.31816317229034397 0.00000019976900287 0.12251079972005842
22.47187281800605874 0.00000017967838918 0.09799296318089541
22.62664108856695222 0.00000016149792549 0.06729242882423296
22.78247527490490754 0.00000014505722794 0.03238330729587374
22.93938271816583452 0.00000013020002651 -0.00443924553041602
23.09737081005526349 0.00000011678309477 -0.04070409561598737
23.25644699318666753 0.00000010467525224 -0.07392730111550758
23.41661876143221122 0.00000009375643534 -0.10178531456971594
23.57789366027551736 0.00000008391683257 -0.12228458386534301
23.74027928716727942 0.00000007505608033 -0.13391577259090259
23.90378329188323292 0.00000006708251532 -0.13578005639131963
24.06841337688434734 0.00000005991248026 -0.12767623501425576
24.23417729767975004 0.00000005346968460 -0.11013989466003940
24.40108286319222586 0.00000004768458755 -0.08442827928334094
24.56913793612584485 0.00000004249388681 -0.05244878454683988
24.73835043333644990 0.00000003783995188 -0.01663313154946543
24.90872832620479116 0.00000003367039971 0.02023613417303717
25.08027964101170326 0.00000002993762100 0.05523576462384579
25.25301245931659011 0.00000002659838957 0.08553359769576492
25.42693491833779973 0.00000002361348871 0.10862407721181901
25.60205521133612194 0.00000002094736626 0.12254792123723193
25.77838158800087243 0.00000001856781685 0.12607611986196113
25.95592235483826826 0.00000001644568931 0.11884011366805108
26.13468587556286593 0.00000001455461757 0.10139333187123148
26.31468057149170292 0.00000001287077322 0.07519430619226491
26.49591492194075215 0.00000001137263830 0.04250795678022155
26.67839746462448147 0.00000001004079673 0.00622893213078458
26.86213679605822335 0.00000000885774303 -0.03036152912302948
27.04714157196285029 0.00000000780770704 -0.06388656463555374
27.23342050767267608 0.00000000687649344 -0.09118780305961174
27.42098237854617082 0.00000000605133494 -0.10963379160112756
27.60983602037906337 0.00000000532075806 -0.11739223774529327
27.79999032982073714 0.00000000467446059 -0.11363682969621727
27.99145426479347520 0.00000000410319971 -0.09866376924996612
28.18423684491418513 0.00000000359869008 -0.07390049710265008
28.37834715191940305 0.00000000315351088 -0.04179894916595349
28.57379433009332814 0.00000000276102128 -0.00561725857904026
28.77058758669825522 0.00000000241528360 0.03089396845815770
28.96873619240848896 0.00000000211099338 0.06387310588957834
29.16824948174722820 0.00000000184341602 0.08975943153095105
29.36913685352597270 0.00000000160832925 0.10569200615880196
29.57140777128746478 0.00000000140197099 0.10985018641706801
29.77507176375166154 0.00000000122099221 0.10169307335869644
29.98013842526423645 0.00000000106241420 0.08206528197114932
30.18661741624899619 0.00000000092359006 0.05314670939576203
30.39451846366259957 0.00000000080216981 0.01824371261833676
30.60385136145291085 0.00000000069606903 -0.01856376364832950
30.81462597102058965 0.00000000060344055 -0.05288531791158640
31.02685222168328139 0.00000000052264893 -0.08054349487385283
31.24054011114357010 0.00000000045224756 -0.09809623354147369
31.45569970596010023 0.00000000039095807 -0.10329178343476364
31.67234114202147310 0.00000000033765180 -0.09539490576010663
31.89047462502390218 0.00000000029133324 -0.07533298144135438
32.11011043095216166 0.00000000025112515 -0.04563196755457356
32.33125890656335599 0.00000000021625526 -0.01013788224862182
32.55393046987445160 0.00000000018604437 0.02645298364826213
32.77813561065330106 0.00000000015989572 0.05920141784806390
33.00388489091239563 0.00000000013728549 0.08359566181136749
33.23118894540665735 0.00000000011775435 0.09619447713413086
33.46005848213456346 0.00000000010089991 0.09514936963879070
33.69050428284223386 0.00000000008637004 0.08052331625534413
33.92253720353155444 0.00000000007385687 0.05434663874832327
34.15616817497173940 0.00000000006309153 0.02038536321926648
34.39140820321391345 0.00000000005383944 -0.01636106466621459
34.62826837010977243 0.00000000004589614 -0.05037312256117702
34.86675983383382516 0.00000000003908363 -0.07643871341405457
35.10689382940867631 0.00000000003324709 -0.09047255231170015
35.34868166923443766 0.00000000002825199 -0.09019708611840455
35.59213474362190510 0.00000000002398160 -0.07556696494664034
35.83726452132862050 0.00000000002033469 -0.04885201321479524
36.08408255009970134 0.00000000001722360 -0.01434377027887403
36.33260045721140585 0.00000000001457251 0.02228873597023479
36.58282995001901128 0.00000000001231588 0.05490660820006110
36.83478281650860708 0.00000000001039713 0.07793256452627782
37.08847092585194360 0.00000000000876750 0.08733442058014407
37.34390622896582812 0.00000000000738497 0.08138406872430361
37.60110075907528682 0.00000000000621339 0.06104230075015357
37.86006663228003788 0.00000000000522171 0.02987651602201396
38.12081604812546942 0.00000000000438326 -0.00650254173524315
38.38336129017754672 0.00000000000367518 -0.04140998091839934
38.64771472660106610 0.00000000000307789 -0.06830418522699727
38.91388881074252026 0.00000000000257465 -0.08203504036159900
39.18189608171694260 0.00000000000215115 -0.07988295729723691
39.45174916499820483 0.00000000000179517 -0.06217165423982714
39.72346077301400413 0.00000000000149630 -0.03230620906193938
39.99704370574492174 0.00000000000124568 0.00380625587576452
40.27251085132701292 0.00000000000103579 0.03887395989944902
40.54987518665913626 0.00000000000086020 0.06567687375827948
40.82914977801451073 0.00000000000071350 0.07857730564200248
41.11034778165581827 0.00000000000059109 0.07476655589049198
41.39348244445520209 0.00000000000048907 0.05496231869792742
41.67856710451849267 0.00000000000040414 0.02337047384612590
41.96561519181314992 0.00000000000033354 -0.01312560896244884
42.25464022880114356 0.00000000000027493 -0.04641377055063189
42.54565583107618920 0.00000000000022632 -0.06894929337621628
42.83867570800463653 0.00000000000018607 -0.07550567048237819
43.13371366337192114 0.00000000000015277 -0.06446777545295028
43.43078359603229188 0.00000000000012527 -0.03833287256976587
43.72989950056381758 0.00000000000010259 -0.00325047209723542
44.03107546792784888 0.00000000000008390 0.03234600391176908
44.33432568613240932 0.00000000000006852 0.05973396673748239
44.63966444090076635 0.00000000000005589 0.07206257806115621
44.94710611634466346 0.00000000000004552 0.06614254567369759
45.25666519564148160 0.00000000000003703 0.04338249961054423
45.56835626171672260 0.00000000000003008 0.00957602819784220
45.88219399793127451 0.00000000000002440 -0.02647478709698318
46.19819318877259207 0.00000000000001976 -0.05520258552424703
46.51636872055146199 0.00000000000001599 -0.06883002542352890
46.83673558210352894 0.00000000000001291 -0.06355474792792502
47.15930886549484313 0.00000000000001042 -0.04073352596952973
47.48410376673314204 0.00000000000000839 -0.00667069629063528
47.81113558648395667 0.00000000000000675 0.02901371706561871
48.14041973079085324 0.00000000000000542 0.05605009835639464
48.47197171180150121 0.00000000000000435 0.06650003514403446
48.80580714849863710 0.00000000000000348 0.05718438660629066
49.14194176743541220 0.00000000000000278 0.03079318111558363
49.48039140347642473 0.00000000000000222 -0.00474170551920847
49.82117200054399575 0.00000000000000177 -0.03852224665255165
50.16429961236871549 0.00000000000000141 -0.05999426762710004
50.50979040324599367 0.00000000000000112 -0.06230198767337623
50.85766064879778270 0.00000000000000089 -0.04460893000964344
51.20792673673872031 0.00000000000000070 -0.01256487668406540
51.56060516764880930 0.00000000000000056 0.02334759611563196
51.91571255575011179 0.00000000000000044 0.05116041668183772
52.27326562968973178 0.00000000000000035 0.06142564371140947
52.63328123332806285 0.00000000000000027 0.05053948044015830
52.99577632653188175 0.00000000000000021 0.02218351125814100
53.36076798597342474 0.00000000000000017 -0.01373973810605678
53.72827340593521939 0.00000000000000013 -0.04444577074756895
54.09830989911951349 0.00000000000000010 -0.05880512581864432
54.47089489746409896 0.00000000000000008 -0.05148004808448441
54.84604595296382712 0.00000000000000006 -0.02509371663922956
55.22378073849689883 0.00000000000000005 0.01050558759077739
55.60411704865762061 0.00000000000000004 0.04177688246140959
55.98707280059507951 0.00000000000000003 0.05661081913271161
56.37266603485656447 0.00000000000000002 0.04912473723728863
56.76091491623769514 0.00000000000000002 0.02219715808772071
57.15183773463848382 0.00000000000000001 -0.01341652812428673
57.54545290592436402 0.00000000000000001 -0.04322794208326444
57.94177897279396205 0.00000000000000001 -0.05489302526965096
58.34083460565301493 0.00000000000000001 -0.04345431882148917
58.74263860349324062 0.00000000000000000 -0.01367720744646040
59.14720989477827118 0.00000000000000000 0.02169999325385702
59.55456753833561123 0.00000000000000000 0.04727724984212076
59.96473072425391138 0.00000000000000000 0.05172010194508663
60.37771877478727589 0.00000000000000000 0.03296383166975988
60.79355114526580195 0.00000000000000000 -0.00056413132502047
61.21224742501138394 0.00000000000000000 -0.03350071879606182
61.63382733826140480 0.00000000000000000 -0.05049941766835394
62.05831074509711698 0.00000000000000000 -0.04348286931978253
62.48571764237959769 0.00000000000000000 -0.01573171932325106
62.91606816469209207 0.00000000000000000 0.01936343656993558
63.34938258528783450 0.00000000000000000 0.04458180929301824
63.78568131704546573 0.00000000000000000 0.04733881838947666
64.22498491343100113 0.00000000000000000 0.02618023747650936
64.66731406946533411 0.00000000000000000 -0.00814086533906634
65.11268962269959104 0.00000000000000000 -0.03787659933326338
65.56113255419701602 0.00000000000000000 -0.04740293001992151
66.01266398952071768 0.00000000000000000 -0.03160243295548228
66.46730519972919637 0.00000000000000000 0.00106451368890901
66.92507760237876369 0.00000000000000000 0.03278718068950859
67.38600276253178833 0.00000000000000000 0.04600003760751604
67.85010239377291441 0.00000000000000000 0.03325307891705295
68.31739835923238502 0.00000000000000000 0.00174461488521483
68.78791267261519238 0.00000000000000000 -0.03040550388092874
69.26166749923855548 0.00000000000000000 -0.04442833515416425
69.73868515707637528 0.00000000000000000 -0.03199982643527707
70.21898811780998528 0.00000000000000000 -0.00053343415819495
70.70259900788697394 0.00000000000000000 0.03087929924352624
71.18954060958763819 0.00000000000000000 0.04289984558447354
71.67983586209734881 0.00000000000000000 0.02800872698987956
72.17350786258761275 0.00000000000000000 -0.00440555014045521
72.67057986730449670 0.00000000000000000 -0.03359235949045343
73.17107529266338872 0.00000000000000000 -0.04060255343046094
73.67501771635303953 0.00000000000000000 -0.02081218369934129
74.18243087844544448 0.00000000000000000 0.01259790427663259
74.69333868251453623 0.00000000000000000 0.03706290211162410
75.20776519676272187 0.00000000000000000 0.03583397977175508
75.72573465515387170 0.00000000000000000 0.00976223422012203
76.24727145855528931 0.00000000000000000 -0.02282332457254042
76.77240017588772503 0.00000000000000000 -0.03870912249938038
77.30114554528189785 0.00000000000000000 -0.02643303428344650
77.83353247524428298 0.00000000000000000 0.00501204950870826
78.36958604583098520 0.00000000000000000 0.03230451360715526
78.90933150982831989 0.00000000000000000 0.03494411817962055
79.45279429394295789 0.00000000000000000 0.01094122065464352
80.00000000000002842 0.00000000000000000 -0.02116156729788880
