0.00000000000000000 -7.83654698428914820 -1.98910426746460955
0.00000060603270582 -7.83654698428967667 -1.98910426746466551
0.00000121623926342 -7.83654698429179675 -1.98910426746491775
0.00000183064841884 -7.83654698429539120 -1.98910426746534563
0.00000244928911611 -7.83654698430044050 -1.98910426746594471
0.00000307219049857 -7.83654698430702545 -1.98910426746672786
0.00000369938191031 -7.83654698431515762 -1.98910426746769442
0.00000433089289749 -7.83654698432484498 -1.98910426746884372
0.00000496675320978 -7.83654698433617281 -1.98910426747019087
0.00000560699280172 -7.83654698434911623 -1.98910426747172742
0.00000625164183417 -7.83654698436374009 -1.98910426747346514
0.00000690073067572 -7.83654698438004882 -1.98910426747540137
0.00000755428990408 -7.83654698439814723 -1.98910426747755209
0.00000821235030760 -7.83654698441799002 -1.98910426747990998
0.00000887494288662 -7.83654698443963316 -1.98910426748248037
0.00000954209885504 -7.83654698446313880 -1.98910426748527236
0.00001021384964169 -7.83654698448852027 -1.98910426748828750
0.00001089022689190 -7.83654698451582377 -1.98910426749153024
0.00001157126246890 -7.83654698454509013 -1.98910426749500790
0.00001225698845539 -7.83654698457634957 -1.98910426749872160
0.00001294743715505 -7.83654698460963672 -1.98910426750267422
0.00001364264109400 -7.83654698464499599 -1.98910426750687463
0.00001434263302241 -7.83654698468245403 -1.98910426751132441
0.00001504744591597 -7.83654698472207656 -1.98910426751603153
0.00001575711297752 -7.83654698476389200 -1.98910426752099778
0.00001647166763854 -7.83654698480795986 -1.98910426752623404
0.00001719114356077 -7.83654698485427659 -1.98910426753173541
0.00001791557463778 -7.83654698490291857 -1.98910426753751302
0.00001864499499659 -7.83654698495393642 -1.98910426754357395
0.00001937943899923 -7.83654698500735325 -1.98910426754991998
0.00002011894124442 -7.83654698506322944 -1.98910426755655734
0.00002086353656913 -7.83654698512160497 -1.98910426756349201
0.00002161326005029 -7.83654698518250825 -1.98910426757072600
0.00002236814700639 -7.83654698524602988 -1.98910426757827219
0.00002312823299918 -7.83654698531215299 -1.98910426758612613
0.00002389355383531 -7.83654698538099925 -1.98910426759430514
0.00002466414556806 -7.83654698545256601 -1.98910426760280634
0.00002544004449901 -7.83654698552694473 -1.98910426761164216
0.00002622128717973 -7.83654698560415319 -1.98910426762081438
0.00002700791041356 -7.83654698568423758 -1.98910426763032744
0.00002779995125730 -7.83654698576726183 -1.98910426764018933
0.00002859744702296 -7.83654698585330678 -1.98910426765041048
0.00002940043527952 -7.83654698594238308 -1.98910426766099202
0.00003020895385472 -7.83654698603456801 -1.98910426767194237
0.00003102304083682 -7.83654698612991218 -1.98910426768326731
0.00003184273457640 -7.83654698622848489 -1.98910426769497750
0.00003266807368816 -7.83654698633033053 -1.98910426770707582
0.00003349909705276 -7.83654698643551573 -1.98910426771957116
0.00003433584381862 -7.83654698654407955 -1.98910426773246707
0.00003517835340380 -7.83654698665610727 -1.98910426774577465
0.00003602666549782 -7.83654698677166017 -1.98910426775950255
0.00003688082006357 -7.83654698689076579 -1.98910426777365057
0.00003774085733916 -7.83654698701353070 -1.98910426778823424
0.00003860681783982 -7.83654698713999753 -1.98910426780325733
0.00003947874235983 -7.83654698727021781 -1.98910426781872585
0.00004035667197442 -7.83654698740429012 -1.98910426783465133
0.00004124064804171 -7.83654698754227219 -1.98910426785104399
0.00004213071220466 -7.83654698768421731 -1.98910426786790495
0.00004302690639304 -7.83654698783020098 -1.98910426788524752
0.00004392927282539 -7.83654698798028715 -1.98910426790307548
0.00004483785401101 -7.83654698813455575 -1.98910426792140127
0.00004575269275200 -7.83654698829307161 -1.98910426794022999
0.00004667383214520 -7.83654698845593423 -1.98910426795957695
0.00004760131558430 -7.83654698862317378 -1.98910426797944373
0.00004853518676184 -7.83654698879491995 -1.98910426799984608
0.00004947548967128 -7.83654698897119939 -1.98910426802078533
0.00005042226860905 -7.83654698915210002 -1.98910426804227303
0.00005137556817669 -7.83654698933772664 -1.98910426806432428
0.00005233543328290 -7.83654698952814677 -1.98910426808694440
0.00005330190914567 -7.83654698972343944 -1.98910426811014451
0.00005427504129443 -7.83654698992369081 -1.98910426813393193
0.00005525487557217 -7.83654699012897193 -1.98910426815831709
0.00005624145813759 -7.83654699033938495 -1.98910426818331243
0.00005723483546734 -7.83654699055501869 -1.98910426820892794
0.00005823505435811 -7.83654699077592465 -1.98910426823516873
0.00005924216192892 -7.83654699100221919 -1.98910426826204967
0.00006025620562330 -7.83654699123401510 -1.98910426828958542
0.00006127723321152 -7.83654699147139322 -1.98910426831778420
0.00006230529279288 -7.83654699171439617 -1.98910426834665000
0.00006334043279791 -7.83654699196317317 -1.98910426837620147
0.00006438270199072 -7.83654699221782636 -1.98910426840645282
0.00006543214947126 -7.83654699247842057 -1.98910426843740917
0.00006648882467762 -7.83654699274506505 -1.98910426846908428
0.00006755277738841 -7.83654699301783175 -1.98910426850148370
0.00006862405772505 -7.83654699329689919 -1.98910426853463629
0.00006970271615417 -7.83654699358230111 -1.98910426856853872
0.00007078880348996 -7.83654699387417075 -1.98910426860320966
0.00007188237089658 -7.83654699417261114 -1.98910426863866197
0.00007298346989057 -7.83654699447771197 -1.98910426867490386
0.00007409215234328 -7.83654699478962691 -1.98910426871195756
0.00007520847048328 -7.83654699510842345 -1.98910426874982638
0.00007633247689889 -7.83654699543424549 -1.98910426878853253
0.00007746422454057 -7.83654699576717206 -1.98910426882807956
0.00007860376672349 -7.83654699610737371 -1.98910426886849323
0.00007975115712999 -7.83654699645491615 -1.98910426890977754
0.00008090644981215 -7.83654699680994060 -1.98910426895195069
0.00008206969919430 -7.83654699717257675 -1.98910426899502801
0.00008324096007561 -7.83654699754294093 -1.98910426903902438
0.00008442028763265 -7.83654699792113973 -1.98910426908394933
0.00008560773742201 -7.83654699830734991 -1.98910426912982730
0.00008680336538291 -7.83654699870165050 -1.98910426917666561
0.00008800722783983 -7.83654699910420849 -1.98910426922448735
0.00008921938150515 -7.83654699951511979 -1.98910426927329809
0.00009043988348186 -7.83654699993454695 -1.98910426932312223
0.00009166879126623 -7.83654700036263474 -1.98910426937397533
0.00009290616275050 -7.83654700079951283 -1.98910426942587337
0.00009415205622562 -7.83654700124527448 -1.98910426947882413
0.00009540653038403 -7.83654700170015861 -1.98910426953286135
0.00009666964432236 -7.83654700216421851 -1.98910426958798525
0.00009794145754428 -7.83654700263764870 -1.98910426964422404
0.00009922202996325 -7.83654700312059571 -1.98910426970159393
0.00010051142190536 -7.83654700361322210 -1.98910426976011245
0.00010180969411221 -7.83654700411565752 -1.98910426981979849
0.00010311690774369 -7.83654700462806275 -1.98910426988066691
0.00010443312438095 -7.83654700515059499 -1.98910426994273770
0.00010575840602925 -7.83654700568343454 -1.98910427000603329
0.00010709281512086 -7.83654700622673328 -1.98910427007057167
0.00010843641451808 -7.83654700678065552 -1.98910427013637303
0.00010978926751612 -7.83654700734536647 -1.98910427020345493
0.00011115143784613 -7.83654700792103487 -1.98910427027183712
0.00011252298967817 -7.83654700850785613 -1.98910427034154758
0.00011390398762428 -7.83654700910596791 -1.98910427041259563
0.00011529449674147 -7.83654700971559137 -1.98910427048501326
0.00011669458253481 -7.83654701033689260 -1.98910427055881844
0.00011810431096053 -7.83654701097003148 -1.98910427063402984
0.00011952374842909 -7.83654701161522471 -1.98910427071067208
0.00012095296180836 -7.83654701227263040 -1.98910427078876406
0.00012239201842671 -7.83654701294248834 -1.98910427086833863
0.00012384098607623 -7.83654701362494244 -1.98910427094940623
0.00012529993301590 -7.83654701432023071 -1.98910427103199994
0.00012676892797482 -7.83654701502850681 -1.98910427111613552
0.00012824804015542 -7.83654701575000256 -1.98910427120184186
0.00012973733923676 -7.83654701648493646 -1.98910427128914380
0.00013123689537777 -7.83654701723351632 -1.98910427137806867
0.00013274677922061 -7.83654701799593845 -1.98910427146863711
0.00013426706189393 -7.83654701877240889 -1.98910427156087399
0.00013579781501627 -7.83654701956318522 -1.98910427165481152
0.00013733911069942 -7.83654702036843975 -1.98910427175046745
0.00013889102155182 -7.83654702118843183 -1.98910427184787464
0.00014045362068197 -7.83654702202338704 -1.98910427194705952
0.00014202698170187 -7.83654702287351324 -1.98910427204804474
0.00014361117873053 -7.83654702373907153 -1.98910427215086472
0.00014520628639740 -7.83654702462029018 -1.98910427225554476
0.00014681237984592 -7.83654702551741966 -1.98910427236211484
0.00014842953473709 -7.83654702643069179 -1.98910427247060206
0.00015005782725295 -7.83654702736035436 -1.98910427258103639
0.00015169733410024 -7.83654702830668892 -1.98910427269345180
0.00015334813251402 -7.83654702926992375 -1.98910427280787494
0.00015501030026123 -7.83654703025030130 -1.98910427292433312
0.00015668391564445 -7.83654703124814400 -1.98910427304286719
0.00015836905750551 -7.83654703226366411 -1.98910427316350136
0.00016006580522926 -7.83654703329715474 -1.98910427328626893
0.00016177423874727 -7.83654703434890809 -1.98910427341120788
0.00016349443854163 -7.83654703541916042 -1.98910427353834240
0.00016522648564871 -7.83654703650825191 -1.98910427366771647
0.00016697046166299 -7.83654703761642413 -1.98910427379935628
0.00016872644874093 -7.83654703874400838 -1.98910427393330402
0.00017049452960478 -7.83654703989122137 -1.98910427406957924
0.00017227478754653 -7.83654704105846278 -1.98910427420823610
0.00017406730643183 -7.83654704224598486 -1.98910427434930304
0.00017587217070391 -7.83654704345410824 -1.98910427449281579
0.00017768946538756 -7.83654704468313135 -1.98910427463881190
0.00017951927609319 -7.83654704593337659 -1.98910427478732665
0.00018136168902080 -7.83654704720517437 -1.98910427493840403
0.00018321679096405 -7.83654704849887906 -1.98910427509208376
0.00018508466931440 -7.83654704981478734 -1.98910427524840094
0.00018696541206516 -7.83654705115322336 -1.98910427540739265
0.00018885910781567 -7.83654705251457440 -1.98910427556910907
0.00019076584577548 -7.83654705389916462 -1.98910427573358528
0.00019268571576853 -7.83654705530733953 -1.98910427590086325
0.00019461880823741 -7.83654705673943752 -1.98910427607098095
0.00019656521424759 -7.83654705819583786 -1.98910427624398611
0.00019852502549171 -7.83654705967693310 -1.98910427641992582
0.00020049833429394 -7.83654706118308741 -1.98910427659884248
0.00020248523361429 -7.83654706271464008 -1.98910427678077606
0.00020448581705300 -7.83654706427201031 -1.98910427696577585
0.00020650017885496 -7.83654706585558092 -1.98910427715388782
0.00020852841391413 -7.83654706746573027 -1.98910427734515816
0.00021057061777803 -7.83654706910286514 -1.98910427753963215
0.00021262688665221 -7.83654707076740475 -1.98910427773736420
0.00021469731740485 -7.83654707245976212 -1.98910427793839895
0.00021678200757123 -7.83654707418033603 -1.98910427814278701
0.00021888105535840 -7.83654707592956790 -1.98910427835057879
0.00022099455964977 -7.83654707770785119 -1.98910427856182026
0.00022312262000977 -7.83654707951567264 -1.98910427877657137
0.00022526533668857 -7.83654708135342393 -1.98910427899487741
0.00022742281062675 -7.83654708322162197 -1.98910427921680344
0.00022959514346012 -7.83654708512062737 -1.98910427944238499
0.00023178243752444 -7.83654708705098280 -1.98910427967169268
0.00023398479586029 -7.83654708901310926 -1.98910427990477334
0.00023620232221791 -7.83654709100749880 -1.98910428014168716
0.00023843512106208 -7.83654709303464170 -1.98910428038249143
0.00024068329757706 -7.83654709509500602 -1.98910428062724254
0.00024294695767150 -7.83654709718910691 -1.98910428087600200
0.00024522620798350 -7.83654709931742222 -1.98910428112882376
0.00024752115588558 -7.83654710148048661 -1.98910428138577422
0.00024983190948974 -7.83654710367879659 -1.98910428164691200
0.00025215857765257 -7.83654710591288861 -1.98910428191229993
0.00025450126998040 -7.83654710818329470 -1.98910428218200153
0.00025686009683441 -7.83654711049052910 -1.98910428245607651
0.00025923516933586 -7.83654711283519312 -1.98910428273459994
0.00026162659937133 -7.83654711521778857 -1.98910428301762865
0.00026403449959799 -7.83654711763891498 -1.98910428330523481
0.00026645898344887 -7.83654712009912124 -1.98910428359748326
0.00026890016513825 -7.83654712259898556 -1.98910428389444238
0.00027135815966704 -7.83654712513909857 -1.98910428419618146
0.00027383308282816 -7.83654712772005002 -1.98910428450277266
0.00027632505121202 -7.83654713034247052 -1.98910428481429014
0.00027883418221200 -7.83654713300695782 -1.98910428513080539
0.00028136059403001 -7.83654713571413453 -1.98910428545239260
0.00028390440568202 -7.83654713846460638 -1.98910428577912035
0.00028646573700369 -7.83654714125901997 -1.98910428611106860
0.00028904470865600 -7.83654714409806896 -1.98910428644832016
0.00029164144213096 -7.83654714698236532 -1.98910428679094586
0.00029425605975730 -7.83654714991258494 -1.98910428713902521
0.00029688868470626 -7.83654715288943571 -1.98910428749264767
0.00029953944099738 -7.83654715591354112 -1.98910428785188009
0.00030220845350433 -7.83654715898566501 -1.98910428821681862
0.00030489584796083 -7.83654716210646196 -1.98910428858753785
0.00030760175096652 -7.83654716527666650 -1.98910428896412639
0.00031032628999299 -7.83654716849700428 -1.98910428934667038
0.00031306959338972 -7.83654717176822757 -1.98910428973525999
0.00031583179039017 -7.83654717509104959 -1.98910429012997692
0.00031861301111784 -7.83654717846625548 -1.98910429053091864
0.00032141338659243 -7.83654718189460908 -1.98910429093817331
0.00032423304873599 -7.83654718537690087 -1.98910429135183531
0.00032707213037912 -7.83654718891388669 -1.98910429177199410
0.00032993076526727 -7.83654719250639964 -1.98910429219874874
0.00033280908806701 -7.83654719615521156 -1.98910429263219068
0.00033570723437240 -7.83654719986120973 -1.98910429307242742
0.00033862534071132 -7.83654720362517843 -1.98910429351954887
0.00034156354455197 -7.83654720744797650 -1.98910429397365873
0.00034452198430932 -7.83654721133049570 -1.98910429443486314
0.00034750079935162 -7.83654721527356912 -1.98910429490326157
0.00035050013000696 -7.83654721927808939 -1.98910429537895772
0.00035352011756991 -7.83654722334496245 -1.98910429586206083
0.00035656090430816 -7.83654722747511556 -1.98910429635268304
0.00035962263346922 -7.83654723166944311 -1.98910429685092804
0.00036270544928716 -7.83654723592889013 -1.98910429735690686
0.00036580949698943 -7.83654724025440785 -1.98910429787073650
0.00036893492280368 -7.83654724464696972 -1.98910429839252956
0.00037208187396465 -7.83654724910752343 -1.98910429892239971
0.00037525049872113 -7.83654725363707172 -1.98910429946046330
0.00037844094634289 -7.83654725823663423 -1.98910430000684557
0.00038165336712778 -7.83654726290721637 -1.98910430056166376
0.00038488791240876 -7.83654726764985465 -1.98910430112504177
0.00038814473456106 -7.83654727246557758 -1.98910430169710084
0.00039142398700932 -7.83654727735550072 -1.98910430227797641
0.00039472582423487 -7.83654728232064279 -1.98910430286778572
0.00039805040178297 -7.83654728736211048 -1.98910430346666112
0.00040139787627014 -7.83654729248104420 -1.98910430407473915
0.00040476840539154 -7.83654729767852753 -1.98910430469214794
0.00040816214792842 -7.83654730295571778 -1.98910430531902471
0.00041157926375558 -7.83654730831378910 -1.98910430595551047
0.00041501991384890 -7.83654731375388991 -1.98910430660174109
0.00041848426029293 -7.83654731927721659 -1.98910430725785781
0.00042197246628852 -7.83654732488496197 -1.98910430792400206
0.00042548469616053 -7.83654733057834907 -1.98910430860031862
0.00042902111536552 -7.83654733635863376 -1.98910430928695803
0.00043258189049963 -7.83654734222709237 -1.98910430998407395
0.00043616718930631 -7.83654734818495147 -1.98910431069180693
0.00043977718068435 -7.83654735423353266 -1.98910431141031818
0.00044341203469574 -7.83654736037413890 -1.98910431213976024
0.00044707192257372 -7.83654736660812556 -1.98910431288029610
0.00045075701673086 -7.83654737293679471 -1.98910431363207896
0.00045446749076714 -7.83654737936156298 -1.98910431439527691
0.00045820351947816 -7.83654738588376354 -1.98910431517004826
0.00046196527886340 -7.83654739250486099 -1.98910431595656889
0.00046575294613442 -7.83654739922623822 -1.98910431675500066
0.00046956669972332 -7.83654740604937317 -1.98910431756552164
0.00047340671929107 -7.83654741297571178 -1.98910431838830104
0.00047727318573598 -7.83654742000674265 -1.98910431922351716
0.00048116628120228 -7.83654742714398367 -1.98910432007134941
0.00048508618908861 -7.83654743438896961 -1.98910432093198142
0.00048903309405675 -7.83654744174325923 -1.98910432180559926
0.00049300718204025 -7.83654744920837665 -1.98910432269237902
0.00049700864025323 -7.83654745678595788 -1.98910432359251854
0.00050103765719918 -7.83654746447764250 -1.98910432450621455
0.00050509442267985 -7.83654747228502124 -1.98910432543365179
0.00050917912780418 -7.83654748020978165 -1.98910432637503476
0.00051329196499732 -7.83654748825362990 -1.98910432733056397
0.00051743312800967 -7.83654749641823312 -1.98910432830043549
0.00052160281192606 -7.83654750470537653 -1.98910432928486469
0.00052580121317485 -7.83654751311679387 -1.98910433028405764
0.00053002852953727 -7.83654752165426327 -1.98910433129822173
0.00053428496015669 -7.83654753031960283 -1.98910433232757744
0.00053857070554804 -7.83654753911466884 -1.98910433337234505
0.00054288596760719 -7.83654754804126341 -1.98910433443273194
0.00054723094962053 -7.83654755710133788 -1.98910433550897858
0.00055160585627451 -7.83654756629678229 -1.98910433660130415
0.00055601089366530 -7.83654757562954174 -1.98910433770994310
0.00056044626930847 -7.83654758510156224 -1.98910433883512328
0.00056491219214880 -7.83654759471486262 -1.98910433997708580
0.00056940887257012 -7.83654760447146526 -1.98910434113607315
0.00057393652240518 -7.83654761437343073 -1.98910434231232736
0.00057849535494568 -7.83654762442279740 -1.98910434350609022
0.00058308558495229 -7.83654763462171999 -1.98910434471761888
0.00058770742866478 -7.83654764497232748 -1.98910434594716734
0.00059236110381219 -7.83654765547678167 -1.98910434719498963
0.00059704682962311 -7.83654766613731102 -1.98910434846135398
0.00060176482683598 -7.83654767695608889 -1.98910434974651462
0.00060651531770952 -7.83654768793544942 -1.98910435105075201
0.00061129852603317 -7.83654769907763349 -1.98910435237433125
0.00061611467713765 -7.83654771038501163 -1.98910435371753480
0.00062096399790559 -7.83654772185989490 -1.98910435508063443
0.00062584671678217 -7.83654773350468847 -1.98910435646391548
0.00063076306378593 -7.83654774532187481 -1.98910435786767992
0.00063571327051958 -7.83654775731383602 -1.98910435929220331
0.00064069757018092 -7.83654776948312026 -1.98910436073779073
0.00064571619757383 -7.83654778183222867 -1.98910436220473930
0.00065076938911931 -7.83654779436374493 -1.98910436369335675
0.00065585738286665 -7.83654780708025545 -1.98910436520394929
0.00066098041850462 -7.83654781998443006 -1.98910436673683466
0.00066613873737275 -7.83654783307891201 -1.98910436829232573
0.00067133258247275 -7.83654784636641644 -1.98910436987074757
0.00067656219847990 -7.83654785984970381 -1.98910437147242480
0.00068182783175460 -7.83654787353157190 -1.98910437309769206
0.00068712973035400 -7.83654788741483355 -1.98910437474688284
0.00069246814404364 -7.83654790150233449 -1.98910437642033289
0.00069784332430924 -7.83654791579705723 -1.98910437811840168
0.00070325552436855 -7.83654793030187502 -1.98910437984142607
0.00070870499918329 -7.83654794501982188 -1.98910438158976954
0.00071419200547112 -7.83654795995390607 -1.98910438336378625
0.00071971680171777 -7.83654797510721579 -1.98910438516384347
0.00072527964818920 -7.83654799048289075 -1.98910438699031844
0.00073088080694388 -7.83654800608405377 -1.98910438884357887
0.00073652054184512 -7.83654802191390853 -1.98910439072400180
0.00074219911857348 -7.83654803797577060 -1.98910439263199001
0.00074791680463933 -7.83654805427284984 -1.98910439456791543
0.00075367386939543 -7.83654807080851956 -1.98910439653218263
0.00075947058404960 -7.83654808758623567 -1.98910439852520571
0.00076530722167754 -7.83654810460931550 -1.98910440054737192
0.00077118405723566 -7.83654812188134908 -1.98910440259911403
0.00077710136757402 -7.83654813940581985 -1.98910440468084126
0.00078305943144943 -7.83654815718632847 -1.98910440679298350
0.00078905852953852 -7.83654817522649250 -1.98910440893597040
0.00079509894445100 -7.83654819353000498 -1.98910441111023895
0.00080118096074297 -7.83654821210063446 -1.98910441331624188
0.00080730486493030 -7.83654823094209796 -1.98910441555441264
0.00081347094550215 -7.83654825005829636 -1.98910441782522063
0.00081967949293455 -7.83654826945310479 -1.98910442012912436
0.00082593079970410 -7.83654828913048718 -1.98910442246659591
0.00083222516030174 -7.83654830909443056 -1.98910442483810757
0.00083856287124660 -7.83654832934898860 -1.98910442724413916
0.00084494423109999 -7.83654834989830285 -1.98910442968518630
0.00085136954047950 -7.83654837074655042 -1.98910443216174371
0.00085783910207307 -7.83654839189794394 -1.98910443467431053
0.00086435322065335 -7.83654841335679464 -1.98910443722340147
0.00087091220309199 -7.83654843512745991 -1.98910443980953300
0.00087751635837411 -7.83654845721432913 -1.98910444243322360
0.00088416599761289 -7.83654847962189471 -1.98910444509501128
0.00089086143406418 -7.83654850235468370 -1.98910444779543116
0.00089760298314128 -7.83654852541732083 -1.98910445053503349
0.00090439096242980 -7.83654854881445040 -1.98910445331436958
0.00091122569170262 -7.83654857255083837 -1.98910445613400721
0.00091810749293494 -7.83654859663123204 -1.98910445899450883
0.00092503669031947 -7.83654862106053862 -1.98910446189645684
0.00093201361028169 -7.83654864584366351 -1.98910446484043502
0.00093903858149521 -7.83654867098560715 -1.98910446782703532
0.00094611193489729 -7.83654869649148011 -1.98910447085686859
0.00095323400370442 -7.83654872236637701 -1.98910447393053591
0.00096040512342800 -7.83654874861554873 -1.98910447704866500
0.00096762563189013 -7.83654877524426041 -1.98910448021187825
0.00097489586923960 -7.83654880225788375 -1.98910448342081470
0.00098221617796781 -7.83654882966186062 -1.98910448667612161
0.00098958690292501 -7.83654885746167995 -1.98910448997844913
0.00099700839133644 -7.83654888566295238 -1.98910449332846540
0.00100448099281878 -7.83654891427133826 -1.98910449672684297
0.00101200505939656 -7.83654894329259122 -1.98910450017426399
0.00101958094551878 -7.83654897273251194 -1.98910450367141722
0.00102720900807557 -7.83654900259704323 -1.98910450721901100
0.00103488960641504 -7.83654903289214033 -1.98910451081774942
0.00104262310236019 -7.83654906362389791 -1.98910451446835790
0.00105040986022595 -7.83654909479847372 -1.98910451817156986
0.00105825024683636 -7.83654912642212675 -1.98910452192812626
0.00106614463154184 -7.83654915850116485 -1.98910452573877805
0.00107409338623658 -7.83654919104201220 -1.98910452960428819
0.00108209688537607 -7.83654922405120224 -1.98910453352543160
0.00109015550599474 -7.83654925753528531 -1.98910453750298633
0.00109826962772375 -7.83654929150101953 -1.98910454153775773
0.00110643963280880 -7.83654932595511422 -1.98910454563053629
0.00111466590612820 -7.83654936090454690 -1.98910454978216023
0.00112294883521100 -7.83654939635621339 -1.98910455399344310
0.00113128881025522 -7.83654943231720402 -1.98910455826522492
0.00113968622414621 -7.83654946879473169 -1.98910456259836987
0.00114814147247525 -7.83654950579600573 -1.98910456699372595
0.00115665495355806 -7.83654954332846376 -1.98910457145218200
0.00116522706845369 -7.83654958139955138 -1.98910457597462154
0.00117385822098330 -7.83654962001681188 -1.98910458056193828
0.00118254881774927 -7.83654965918802837 -1.98910458521506084
0.00119129926815430 -7.83654969892092357 -1.98910458993490358
0.00120010998442074 -7.83654973922342801 -1.98910459472241063
0.00120898138160997 -7.83654978010352288 -1.98910459957852614
0.00121791387764197 -7.83654982156936963 -1.98910460450422444
0.00122690789331501 -7.83654986362919015 -1.98910460950047807
0.00123596385232548 -7.83654990629134929 -1.98910461456828513
0.00124508218128781 -7.83654994956429007 -1.98910461970864283
0.00125426330975463 -7.83654999345662961 -1.98910462492257945
0.00126350767023696 -7.83655003797705074 -1.98910463021112394
0.00127281569822460 -7.83655008313440593 -1.98910463557532902
0.00128218783220664 -7.83655012893765068 -1.98910464101625895
0.00129162451369212 -7.83655017539582754 -1.98910464653498531
0.00130112618723083 -7.83655022251815669 -1.98910465213260679
0.00131069330043425 -7.83655027031398799 -1.98910465781023205
0.00132032630399665 -7.83655031879275477 -1.98910466356898241
0.00133002565171628 -7.83655036796406534 -1.98910466940999764
0.00133979180051682 -7.83655041783763728 -1.98910467533443214
0.00134962521046882 -7.83655046842334624 -1.98910468134346274
0.00135952634481143 -7.83655051973117711 -1.98910468743827051
0.00136949566997423 -7.83655057177128089 -1.98910469362006426
0.00137953365559914 -7.83655062455394003 -1.98910469989006500
0.00138964077456262 -7.83655067808956751 -1.98910470624951063
0.00139981750299789 -7.83655073238872646 -1.98910471269965128
0.00141006432031739 -7.83655078746213540 -1.98910471924176502
0.00142038170923537 -7.83655084332067808 -1.98910472587714304
0.00143077015579059 -7.83655089997536347 -1.98910473260709364
0.00144123014936926 -7.83655095743733288 -1.98910473943293864
0.00145176218272806 -7.83655101571793100 -1.98910474635602585
0.00146236675201740 -7.83655107482866775 -1.98910475337772641
0.00147304435680474 -7.83655113478113208 -1.98910476049941054
0.00148379550009815 -7.83655119558716962 -1.98910476772248979
0.00149462068837002 -7.83655125725874857 -1.98910477504838457
0.00150552043158087 -7.83655131980797570 -1.98910478247853284
0.00151649524320343 -7.83655138324717360 -1.98910479001439811
0.00152754564024681 -7.83655144758882649 -1.98910479765746362
0.00153867214328084 -7.83655151284557583 -1.98910480540923240
0.00154987527646060 -7.83655157903022470 -1.98910481327122302
0.00156115556755113 -7.83655164615581601 -1.98910482124498511
0.00157251354795226 -7.83655171423551256 -1.98910482933208321
0.00158394975272368 -7.83655178328268320 -1.98910483753410516
0.00159546472061013 -7.83655185331088777 -1.98910484585266101
0.00160705899406676 -7.83655192433387882 -1.98910485428938633
0.00161873311928472 -7.83655199636556166 -1.98910486284592891
0.00163048764621685 -7.83655206942008142 -1.98910487152397208
0.00164232312860364 -7.83655214351177509 -1.98910488032521804
0.00165424012399926 -7.83655221865515905 -1.98910488925139206
0.00166623919379787 -7.83655229486492466 -1.98910489830423720
0.00167832090326005 -7.83655237215604128 -1.98910490748553115
0.00169048582153940 -7.83655245054363814 -1.98910491679707446
0.00170273452170940 -7.83655253004306118 -1.98910492624068769
0.00171506758079040 -7.83655261066989173 -1.98910493581822245
0.00172748557977676 -7.83655269243987362 -1.98910494553154726
0.00173998910366426 -7.83655277536903139 -1.98910495538256793
0.00175257874147765 -7.83655285947357605 -1.98910496537320824
0.00176525508629839 -7.83655294476992736 -1.98910497550541643
0.00177801873529259 -7.83655303127482483 -1.98910498578118733
0.00179087028973917 -7.83655311900513052 -1.98910499620251957
0.00180381035505814 -7.83655320797799870 -1.98910500677145086
0.00181683954083913 -7.83655329821079771 -1.98910501749004398
0.00182995846087016 -7.83655338972113746 -1.98910502836039216
0.00184316773316647 -7.83655348252692896 -1.98910503938462191
0.00185646797999970 -7.83655357664624219 -1.98910505056487841
0.00186985982792719 -7.83655367209746334 -1.98910506190334746
0.00188334390782146 -7.83655376889922373 -1.98910507340224374
0.00189692085489999 -7.83655386707038915 -1.98910508506380368
0.00191059130875509 -7.83655396663011494 -1.98910509689030701
0.00192435591338407 -7.83655406759780249 -1.98910510888405612
0.00193821531721954 -7.83655416999311250 -1.98910512104738535
0.00195217017315999 -7.83655427383604675 -1.98910513338267236
0.00196622113860054 -7.83655437914678288 -1.98910514589231147
0.00198036887546389 -7.83655448594586090 -1.98910515857874670
0.00199461405023152 -7.83655459425408907 -1.98910517144444698
0.00200895733397509 -7.83655470409251809 -1.98910518449191098
0.00202339940238804 -7.83655481548254862 -1.98910519772368444
0.00203794093581742 -7.83655492844585400 -1.98910521114233907
0.00205258261929597 -7.83655504300439443 -1.98910522475048457
0.00206732514257435 -7.83655515918046497 -1.98910523855076726
0.00208216920015365 -7.83655527699664223 -1.98910525254587101
0.00209711549131812 -7.83655539647584565 -1.98910526673851762
0.00211216472016810 -7.83655551764132330 -1.98910528113146845
0.00212731759565318 -7.83655564051656572 -1.98910529572751349
0.00214257483160563 -7.83655576512548979 -1.98910531052949469
0.00215793714677397 -7.83655589149226195 -1.98910532554027908
0.00217340526485689 -7.83655601964144655 -1.98910534076278811
0.00218897991453733 -7.83655614959791524 -1.98910535619997231
0.00220466182951677 -7.83655628138692339 -1.98910537185483727
0.00222045174854982 -7.83655641503402034 -1.98910538773041368
0.00223635041547903 -7.83655655056512845 -1.98910540382977974
0.00225235857926994 -7.83655668800655381 -1.98910542015606184
0.00226847699404630 -7.83655682738497372 -1.98910543671242857
0.00228470641912567 -7.83655696872739504 -1.98910545350208889
0.00230104761905517 -7.83655711206120387 -1.98910547052829179
0.00231750136364746 -7.83655725741421616 -1.98910548779434571
0.00233406842801705 -7.83655740481458274 -1.98910550530359043
0.00235074959261680 -7.83655755429085588 -1.98910552305941879
0.00236754564327467 -7.83655770587201506 -1.98910554106527426
0.00238445737123077 -7.83655785958740214 -1.98910555932464050
0.00240148557317460 -7.83655801546682618 -1.98910557784106135
0.00241863105128260 -7.83655817354036532 -1.98910559661810260
0.00243589461325595 -7.83655833383873901 -1.98910561565942023
0.00245327707235861 -7.83655849639288604 -1.98910563496868509
0.00247077924745560 -7.83655866123429945 -1.98910565454963817
0.00248840196305164 -7.83655882839485418 -1.98910567440606534
0.00250614604932993 -7.83655899790685861 -1.98910569454180286
0.00252401234219130 -7.83655916980316380 -1.98910571496075717
0.00254200168329356 -7.83655934411694854 -1.98910573566686510
0.00256011492009119 -7.83655952088191654 -1.98910575666413059
0.00257835290587520 -7.83655970013223602 -1.98910577795661170
0.00259671649981338 -7.83655988190259389 -1.98910579954843092
0.00261520656699076 -7.83656006622803858 -1.98910582144374737
0.00263382397845036 -7.83656025314424021 -1.98910584364680143
0.00265256961123421 -7.83656044268724816 -1.98910586616187102
0.00267144434842469 -7.83656063489367316 -1.98910588899330509
0.00269044907918612 -7.83656082980064372 -1.98910591214551680
0.00270958469880665 -7.83656102744580974 -1.98910593562297677
0.00272885210874043 -7.83656122786727138 -1.98910595943020851
0.00274825221665007 -7.83656143110372128 -1.98910598357180834
0.00276778593644944 -7.83656163719439203 -1.98910600805243654
0.00278745418834666 -7.83656184617899587 -1.98910603287680932
0.00280725789888750 -7.83656205809789430 -1.98910605804972129
0.00282719800099900 -7.83656227299193375 -1.98910608357602325
0.00284727543403344 -7.83656249090253088 -1.98910610946063349
0.00286749114381257 -7.83656271187172848 -1.98910613570854822
0.00288784608267220 -7.83656293594207831 -1.98910616232481785
0.00290834120950700 -7.83656316315678136 -1.98910618931457317
0.00292897748981576 -7.83656339355967635 -1.98910621668302778
0.00294975589574679 -7.83656362719505939 -1.98910624443543460
0.00297067740614377 -7.83656386410797623 -1.98910627257714667
0.00299174300659185 -7.83656410434406148 -1.98910630111358500
0.00301295368946406 -7.83656434794955725 -1.98910633005023940
0.00303431045396808 -7.83656459497140645 -1.98910635939268876
0.00305581430619332 -7.83656484545712573 -1.98910638914657345
0.00307746625915828 -7.83656509945496715 -1.98910641931762799
0.00309926733285830 -7.83656535701373258 -1.98910644991164132
0.00312121855431360 -7.83656561818306407 -1.98910648093451670
0.00314332095761769 -7.83656588301316503 -1.98910651239221226
0.00316557558398603 -7.83656615155501157 -1.98910654429078448
0.00318798348180513 -7.83656642386022018 -1.98910657663636270
0.00321054570668190 -7.83656669998119337 -1.98910660943517303
0.00323326332149341 -7.83656697997096519 -1.98910664269350956
0.00325613739643695 -7.83656726388341429 -1.98910667641777406
0.00327916900908044 -7.83656755177309705 -1.98910671061444533
0.00330235924441319 -7.83656784369537895 -1.98910674529010123
0.00332570919489702 -7.83656813970628718 -1.98910678045139200
0.00334921996051774 -7.83656843986274509 -1.98910681610507867
0.00337289264883693 -7.83656874422239280 -1.98910685225800821
0.00339672837504414 -7.83656905284373906 -1.98910688891713150
0.00342072826200945 -7.83656936578600938 -1.98910692608947692
0.00344489344033629 -7.83656968310931212 -1.98910696378218765
0.00346922504841481 -7.83657000487459943 -1.98910700200250123
0.00349372423247539 -7.83657033114357571 -1.98910704075774247
0.00351839214664275 -7.83657066197897212 -1.98910708005536940
0.00354322995299023 -7.83657099744420549 -1.98910711990290490
0.00356823882159458 -7.83657133760367408 -1.98910716030800172
0.00359341993059108 -7.83657168252265990 -1.98910720127841234
0.00361877446622901 -7.83657203226732957 -1.98910724282199314
0.00364430362292757 -7.83657238690475655 -1.98910728494671130
0.00367000860333214 -7.83657274650299573 -1.98910732766064746
0.00369589061837089 -7.83657311113097244 -1.98910737097198842
0.00372195088731191 -7.83657348085862004 -1.98910741488903842
0.00374819063782055 -7.83657385575684717 -1.98910745942022071
0.00377461110601734 -7.83657423589746838 -1.98910750457405849
0.00380121353653618 -7.83657462135340221 -1.98910755035921749
0.00382799918258295 -7.83657501219851671 -1.98910759678446691
0.00385496930599461 -7.83657540850767376 -1.98910764385869632
0.00388212517729859 -7.83657581035685435 -1.98910769159093204
0.00390946807577267 -7.83657621782304048 -1.98910773999031498
0.00393699928950523 -7.83657663098424262 -1.98910778906610530
0.00396472011545594 -7.83657704991962678 -1.98910783882770792
0.00399263185951686 -7.83657747470943367 -1.98910788928465232
0.00402073583657394 -7.83657790543500266 -1.98910794044659611
0.00404903337056898 -7.83657834217879579 -1.98910799232333280
0.00407752579456202 -7.83657878502441019 -1.98910804492478777
0.00410621445079408 -7.83657923405666601 -1.98910809826103741
0.00413510069075045 -7.83657968936145632 -1.98910815234227822
0.00416418587522431 -7.83658015102594518 -1.98910820717886150
0.00419347137438088 -7.83658061913845305 -1.98910826278127484
0.00422295856782194 -7.83658109378858647 -1.98910831916016240
0.00425264884465081 -7.83658157506711461 -1.98910837632629933
0.00428254360353781 -7.83658206306613270 -1.98910843429062445
0.00431264425278616 -7.83658255787891189 -1.98910849306420756
0.00434295221039828 -7.83658305960015422 -1.98910855265830078
0.00437346890414265 -7.83658356832581493 -1.98910861308429721
0.00440419577162101 -7.83658408415309804 -1.98910867435373806
0.00443513426033611 -7.83658460718065442 -1.98910873647833641
0.00446628582775994 -7.83658513750848318 -1.98910879946996966
0.00449765194140230 -7.83658567523791749 -1.98910886334066928
0.00452923407888002 -7.83658622047177467 -1.98910892810264373
0.00456103372798652 -7.83658677331420961 -1.98910899376826045
0.00459305238676189 -7.83658733387084006 -1.98910906035005874
0.00462529156356352 -7.83658790224885493 -1.98910912786077287
0.00465775277713708 -7.83658847855673990 -1.98910919631327676
0.00469043755668813 -7.83658906290464596 -1.98910926572065416
0.00472334744195411 -7.83658965540414609 -1.98910933609615292
0.00475648398327694 -7.83659025616842531 -1.98910940745321096
0.00478984874167595 -7.83659086531218030 -1.98910947980544872
0.00482344328892152 -7.83659148295171359 -1.98910955316667226
0.00485726920760908 -7.83659210920496996 -1.98910962755088971
0.00489132809123367 -7.83659274419149821 -1.98910970297229350
0.00492562154426498 -7.83659338803251160 -1.98910977944527856
0.00496015118222299 -7.83659404085087807 -1.98910985698442988
0.00499491863175403 -7.83659470277118775 -1.98910993560454252
0.00502992553070742 -7.83659537391975913 -1.98911001532061382
0.00506517352821265 -7.83659605442465601 -1.98911009614785161
0.00510066428475703 -7.83659674441567855 -1.98911017810166246
0.00513639947226393 -7.83659744402448943 -1.98911026119768231
0.00517238077417156 -7.83659815338452592 -1.98911034545175136
0.00520860988551227 -7.83659887263107358 -1.98911043087993233
0.00524508851299234 -7.83659960190132221 -1.98911051749851664
0.00528181837507249 -7.83660034133431349 -1.98911060532400685
0.00531880120204874 -7.83660109107107417 -1.98911069437315224
0.00535603873613397 -7.83660185125453612 -1.98911078466292035
0.00539353273153997 -7.83660262202960300 -1.98911087621051119
0.00543128495456009 -7.83660340354318752 -1.98911096903336904
0.00546929718365248 -7.83660419594430468 -1.98911106314918662
0.00550757120952378 -7.83660499938394040 -1.98911115857588738
0.00554610883521359 -7.83660581401520506 -1.98911125533164990
0.00558491187617932 -7.83660663999331852 -1.98911135343489986
0.00562398216038176 -7.83660747747568731 -1.98911145290432678
0.00566332152837118 -7.83660832662181761 -1.98911155375886173
0.00570293183337404 -7.83660918759354885 -1.98911165601772599
0.00574281494138029 -7.83661006055477216 -1.98911175970036602
0.00578297273123128 -7.83661094567184868 -1.98911186482653823
0.00582340709470825 -7.83661184311330850 -1.98911197141624840
0.00586411993662146 -7.83661275305003713 -1.98911207948977919
0.00590511317489996 -7.83661367565533062 -1.98911218906770548
0.00594638874068188 -7.83661461110479962 -1.98911230017087193
0.00598794857840543 -7.83661555957661449 -1.98911241282043272
0.00602979464590051 -7.83661652125125219 -1.98911252703780761
0.00607192891448094 -7.83661749631179205 -1.98911264284472944
0.00611435336903731 -7.83661848494382607 -1.98911276026323236
0.00615707000813049 -7.83661948733548996 -1.98911287931564518
0.00620008084408578 -7.83662050367754581 -1.98911300002461378
0.00624338790308773 -7.83662153416337048 -1.98911312241309179
0.00628699322527555 -7.83662257898903736 -1.98911324650435195
0.00633089886483926 -7.83662363835330744 -1.98911337232198782
0.00637510689011644 -7.83662471245772796 -1.98911349988992403
0.00641961938368965 -7.83662580150656485 -1.98911362923240254
0.00646443844248456 -7.83662690570701415 -1.98911376037401944
0.00650956617786875 -7.83662802526904123 -1.98911389333969568
0.00655500471575113 -7.83662916040554958 -1.98911402815469862
0.00660075619668212 -7.83663031133239585 -1.98911416484465331
0.00664682277595447 -7.83663147826840589 -1.98911430343552809
0.00669320662370483 -7.83663266143544579 -1.98911444395365700
0.00673990992501593 -7.83663386105842275 -1.98911458642573424
0.00678693488001954 -7.83663507736537834 -1.98911473087882329
0.00683428370400013 -7.83663631058751253 -1.98911487734036507
0.00688195862749922 -7.83663756095918984 -1.98911502583817401
0.00692996189642044 -7.83663882871802020 -1.98911517640044799
0.00697829577213536 -7.83664011410494865 -1.98911532905578614
0.00702696253158998 -7.83664141736418252 -1.98911548383316727
0.00707596446741206 -7.83664273874336370 -1.98911564076198277
0.00712530388801904 -7.83664407849347899 -1.98911579987201348
0.00717498311772688 -7.83664543686904569 -1.98911596119346812
0.00722500449685944 -7.83664681412816311 -1.98911612475697686
0.00727537038185885 -7.83664821053231631 -1.98911629059356643
0.00732608314539645 -7.83664962634673579 -1.98911645873470899
0.00737714517648455 -7.83665106184031135 -1.98911662921231835
0.00742855888058902 -7.83665251728564272 -1.98911680205873931
0.00748032667974261 -7.83665399295904841 -1.98911697730676273
0.00753245101265898 -7.83665548914070431 -1.98911715498963226
0.00758493433484768 -7.83665700611465166 -1.98911733514105138
0.00763777911872974 -7.83665854416886898 -1.98911751779519230
0.00769098785375419 -7.83666010359525611 -1.98911770298668911
0.00774456304651533 -7.83666168468985891 -1.98911789075066947
0.00779850722087083 -7.83666328775268184 -1.98911808112272914
0.00785282291806056 -7.83666491308798818 -1.98911827413897102
0.00790751269682637 -7.83666656100415171 -1.98911846983597784
0.00796257913353260 -7.83666823181384853 -1.98911866825085148
0.00801802482228748 -7.83666992583409794 -1.98911886942120253
0.00807385237506527 -7.83667164338627398 -1.98911907338515959
0.00813006442182937 -7.83667338479615250 -1.98911928018137152
0.00818666361065620 -7.83667515039408880 -1.98911948984903320
0.00824365260785992 -7.83667694051493768 -1.98911970242786751
0.00830103409811806 -7.83667875549819914 -1.98911991795815246
0.00835881078459801 -7.83668059568804320 -1.98912013648071562
0.00841698538908430 -7.83668246143343517 -1.98912035803695364
0.00847556065210689 -7.83668435308813205 -1.98912058266883363
0.00853453933307024 -7.83668627101078297 -1.98912081041889799
0.00859392421038329 -7.83668821556498241 -1.98912104133027912
0.00865371808159037 -7.83669018711933418 -1.98912127544669870
0.00871392376350298 -7.83669218604755446 -1.98912151281248639
0.00877454409233250 -7.83669421272849842 -1.98912175347257891
0.00883558192382376 -7.83669626754628812 -1.98912199747253915
0.00889704013338961 -7.83669835089032762 -1.98912224485855371
0.00895892161624638 -7.83670046315532076 -1.98912249567743493
0.00902122928755021 -7.83670260474160152 -1.98912274997666927
0.00908396608253449 -7.83670477605485249 -1.98912300780436690
0.00914713495664801 -7.83670697750647793 -1.98912326920932503
0.00921073888569427 -7.83670920951339944 -1.98912353424098165
0.00927478086597164 -7.83671147249850097 -1.98912380294949398
0.00933926391441452 -7.83671376689036059 -1.98912407538568536
0.00940419106873544 -7.83671609312355333 -1.98912435160109502
0.00946956538756820 -7.83671845163853309 -1.98912463164794695
0.00953538995061192 -7.83672084288199144 -1.98912491557921789
0.00960166785877617 -7.83672326730664270 -1.98912520344858712
0.00966840223432696 -7.83672572537155254 -1.98912549531049132
0.00973559622103396 -7.83672821754206161 -1.98912579122010724
0.00980325298431847 -7.83673074428990724 -1.98912609123336748
0.00987137571140260 -7.83673330609342234 -1.98912639540698866
0.00993996761145943 -7.83673590343745197 -1.98912670379845546
0.01000903191576417 -7.83673853681357802 -1.98912701646605172
0.01007857187784633 -7.83674120672014407 -1.98912733346885662
0.01014859077364310 -7.83674391366241441 -1.98912765486677934
0.01021909190165358 -7.83674665815253757 -1.98912798072053065
0.01029007858309422 -7.83674944070975865 -1.98912831109166377
0.01036155416205525 -7.83675226186054896 -1.98912864604259609
0.01043352200565821 -7.83675512213852254 -1.98912898563657703
0.01050598550421464 -7.83675802208477279 -1.98912932993775038
0.01057894807138568 -7.83676096224775343 -1.98912967901112614
0.01065241314434297 -7.83676394318356095 -1.98913003292261936
0.01072638418393055 -7.83676696545588491 -1.98913039173904171
0.01080086467482788 -7.83677002963625391 -1.98913075552813412
0.01087585812571401 -7.83677313630403827 -1.98913112435856587
0.01095136806943289 -7.83677628604660370 -1.98913149829994595
0.01102739806315972 -7.83677947945939035 -1.98913187742284236
0.01110395168856863 -7.83678271714608154 -1.98913226179879854
0.01118103255200134 -7.83678599971869083 -1.98913265150033935
0.01125864428463708 -7.83678932779757353 -1.98913304660097823
0.01133679054266361 -7.83679270201175004 -1.98913344717524998
0.01141547500744952 -7.83679612299886408 -1.98913385329871373
0.01149470138571760 -7.83679959140530968 -1.98913426504795998
0.01157447340971946 -7.83680310788643286 -1.98913468250063308
0.01165479483741141 -7.83680667310657864 -1.98913510573544805
0.01173566945263146 -7.83681028773931132 -1.98913553483220529
0.01181710106527750 -7.83681395246738699 -1.98913596987179320
0.01189909351148690 -7.83681766798299950 -1.98913641093621263
0.01198165065381718 -7.83682143498789952 -1.98913685810859420
0.01206477638142790 -7.83682525419345222 -1.98913731147320494
0.01214847461026398 -7.83682912632087980 -1.98913777111547696
0.01223274928324013 -7.83683305210127212 -1.98913823712200388
0.01231760437042657 -7.83683703227585138 -1.98913870958058259
0.01240304386923608 -7.83684106759604315 -1.98913918858021099
0.01248907180461233 -7.83684515882353327 -1.98913967421109561
0.01257569222921947 -7.83684930673057067 -1.98914016656469461
0.01266290922363301 -7.83685351210003045 -1.98914066573371984
0.01275072689653214 -7.83685777572556752 -1.98914117181215699
0.01283914938489322 -7.83686209841167614 -1.98914168489526366
0.01292818085418463 -7.83686648097405225 -1.98914220507963035
0.01301782549856311 -7.83687092423954024 -1.98914273246315587
0.01310808754107126 -7.83687542904637890 -1.98914326714508816
0.01319897123383649 -7.83687999624430631 -1.98914380922602541
0.01329048085827137 -7.83688462669482888 -1.98914435880796137
0.01338262072527526 -7.83688932127123472 -1.98914491599427756
0.01347539517543749 -7.83689408085886186 -1.98914548088977505
0.01356880857924170 -7.83689890635520392 -1.98914605360068819
0.01366286533727186 -7.83690379867013664 -1.98914663423471727
0.01375756988041951 -7.83690875872598891 -1.98914722290102342
0.01385292667009247 -7.83691378745785450 -1.98914781971027965
0.01394894019842510 -7.83691888581357166 -1.98914842477465492
0.01404561498848984 -7.83692405475412457 -1.98914903820787514
0.01414295559451028 -7.83692929525366377 -1.98914966012521233
0.01424096660207578 -7.83693460829971311 -1.98915029064351767
0.01433965262835744 -7.83693999489337756 -1.98915092988124331
0.01443901832232557 -7.83694545604954662 -1.98915157795846298
0.01453906836496878 -7.83695099279703289 -1.98915223499689175
0.01463980746951446 -7.83695660617881451 -1.98915290111991827
0.01474124038165079 -7.83696229725216398 -1.98915357645260737
0.01484337187975032 -7.83696806708888172 -1.98915426112173943
0.01494620677509509 -7.83697391677550392 -1.98915495525582764
0.01504974991210328 -7.83697984741354059 -1.98915565898515534
0.01515400616855738 -7.83698586011954479 -1.98915637244176713
0.01525898045583403 -7.83699195602545018 -1.98915709575952593
0.01536467771913538 -7.83699813627871844 -1.98915782907411631
0.01547110293772201 -7.83700440204260040 -1.98915857252308781
0.01557826112514755 -7.83701075449627726 -1.98915932624585978
0.01568615732949484 -7.83701719483510928 -1.98916009038375430
0.01579479663361371 -7.83702372427091021 -1.98916086508003409
0.01590418415536049 -7.83703034403207965 -1.98916165047991056
0.01601432504783903 -7.83703705536392370 -1.98916244673058107
0.01612522449964356 -7.83704385952880145 -1.98916325398125293
0.01623688773510297 -7.83705075780637994 -1.98916407238316495
0.01634932001452705 -7.83705775149391393 -1.98916490208962471
0.01646252663445428 -7.83706484190641639 -1.98916574325602769
0.01657651292790123 -7.83707203037697830 -1.98916659603989232
0.01669128426461396 -7.83707931825691961 -1.98916746060088245
0.01680684605132086 -7.83708670691613385 -1.98916833710084173
0.01692320373198737 -7.83709419774327110 -1.98916922570381605
0.01704036278807250 -7.83710179214602753 -1.98917012657609193
0.01715832873878701 -7.83710949155137193 -1.98917103988621746
0.01727710714135337 -7.83711729740586804 -1.98917196580503930
0.01739670359126766 -7.83712521117585847 -1.98917290450573025
0.01751712372256306 -7.83713323434780484 -1.98917385616382103
0.01763837320807536 -7.83714136842854003 -1.98917482095723863
0.01776045775971008 -7.83714961494548579 -1.98917579906631725
0.01788338312871166 -7.83715797544701775 -1.98917679067385667
0.01800715510593438 -7.83716645150272484 -1.98917779596514310
0.01813177952211507 -7.83717504470365078 -1.98917881512797612
0.01825726224814788 -7.83718375666265654 -1.98917984835271699
0.01838360919536085 -7.83719258901460680 -1.98918089583230295
0.01851082631579428 -7.83720154341685582 -1.98918195776231355
0.01863891960248128 -7.83721062154933445 -1.98918303434096821
0.01876789508972999 -7.83721982511498183 -1.98918412576918269
0.01889775885340782 -7.83722915584005175 -1.98918523225060606
0.01902851701122779 -7.83723861547442269 -1.98918635399165655
0.01916017572303663 -7.83724820579179671 -1.98918749120153238
0.01929274119110504 -7.83725792859028747 -1.98918864409230300
0.01942621966041975 -7.83726778569245486 -1.98918981287888963
0.01956061741897786 -7.83727777894578725 -1.98919099777913111
0.01969594079808299 -7.83728791022313409 -1.98919219901384370
0.01983219617264347 -7.83729818142274937 -1.98919341680680062
0.01996938996147281 -7.83730859446896844 -1.98919465138483509
0.02010752862759195 -7.83731915131230572 -1.98919590297783633
0.02024661867853376 -7.83732985393002846 -1.98919717181882683
0.02038666666664964 -7.83734070432628016 -1.98919845814396301
0.02052767918941817 -7.83735170453265084 -1.98919976219261474
0.02066966288975585 -7.83736285660832355 -1.98920108420736508
0.02081262445633016 -7.83737416264075115 -1.98920242443411133
0.02095657062387454 -7.83738562474576472 -1.98920378312205637
0.02110150817350574 -7.83739724506809488 -1.98920516052377971
0.02124744393304316 -7.83740902578165155 -1.98920655689525994
0.02139438477733065 -7.83742096909007380 -1.98920797249595327
0.02154233762856028 -7.83743307722698823 -1.98920940758880671
0.02169130945659838 -7.83744535245648066 -1.98921086244032330
0.02184130727931404 -7.83745779707344159 -1.98921233732059122
0.02199233816290960 -7.83747041340412931 -1.98921383250336326
0.02214440922225352 -7.83748320380633334 -1.98921534826605506
0.02229752762121561 -7.83749617067011872 -1.98921688488985482
0.02245170057300452 -7.83750931641795656 -1.98921844265971171
0.02260693534050743 -7.83752264350535999 -1.98922002186442981
0.02276323923663236 -7.83753615442124119 -1.98922162279669745
0.02292061962465255 -7.83754985168833596 -1.98922324575313625
0.02307908391855340 -7.83756373786375615 -1.98922489103437106
0.02323863958338165 -7.83757781553936184 -1.98922655894506240
0.02339929413559715 -7.83759208734221957 -1.98922824979396506
0.02356105514342692 -7.83760655593512645 -1.98922996389398321
0.02372393022722160 -7.83762122401707373 -1.98923170156223228
0.02388792705981457 -7.83763609432368291 -1.98923346312007165
0.02405305336688331 -7.83765116962780350 -1.98923524889319547
0.02421931692731334 -7.83766645273985851 -1.98923705921164684
0.02438672557356476 -7.83768194650842531 -1.98923889440989599
0.02455528719204117 -7.83769765382081030 -1.98924075482691598
0.02472500972346112 -7.83771357760337750 -1.98924264080619251
0.02489590116323235 -7.83772972082229202 -1.98924455269583533
0.02506796956182830 -7.83774608648390458 -1.98924649084860516
0.02524122302516745 -7.83776267763525958 -1.98924845562197383
0.02541566971499507 -7.83777949736478607 -1.98925044737820689
0.02559131784926784 -7.83779654880270371 -1.98925246648440535
0.02576817570254092 -7.83781383512160801 -1.98925451331256897
0.02594625160635771 -7.83783135953712584 -1.98925658823968021
0.02612555394964243 -7.83784912530836486 -1.98925869164774149
0.02630609117909530 -7.83786713573849525 -1.98926082392384651
0.02648787179959031 -7.83788539417541941 -1.98926298546025593
0.02667090437457610 -7.83790390401233950 -1.98926517665446334
0.02685519752647922 -7.83792266868826104 -1.98926739790924234
0.02704075993711031 -7.83794169168876476 -1.98926964963274644
0.02722760034807320 -7.83796097654635116 -1.98927193223852505
0.02741572756117663 -7.83798052684143887 -1.98927424614566739
0.02760515043884895 -7.83800034620264441 -1.98927659177880378
0.02779587790455549 -7.83802043830755668 -1.98927896956820360
0.02798791894321911 -7.83804080688347060 -1.98928137994986098
0.02818128260164339 -7.83806145570788804 -1.98928382336554566
0.02837597798893873 -7.83808238860926210 -1.98928630026288400
0.02857201427695161 -7.83810360946759133 -1.98928881109542388
0.02876940070069660 -7.83812512221521196 -1.98929135632272969
0.02896814655879134 -7.83814693083742053 -1.98929393641044738
0.02916826121389472 -7.83816903937307519 -1.98929655183036336
0.02936975409314790 -7.83819145191548117 -1.98929920306051278
0.02957263468861828 -7.83821417261294684 -1.98930189058523710
0.02977691255774686 -7.83823720566958571 -1.98930461489527000
0.02998259732379836 -7.83826055534597543 -1.98930737648780909
0.03018969867631460 -7.83828422596002916 -1.98931017586662118
0.03039822637157088 -7.83830822188754794 -1.98931301354208889
0.03060819023303571 -7.83833254756306985 -1.98931589003130815
0.03081960015183355 -7.83835720748076259 -1.98931880585819876
0.03103246608721064 -7.83838220619489423 -1.98932176155352858
0.03124679806700435 -7.83840754832093189 -1.98932475765506100
0.03146260618811551 -7.83843323853611285 -1.98932779470760179
0.03167990061698394 -7.83845928158036998 -1.98933087326310343
0.03189869159006760 -7.83848568225701570 -1.98933399388073195
0.03211898941432467 -7.83851244543374026 -1.98933715712699599
0.03234080446769906 -7.83853957604328055 -1.98934036357579247
0.03256414719960946 -7.83856707908430739 -1.98934361380852076
0.03278902813144147 -7.83859495962233233 -1.98934690841417261
0.03301545785704333 -7.83862322279050261 -1.98935024798942295
0.03324344704322482 -7.83865187379042716 -1.98935363313870694
0.03347300643026002 -7.83868091789323262 -1.98935706447435501
0.03370414683239309 -7.83871036044023306 -1.98936054261663986
0.03393687913834766 -7.83874020684398154 -1.98936406819390266
0.03417121431184000 -7.83877046258911037 -1.98936764184264536
0.03440716339209538 -7.83880113323326899 -1.98937126420761801
0.03464473749436801 -7.83883222440812144 -1.98937493594194081
0.03488394781046485 -7.83886374182011636 -1.98937865770716726
0.03512480560927281 -7.83889569125163987 -1.98938243017342509
0.03536732223728946 -7.83892807856184159 -1.98938625401948799
0.03561150911915772 -7.83896090968768444 -1.98939012993290043
0.03585737775820400 -7.83899419064484793 -1.98939405861005358
0.03610493973698011 -7.83902792752887390 -1.98939804075633186
0.03635420671780883 -7.83906212651598899 -1.98940207708617334
0.03660519044333343 -7.83909679386421576 -1.98940616832320027
0.03685790273707081 -7.83913193591451041 -1.98941031520034195
0.03711235550396835 -7.83916755909156926 -1.98941451845989925
0.03736856073096499 -7.83920366990505624 -1.98941877885369323
0.03762653048755576 -7.83924027495065712 -1.98942309714316301
0.03788627692636030 -7.83927738091106452 -1.98942747409946907
0.03814781228369551 -7.83931499455714142 -1.98943191050361334
0.03841114888015196 -7.83935312274902873 -1.98943640714655956
0.03867629912117412 -7.83939177243719953 -1.98944096482932942
0.03894327549764499 -7.83943095066364837 -1.98944558436313512
0.03921209058647443 -7.83947066456293840 -1.98945026656947599
0.03948275705119166 -7.83951092136350525 -1.98945501228028543
0.03975528764254173 -7.83955172838862868 -1.98945982233801422
0.04002969519908633 -7.83959309305775509 -1.98946469759577460
0.04030599264780860 -7.83963502288756953 -1.98946963891744000
0.04058419300472190 -7.83967752549334040 -1.98947464717779310
0.04086430937548322 -7.83972060858996045 -1.98947972326261646
0.04114635495601049 -7.83976427999326919 -1.98948486806882840
0.04143034303310408 -7.83980854762131951 -1.98949008250461978
0.04171628698507298 -7.83985341949553760 -1.98949536748955325
0.04200420028236487 -7.83989890374195308 -1.98950072395468980
0.04229409648820062 -7.83994500859272048 -1.98950615284275267
0.04258598925921348 -7.83999174238705443 -1.98951165510819483
0.04287989234609223 -7.84003911357280447 -1.98951723171737394
0.04317581959422907 -7.84008713070761054 -1.98952288364865271
0.04347378494437166 -7.84013580246033737 -1.98952861189254837
0.04377380243328013 -7.84018513761233216 -1.98953441745183879
0.04407588619438821 -7.84023514505882968 -1.98954030134172011
0.04438005045846889 -7.84028583381023125 -1.98954626458990447
0.04468630955430507 -7.84033721299358355 -1.98955230823677609
0.04499467790936444 -7.84038929185397571 -1.98955843333553251
0.04530517005047906 -7.84044207975582896 -1.98956464095228336
0.04561780060452988 -7.84049558618437459 -1.98957093216620517
0.04593258429913571 -7.84054982074714069 -1.98957730806968014
0.04624953596334689 -7.84060479317536174 -1.98958376976842732
0.04656867052834411 -7.84066051332529579 -1.98959031838161149
0.04689000302814165 -7.84071699117999454 -1.98959695504203560
0.04721354860029565 -7.84077423685042518 -1.98960368089620854
0.04753932248661712 -7.84083226057729110 -1.98961049710454096
0.04786734003389014 -7.84089107273230734 -1.98961740484144234
0.04819761669459478 -7.84095068381987481 -1.98962440529548634
0.04853016802763484 -7.84101110447851823 -1.98963149966952657
0.04886500969907115 -7.84107234548244225 -1.98963868918084152
0.04920215748285936 -7.84113441774318076 -1.98964597506128538
0.04954162726159295 -7.84119733231109173 -1.98965335855741610
0.04988343502725170 -7.84126110037688306 -1.98966084093061624
0.05022759688195493 -7.84132573327338278 -1.98966842345727324
0.05057412903871987 -7.84139124247699204 -1.98967610742887957
0.05092304782222574 -7.84145763960942155 -1.98968389415219837
0.05127436966958262 -7.84152493643921034 -1.98969178494937937
0.05162811113110581 -7.84159314488349235 -1.98969978115811830
0.05198428887109539 -7.84166227700959162 -1.98970788413178612
0.05234291966862144 -7.84173234503669558 -1.98971609523956405
0.05270402041831444 -7.84180336133759770 -1.98972441586659543
0.05306760813116093 -7.84187533844028106 -1.98973284741410228
0.05343369993530521 -7.84194828902975694 -1.98974139129954519
0.05380231307685603 -7.84202222594967235 -1.98975004895674434
0.05417346492069896 -7.84209716220413888 -1.98975882183602737
0.05454717295131468 -7.84217311095937752 -1.98976771140435416
0.05492345477360246 -7.84225008554558389 -1.98977671914547072
0.05530232811370946 -7.84232809945857579 -1.98978584656001689
0.05568381081986596 -7.84240716636165391 -1.98979509516568664
0.05606792086322609 -7.84248730008734452 -1.98980446649734444
0.05645467633871443 -7.84256851463917659 -1.98981396210715711
0.05684409546587828 -7.84265082419356752 -1.98982358356474220
0.05723619658974628 -7.84273424310157363 -1.98983333245727945
0.05763099818169241 -7.84281878589067283 -1.98984321038964107
0.05802851884030608 -7.84290446726669899 -1.98985321898452661
0.05842877729226850 -7.84299130211559437 -1.98986335988258123
0.05883179239323479 -7.84307930550534316 -1.98987363474253121
0.05923758312872209 -7.84316849268775762 -1.98988404524129381
0.05964616861500417 -7.84325887910032105 -1.98989459307409255
0.06005756810001192 -7.84335048036814442 -1.98990527995459643
0.06047180096423987 -7.84344331230583958 -1.98991610761502624
0.06088888672165952 -7.84353739091923874 -1.98992707780624678
0.06130884502063842 -7.84363273240756342 -1.98993819229792779
0.06173169564486587 -7.84372935316505959 -1.98994945287860303
0.06215745851428463 -7.84382726978304401 -1.98996086135580330
0.06258615368602982 -7.84392649905177564 -1.98997241955615856
0.06301780135537340 -7.84402705796232258 -1.98998412932549251
0.06345242185667553 -7.84412896370851964 -1.98999599252891768
0.06389003566434281 -7.84423223368895162 -1.99000801105095726
0.06433066339379256 -7.84433688550859909 -1.99002018679557557
0.06477432580242388 -7.84444293698112816 -1.99003252168634259
0.06522104379059587 -7.84455040613050691 -1.99004501766645392
0.06567083840261197 -7.84465931119308024 -1.99005767669884648
0.06612373082771117 -7.84476967061943498 -1.99007050076626379
0.06657974240106661 -7.84488150307630683 -1.99008349187131595
0.06703889460479043 -7.84499482744855747 -1.99009665203657460
0.06750120906894577 -7.84510966284095534 -1.99010998330459676
0.06796670757256559 -7.84522602858019624 -1.99012348773801140
0.06843541204467901 -7.84534394421681469 -1.99013716741956403
0.06890734456534416 -7.84546342952688747 -1.99015102445213876
0.06938252736668807 -7.84558450451423628 -1.99016506095884638
0.06986098283395459 -7.84570718941200074 -1.99017927908300840
0.07034273350655847 -7.84583150468470958 -1.99019368098821969
0.07082780207914721 -7.84595747103000107 -1.99020826885833935
0.07131621140267042 -7.84608510938067383 -1.99022304489755153
0.07180798448545608 -7.84621444090624998 -1.99023801133031397
0.07230314449429440 -7.84634548701496826 -1.99025317040139260
0.07280171475552941 -7.84647826935568027 -1.99026852437586932
0.07330371875615763 -7.84661280981939502 -1.99028407553907960
0.07380918014493468 -7.84674913054126666 -1.99029982619662804
0.07431812273348896 -7.84688725390218345 -1.99031577867432286
0.07483057049744396 -7.84702720253075281 -1.99033193531818253
0.07534654757754738 -7.84716899930471889 -1.99034829849432326
0.07586607828080817 -7.84731266735284727 -1.99036487058894385
0.07638918708164215 -7.84745823005651566 -1.99038165400822731
0.07691589862302453 -7.84760571105139704 -1.99039865117827586
0.07744623771765087 -7.84775513422906723 -1.99041586454501096
0.07798022934910616 -7.84790652373853970 -1.99043329657406742
0.07851789867304167 -7.84805990398785447 -1.99045094975067705
0.07905927101835979 -7.84821529964561826 -1.99046882657954805
0.07960437188840763 -7.84837273564241755 -1.99048692958470430
0.08015322696217819 -7.84853223717234094 -1.99050526130936056
0.08070586209552016 -7.84869382969430784 -1.99052382431572283
0.08126230332235576 -7.84885753893348159 -1.99054262118482739
0.08182257685590748 -7.84902339088260881 -1.99056165451634004
0.08238670908993284 -7.84919141180318380 -1.99058092692833011
0.08295472659996748 -7.84936162822678352 -1.99060044105705902
0.08352665614457758 -7.84953406695617684 -1.99062019955672609
0.08410252466662016 -7.84970875506653076 -1.99064020509922224
0.08468235929451211 -7.84988571990625150 -1.99066046037380917
0.08526618734350867 -7.85006498909828032 -1.99068096808688222
0.08585403631698994 -7.85024659054079788 -1.99070173096160197
0.08644593390775629 -7.85043055240824472 -1.99072275173759605
0.08704190799933344 -7.85061690315200522 -1.99074403317056881
0.08764198666728568 -7.85080567150122555 -1.99076557803195153
0.08824619818053861 -7.85099688646349936 -1.99078738910850372
0.08885457100271059 -7.85119057732531100 -1.99080946920186586
0.08946713379345408 -7.85138677365268123 -1.99083182112814283
0.09008391540980545 -7.85158550529152777 -1.99085444771742814
0.09070494490754430 -7.85178680236795223 -1.99087735181330361
0.09133025154256254 -7.85199069528857141 -1.99090053627233665
0.09195986477224254 -7.85219721474049237 -1.99092400396351210
0.09259381425684444 -7.85240639169160914 -1.99094775776769772
0.09323212986090400 -7.85261825739021369 -1.99097180057699563
0.09387484165463919 -7.85283284336514864 -1.99099613529416875
0.09452197991536644 -7.85305018142525313 -1.99102076483192980
0.09517357512892761 -7.85327030365910250 -1.99104569211228144
0.09582965799112571 -7.85349324243444968 -1.99107092006579300
0.09649025940917109 -7.85371903039757324 -1.99109645163083360
0.09715541050313714 -7.85394770047246205 -1.99112228975278671
0.09782514260742688 -7.85417928585994218 -1.99114843738323244
0.09849948727224871 -7.85441382003657829 -1.99117489747907483
0.09917847626510250 -7.85465133675343985 -1.99120167300164930
0.09986214157227666 -7.85489187003482670 -1.99122876691579020
0.10055051540035467 -7.85513545417657788 -1.99125618218882905
0.10124363017773205 -7.85538212374458400 -1.99128392178961056
0.10194151855614454 -7.85563191357273460 -1.99131198868739956
0.10264421341220598 -7.85588485876103348 -1.99134038585079520
0.10335174784895693 -7.85614099467323257 -1.99136911624655744
0.10406415519742446 -7.85640035693458483 -1.99139818283844106
0.10478146901819221 -7.85666298142902697 -1.99142758858590696
0.10550372310298135 -7.85692890429650515 -1.99145733644285583
0.10623095147624222 -7.85719816192991782 -1.99148742935626988
0.10696318839675767 -7.85747079097183931 -1.99151787026481153
0.10770046835925672 -7.85774682831108429 -1.99154866209736947
0.10844282609603929 -7.85802631107890459 -1.99157980777153476
0.10919029657861286 -7.85830927664508305 -1.99161131019203341
0.10994291501933974 -7.85859576261380699 -1.99164317224911525
0.11070071687309559 -7.85888580681905147 -1.99167539681683325
0.11146373783894017 -7.85917944731988261 -1.99170798675129657
0.11223201386179885 -7.85947672239543760 -1.99174094488884124
0.11300558113415557 -7.85977767053972531 -1.99177427404417018
0.11378447609775848 -7.86008233045575633 -1.99180797700834189
0.11456873544533624 -7.86039074104992697 -1.99184205654679181
0.11535839612232673 -7.86070294142551873 -1.99187651539717869
0.11615349532861717 -7.86101897087626611 -1.99191135626723348
0.11695407052029710 -7.86133886887947053 -1.99194658183249174
0.11776015941142259 -7.86166267508856986 -1.99198219473393578
0.11857179997579269 -7.86199042932571945 -1.99201819757559107
0.11938903044873875 -7.86232217157361113 -1.99205459292199460
0.12021188932892556 -7.86265794196716783 -1.99209138329560487
0.12104041538016444 -7.86299778078481104 -1.99212857117412878
0.12187464763324013 -7.86334172843902479 -1.99216615898768379
0.12271462538774915 -7.86368982546696049 -1.99220414911597254
0.12356038821395075 -7.86404211252015006 -1.99224254388525179
0.12441197595463170 -7.86439863035422970 -1.99228134556530767
0.12526942872698282 -7.86475941981759163 -1.99232055636619720
0.12613278692448912 -7.86512452184021171 -1.99236017843500601
0.12700209121883205 -7.86549397742141920 -1.99240021385240262
0.12787738256180636 -7.86586782761749159 -1.99244066462912683
0.12875870218724889 -7.86624611352863123 -1.99248153270235062
0.12964609161298060 -7.86662887628525631 -1.99252281993189784
0.13053959264276330 -7.86701615703393919 -1.99256452809635953
0.13143924736826845 -7.86740799692266624 -1.99260665888909050
0.13234509817105980 -7.86780443708533728 -1.99264921391401062
0.13325718772459053 -7.86820551862593653 -1.99269219468135961
0.13417555899621331 -7.86861128260187925 -1.99273560260324989
0.13510025524920402 -7.86902177000668601 -1.99277943898907983
0.13603132004480051 -7.86943702175206639 -1.99282370504082440
0.13696879724425431 -7.86985707864922901 -1.99286840184814484
0.13791273101089702 -7.87028198138943669 -1.99291353038335295
0.13886316581222044 -7.87071177052402149 -1.99295909149622807
0.13982014642197194 -7.87114648644332515 -1.99300508590863235
0.14078371792226346 -7.87158616935504352 -1.99305151420898219
0.14175392570569484 -7.87203085926177426 -1.99309837684654223
0.14273081547749294 -7.87248059593750771 -1.99314567412550359
0.14371443325766448 -7.87293541890362292 -1.99319340619894647
0.14470482538316343 -7.87339536740358614 -1.99324157306252880
0.14570203851007471 -7.87386048037692543 -1.99329017454802049
0.14670611961581190 -7.87433079643239076 -1.99333921031665362
0.14771711600132961 -7.87480635381984673 -1.99338867985221513
0.14873507529335270 -7.87528719040133396 -1.99343858245394911
0.14976004544661942 -7.87577334362121206 -1.99348891722927291
0.15079207474614068 -7.87626485047488512 -1.99353968308618668
0.15183121180947412 -7.87676174747681124 -1.99359087872552565
0.15287750558901539 -7.87726407062716216 -1.99364250263294007
0.15393100537430371 -7.87777185537734592 -1.99369455307061472
0.15499176079434338 -7.87828513659447616 -1.99374702806878368
0.15605982181994271 -7.87880394852442389 -1.99379992541693118
0.15713523876606758 -7.87932832475364098 -1.99385324265473884
0.15821806229421123 -7.87985829816994077 -1.99390697706281284
0.15930834341478184 -7.88039390092142344 -1.99396112565302186
0.16040613348950503 -7.88093516437460551 -1.99401568515865546
0.16151148423384307 -7.88148211907074536 -1.99407065202422729
0.16262444771943196 -7.88203479468081625 -1.99412602239496128
0.16374507637653393 -7.88259321995900830 -1.99418179210600299
0.16487342299650756 -7.88315742269467012 -1.99423795667127246
0.16600954073429422 -7.88372742966263917 -1.99429451127201318
0.16715348311092296 -7.88430326657206848 -1.99435145074498865
0.16830530401603144 -7.88488495801342459 -1.99440876957032942
0.16946505771040399 -7.88547252740369409 -1.99446646185899423
0.17063279882852889 -7.88606599693019916 -1.99452452133992519
0.17180858238117150 -7.88666538749211998 -1.99458294134676239
0.17299246375796537 -7.88727071864038098 -1.99464171480417884
0.17418449873002248 -7.88788200851578924 -1.99470083421387501
0.17538474345256003 -7.88849927378479610 -1.99476029164007973
0.17659325446754551 -7.88912252957345039 -1.99482007869465705
0.17781008870636109 -7.88975178939937116 -1.99488018652183086
0.17903530349248506 -7.89038706510128307 -1.99494060578237931
0.18026895654419256 -7.89102836676673114 -1.99500132663746732
0.18151110597727393 -7.89167570265701013 -1.99506233873189864
0.18276181030777353 -7.89232907913037973 -1.99512363117701086
0.18402112845474572 -7.89298850056231860 -1.99518519253297089
0.18528911974303014 -7.89365396926374174 -1.99524701079063238
0.18656584390604733 -7.89432548539646728 -1.99530907335284469
0.18785136108861214 -7.89500304688620336 -1.99537136701523776
0.18914573184976669 -7.89568664933273645 -1.99543387794644089
0.19044901716563412 -7.89637628591754215 -1.99549659166776716
0.19176127843229071 -7.89707194730855289 -1.99555949303231217
0.19308257746865756 -7.89777362156199736 -1.99562256620345546
0.19441297651941386 -7.89848129402123256 -1.99568579463274731
0.19575253825792849 -7.89919494721272208 -1.99574916103720335
0.19710132578921277 -7.89991456073867404 -1.99581264737592412
0.19845940265289264 -7.90064011116670439 -1.99587623482610121
0.19982683282620289 -7.90137157191597339 -1.99593990375829766
0.20120368072700057 -7.90210891314020536 -1.99600363371110401
0.20259001121679915 -7.90285210160697638 -1.99606740336502408
0.20398588960382499 -7.90360110057374499 -1.99613119051569288
0.20539138164609347 -7.90435586966000336 -1.99619497204631147
0.20680655355450628 -7.90511636471574697 -1.99625872389933146
0.20823147199597156 -7.90588253768619964 -1.99632242104736957
0.20966620409654391 -7.90665433647260674 -1.99638603746332866
0.21111081744458601 -7.90743170478873214 -1.99644954608964165
0.21256538009395401 -7.90821458201364624 -1.99651291880676629
0.21402996056720233 -7.90900290303987763 -1.99657612640073157
0.21550462785881241 -7.90979659811739833 -1.99663913852984343
0.21698945143844184 -7.91059559269315749 -1.99670192369048616
0.21848450125419838 -7.91139980724603298 -1.99676444918199381
0.21998984773593447 -7.91220915711693618 -1.99682668107054062
0.22150556179856454 -7.91302355233428489 -1.99688858415208959
0.22303171484540685 -7.91384289743447056 -1.99695012191433907
0.22456837877154651 -7.91466709127727253 -1.99701125649762945
0.22611562596722207 -7.91549602685614850 -1.99707194865482873
0.22767352932123661 -7.91632959110306089 -1.99713215771010888
0.22924216222439106 -7.91716766468799271 -1.99719184151664630
0.23082159857294077 -7.91801012181284403 -1.99725095641319728
0.23241191277207801 -7.91885682999974971 -1.99730945717953001
0.23401317973943619 -7.91970764987313469 -1.99736729699061955
0.23562547490861963 -7.92056243493623846 -1.99742442736970061
0.23724887423275626 -7.92142103134133624 -1.99748079814006707
0.23888345418807699 -7.92228327765348705 -1.99753635737556845
0.24052929177751764 -7.92314900460800775 -1.99759105134983495
0.24218646453434586 -7.92401803486147216 -1.99764482448420133
0.24385505052581510 -7.92489018273561729 -1.99769761929421086
0.24553512835684130 -7.92576525395458820 -1.99774937633477601
0.24722677717370542 -7.92664304537504094 -1.99780003414390106
0.24893007666778313 -7.92752334470888798 -1.99784952918493430
0.25064510707929838 -7.92840593023884033 -1.99789779578736648
0.25237194920110279 -7.92929057052613917 -1.99794476608606431
0.25411068438248285 -7.93017702411057446 -1.99799036995896606
0.25586139453299134 -7.93106503920267158 -1.99803453496318961
0.25762416212630668 -7.93195435336751853 -1.99807718626947728
0.25939907020411690 -7.93284469320053542 -1.99811824659502868
0.26118620238003326 -7.93373577399441210 -1.99815763613455344
0.26298564284352799 -7.93462729939767275 -1.99819527248965234
0.26479747636390111 -7.93551896106415811 -1.99823107059639016
0.26662178829427297 -7.93641043829329451 -1.99826494265101262
0.26845866457560524 -7.93730139766127074 -1.99829679803385463
0.27030819174075138 -7.93819149264259050 -1.99832654323131842
0.27217045691852998 -7.93908036322203348 -1.99835408175593399
0.27404554783783092 -7.93996763549621409 -1.99837931406435554
0.27593355283174942 -7.94085292126572106 -1.99840213747345974
0.27783456084174468 -7.94173581761625869 -1.99842244607426034
0.27974866142183086 -7.94261590648934312 -1.99844013064373160
0.28167594474279772 -7.94349275424247647 -1.99845507855453985
0.28361650159645529 -7.94436591119765723 -1.99846717368244509
0.28557042339991229 -7.94523491117934189 -1.99847629631159562
0.28753780219988456 -7.94609927104008040 -1.99848232303738560
0.28951873067702744 -7.94695849017510447 -1.99848512666708023
0.29151330215030596 -7.94781205002431967 -1.99848457611796460
0.29352161058138737 -7.94865941356239603 -1.99848053631310529
0.29554375057906923 -7.94950002477616025 -1.99847286807458846
0.29757981740373779 -7.95033330812944072 -1.99846142801426252
0.29962990697185221 -7.95115866801434734 -1.99844606842178729
0.30169411586046524 -7.95197548819013900 -1.99842663715020574
0.30377254131177361 -7.95278313120762448 -1.99840297749864959
0.30586528123769657 -7.95358093782044140 -1.99837492809243455
0.30797243422448944 -7.95436822638182495 -1.99834232276026902
0.31009409953738992 -7.95514429222729991 -1.99830499040867826
0.31223037712529061 -7.95590840704265112 -1.99826275489349059
0.31438136762544966 -7.95665981821687573 -1.99821543488835740
0.31654717236823277 -7.95739774818024515 -1.99816284375030873
0.31872789338188390 -7.95812139372660710 -1.99810478938219482
0.32092363339733304 -7.95882992532022637 -1.99804107409204001
0.32313449585303744 -7.95952248638643045 -1.99797149444921684
0.32536058489985120 -7.96019819258603256 -1.99789584113737417
0.32760200540593343 -7.96085613107319290 -1.99781389880410210
0.32985886296168992 -7.96149535973635292 -1.99772544590724532
0.33213126388474412 -7.96211490642212105 -1.99763025455782395
0.33441931522494717 -7.96271376814154941 -1.99752809035949497
0.33672312476942301 -7.96329091025898439 -1.99741871224453038
0.33904280104764212 -7.96384526566245476 -1.99730187230617084
0.34137845333653621 -7.96437573391624731 -1.99717731562744660
0.34373019166564794 -7.96488118039463799 -1.99704478010626318
0.34609812682230995 -7.96536043539658856 -1.99690399627674076
0.34848237035686874 -7.96581229324183671 -1.99675468712685800
0.35088303458793546 -7.96623551134687524 -1.99659656791212958
0.35330023260767901 -7.96662880928174211 -1.99642934596549604
0.35573407828715525 -7.96699086780661148 -1.99625272050322433
0.35818468628166800 -7.96732032788802069 -1.99606638242677348
0.36065217203617167 -7.96761578969478279 -1.99587001412066489
0.36313665179071219 -7.96787581157293445 -1.99566328924621583
0.36563824258589855 -7.96809890899959061 -1.99544587253109929
0.36815706226841882 -7.96828355351570750 -1.99521741955474630
0.37069322949659317 -7.96842817163692807 -1.99497757652943908
0.37324686374596050 -7.96853114374281901 -1.99472598007712576
0.37581808531490823 -7.96859080294406841 -1.99446225700190416
0.37840701533034138 -7.96860543392727472 -1.99418602405807910
0.38101377575338496 -7.96857327177722752 -1.99389688771379703
0.38363848938513134 -7.96849250077646065 -1.99359444391020024
0.38628127987242716 -7.96836125318195521 -1.99327827781607048
0.38894227171369411 -7.96817760797859176 -1.99294796357791393
0.39162159026479615 -7.96793958960935544 -1.99260306406546350
0.39431936174494664 -7.96764516668194922 -1.99224313061253611
0.39703571324265036 -7.96729225065187219 -1.99186770275326186
0.39977077272169265 -7.96687869448167696 -1.99147630795363817
0.40252466902716960 -7.96640229127626043 -1.99106846133836046
0.40529753189155343 -7.96586077289412575 -1.99064366541293891
0.40808949194080635 -7.96525180853455161 -1.99020140978108362
0.41090068070053642 -7.96457300330050089 -1.98974117085731361
0.41373123060218814 -7.96382189673734242 -1.98926241157483163
0.41658127498928715 -7.96299596134716214 -1.98876458108859810
0.41945094812371697 -7.96209260107879846 -1.98824711447364733
0.42234038519204559 -7.96110914979363304 -1.98770943241864595
0.42524972231189667 -7.96004286970700292 -1.98715094091467082
0.42817909653835690 -7.95889094980547185 -1.98657103093926146
0.43112864587043542 -7.95765050423989795 -1.98596907813571799
0.43409850925756621 -7.95631857069461290 -1.98534444248773956
0.43708882660614989 -7.95489210873262920 -1.98469646798935084
0.44009973878614655 -7.95336799811722095 -1.98402448231022177
0.44313138763771442 -7.95174303710996089 -1.98332779645636936
0.44618391597788670 -7.95001394074579260 -1.98260570442637962
0.44925746760730267 -7.94817733908490442 -1.98185748286309749
0.45235218731698318 -7.94622977544214049 -1.98108239070092074
0.45546822089514793 -7.94416770459434574 -1.98027966880880202
0.45860571513408505 -7.94198749096564072 -1.97944853962893608
0.46176481783706874 -7.93968540679170687 -1.97858820681135672
0.46494567782531782 -7.93725763026304065 -1.97769785484445237
0.46814844494500796 -7.93470024364811977 -1.97677664868155545
0.47137327007433427 -7.93200923139692282 -1.97582373336372430
0.47462030513061321 -7.92918047822561434 -1.97483823363886701
0.47788970307744211 -7.92620976718291814 -1.97381925357731181
0.48118161793190767 -7.92309277769931963 -1.97276587618405319
0.48449620477183586 -7.91982508361966797 -1.97167716300779294
0.48783361974310091 -7.91640215122024493 -1.97055215374697767
0.49119402006698276 -7.91281933721131736 -1.96938986585304665
0.49457756404756831 -7.90907188672635719 -1.96818929413112031
0.49798441107921515 -7.90515493129868396 -1.96694941033827453
0.50141472165405510 -7.90106348682754334 -1.96566916277981685
0.50486865736955655 -7.89679245153408083 -1.96434747590364100
0.50834638093614049 -7.89233660390921354 -1.96298324989305639
0.51184805618483975 -7.88769060065482730 -1.96157536025839940
0.51537384807502007 -7.88284897461976453 -1.96012265742767577
0.51892392270215304 -7.87780613273233765 -1.95862396633663138
0.52249844730563633 -7.87255635393137165 -1.95707808601859234
0.52609759027667324 -7.86709378709746243 -1.95548378919445986
0.52972152116621019 -7.86141244898661817 -1.95383982186325267
0.53337041069291669 -7.85550622216857253 -1.95214490289366793
0.53704443075123121 -7.84936885297168896 -1.95039772361703823
0.54074375441946221 -7.84299394943718653 -1.94859694742222667
0.54446855596793509 -7.83637497928518467 -1.94674120935294614
0.54821901086720481 -7.82950526789519596 -1.94482911570803152
0.55199529579632578 -7.82237799630364083 -1.94285924364517437
0.55579758865116813 -7.81498619922195026 -1.94083014078882665
0.55962606855280195 -7.80732276307771578 -1.93874032484274195
0.56348091585593751 -7.79938042408259236 -1.93658828320791843
0.56736231215741650 -7.79115176633030071 -1.93437247260657808
0.57127044030476937 -7.78262921992815659 -1.93209131871287654
0.57520548440483177 -7.77380505916633080 -1.92974321579115293
0.57916762983241210 -7.76467140072815276 -1.92732652634241530
0.58315706323902683 -7.75522020194635520 -1.92483958075998141
0.58717397256169712 -7.74544325910900877 -1.92228067699504113
0.59121854703179433 -7.73533220582000425 -1.91964808023310773
0.59529097718396295 -7.72487851141878856 -1.91694002258226326
0.59939145486508971 -7.71407347946417765 -1.91415470277416833
0.60352017324334362 -7.70290824628767723 -1.91129028587890315
0.60767732681727959 -7.69137377962133240 -1.90834490303463467
0.61186311142499428 -7.67946087730622295 -1.90531665119330973
0.61607772425335505 -7.66716016608709072 -1.90220359288345908
0.62032136384729264 -7.65446210049930542 -1.89900375599135085
0.62459423011914772 -7.64135696185478075 -1.89571513356177412
0.62889652435809140 -7.62783485733304456 -1.89233568361969695
0.63322844923961197 -7.61388571918477552 -1.88886332901423581
0.63759020883505479 -7.59949930405460705 -1.88529595728626598
0.64198200862124022 -7.58466519243099224 -1.88163142056124100
0.64640405549014601 -7.56937278823060122 -1.87786753546865048
0.65085655775864737 -7.55361131852526313 -1.87400208308974237
0.65533972517833383 -7.53736983342005296 -1.87003280893517365
0.65985376894539371 -7.52063720609085440 -1.86595742295424860
0.66439890171055649 -7.50340213299043857 -1.86177359957751731
0.66897533758911365 -7.48565313423235068 -1.85747897779458127
0.67358329217100954 -7.46737855416230989 -1.85307116126899785
0.67822298253098967 -7.44856656212650403 -1.84854771849216215
0.68289462723883121 -7.42920515344796151 -1.84390618297834097
0.68759844636964218 -7.40928215062057749 -1.83914405350277366
0.69233466151422274 -7.38878520473263212 -1.83425879438514916
0.69710349578950681 -7.36770179713037532 -1.82924783582057193
0.70190517384907669 -7.34601924133378859 -1.82410857426037731
0.70673992189373802 -7.32372468521653008 -1.81883837284517802
0.71160796768218526 -7.30080511346230221 -1.81343456189255603
0.71650954054172245 -7.27724735031021552 -1.80789443944187411
0.72144487137907043 -7.25303806260301975 -1.80221527185893571
0.72641419269124807 -7.22816376315078557 -1.79639429450298738
0.73141773857651804 -7.20261081442472406 -1.79042871245895219
0.73645574474541731 -7.17636543259496129 -1.78431570133761341
0.74152844853186650 -7.14941369192708542 -1.77805240814667642
0.74663608890434163 -7.12174152955271733 -1.77163595223572146
0.75177890647713608 -7.09333475062914154 -1.76506342631798629
0.75695714352169929 -7.06417903390419522 -1.75833189757221486
0.76217104397804170 -7.03425993770254543 -1.75143840882770330
0.76742085346623079 -7.00356290634970780 -1.74437997983581083
0.77270681929796636 -6.97207327705122815 -1.73715360863133972
0.77802919048822172 -6.93977628724379869 -1.72975627298711454
0.78338821776697964 -6.90665708243671350 -1.72218493196536837
0.78878415359104803 -6.87270072456092862 -1.71443652756936182
0.79421725215594319 -6.83789220084490079 -1.70650798649900870
0.79968776940787090 -6.80221643323535652 -1.69839622201407359
0.80519596305578611 -6.76565828838259442 -1.69009813590883939
0.81074209258352603 -6.72820258820912187 -1.68161062060192346
0.81632641926203720 -6.68983412108204689 -1.67293056134529516
0.82194920616168921 -6.65053765360846416 -1.66405483855627478
0.82761071816465814 -6.61029794307474905 -1.65498033027664460
0.83331122197740892 -6.56909975054977835 -1.64570391476284028
0.83905098614326490 -6.52692785467294989 -1.63622247321130954
0.84483028105504709 -6.48376706614812903 -1.62653289262324718
0.85064937896782500 -6.43960224296417838 -1.61663206881275823
0.85650855401173109 -6.39441830636381248 -1.60651690956275406
0.86240808220487908 -6.34820025758163897 -1.59618433793270964
0.86834824146637202 -6.30093319537310670 -1.58563129572255157
0.87432931162938499 -6.25260233435580126 -1.57485474709695250
0.88035157445435230 -6.20319302418440977 -1.56385168237420391
0.88641531364224579 -6.15269076958082017 -1.55261912198394803
0.89252081484793000 -6.10108125124076928 -1.54115412059798729
0.89866836569362407 -6.04835034763801449 -1.52945377143832695
0.90485825578245527 -5.99448415774728005 -1.51751521076666296
0.91109077671209349 -5.93946902470637550 -1.50533562255934905
0.91736622208849117 -5.88329156043819257 -1.49291224337195683
0.92368488753972133 -5.82593867125236464 -1.48024236739733861
0.93004707072989290 -5.76739758444636941 -1.46732335172114015
0.93645307137317935 -5.70765587592500623 -1.45415262177849636
0.94290319124794220 -5.64670149885657224 -1.44072767701558391
0.94939773421093754 -5.58452281338388445 -1.42704609675961747
0.95593700621163524 -5.52110861740664216 -1.41310554630058793
0.96252131530663754 -5.45644817845154950 -1.39890378318801778
0.96915097167417996 -5.39053126664536464 -1.38443866374577063
0.97582628762874912 -5.32334818880473559 -1.36970814980768485
0.98254757763580092 -5.25488982365578039 -1.35471031567663980
0.98931515832656336 -5.18514765819535128 -1.33944335530945602
0.99612934851295887 -5.11411382520355229 -1.32390558972959149
1.00299046920262747 -5.04178114191662452 -1.30809547466946130
1.00989884361403748 -4.96814314986717331 -1.29201160844384977
1.01685479719172500 -4.89319415589650486 -1.27565274005541096
1.02385865762161421 -4.81692927434271034 -1.25901777753304844
1.03091075484645822 -4.73934447040537332 -1.24210579650343433
1.03801142108138866 -4.66043660468569865 -1.22491604899551887
1.04516099082955427 -4.58020347889860080 -1.20744797247741920
1.05235980089788472 -4.49864388275050242 -1.18970119912458316
1.05960819041296261 -4.41575764197364506 -1.17167556531749106
1.06690650083698868 -4.33154566750541203 -1.15337112136675524
1.07425507598387227 -4.24601000579717880 -1.13478814146267304
1.08165426203543413 -4.15915389023422222 -1.11592713384571685
1.08910440755770344 -4.07098179364514134 -1.09678885119385017
1.09660586351734346 -3.98149948187439673 -1.07737430122160061
1.10415898329819151 -3.89071406838854594 -1.05768475748523438
1.11176412271789449 -3.79863406988235708 -1.03772177038752766
1.11942164004467637 -3.70526946284589132 -1.01748717837462022
1.12713189601422270 -3.61063174104983942 -0.99698311931671013
1.13489525384666146 -3.51473397390109898 -0.97621204206330559
1.14271207926368090 -3.41759086561526093 -0.95517671816270278
1.15058274050576292 -3.31921881514724726 -0.93388025373432337
1.15850760834951960 -3.21963597681642932 -0.91232610148155813
1.16648705612516523 -3.11886232155518783 -0.89051807283134754
1.17452145973411026 -3.01691969870510723 -0.86846035018576684
1.18261119766665646 -2.91383189827770384 -0.84615749926951145
1.19075665101983330 -2.80962471358981736 -0.82361448155578787
1.19895820351535809 -2.70432600417724567 -0.80083666675189247
1.20721624151769702 -2.59796575888267123 -0.77782984532425892
1.21553115405228396 -2.49057615900589413 -0.75460024104118051
1.22390333282383090 -2.38219164139744688 -0.73115452351009225
1.23233317223478811 -2.27284896136779757 -0.70749982068450823
1.24082106940393033 -2.16258725527588025 -0.68364373131410439
1.24936742418505098 -2.05144810265315680 -0.65959433730993255
1.25797263918580571 -1.93947558770866224 -0.63536021599466275
1.26663711978668481 -1.82671636005264992 -0.61095045220620248
1.27536127416009770 -1.71321969446708477 -0.58637465022123059
1.28414551328960691 -1.59903754954027333 -0.56164294546301674
1.29299025098929765 -1.48422462497409646 -0.53676601595617757
1.30189590392325605 -1.36883841736232270 -0.51175509348907555
1.31086289162520631 -1.25293927422700802 -0.48662197444229893
1.31989163651828068 -1.13659044609037396 -0.46137903023979310
1.32898256393490533 -1.01985813634907774 -0.43603921737716972
1.33813610213684386 -0.90281154870569846 -0.41061608697931196
1.34735268233538008 -0.78552293190271949 -0.38512379383757334
1.35663273871161705 -0.66806762149258136 -0.35957710487453715
1.36597670843693786 -0.55052407836581807 -0.33399140698205143
1.37538503169360782 -0.43297392374900978 -0.30838271417622803
1.38485815169549564 -0.31550197037296629 -0.28276767401088782
1.39439651470896098 -0.19819624949933007 -0.25716357318852040
1.40400057007388401 -0.08114803348447984 -0.23158834230599057
1.41367077022481880 0.03554814645247503 -0.20606055966989623
1.42340757071231394 0.15179448760138856 -0.18059945411432216
1.43321143022438102 0.26748990862649263 -0.15522490675179809
1.44308281060808552 0.38253004828957748 -0.12995745158625932
1.45302217689132229 0.49680727040575640 -0.10481827491467090
1.46302999730470673 0.61021067541495533 -0.07982921344238500
1.47310674330363889 0.72262611896216378 -0.05501275103529724
1.48325288959052193 0.83393623788760074 -0.03039201403028677
1.49346891413710736 0.94402048403517291 -0.00599076502400683
1.50375529820702170 1.05275516629613364 0.01816660494163336
1.51411252637844407 1.16001350130956715 0.04205508587986642
1.52454108656692022 1.26566567324760970 0.06564906012917637
1.53504147004835301 1.36957890311769837 0.08892231547784415
1.54561417148215696 1.47161752801725587 0.11184806022828243
1.55625968893454147 1.57164309077816799 0.13439894028691118
1.56697852390198511 1.66951444043990027 0.15654705836566885
1.57777118133486671 1.76508784398882512 0.17826399538102428
1.58863816966123794 1.85821710979947063 0.19952083413601432
1.59958000081078100 1.94875372320962992 0.22028818537015538
1.61059719023893511 2.03654699465595401 0.24053621626105978
1.62169025695116265 2.12144422078818584 0.26023468145996093
1.63285972352740405 2.20329085897191312 0.27935295674180333
1.64410611614670854 2.28193071557711891 0.29786007534811521
1.65542996461200076 2.35720614843554266 0.31572476709812713
1.66683180237505080 2.42895828383417367 0.33291550034061668
1.67831216656161164 2.49702724839203505 0.34940052681502970
1.68987159799670472 2.56125241614564958 0.36514792948624275
1.70151064123010665 2.62147267114421689 0.38012567341262854
1.71322984456201199 2.67752668582659448 0.39430165970147923
1.72502976006884090 2.72925321542134602 0.40764378259985995
1.73691094362927045 2.77649140857683197 0.42011998976236464
1.74887395495040243 2.81908113438934027 0.43169834572963484
1.76091935759413643 2.85686332595612802 0.44234709864357991
1.77304771900373059 2.88968034053429124 0.45203475021628892
1.78525961053051230 2.91737633633662563 0.46073012895997167
1.79755560746080478 2.93979766594251046 0.46840246667497315
1.80993628904303661 2.95679328624337678 0.47502147818152757
1.82240223851501071 2.96821518478060442 0.48055744426893182
1.83495404313138932 2.97391882226716664 0.48498129782290600
1.84759229419136894 2.97376359101299625 0.48826471307803571
1.86031758706651473 2.96761328889893949 0.49038019792756560
1.87313052122882051 2.95673049099969099 0.49153679743663681
1.88603170027895439 2.94244901723907448 0.49195880804398084
1.89902173197467894 2.92474820918430289 0.49164327422681642
1.91210122825948781 2.90361426892344987 0.49058856089049319
1.92527080529144534 2.87904042573477081 0.48879438473905029
1.93853108347219338 2.85102694495433751 0.48626181860540812
1.95188268747618587 2.81958124645930575 0.48299331422759328
1.96532624628012798 2.78471818170498508 0.47899275231968869
1.97886239319258661 2.74645994948440952 0.47426543047835934
1.99249176588383281 2.70483616616451394 0.46881807724776603
2.00621500641589323 2.65988404642875365 0.46265888522767212
2.02003276127277731 2.61164842102472816 0.45579751586482770
2.03394568139093934 2.56018180556869179 0.44824511286257734
2.04795442218995793 2.50554445102357670 0.44001431221994070
2.06205964360338356 2.44780438433567937 0.43111925035153703
2.07626201010985856 2.38703743812287028 0.42157557008176783
2.09056219076439209 2.32332726854916194 0.41140042434761565
2.10496085922989185 2.25676536079491052 0.40061247749219031
2.11945869380890795 2.18745102128759061 0.38923190398799368
2.13405637747556742 2.11549135597065385 0.37728038444835049
2.14875459790775691 2.04100123378795573 0.36478109876755338
2.16355404751953095 1.96410323460376013 0.35175871623753124
2.17845542349370769 1.88492758077622047 0.33823938248834456
2.19345942781472392 1.80361205154136317 0.32425070308885445
2.20856676730171486 1.72030187941014723 0.30982172365189659
2.22377815364179110 1.63514962778880313 0.29498290628966944
2.23909430342357307 1.54831504897622096 0.27976610225496285
2.25451593817096496 1.45996492175556414 0.26420452061525146
2.27004378437711551 1.37027286781326141 0.24833269280972126
2.28567857353866044 1.27941914616832997 0.23218643293046126
2.30142104219018861 1.18759042488144728 0.21580279358483517
2.31727193193891834 1.09497952933442777 0.19922001720024993
2.33323198949964450 1.00178516633787984 0.18247748262697253
2.34930196672992908 0.90821162342737893 0.16561564691361808
2.36548262066549286 0.81446844274593433 0.14867598213728631
2.38177471355589265 0.72077006889244821 0.13170090716762697
2.39817901290044277 0.62733547023746483 0.11473371426683754
2.41469629148434395 0.53438773326233446 0.09781849043834891
2.43132732741510260 0.44215362948208847 0.08100003343851951
2.44807290415919843 0.35086315465429274 0.06432376239240342
2.46493381057896288 0.26074904003564608 0.04783562296651545
2.48191084096977521 0.17204623550015946 0.03158198706205240
2.49900479509745121 0.08499136448954808 0.01560954702182240
2.51621647823593220 0.00000000000000000 0.00000000000000000
2.53354670120523284 0.00000000000000000 0.00000000000000000
2.55099628040961113 0.00000000000000000 0.00000000000000000
2.56856603787604332 0.00000000000000000 0.00000000000000000
2.58625680129295965 0.00000000000000000 0.00000000000000000
2.60406940404921050 0.00000000000000000 0.00000000000000000
2.62200468527333941 0.00000000000000000 0.00000000000000000
2.64006348987312522 0.00000000000000000 0.00000000000000000
2.65824666857535963 0.00000000000000000 0.00000000000000000
2.67655507796593595 0.00000000000000000 0.00000000000000000
2.69498958053021731 0.00000000000000000 0.00000000000000000
2.71355104469363706 0.00000000000000000 0.00000000000000000
2.73224034486262513 0.00000000000000000 0.00000000000000000
2.75105836146581328 0.00000000000000000 0.00000000000000000
2.77000598099548245 0.00000000000000000 0.00000000000000000
2.78908409604933905 0.00000000000000000 0.00000000000000000
2.80829360537257955 0.00000000000000000 0.00000000000000000
2.82763541390019668 0.00000000000000000 0.00000000000000000
2.84711043279962883 0.00000000000000000 0.00000000000000000
2.86671957951369549 0.00000000000000000 0.00000000000000000
2.88646377780378760 0.00000000000000000 0.00000000000000000
2.90634395779340204 0.00000000000000000 0.00000000000000000
2.92636105601196883 0.00000000000000000 0.00000000000000000
2.94651601543894071 0.00000000000000000 0.00000000000000000
2.96680978554825137 0.00000000000000000 0.00000000000000000
2.98724332235300905 0.00000000000000000 0.00000000000000000
3.00781758845055025 0.00000000000000000 0.00000000000000000
3.02853355306780125 0.00000000000000000 0.00000000000000000
3.04939219210690604 0.00000000000000000 0.00000000000000000
3.07039448819121263 0.00000000000000000 0.00000000000000000
3.09154143071158360 0.00000000000000000 0.00000000000000000
3.11283401587297037 0.00000000000000000 0.00000000000000000
3.13427324674135965 0.00000000000000000 0.00000000000000000
3.15586013329104409 0.00000000000000000 0.00000000000000000
3.17759569245216467 0.00000000000000000 0.00000000000000000
3.19948094815863815 0.00000000000000000 0.00000000000000000
3.22151693139640605 0.00000000000000000 0.00000000000000000
3.24370468025197134 0.00000000000000000 0.00000000000000000
3.26604523996131801 0.00000000000000000 0.00000000000000000
3.28853966295916722 0.00000000000000000 0.00000000000000000
3.31118900892852341 0.00000000000000000 0.00000000000000000
3.33399434485060953 0.00000000000000000 0.00000000000000000
3.35695674505515118 0.00000000000000000 0.00000000000000000
3.38007729127094736 0.00000000000000000 0.00000000000000000
3.40335707267685450 0.00000000000000000 0.00000000000000000
3.42679718595310590 0.00000000000000000 0.00000000000000000
3.45039873533294417 0.00000000000000000 0.00000000000000000
3.47416283265465609 0.00000000000000000 0.00000000000000000
3.49809059741397022 0.00000000000000000 0.00000000000000000
3.52218315681675032 0.00000000000000000 0.00000000000000000
3.54644164583214483 0.00000000000000000 0.00000000000000000
3.57086720724601214 0.00000000000000000 0.00000000000000000
3.59546099171477529 0.00000000000000000 0.00000000000000000
3.62022415781964479 0.00000000000000000 0.00000000000000000
3.64515787212116038 0.00000000000000000 0.00000000000000000
3.67026330921416610 0.00000000000000000 0.00000000000000000
3.69554165178316163 0.00000000000000000 0.00000000000000000
3.72099409065798081 0.00000000000000000 0.00000000000000000
3.74662182486990636 0.00000000000000000 0.00000000000000000
3.77242606170817796 0.00000000000000000 0.00000000000000000
3.79840801677682238 0.00000000000000000 0.00000000000000000
3.82456891405194277 0.00000000000000000 0.00000000000000000
3.85090998593939648 0.00000000000000000 0.00000000000000000
3.87743247333281227 0.00000000000000000 0.00000000000000000
3.90413762567206657 0.00000000000000000 0.00000000000000000
3.93102670100216622 0.00000000000000000 0.00000000000000000
3.95810096603246819 0.00000000000000000 0.00000000000000000
3.98536169619637626 0.00000000000000000 0.00000000000000000
4.01281017571144627 0.00000000000000000 0.00000000000000000
4.04044769763983957 0.00000000000000000 0.00000000000000000
4.06827556394925782 0.00000000000000000 0.00000000000000000
4.09629508557430455 0.00000000000000000 0.00000000000000000
4.12450758247818960 0.00000000000000000 0.00000000000000000
4.15291438371494248 0.00000000000000000 0.00000000000000000
4.18151682749203335 0.00000000000000000 0.00000000000000000
4.21031626123337333 0.00000000000000000 0.00000000000000000
4.23931404164284142 0.00000000000000000 0.00000000000000000
4.26851153476814815 0.00000000000000000 0.00000000000000000
4.29791011606521067 0.00000000000000000 0.00000000000000000
4.32751117046297207 0.00000000000000000 0.00000000000000000
4.35731609242859541 0.00000000000000000 0.00000000000000000
4.38732628603318098 0.00000000000000000 0.00000000000000000
4.41754316501793021 0.00000000000000000 0.00000000000000000
4.44796815286070313 0.00000000000000000 0.00000000000000000
4.47860268284309537 0.00000000000000000 0.00000000000000000
4.50944819811798503 0.00000000000000000 0.00000000000000000
4.54050615177746941 0.00000000000000000 0.00000000000000000
4.57177800692133918 0.00000000000000000 0.00000000000000000
4.60326523672603471 0.00000000000000000 0.00000000000000000
4.63496932451398713 0.00000000000000000 0.00000000000000000
4.66689176382352855 0.00000000000000000 0.00000000000000000
4.69903405847926958 0.00000000000000000 0.00000000000000000
4.73139772266289604 0.00000000000000000 0.00000000000000000
4.76398428098452786 0.00000000000000000 0.00000000000000000
4.79679526855455585 0.00000000000000000 0.00000000000000000
4.82983223105592252 0.00000000000000000 0.00000000000000000
4.86309672481695010 0.00000000000000000 0.00000000000000000
4.89659031688469248 0.00000000000000000 0.00000000000000000
4.93031458509869847 0.00000000000000000 0.00000000000000000
4.96427111816537092 0.00000000000000000 0.00000000000000000
4.99846151573283315 0.00000000000000000 0.00000000000000000
5.03288738846622596 0.00000000000000000 0.00000000000000000
5.06755035812365673 0.00000000000000000 0.00000000000000000
5.10245205763253029 0.00000000000000000 0.00000000000000000
5.13759413116650521 0.00000000000000000 0.00000000000000000
5.17297823422297665 0.00000000000000000 0.00000000000000000
5.20860603370100783 0.00000000000000000 0.00000000000000000
5.24447920797988143 0.00000000000000000 0.00000000000000000
5.28059944699819717 0.00000000000000000 0.00000000000000000
5.31696845233342508 0.00000000000000000 0.00000000000000000
5.35358793728209381 0.00000000000000000 0.00000000000000000
5.39045962694052694 0.00000000000000000 0.00000000000000000
5.42758525828605887 0.00000000000000000 0.00000000000000000
5.46496658025888138 0.00000000000000000 0.00000000000000000
5.50260535384447369 0.00000000000000000 0.00000000000000000
5.54050335215649259 0.00000000000000000 0.00000000000000000
5.57866236052033670 0.00000000000000000 0.00000000000000000
5.61708417655727565 0.00000000000000000 0.00000000000000000
5.65577061026908012 0.00000000000000000 0.00000000000000000
5.69472348412331364 0.00000000000000000 0.00000000000000000
5.73394463313921854 0.00000000000000000 0.00000000000000000
5.77343590497410020 0.00000000000000000 0.00000000000000000
5.81319916001040049 0.00000000000000000 0.00000000000000000
5.85323627144336545 0.00000000000000000 0.00000000000000000
5.89354912536922804 0.00000000000000000 0.00000000000000000
5.93413962087409441 0.00000000000000000 0.00000000000000000
5.97500967012343231 0.00000000000000000 0.00000000000000000
6.01616119845208175 0.00000000000000000 0.00000000000000000
6.05759614445503924 0.00000000000000000 0.00000000000000000
6.09931646007870754 0.00000000000000000 0.00000000000000000
6.14132411071287976 0.00000000000000000 0.00000000000000000
6.18362107528336136 0.00000000000000000 0.00000000000000000
6.22620934634512757 0.00000000000000000 0.00000000000000000
6.26909093017622254 0.00000000000000000 0.00000000000000000
6.31226784687230946 0.00000000000000000 0.00000000000000000
6.35574213044176251 0.00000000000000000 0.00000000000000000
6.39951582890152437 0.00000000000000000 0.00000000000000000
6.44359100437361665 0.00000000000000000 0.00000000000000000
6.48796973318221504 0.00000000000000000 0.00000000000000000
6.53265410595150353 0.00000000000000000 0.00000000000000000
6.57764622770418317 0.00000000000000000 0.00000000000000000
6.62294821796058031 0.00000000000000000 0.00000000000000000
6.66856221083852052 0.00000000000000000 0.00000000000000000
6.71449035515390236 0.00000000000000000 0.00000000000000000
6.76073481452185465 0.00000000000000000 0.00000000000000000
6.80729776745870030 0.00000000000000000 0.00000000000000000
6.85418140748460925 0.00000000000000000 0.00000000000000000
6.90138794322687321 0.00000000000000000 0.00000000000000000
6.94891959852397711 0.00000000000000000 0.00000000000000000
6.99677861253040323 0.00000000000000000 0.00000000000000000
7.04496723982204198 0.00000000000000000 0.00000000000000000
7.09348775050243230 0.00000000000000000 0.00000000000000000
7.14234243030975069 0.00000000000000000 0.00000000000000000
7.19153358072439097 0.00000000000000000 0.00000000000000000
7.24106351907749612 0.00000000000000000 0.00000000000000000
7.29093457866002304 0.00000000000000000 0.00000000000000000
7.34114910883271410 0.00000000000000000 0.00000000000000000
7.39170947513679444 0.00000000000000000 0.00000000000000000
7.44261805940534860 0.00000000000000000 0.00000000000000000
7.49387725987554987 0.00000000000000000 0.00000000000000000
7.54548949130168989 0.00000000000000000 0.00000000000000000
7.59745718506884682 0.00000000000000000 0.00000000000000000
7.64978278930746658 0.00000000000000000 0.00000000000000000
7.70246876900873456 0.00000000000000000 0.00000000000000000
7.75551760614061170 0.00000000000000000 0.00000000000000000
7.80893179976480489 0.00000000000000000 0.00000000000000000
7.86271386615452528 0.00000000000000000 0.00000000000000000
7.91686633891295788 0.00000000000000000 0.00000000000000000
7.97139176909264169 0.00000000000000000 0.00000000000000000
8.02629272531570415 0.00000000000000000 0.00000000000000000
8.08157179389476887 0.00000000000000000 0.00000000000000000
8.13723157895484306 0.00000000000000000 0.00000000000000000
8.19327470255603352 0.00000000000000000 0.00000000000000000
8.24970380481698484 0.00000000000000000 0.00000000000000000
8.30652154403929366 0.00000000000000000 0.00000000000000000
8.36373059683278619 0.00000000000000000 0.00000000000000000
8.42133365824150992 0.00000000000000000 0.00000000000000000
8.47933344187075200 0.00000000000000000 0.00000000000000000
8.53773268001491026 0.00000000000000000 0.00000000000000000
8.59653412378610682 0.00000000000000000 0.00000000000000000
8.65574054324390119 0.00000000000000000 0.00000000000000000
8.71535472752569795 0.00000000000000000 0.00000000000000000
8.77537948497815989 0.00000000000000000 0.00000000000000000
8.83581764328957142 0.00000000000000000 0.00000000000000000
8.89667204962294100 0.00000000000000000 0.00000000000000000
8.95794557075018716 0.00000000000000000 0.00000000000000000
9.01964109318722329 0.00000000000000000 0.00000000000000000
9.08176152332984898 0.00000000000000000 0.00000000000000000
9.14430978759071600 0.00000000000000000 0.00000000000000000
9.20728883253723041 0.00000000000000000 0.00000000000000000
9.27070162503026651 0.00000000000000000 0.00000000000000000
9.33455115236398569 0.00000000000000000 0.00000000000000000
9.39884042240660378 0.00000000000000000 0.00000000000000000
9.46357246374199690 0.00000000000000000 0.00000000000000000
9.52875032581242287 0.00000000000000000 0.00000000000000000
9.59437707906221782 0.00000000000000000 0.00000000000000000
9.66045581508235429 0.00000000000000000 0.00000000000000000
9.72698964675612210 0.00000000000000000 0.00000000000000000
9.79398170840582871 0.00000000000000000 0.00000000000000000
9.86143515594034170 0.00000000000000000 0.00000000000000000
9.92935316700382486 0.00000000000000000 0.00000000000000000
9.99773894112547623 0.00000000000000000 0.00000000000000000
10.06659569987014713 0.00000000000000000 0.00000000000000000
10.13592668699016741 0.00000000000000000 0.00000000000000000
10.20573516857819385 0.00000000000000000 0.00000000000000000
10.27602443322096626 0.00000000000000000 0.00000000000000000
10.34679779215434792 0.00000000000000000 0.00000000000000000
10.41805857941921332 0.00000000000000000 0.00000000000000000
10.48981015201854206 0.00000000000000000 0.00000000000000000
10.56205589007563006 0.00000000000000000 0.00000000000000000
10.63479919699321208 0.00000000000000000 0.00000000000000000
10.70804349961384183 0.00000000000000000 0.00000000000000000
10.78179224838138772 0.00000000000000000 0.00000000000000000
10.85604891750345935 0.00000000000000000 0.00000000000000000
10.93081700511513965 0.00000000000000000 0.00000000000000000
11.00610003344382370 0.00000000000000000 0.00000000000000000
11.08190154897503987 0.00000000000000000 0.00000000000000000
11.15822512261957122 0.00000000000000000 0.00000000000000000
11.23507434988173870 0.00000000000000000 0.00000000000000000
11.31245285102866305 0.00000000000000000 0.00000000000000000
11.39036427126086970 0.00000000000000000 0.00000000000000000
11.46881228088406779 0.00000000000000000 0.00000000000000000
11.54780057548193817 0.00000000000000000 0.00000000000000000
11.62733287609027499 0.00000000000000000 0.00000000000000000
11.70741292937236366 0.00000000000000000 0.00000000000000000
11.78804450779532864 0.00000000000000000 0.00000000000000000
11.86923140980793434 0.00000000000000000 0.00000000000000000
11.95097746001958150 0.00000000000000000 0.00000000000000000
12.03328650938034805 0.00000000000000000 0.00000000000000000
12.11616243536247062 0.00000000000000000 0.00000000000000000
12.19960914214307124 0.00000000000000000 0.00000000000000000
12.28363056078792503 0.00000000000000000 0.00000000000000000
12.36823064943682482 0.00000000000000000 0.00000000000000000
12.45341339348988541 0.00000000000000000 0.00000000000000000
12.53918280579536493 0.00000000000000000 0.00000000000000000
12.62554292683876156 0.00000000000000000 0.00000000000000000
12.71249782493303115 0.00000000000000000 0.00000000000000000
12.80005159641030055 0.00000000000000000 0.00000000000000000
12.88820836581490603 0.00000000000000000 0.00000000000000000
12.97697228609757403 0.00000000000000000 0.00000000000000000
13.06634753881110811 0.00000000000000000 0.00000000000000000
13.15633833430746158 0.00000000000000000 0.00000000000000000
13.24694891193594515 0.00000000000000000 0.00000000000000000
13.33818354024298891 0.00000000000000000 0.00000000000000000
13.43004651717330766 0.00000000000000000 0.00000000000000000
13.52254217027224570 0.00000000000000000 0.00000000000000000
13.61567485688968482 0.00000000000000000 0.00000000000000000
13.70944896438540361 0.00000000000000000 0.00000000000000000
13.80386891033561803 0.00000000000000000 0.00000000000000000
13.89893914274114195 0.00000000000000000 0.00000000000000000
13.99466414023702043 0.00000000000000000 0.00000000000000000
14.09104841230335481 0.00000000000000000 0.00000000000000000
14.18809649947781004 0.00000000000000000 0.00000000000000000
14.28581297356959823 0.00000000000000000 0.00000000000000000
14.38420243787468600 0.00000000000000000 0.00000000000000000
14.48326952739274454 0.00000000000000000 0.00000000000000000
14.58301890904555620 0.00000000000000000 0.00000000000000000
14.68345528189669658 0.00000000000000000 0.00000000000000000
14.78458337737311012 0.00000000000000000 0.00000000000000000
14.88640795948781026 0.00000000000000000 0.00000000000000000
14.98893382506439842 0.00000000000000000 0.00000000000000000
15.09216580396309659 0.00000000000000000 0.00000000000000000
15.19610875930813876 0.00000000000000000 0.00000000000000000
15.30076758771692269 0.00000000000000000 0.00000000000000000
15.40614721953078536 0.00000000000000000 0.00000000000000000
15.51225261904708930 0.00000000000000000 0.00000000000000000
15.61908878475316698 0.00000000000000000 0.00000000000000000
15.72666074956188353 0.00000000000000000 0.00000000000000000
15.83497358104856190 0.00000000000000000 0.00000000000000000
15.94403238168977666 0.00000000000000000 0.00000000000000000
16.05384228910383726 0.00000000000000000 0.00000000000000000
16.16440847629262834 0.00000000000000000 0.00000000000000000
16.27573615188538625 0.00000000000000000 0.00000000000000000
16.38783056038416674 0.00000000000000000 0.00000000000000000
16.50069698241071947 0.00000000000000000 0.00000000000000000
16.61434073495536978 0.00000000000000000 0.00000000000000000
16.72876717162753124 0.00000000000000000 0.00000000000000000
16.84398168290777775 0.00000000000000000 0.00000000000000000
16.95998969640185550 0.00000000000000000 0.00000000000000000
17.07679667709644278 0.00000000000000000 0.00000000000000000
17.19440812761645176 0.00000000000000000 0.00000000000000000
17.31282958848430553 0.00000000000000000 0.00000000000000000
17.43206663838105897 0.00000000000000000 0.00000000000000000
17.55212489440898693 0.00000000000000000 0.00000000000000000
17.67301001235643199 0.00000000000000000 0.00000000000000000
17.79472768696403406 0.00000000000000000 0.00000000000000000
17.91728365219310604 0.00000000000000000 0.00000000000000000
18.04068368149582469 0.00000000000000000 0.00000000000000000
18.16493358808703462 0.00000000000000000 0.00000000000000000
18.29003922521819092 0.00000000000000000 0.00000000000000000
18.41600648645320959 0.00000000000000000 0.00000000000000000
18.54284130594588476 0.00000000000000000 0.00000000000000000
18.67054965871956540 0.00000000000000000 0.00000000000000000
18.79913756094870436 0.00000000000000000 0.00000000000000000
18.92861107024209844 0.00000000000000000 0.00000000000000000
19.05897628592832760 0.00000000000000000 0.00000000000000000
19.19023934934321218 0.00000000000000000 0.00000000000000000
19.32240644411890074 0.00000000000000000 0.00000000000000000
19.45548379647529202 0.00000000000000000 0.00000000000000000
19.58947767551343233 0.00000000000000000 0.00000000000000000
19.72439439351064294 0.00000000000000000 0.00000000000000000
19.86024030621799952 0.00000000000000000 0.00000000000000000
19.99702181315981875 0.00000000000000000 0.00000000000000000
20.13474535793495690 0.00000000000000000 0.00000000000000000
20.27341742852043538 0.00000000000000000 0.00000000000000000
20.41304455757720504 0.00000000000000000 0.00000000000000000
20.55363332275766908 0.00000000000000000 0.00000000000000000
20.69519034701566085 0.00000000000000000 0.00000000000000000
20.83772229891854622 0.00000000000000000 0.00000000000000000
20.98123589296111646 0.00000000000000000 0.00000000000000000
21.12573788988219903 0.00000000000000000 0.00000000000000000
21.27123509698287762 0.00000000000000000 0.00000000000000000
21.41773436844730227 0.00000000000000000 0.00000000000000000
21.56524260566567719 0.00000000000000000 0.00000000000000000
21.71376675755915642 0.00000000000000000 0.00000000000000000
21.86331382090732234 0.00000000000000000 0.00000000000000000
22.01389084067788815 0.00000000000000000 0.00000000000000000
22.16550491035836856 0.00000000000000000 0.00000000000000000
22.31816317229034397 0.00000000000000000 0.00000000000000000
22.47187281800605874 0.00000000000000000 0.00000000000000000
22.62664108856695222 0.00000000000000000 0.00000000000000000
22.78247527490490754 0.00000000000000000 0.00000000000000000
22.93938271816583452 0.00000000000000000 0.00000000000000000
23.09737081005526349 0.00000000000000000 0.00000000000000000
23.25644699318666753 0.00000000000000000 0.00000000000000000
23.41661876143221122 0.00000000000000000 0.00000000000000000
23.57789366027551736 0.00000000000000000 0.00000000000000000
23.74027928716727942 0.00000000000000000 0.00000000000000000
23.90378329188323292 0.00000000000000000 0.00000000000000000
24.06841337688434734 0.00000000000000000 0.00000000000000000
24.23417729767975004 0.00000000000000000 0.00000000000000000
24.40108286319222586 0.00000000000000000 0.00000000000000000
24.56913793612584485 0.00000000000000000 0.00000000000000000
24.73835043333644990 0.00000000000000000 0.00000000000000000
24.90872832620479116 0.00000000000000000 0.00000000000000000
25.08027964101170326 0.00000000000000000 0.00000000000000000
25.25301245931659011 0.00000000000000000 0.00000000000000000
25.42693491833779973 0.00000000000000000 0.00000000000000000
25.60205521133612194 0.00000000000000000 0.00000000000000000
25.77838158800087243 0.00000000000000000 0.00000000000000000
25.95592235483826826 0.00000000000000000 0.00000000000000000
26.13468587556286593 0.00000000000000000 0.00000000000000000
26.31468057149170292 0.00000000000000000 0.00000000000000000
26.49591492194075215 0.00000000000000000 0.00000000000000000
26.67839746462448147 0.00000000000000000 0.00000000000000000
26.86213679605822335 0.00000000000000000 0.00000000000000000
27.04714157196285029 0.00000000000000000 0.00000000000000000
27.23342050767267608 0.00000000000000000 0.00000000000000000
27.42098237854617082 0.00000000000000000 0.00000000000000000
27.60983602037906337 0.00000000000000000 0.00000000000000000
27.79999032982073714 0.00000000000000000 0.00000000000000000
27.99145426479347520 0.00000000000000000 0.00000000000000000
28.18423684491418513 0.00000000000000000 0.00000000000000000
28.37834715191940305 0.00000000000000000 0.00000000000000000
28.57379433009332814 0.00000000000000000 0.00000000000000000
28.77058758669825522 0.00000000000000000 0.00000000000000000
28.96873619240848896 0.00000000000000000 0.00000000000000000
29.16824948174722820 0.00000000000000000 0.00000000000000000
29.36913685352597270 0.00000000000000000 0.00000000000000000
29.57140777128746478 0.00000000000000000 0.00000000000000000
29.77507176375166154 0.00000000000000000 0.00000000000000000
29.98013842526423645 0.00000000000000000 0.00000000000000000
30.18661741624899619 0.00000000000000000 0.00000000000000000
30.39451846366259957 0.00000000000000000 0.00000000000000000
30.60385136145291085 0.00000000000000000 0.00000000000000000
30.81462597102058965 0.00000000000000000 0.00000000000000000
31.02685222168328139 0.00000000000000000 0.00000000000000000
31.24054011114357010 0.00000000000000000 0.00000000000000000
31.45569970596010023 0.00000000000000000 0.00000000000000000
31.67234114202147310 0.00000000000000000 0.00000000000000000
31.89047462502390218 0.00000000000000000 0.00000000000000000
32.11011043095216166 0.00000000000000000 0.00000000000000000
32.33125890656335599 0.00000000000000000 0.00000000000000000
32.55393046987445160 0.00000000000000000 0.00000000000000000
32.77813561065330106 0.00000000000000000 0.00000000000000000
33.00388489091239563 0.00000000000000000 0.00000000000000000
33.23118894540665735 0.00000000000000000 0.00000000000000000
33.46005848213456346 0.00000000000000000 0.00000000000000000
33.69050428284223386 0.00000000000000000 0.00000000000000000
33.92253720353155444 0.00000000000000000 0.00000000000000000
34.15616817497173940 0.00000000000000000 0.00000000000000000
34.39140820321391345 0.00000000000000000 0.00000000000000000
34.62826837010977243 0.00000000000000000 0.00000000000000000
34.86675983383382516 0.00000000000000000 0.00000000000000000
35.10689382940867631 0.00000000000000000 0.00000000000000000
35.34868166923443766 0.00000000000000000 0.00000000000000000
35.59213474362190510 0.00000000000000000 0.00000000000000000
35.83726452132862050 0.00000000000000000 0.00000000000000000
36.08408255009970134 0.00000000000000000 0.00000000000000000
36.33260045721140585 0.00000000000000000 0.00000000000000000
36.58282995001901128 0.00000000000000000 0.00000000000000000
36.83478281650860708 0.00000000000000000 0.00000000000000000
37.08847092585194360 0.00000000000000000 0.00000000000000000
37.34390622896582812 0.00000000000000000 0.00000000000000000
37.60110075907528682 0.00000000000000000 0.00000000000000000
37.86006663228003788 0.00000000000000000 0.00000000000000000
38.12081604812546942 0.00000000000000000 0.00000000000000000
38.38336129017754672 0.00000000000000000 0.00000000000000000
38.64771472660106610 0.00000000000000000 0.00000000000000000
38.91388881074252026 0.00000000000000000 0.00000000000000000
39.18189608171694260 0.00000000000000000 0.00000000000000000
39.45174916499820483 0.00000000000000000 0.00000000000000000
39.72346077301400413 0.00000000000000000 0.00000000000000000
39.99704370574492174 0.00000000000000000 0.00000000000000000
40.27251085132701292 0.00000000000000000 0.00000000000000000
40.54987518665913626 0.00000000000000000 0.00000000000000000
40.82914977801451073 0.00000000000000000 0.00000000000000000
41.11034778165581827 0.00000000000000000 0.00000000000000000
41.39348244445520209 0.00000000000000000 0.00000000000000000
41.67856710451849267 0.00000000000000000 0.00000000000000000
41.96561519181314992 0.00000000000000000 0.00000000000000000
42.25464022880114356 0.00000000000000000 0.00000000000000000
42.54565583107618920 0.00000000000000000 0.00000000000000000
42.83867570800463653 0.00000000000000000 0.00000000000000000
43.13371366337192114 0.00000000000000000 0.00000000000000000
43.43078359603229188 0.00000000000000000 0.00000000000000000
43.72989950056381758 0.00000000000000000 0.00000000000000000
44.03107546792784888 0.00000000000000000 0.00000000000000000
44.33432568613240932 0.00000000000000000 0.00000000000000000
44.63966444090076635 0.00000000000000000 0.00000000000000000
44.94710611634466346 0.00000000000000000 0.00000000000000000
45.25666519564148160 0.00000000000000000 0.00000000000000000
45.56835626171672260 0.00000000000000000 0.00000000000000000
45.88219399793127451 0.00000000000000000 0.00000000000000000
46.19819318877259207 0.00000000000000000 0.00000000000000000
46.51636872055146199 0.00000000000000000 0.00000000000000000
46.83673558210352894 0.00000000000000000 0.00000000000000000
47.15930886549484313 0.00000000000000000 0.00000000000000000
47.48410376673314204 0.00000000000000000 0.00000000000000000
47.81113558648395667 0.00000000000000000 0.00000000000000000
48.14041973079085324 0.00000000000000000 0.00000000000000000
48.47197171180150121 0.00000000000000000 0.00000000000000000
48.80580714849863710 0.00000000000000000 0.00000000000000000
49.14194176743541220 0.00000000000000000 0.00000000000000000
49.48039140347642473 0.00000000000000000 0.00000000000000000
49.82117200054399575 0.00000000000000000 0.00000000000000000
50.16429961236871549 0.00000000000000000 0.00000000000000000
50.50979040324599367 0.00000000000000000 0.00000000000000000
50.85766064879778270 0.00000000000000000 0.00000000000000000
51.20792673673872031 0.00000000000000000 0.00000000000000000
51.56060516764880930 0.00000000000000000 0.00000000000000000
51.91571255575011179 0.00000000000000000 0.00000000000000000
52.27326562968973178 0.00000000000000000 0.00000000000000000
52.63328123332806285 0.00000000000000000 0.00000000000000000
52.99577632653188175 0.00000000000000000 0.00000000000000000
53.36076798597342474 0.00000000000000000 0.00000000000000000
53.72827340593521939 0.00000000000000000 0.00000000000000000
54.09830989911951349 0.00000000000000000 0.00000000000000000
54.47089489746409896 0.00000000000000000 0.00000000000000000
54.84604595296382712 0.00000000000000000 0.00000000000000000
55.22378073849689883 0.00000000000000000 0.00000000000000000
55.60411704865762061 0.00000000000000000 0.00000000000000000
55.98707280059507951 0.00000000000000000 0.00000000000000000
56.37266603485656447 0.00000000000000000 0.00000000000000000
56.76091491623769514 0.00000000000000000 0.00000000000000000
57.15183773463848382 0.00000000000000000 0.00000000000000000
57.54545290592436402 0.00000000000000000 0.00000000000000000
57.94177897279396205 0.00000000000000000 0.00000000000000000
58.34083460565301493 0.00000000000000000 0.00000000000000000
58.74263860349324062 0.00000000000000000 0.00000000000000000
59.14720989477827118 0.00000000000000000 0.00000000000000000
59.55456753833561123 0.00000000000000000 0.00000000000000000
59.96473072425391138 0.00000000000000000 0.00000000000000000
60.37771877478727589 0.00000000000000000 0.00000000000000000
60.79355114526580195 0.00000000000000000 0.00000000000000000
61.21224742501138394 0.00000000000000000 0.00000000000000000
61.63382733826140480 0.00000000000000000 0.00000000000000000
62.05831074509711698 0.00000000000000000 0.00000000000000000
62.48571764237959769 0.00000000000000000 0.00000000000000000
62.91606816469209207 0.00000000000000000 0.00000000000000000
63.34938258528783450 0.00000000000000000 0.00000000000000000
63.78568131704546573 0.00000000000000000 0.00000000000000000
64.22498491343100113 0.00000000000000000 0.00000000000000000
64.66731406946533411 0.00000000000000000 0.00000000000000000
65.11268962269959104 0.00000000000000000 0.00000000000000000
65.56113255419701602 0.00000000000000000 0.00000000000000000
66.01266398952071768 0.00000000000000000 0.00000000000000000
66.46730519972919637 0.00000000000000000 0.00000000000000000
66.92507760237876369 0.00000000000000000 0.00000000000000000
67.38600276253178833 0.00000000000000000 0.00000000000000000
67.85010239377291441 0.00000000000000000 0.00000000000000000
68.31739835923238502 0.00000000000000000 0.00000000000000000
68.78791267261519238 0.00000000000000000 0.00000000000000000
69.26166749923855548 0.00000000000000000 0.00000000000000000
69.73868515707637528 0.00000000000000000 0.00000000000000000
70.21898811780998528 0.00000000000000000 0.00000000000000000
70.70259900788697394 0.00000000000000000 0.00000000000000000
71.18954060958763819 0.00000000000000000 0.00000000000000000
71.67983586209734881 0.00000000000000000 0.00000000000000000
72.17350786258761275 0.00000000000000000 0.00000000000000000
72.67057986730449670 0.00000000000000000 0.00000000000000000
73.17107529266338872 0.00000000000000000 0.00000000000000000
73.67501771635303953 0.00000000000000000 0.00000000000000000
74.18243087844544448 0.00000000000000000 0.00000000000000000
74.69333868251453623 0.00000000000000000 0.00000000000000000
75.20776519676272187 0.00000000000000000 0.00000000000000000
75.72573465515387170 0.00000000000000000 0.00000000000000000
76.24727145855528931 0.00000000000000000 0.00000000000000000
76.77240017588772503 0.00000000000000000 0.00000000000000000
77.30114554528189785 0.00000000000000000 0.00000000000000000
77.83353247524428298 0.00000000000000000 0.00000000000000000
78.36958604583098520 0.00000000000000000 0.00000000000000000
78.90933150982831989 0.00000000000000000 0.00000000000000000
79.45279429394295789 0.00000000000000000 0.00000000000000000
80.00000000000002842 0.00000000000000000 0.00000000000000000
