0.00000000000000000 -0.00000004496600628 -0.00000000248018507
0.00000060603270582 -0.00001493625779458 -0.00000103040727185
0.00000121623926342 -0.00002996323243678 -0.00000206726563416
0.00000183064841884 -0.00004510082611378 -0.00000311165557368
0.00000244928911611 -0.00006033947285935 -0.00000416305137107
0.00000307219049857 -0.00007568510456010 -0.00000522180128601
0.00000369938191031 -0.00009113760775435 -0.00000628791647127
0.00000433089289749 -0.00010669465877726 -0.00000736126732720
0.00000496675320978 -0.00012236035198931 -0.00000844209447024
0.00000560699280172 -0.00013813282652001 -0.00000953029391465
0.00000625164183417 -0.00015401473601366 -0.00001062604080304
0.00000690073067572 -0.00017000522701342 -0.00001172928906319
0.00000755428990408 -0.00018610631115330 -0.00001284016523648
0.00000821235030760 -0.00020231850585672 -0.00001395869553110
0.00000887494288662 -0.00021864236618630 -0.00001508493455739
0.00000954209885504 -0.00023507815690179 -0.00001621890196607
0.00001021384964169 -0.00025162685533098 -0.00001736066648887
0.00001089022689190 -0.00026829068794655 -0.00001851035336344
0.00001157126246890 -0.00028506828164408 -0.00001966790698687
0.00001225698845539 -0.00030196193846718 -0.00002083345719596
0.00001294743715505 -0.00031897157148739 -0.00002200702038627
0.00001364264109400 -0.00033609876874711 -0.00002318868273128
0.00001434263302241 -0.00035334376973400 -0.00002437847838526
0.00001504744591597 -0.00037070707806012 -0.00002557644138565
0.00001575711297752 -0.00038819055593767 -0.00002678268837923
0.00001647166763854 -0.00040579398352127 -0.00002799721630362
0.00001719114356077 -0.00042351937677157 -0.00002922015117744
0.00001791557463778 -0.00044136588036577 -0.00003045145242386
0.00001864499499659 -0.00045933608660366 -0.00003169127822724
0.00001937943899923 -0.00047742991356097 -0.00003293963609288
0.00002011894124442 -0.00049564809457696 -0.00003419657660522
0.00002086353656913 -0.00051399179034333 -0.00003546217727861
0.00002161326005029 -0.00053246162757852 -0.00003673648275377
0.00002236814700639 -0.00055105911048878 -0.00003801958930845
0.00002312823299918 -0.00056978448175558 -0.00003931152160391
0.00002389355383531 -0.00058863897130912 -0.00004061236033603
0.00002466414556806 -0.00060762320371529 -0.00004192215050921
0.00002544004449901 -0.00062673811881069 -0.00004324095949063
0.00002622128717973 -0.00064598458689551 -0.00004456884716843
0.00002700791041356 -0.00066536385591011 -0.00004590589281748
0.00002779995125730 -0.00068487658172104 -0.00004725214467819
0.00002859744702296 -0.00070452352856037 -0.00004860766084367
0.00002940043527952 -0.00072430570721979 -0.00004997250771815
0.00003020895385472 -0.00074422455247483 -0.00005134677738276
0.00003102304083682 -0.00076428011527524 -0.00005273048730850
0.00003184273457640 -0.00078447407393014 -0.00005412374061644
0.00003266807368816 -0.00080480700487342 -0.00005552658583069
0.00003349909705276 -0.00082528005405017 -0.00005693909500197
0.00003433584381862 -0.00084589405663762 -0.00005836133054668
0.00003517835340380 -0.00086664988378564 -0.00005979335270231
0.00003602666549782 -0.00088754882184777 -0.00006123524825638
0.00003688082006357 -0.00090859176892290 -0.00006268707795963
0.00003774085733916 -0.00092977973036216 -0.00006414890813303
0.00003860681783982 -0.00095111326669061 -0.00006562079044793
0.00003947874235983 -0.00097259382825001 -0.00006710281412744
0.00004035667197442 -0.00099422241275190 -0.00006859504930334
0.00004124064804171 -0.00101599987354244 -0.00007009755687901
0.00004213071220466 -0.00103792753033142 -0.00007161042443396
0.00004302690639304 -0.00106000604350743 -0.00007313370173825
0.00004392927282539 -0.00108223654683985 -0.00007466746788572
0.00004483785401101 -0.00110462038230792 -0.00007621180863480
0.00004575269275200 -0.00112715819003230 -0.00007776677531600
0.00004667383214520 -0.00114985123491092 -0.00007933245263873
0.00004760131558430 -0.00117270064652642 -0.00008090891643920
0.00004853518676184 -0.00119570733308760 -0.00008249623333847
0.00004947548967128 -0.00121887262609238 -0.00008409448989295
0.00005042226860905 -0.00124219733259542 -0.00008570374750164
0.00005137556817669 -0.00126568266112876 -0.00008732408759599
0.00005233543328290 -0.00128932986454740 -0.00008895559330600
0.00005330190914567 -0.00131313991671946 -0.00009059833547061
0.00005427504129443 -0.00133711382122520 -0.00009225238443802
0.00005525487557217 -0.00136125286292375 -0.00009391782586353
0.00005624145813759 -0.00138555823671481 -0.00009559474218220
0.00005723483546734 -0.00141003090743686 -0.00009728320242819
0.00005823505435811 -0.00143467231873859 -0.00009898330148428
0.00005924216192892 -0.00145948320667673 -0.00010069509730162
0.00006025620562330 -0.00148446509424327 -0.00010241868914034
0.00006127723321152 -0.00150961906916681 -0.00010415415284450
0.00006230529279288 -0.00153494615203463 -0.00010590156246552
0.00006334043279791 -0.00156044774017478 -0.00010766101040128
0.00006438270199072 -0.00158612497311763 -0.00010943257639016
0.00006543214947126 -0.00161197911304321 -0.00011121634757622
0.00006648882467762 -0.00163801124146218 -0.00011301239976598
0.00006755277738841 -0.00166422264902230 -0.00011482082118681
0.00006862405772505 -0.00169061455567231 -0.00011664169564359
0.00006970271615417 -0.00171718830253201 -0.00011847511555451
0.00007078880348996 -0.00174394500895291 -0.00012032115884428
0.00007188237089658 -0.00177088595848018 -0.00012217991508398
0.00007298346989057 -0.00179801254196721 -0.00012405147670070
0.00007409215234328 -0.00182532596016233 -0.00012593592899049
0.00007520847048328 -0.00185282737867747 -0.00012783335344866
0.00007633247689889 -0.00188051834611330 -0.00012974385403535
0.00007746422454057 -0.00190839988707177 -0.00013166750478924
0.00007860376672349 -0.00193647353256951 -0.00013360440770152
0.00007975115712999 -0.00196474059395732 -0.00013555465520663
0.00008090644981215 -0.00199320222300861 -0.00013751832782150
0.00008206969919430 -0.00202185986020893 -0.00013949552363836
0.00008324096007561 -0.00205071490682231 -0.00014148633910746
0.00008442028763265 -0.00207976869935692 -0.00014349086676088
0.00008560773742201 -0.00210902258107217 -0.00014550919881730
0.00008680336538291 -0.00213847792585097 -0.00014754143150410
0.00008800722783983 -0.00216813619844219 -0.00014958766357818
0.00008921938150515 -0.00219799870448002 -0.00015164798738085
0.00009043988348186 -0.00222806679027474 -0.00015372249571128
0.00009166879126623 -0.00225834206310489 -0.00015581129740072
0.00009290616275050 -0.00228882571585974 -0.00015791447729773
0.00009415205622562 -0.00231951949375648 -0.00016003215243830
0.00009540653038403 -0.00235042454164127 -0.00016216440551739
0.00009666964432236 -0.00238154253022969 -0.00016431134894330
0.00009794145754428 -0.00241287473986229 -0.00016647307358660
0.00009922202996325 -0.00244442277456314 -0.00016864968767878
0.00010051142190536 -0.00247618804506960 -0.00017084129104057
0.00010180969411221 -0.00250817216727700 -0.00017304799204336
0.00010311690774369 -0.00254037649370872 -0.00017526988729881
0.00010443312438095 -0.00257280270329574 -0.00017750708968295
0.00010575840602925 -0.00260545214978975 -0.00017975969545649
0.00010709281512086 -0.00263832657874827 -0.00018202782164744
0.00010843641451808 -0.00267142736371779 -0.00018431156581050
0.00010978926751612 -0.00270475605285847 -0.00018661103494890
0.00011115143784613 -0.00273831431857708 -0.00018892634299480
0.00011252298967817 -0.00277210373579975 -0.00019125759814688
0.00011390398762428 -0.00280612584358146 -0.00019360490818427
0.00011529449674147 -0.00284038229487009 -0.00019596838594914
0.00011669458253481 -0.00287487463538358 -0.00019834813924645
0.00011810431096053 -0.00290960448686050 -0.00020074428038218
0.00011952374842909 -0.00294457362213384 -0.00020315692831594
0.00012095296180836 -0.00297978357959818 -0.00020558619207178
0.00012239201842671 -0.00301523600755126 -0.00020803218523987
0.00012384098607623 -0.00305093257881564 -0.00021049502287720
0.00012529993301590 -0.00308687505745982 -0.00021297482584328
0.00012676892797482 -0.00312306505589968 -0.00021547170644572
0.00012824804015542 -0.00315950431816330 -0.00021798578466017
0.00012973733923676 -0.00319619447901749 -0.00022051717385600
0.00013123689537777 -0.00323313736620272 -0.00022306599924094
0.00013274677922061 -0.00327033470635616 -0.00022563237989077
0.00013426706189393 -0.00330778820389634 -0.00022821643435928
0.00013579781501627 -0.00334549970002084 -0.00023081828806912
0.00013733911069942 -0.00338347088544532 -0.00023343805946311
0.00013889102155182 -0.00342170358854911 -0.00023607587350489
0.00014045362068197 -0.00346019960197517 -0.00023873185466994
0.00014202698170187 -0.00349896071182363 -0.00024140612635641
0.00014361117873053 -0.00353798884795720 -0.00024409882009022
0.00014520628639740 -0.00357728573708944 -0.00024681005637844
0.00014681237984592 -0.00361685325153074 -0.00024953996458262
0.00014842953473709 -0.00365669330572394 -0.00025228867596070
0.00015005782725295 -0.00369680773036560 -0.00025505631728360
0.00015169733410024 -0.00373719844175373 -0.00025784302038721
0.00015334813251402 -0.00377786732904819 -0.00026064891609269
0.00015501030026123 -0.00381881629625693 -0.00026347413540282
0.00015668391564445 -0.00386004729407745 -0.00026631881298492
0.00015836905750551 -0.00390156224041320 -0.00026918308165519
0.00016006580522926 -0.00394336314522282 -0.00027206707892617
0.00016177423874727 -0.00398545188947632 -0.00027497093640369
0.00016349443854163 -0.00402783054095732 -0.00027789479468373
0.00016522648564871 -0.00407050108744711 -0.00028083879175858
0.00016697046166299 -0.00411346547384360 -0.00028380306218508
0.00016872644874093 -0.00415672580020176 -0.00028678775038220
0.00017049452960478 -0.00420028402410495 -0.00028979299229627
0.00017227478754653 -0.00424414224624632 -0.00029281893198039
0.00017406730643183 -0.00428830256401279 -0.00029586571373310
0.00017587217070391 -0.00433276692596092 -0.00029893347427412
0.00017768946538756 -0.00437753763079047 -0.00030202236869621
0.00017951927609319 -0.00442261667921534 -0.00030513253678278
0.00018136168902080 -0.00446800613930206 -0.00030826412257702
0.00018321679096405 -0.00451370825076128 -0.00031141727824306
0.00018508466931440 -0.00455972502785812 -0.00031459214524106
0.00018696541206516 -0.00460605877403387 -0.00031778888034121
0.00018885910781567 -0.00465271168037960 -0.00032100763503158
0.00019076584577548 -0.00469968584865357 -0.00032424855526654
0.00019268571576853 -0.00474698355215098 -0.00032751179711291
0.00019461880823741 -0.00479460699285169 -0.00033079751317221
0.00019656521424759 -0.00484255841807985 -0.00033410585789830
0.00019852502549171 -0.00489084011813912 -0.00033743698910772
0.00020049833429394 -0.00493945434520844 -0.00034079106259020
0.00020248523361429 -0.00498840337314133 -0.00034416823556790
0.00020448581705300 -0.00503768952374352 -0.00034756866771655
0.00020650017885496 -0.00508731509120791 -0.00035099251778363
0.00020852841391413 -0.00513728245640969 -0.00035443994950140
0.00021057061777803 -0.00518759395290696 -0.00035791112418962
0.00021262688665221 -0.00523825195957659 -0.00036140620591976
0.00021469731740485 -0.00528925886291828 -0.00036492535890086
0.00021678200757123 -0.00534061704185448 -0.00036846874825342
0.00021888105535840 -0.00539232895905217 -0.00037203654269707
0.00022099455964977 -0.00544439699623228 -0.00037562890769109
0.00022312262000977 -0.00549682368145113 -0.00037924601638926
0.00022526533668857 -0.00554961136751221 -0.00038288803296637
0.00022742281062675 -0.00560276266018724 -0.00038655513534360
0.00022959514346012 -0.00565627998084301 -0.00039024749177351
0.00023178243752444 -0.00571016592811483 -0.00039396528061521
0.00023398479586029 -0.00576442298614807 -0.00039770867379795
0.00023620232221791 -0.00581905368661753 -0.00040147784658429
0.00023843512106208 -0.00587406068594882 -0.00040527298075814
0.00024068329757706 -0.00592944651275148 -0.00040909425183047
0.00024294695767150 -0.00598521376782553 -0.00041294183952175
0.00024522620798350 -0.00604136509254135 -0.00041681592574729
0.00024752115588558 -0.00609790318187703 -0.00042071669543763
0.00024983190948974 -0.00615483063759976 -0.00042464432951815
0.00025215857765257 -0.00621215018010107 -0.00042859901474676
0.00025450126998040 -0.00626986447734119 -0.00043258093562507
0.00025686009683441 -0.00632797624563149 -0.00043659027992259
0.00025923516933586 -0.00638648828500209 -0.00044062723964955
0.00026162659937133 -0.00644540326922298 -0.00044469200061349
0.00026403449959799 -0.00650472401404145 -0.00044878475637574
0.00026645898344887 -0.00656445332170168 -0.00045290570029249
0.00026890016513825 -0.00662459399295663 -0.00045705502560324
0.00027135815966704 -0.00668514885579247 -0.00046123292785338
0.00027383308282816 -0.00674612077988722 -0.00046543960439516
0.00027632505121202 -0.00680751263373031 -0.00046967525332117
0.00027883418221200 -0.00686932729974771 -0.00047394007375561
0.00028136059403001 -0.00693156767813754 -0.00047823426590822
0.00028390440568202 -0.00699423672603141 -0.00048255803332110
0.00028646573700369 -0.00705733738857415 -0.00048691157949780
0.00028904470865600 -0.00712087264820098 -0.00049129510975309
0.00029164144213096 -0.00718484547000477 -0.00049570882930836
0.00029425605975730 -0.00724925889754847 -0.00050015294779661
0.00029688868470626 -0.00731411593370782 -0.00050462767253016
0.00029953944099738 -0.00737941965375583 -0.00050913321575778
0.00030220845350433 -0.00744517315588400 -0.00051366979062391
0.00030489584796083 -0.00751137946019358 -0.00051823760702266
0.00030760175096652 -0.00757804178312763 -0.00052283688480023
0.00031032628999299 -0.00764516321335849 -0.00052746783842525
0.00031306959338972 -0.00771274692760286 -0.00053213068661445
0.00031583179039017 -0.00778079607994426 -0.00053682564726218
0.00031861301111784 -0.00784931389015353 -0.00054155294244901
0.00032141338659243 -0.00791830362529377 -0.00054631279721204
0.00032423304873599 -0.00798776850937357 -0.00055110543414422
0.00032707213037912 -0.00805771177848047 -0.00055593107689170
0.00032993076526727 -0.00812813678527997 -0.00056078995624652
0.00033280908806701 -0.00819904681660612 -0.00056568229915741
0.00033570723437240 -0.00827044518948889 -0.00057060833508501
0.00033862534071132 -0.00834233532196515 -0.00057556829886166
0.00034156354455197 -0.00841472059023926 -0.00058056242361747
0.00034452198430932 -0.00848760434639192 -0.00058559094154664
0.00034750079935162 -0.00856099007793935 -0.00059065409235807
0.00035050013000696 -0.00863488125028425 -0.00059575211512719
0.00035352011756991 -0.00870928130321370 -0.00060088524776129
0.00035656090430816 -0.00878419377134305 -0.00060605373355579
0.00035962263346922 -0.00885962215827926 -0.00061125781485258
0.00036270544928716 -0.00893557006202099 -0.00061649773903564
0.00036580949698943 -0.00901204100248384 -0.00062177374983836
0.00036893492280368 -0.00908903863686963 -0.00062708609883235
0.00037208187396465 -0.00916656654264297 -0.00063243503351454
0.00037525049872113 -0.00924462840342073 -0.00063782080771518
0.00037844094634289 -0.00932322790343319 -0.00064324367531433
0.00038165336712778 -0.00940236871951312 -0.00064870389050804
0.00038488791240876 -0.00948205459419898 -0.00065420171131874
0.00038814473456106 -0.00956228927354031 -0.00065973739612869
0.00039142398700932 -0.00964307656457487 -0.00066531120741511
0.00039472582423487 -0.00972442022206810 -0.00067092340486156
0.00039805040178297 -0.00980632410888135 -0.00067657425464088
0.00040139787627014 -0.00988879211432986 -0.00068226402451048
0.00040476840539154 -0.00997182804424231 -0.00068799297821738
0.00040816214792842 -0.01005543589033701 -0.00069376139007989
0.00041157926375558 -0.01013961955693400 -0.00069956952983964
0.00041501991384890 -0.01022438299772623 -0.00070541767055959
0.00041848426029293 -0.01030973022883002 -0.00071130608900952
0.00042197246628852 -0.01039566524817557 -0.00071723506138621
0.00042548469616053 -0.01048219212786159 -0.00072320486805205
0.00042902111536552 -0.01056931493181797 -0.00072921578978853
0.00043258189049963 -0.01065703774849444 -0.00073526810888218
0.00043616718930631 -0.01074536474349690 -0.00074136211228057
0.00043977718068435 -0.01083430006130768 -0.00074749808595562
0.00044341203469574 -0.01092384788838997 -0.00075367631910111
0.00044707192257372 -0.01101401244120150 -0.00075989710235327
0.00045075701673086 -0.01110479798067499 -0.00076616072967656
0.00045446749076714 -0.01119620876254066 -0.00077246749507635
0.00045820351947816 -0.01128824910934987 -0.00077881769628961
0.00046196527886340 -0.01138092335927220 -0.00078521163278100
0.00046575294613442 -0.01147423586935258 -0.00079164960514241
0.00046956669972332 -0.01156819105495029 -0.00079813191785804
0.00047340671929107 -0.01166279330940112 -0.00080465887454385
0.00047727318573598 -0.01175804709898125 -0.00081123078303646
0.00048116628120228 -0.01185395693174029 -0.00081784795406953
0.00048508618908861 -0.01195052730531654 -0.00082451069849231
0.00048903309405675 -0.01204776276787743 -0.00083121932990701
0.00049300718204025 -0.01214566791461086 -0.00083797416515386
0.00049700864025323 -0.01224424734781587 -0.00084477552196269
0.00050103765719918 -0.01234350570688972 -0.00085162372043928
0.00050509442267985 -0.01244344768055900 -0.00085851908398283
0.00050917912780418 -0.01254407797929635 -0.00086546193742241
0.00051329196499732 -0.01264540133657312 -0.00087245260752943
0.00051743312800967 -0.01274742251133765 -0.00087949142280412
0.00052160281192606 -0.01285014633473657 -0.00088657871621263
0.00052580121317485 -0.01295357762648979 -0.00089371482064221
0.00053002852953727 -0.01305772126218924 -0.00090090007228536
0.00053428496015669 -0.01316258216783098 -0.00090813481081496
0.00053857070554804 -0.01326816525544915 -0.00091541937549575
0.00054288596760719 -0.01337447551439895 -0.00092275411042505
0.00054723094962053 -0.01348151794757927 -0.00093013936072300
0.00055160585627451 -0.01358929760336707 -0.00093757547464599
0.00055601089366530 -0.01369781955562697 -0.00094506280244370
0.00056044626930847 -0.01380708890748475 -0.00095260169602005
0.00056491219214880 -0.01391711083961547 -0.00096019251271527
0.00056940887257012 -0.01402789047798029 -0.00096783560668629
0.00057393652240518 -0.01413943309531391 -0.00097553134119662
0.00057849535494568 -0.01425174391664644 -0.00098328007700711
0.00058308558495229 -0.01436482825009966 -0.00099108218008535
0.00058770742866478 -0.01447869140159652 -0.00099893801693052
0.00059236110381219 -0.01459333874843218 -0.00100684795828627
0.00059704682962311 -0.01470877569594346 -0.00101481237694348
0.00060176482683598 -0.01482500767815974 -0.00102283164792783
0.00060651531770952 -0.01494204016811138 -0.00103090614896385
0.00061129852603317 -0.01505987867726615 -0.00103903626026803
0.00061611467713765 -0.01517852875139688 -0.00104722236460307
0.00062096399790559 -0.01529799600513218 -0.00105546484879935
0.00062584671678217 -0.01541828604222225 -0.00106376410004909
0.00063076306378593 -0.01553940452773599 -0.00107212050903804
0.00063571327051958 -0.01566135717474211 -0.00108053447000368
0.00064069757018092 -0.01578414974190690 -0.00108900637991673
0.00064571619757383 -0.01590778800421641 -0.00109753663742997
0.00065076938911931 -0.01603227777061912 -0.00110612564351989
0.00065585738286665 -0.01615762493569931 -0.00111477380446335
0.00066098041850462 -0.01628383536476754 -0.00112348152549387
0.00066613873737275 -0.01641091502885406 -0.00113224921814367
0.00067133258247275 -0.01653886991612368 -0.00114107729570541
0.00067656219847990 -0.01666770605467161 -0.00114996617387739
0.00068182783175460 -0.01679742950959862 -0.00115891627133240
0.00068712973035400 -0.01692804638737720 -0.00116792800925417
0.00069246814404364 -0.01705956283165055 -0.00117700181183464
0.00069784332430924 -0.01719198506359932 -0.00118613810788487
0.00070325552436855 -0.01732531930337200 -0.00119533732678650
0.00070870499918329 -0.01745957184910787 -0.00120459990278000
0.00071419200547112 -0.01759474899924703 -0.00121392627091938
0.00071971680171777 -0.01773085714560216 -0.00122331687172931
0.00072527964818920 -0.01786790267867678 -0.00123277214647067
0.00073088080694388 -0.01800589207417642 -0.00124229254168663
0.00073652054184512 -0.01814483182673237 -0.00125187850549438
0.00074219911857348 -0.01828472847638708 -0.00126153048922222
0.00074791680463933 -0.01842558861080586 -0.00127124894734383
0.00075367386939543 -0.01856741888550817 -0.00128103433882714
0.00075947058404960 -0.01871022595422982 -0.00129088712317729
0.00076530722167754 -0.01885401656178778 -0.00130080776540612
0.00077118405723566 -0.01899879748005544 -0.00131079673281586
0.00077710136757402 -0.01914457552805428 -0.00132085449590375
0.00078305943144943 -0.01929135757277445 -0.00133098152834500
0.00078905852953852 -0.01943915052243306 -0.00134117830698161
0.00079509894445100 -0.01958796134523176 -0.00135144531244437
0.00080118096074297 -0.01973779706422711 -0.00136178302913633
0.00080730486493030 -0.01988866471489402 -0.00137219194267979
0.00081347094550215 -0.02004057140708412 -0.00138267254368176
0.00081967949293455 -0.02019352431114906 -0.00139322532659409
0.00082593079970410 -0.02034753063616553 -0.00140385078877273
0.00083222516030174 -0.02050259761261919 -0.00141454942939481
0.00083856287124660 -0.02065873256618525 -0.00142532175360340
0.00084494423109999 -0.02081594283917674 -0.00143616826818789
0.00085136954047950 -0.02097423585072299 -0.00144708948479804
0.00085783910207307 -0.02113361904602480 -0.00145808591728450
0.00086435322065335 -0.02129409994107202 -0.00146915808405507
0.00087091220309199 -0.02145568608731631 -0.00148030650628066
0.00087751635837411 -0.02161838510637292 -0.00149153170970642
0.00088416599761289 -0.02178220465725167 -0.00150283422272932
0.00089086143406418 -0.02194715245923778 -0.00151421457794761
0.00089760298314128 -0.02211323628150866 -0.00152567331149470
0.00090439096242980 -0.02228046394882567 -0.00153721096305071
0.00091122569170262 -0.02244884333997281 -0.00154882807630015
0.00091810749293494 -0.02261838237746928 -0.00156052519800176
0.00092503669031947 -0.02278908907023427 -0.00157230288031784
0.00093201361028169 -0.02296097143486867 -0.00158416167669889
0.00093903858149521 -0.02313403758268883 -0.00159610214668524
0.00094611193489729 -0.02330829565573463 -0.00160812485209244
0.00095323400370442 -0.02348375388215705 -0.00162023036035344
0.00096040512342800 -0.02366042050873177 -0.00163241924068781
0.00096762563189013 -0.02383830386401562 -0.00164469206770119
0.00097489586923960 -0.02401741233396023 -0.00165704941979203
0.00098221617796781 -0.02419775434450278 -0.00166949187851104
0.00098958690292501 -0.02437933839955684 -0.00168202003049182
0.00099700839133644 -0.02456217305428583 -0.00169463446591384
0.00100448099281878 -0.02474626691447837 -0.00170733577862900
0.00101200505939656 -0.02493162865069036 -0.00172012456689064
0.00101958094551878 -0.02511826700626538 -0.00173300143377273
0.00102720900807557 -0.02530619076579353 -0.00174596698548191
0.00103488960641504 -0.02549540878569908 -0.00175902183297836
0.00104262310236019 -0.02568592998123597 -0.00177216659132539
0.00105040986022595 -0.02587776332026526 -0.00178540187942394
0.00105825024683636 -0.02607091783853605 -0.00179872832059589
0.00106614463154184 -0.02626540264821118 -0.00181214654341558
0.00107409338623658 -0.02646122689971664 -0.00182565717936548
0.00108209688537607 -0.02665839981564510 -0.00183926086474845
0.00109015550599474 -0.02685693069341972 -0.00185295824087181
0.00109826962772375 -0.02705682888510753 -0.00186674995305631
0.00110643963280880 -0.02725810379680414 -0.00188063665040451
0.00111466590612820 -0.02746076492421579 -0.00189461898776533
0.00112294883521100 -0.02766482180838795 -0.00190869762356143
0.00113128881025522 -0.02787028405345790 -0.00192287322057357
0.00113968622414621 -0.02807716135271221 -0.00193714644731766
0.00114814147247525 -0.02828546343337256 -0.00195151797523009
0.00115665495355806 -0.02849520013813812 -0.00196598848292941
0.00116522706845369 -0.02870638131322602 -0.00198055865022054
0.00117385822098330 -0.02891901692774004 -0.00199522916461026
0.00118254881774927 -0.02913311699129932 -0.00201000071679784
0.00119129926815430 -0.02934869158891390 -0.00202487400270480
0.00120010998442074 -0.02956575088820079 -0.00203984972347306
0.00120898138160997 -0.02978430510215635 -0.00205492858405946
0.00121791387764197 -0.03000436452086535 -0.00207011129443520
0.00122690789331501 -0.03022593952870387 -0.00208539857081270
0.00123596385232548 -0.03044904054651423 -0.00210079113240591
0.00124508218128781 -0.03067367809122071 -0.00211628970473790
0.00125426330975463 -0.03089986274860277 -0.00213189501803890
0.00126350767023696 -0.03112760516585084 -0.00214760780708298
0.00127281569822460 -0.03135691607200670 -0.00216342881213942
0.00128218783220664 -0.03158780628223780 -0.00217935877909912
0.00129162451369212 -0.03182028665780049 -0.00219539845754790
0.00130112618723083 -0.03205436815743002 -0.00221154860357080
0.00131069330043425 -0.03229006180755534 -0.00222780997784191
0.00132032630399665 -0.03252737870668085 -0.00224418334620242
0.00133002565171628 -0.03276633004736346 -0.00226066948064502
0.00133979180051682 -0.03300692706854266 -0.00227726915685106
0.00134962521046882 -0.03324918111167367 -0.00229398315722504
0.00135952634481143 -0.03349310359444241 -0.00231081226941007
0.00136949566997423 -0.03373870599737207 -0.00232775728567531
0.00137953365559914 -0.03398599989871098 -0.00234481900462993
0.00138964077456262 -0.03423499693961461 -0.00236199822968880
0.00139981750299789 -0.03448570885828063 -0.00237929577048697
0.00141006432031739 -0.03473814745864294 -0.00239671244159311
0.00142038170923537 -0.03499232463984715 -0.00241424906379781
0.00143077015579059 -0.03524825236596459 -0.00243190646275887
0.00144123014936926 -0.03550594269475849 -0.00244968547033413
0.00145176218272806 -0.03576540777194166 -0.00246758692437044
0.00146236675201740 -0.03602665981559815 -0.00248561166798569
0.00147304435680474 -0.03628971113325224 -0.00250376055025284
0.00148379550009815 -0.03655457411758839 -0.00252203442618486
0.00149462068837002 -0.03682126124323349 -0.00254043415652356
0.00150552043158087 -0.03708978507336937 -0.00255896060800656
0.00151649524320343 -0.03736015826417141 -0.00257761465375790
0.00152754564024681 -0.03763239354055218 -0.00259639717187700
0.00153867214328084 -0.03790650373382794 -0.00261530904755685
0.00154987527646060 -0.03818250175914037 -0.00263435117181563
0.00156115556755113 -0.03846040060754917 -0.00265352444111355
0.00157251354795226 -0.03874021338102519 -0.00267282975927905
0.00158394975272368 -0.03902195325326886 -0.00269226803524133
0.00159546472061013 -0.03930563350313787 -0.00271184018515530
0.00160705899406676 -0.03959126748897229 -0.00273154713067192
0.00161873311928472 -0.03987886866696193 -0.00275138980022274
0.00163048764621685 -0.04016845058614139 -0.00277136912855054
0.00164232312860364 -0.04046002688302002 -0.00279148605661382
0.00165424012399926 -0.04075361130085381 -0.00281174153249170
0.00166623919379787 -0.04104921766766363 -0.00283213651015964
0.00167832090326005 -0.04134685990400134 -0.00285267195027771
0.00169048582153940 -0.04164655202809178 -0.00287334881995011
0.00170273452170940 -0.04194830816823401 -0.00289416809381002
0.00171506758079040 -0.04225214252923869 -0.00291513075207134
0.00172748557977676 -0.04255806943132338 -0.00293623778260251
0.00173998910366426 -0.04286610328404949 -0.00295749017962598
0.00175257874147765 -0.04317625859244792 -0.00297888894398599
0.00176525508629839 -0.04348854997665558 -0.00300043508423164
0.00177801873529259 -0.04380299213544563 -0.00302212961466381
0.00179087028973917 -0.04411959988984114 -0.00304397355773134
0.00180381035505814 -0.04443838815118670 -0.00306596794224056
0.00181683954083913 -0.04475937193683665 -0.00308811380433595
0.00182995846087016 -0.04508256636893492 -0.00311041218730886
0.00184316773316647 -0.04540798666632746 -0.00313286414126446
0.00185646797999970 -0.04573564816861266 -0.00315547072436212
0.00186985982792719 -0.04606556629859533 -0.00317823300091269
0.00188334390782146 -0.04639775660933669 -0.00320115204378124
0.00189692085489999 -0.04673223473888155 -0.00322422893205823
0.00191059130875509 -0.04706901644501123 -0.00324746475287477
0.00192435591338407 -0.04740811760436676 -0.00327086060154438
0.00193821531721954 -0.04774955417684936 -0.00329441757931079
0.00195217017315999 -0.04809334224633602 -0.00331813679591757
0.00196622113860054 -0.04843949801455560 -0.00334201936905392
0.00198036887546389 -0.04878803778580504 -0.00336606642368856
0.00199461405023152 -0.04913897797746578 -0.00339027909249789
0.00200895733397509 -0.04949233511970035 -0.00341465851601097
0.00202339940238804 -0.04984812585745274 -0.00343920584261295
0.00203794093581742 -0.05020636695387819 -0.00346392222883820
0.00205258261929597 -0.05056707528224248 -0.00348880883887489
0.00206732514257435 -0.05093026783421329 -0.00351386684502895
0.00208216920015365 -0.05129596171977558 -0.00353909742776755
0.00209711549131812 -0.05166417416199927 -0.00356450177543366
0.00211216472016810 -0.05203492250905144 -0.00359008108492341
0.00212731759565318 -0.05240822421941667 -0.00361583656083339
0.00214257483160563 -0.05278409688943388 -0.00364176941704642
0.00215793714677397 -0.05316255821395435 -0.00366788087457159
0.00217340526485689 -0.05354362602175618 -0.00369417216346644
0.00218897991453733 -0.05392731826901075 -0.00372064452254182
0.00220466182951677 -0.05431365301978407 -0.00374729919821952
0.00222045174854982 -0.05470264848821572 -0.00377413744695928
0.00223635041547903 -0.05509432298367070 -0.00380116053222326
0.00225235857926994 -0.05548869496506608 -0.00382836972745281
0.00226847699404630 -0.05588578300287177 -0.00385576631396392
0.00228470641912567 -0.05628560580722949 -0.00388335158258233
0.00230104761905517 -0.05668818220842656 -0.00391112683257782
0.00231750136364746 -0.05709353117114808 -0.00393909337235134
0.00233406842801705 -0.05750167178880249 -0.00396725251924218
0.00235074959261680 -0.05791262328951680 -0.00399560559988885
0.00236754564327467 -0.05832640502686574 -0.00402415394959970
0.00238445737123077 -0.05874303649728527 -0.00405289891345105
0.00240148557317460 -0.05916253732372911 -0.00408184184536061
0.00241863105128260 -0.05958492726404292 -0.00411098410855541
0.00243589461325595 -0.06001022621571445 -0.00414032707582570
0.00245327707235861 -0.06043845421698143 -0.00416987212962881
0.00247077924745560 -0.06086963143566235 -0.00419962066149603
0.00248840196305164 -0.06130377818009742 -0.00422957407261904
0.00250614604932993 -0.06174091490485946 -0.00425973377415244
0.00252401234219130 -0.06218106220103423 -0.00429010118682936
0.00254200168329356 -0.06262424079948824 -0.00432067774096114
0.00256011492009119 -0.06307047157605083 -0.00435146487684811
0.00257835290587520 -0.06351977555068430 -0.00438246404476525
0.00259671649981338 -0.06397217388412627 -0.00441367670475645
0.00261520656699076 -0.06442768789404461 -0.00444510432744973
0.00263382397845036 -0.06488633903054006 -0.00447674839293923
0.00265256961123421 -0.06534814890112686 -0.00450861039193695
0.00267144434842469 -0.06581313925576318 -0.00454069182515015
0.00269044907918612 -0.06628133200041075 -0.00457299420391327
0.00270958469880665 -0.06675274919002486 -0.00460551904987900
0.00272885210874043 -0.06722741302609946 -0.00463826789488987
0.00274825221665007 -0.06770534586764330 -0.00467124228157839
0.00276778593644944 -0.06818657023016349 -0.00470444376336804
0.00278745418834666 -0.06867110877907824 -0.00473787390407503
0.00280725789888750 -0.06915898433817810 -0.00477153427838931
0.00282719800099900 -0.06965021988502150 -0.00480542647172691
0.00284727543403344 -0.07014483856593079 -0.00483955208092159
0.00286749114381257 -0.07064286367206626 -0.00487391271304577
0.00288784608267220 -0.07114431866626446 -0.00490850998687037
0.00290834120950700 -0.07164922716590726 -0.00494334553187641
0.00292897748981576 -0.07215761295753660 -0.00497842098918672
0.00294975589574679 -0.07266949998214497 -0.00501373801065660
0.00297067740614377 -0.07318491235531739 -0.00504929826009162
0.00299174300659185 -0.07370387435369730 -0.00508510341246522
0.00301295368946406 -0.07422641042125534 -0.00512115515429027
0.00303431045396808 -0.07475254517220216 -0.00515745518378034
0.00305581430619332 -0.07528230338872433 -0.00519400521080690
0.00307746625915828 -0.07581571001902154 -0.00523080695672970
0.00309926733285830 -0.07635279019551114 -0.00526786215543297
0.00312121855431360 -0.07689356920979415 -0.00530517255199398
0.00314332095761769 -0.07743807253713235 -0.00534273990405958
0.00316557558398603 -0.07798632582504228 -0.00538056598114378
0.00318798348180513 -0.07853835489428156 -0.00541865256480906
0.00321054570668190 -0.07909418575236724 -0.00545700144934700
0.00323326332149341 -0.07965384457404069 -0.00549561444076410
0.00325613739643695 -0.08021735772285871 -0.00553449335799535
0.00327916900908044 -0.08078475174102728 -0.00557364003229933
0.00330235924441319 -0.08135605335475038 -0.00561305630765739
0.00332570919489702 -0.08193128947197861 -0.00565274404058974
0.00334921996051774 -0.08251048718816770 -0.00569270510055038
0.00337289264883693 -0.08309367378121287 -0.00573294136958662
0.00339672837504414 -0.08368087672310830 -0.00577345474313173
0.00342072826200945 -0.08427212367205326 -0.00581424712944116
0.00344489344033629 -0.08486744247463256 -0.00585532044981535
0.00346922504841481 -0.08546686117557784 -0.00589667663912519
0.00349372423247539 -0.08607040799949325 -0.00593831764488450
0.00351839214664275 -0.08667811137989788 -0.00598024542876232
0.00354322995299023 -0.08728999994075270 -0.00602246196566841
0.00356823882159458 -0.08790610249671099 -0.00606496924376228
0.00359341993059108 -0.08852644807548303 -0.00610776926567456
0.00361877446622901 -0.08915106588575761 -0.00615086404681164
0.00364430362292757 -0.08977998535415739 -0.00619425561739064
0.00367000860333214 -0.09041323609816569 -0.00623794602089579
0.00369589061837089 -0.09105084794650685 -0.00628193731539729
0.00372195088731191 -0.09169285093102150 -0.00632623157288589
0.00374819063782055 -0.09233927528874294 -0.00637083087964274
0.00377461110601734 -0.09299015146545199 -0.00641573733626447
0.00380121353653618 -0.09364551011890322 -0.00646095305797689
0.00382799918258295 -0.09430538211453179 -0.00650648017436607
0.00385496930599461 -0.09496979853046422 -0.00655232082971556
0.00388212517729859 -0.09563879066199396 -0.00659847718322054
0.00390946807577267 -0.09631239001941221 -0.00664495140894383
0.00393699928950523 -0.09699062832589243 -0.00669174569566515
0.00396472011545594 -0.09767353752633108 -0.00673886224743601
0.00399263185951686 -0.09836114978540597 -0.00678630328345861
0.00402073583657394 -0.09905349748694946 -0.00683407103811442
0.00404903337056898 -0.09975061324146918 -0.00688216776133881
0.00407752579456202 -0.10045252987965594 -0.00693059571836190
0.00410621445079408 -0.10115928046077906 -0.00697935719010126
0.00413510069075045 -0.10187089827156674 -0.00702845447319815
0.00416418587522431 -0.10258741682944621 -0.00707788988018238
0.00419347137438088 -0.10330886987852324 -0.00712766573930289
0.00422295856782194 -0.10403529139719266 -0.00717778439491531
0.00425264884465081 -0.10476671559713391 -0.00722824820749396
0.00428254360353781 -0.10550317692810110 -0.00727905955390629
0.00431264425278616 -0.10624471007481309 -0.00733022082726320
0.00434295221039828 -0.10699134996073219 -0.00738173443713387
0.00437346890414265 -0.10774313174911893 -0.00743360280966969
0.00440419577162101 -0.10850009084741312 -0.00748582838780764
0.00443513426033611 -0.10926226290688812 -0.00753841363134201
0.00446628582775994 -0.11002968381672083 -0.00759136101656988
0.00449765194140230 -0.11080238972600555 -0.00764467303751820
0.00452923407888002 -0.11158041702248148 -0.00769835220486886
0.00456103372798652 -0.11236380234833696 -0.00775240104678335
0.00459305238676189 -0.11315258259787785 -0.00780682210881946
0.00462529156356352 -0.11394679491763539 -0.00786161795395681
0.00465775277713708 -0.11474647671134924 -0.00791679116290458
0.00469043755668813 -0.11555166564120666 -0.00797234433421964
0.00472334744195411 -0.11636239962470736 -0.00802828008408419
0.00475648398327694 -0.11717871684525136 -0.00808460104698806
0.00478984874167595 -0.11800065574290745 -0.00814130987519937
0.00482344328892152 -0.11882825503146456 -0.00819840923977952
0.00485726920760908 -0.11966155368012073 -0.00825590182952113
0.00489132809123367 -0.12050059093731727 -0.00831379035235971
0.00492562154426498 -0.12134540630988791 -0.00837207753423454
0.00496015118222299 -0.12219603958786296 -0.00843076612043181
0.00499491863175403 -0.12305253082879269 -0.00848985887480895
0.00502992553070742 -0.12391492036431521 -0.00854935858017072
0.00506517352821265 -0.12478324880886607 -0.00860926803873069
0.00510066428475703 -0.12565755705438711 -0.00866959007189953
0.00513639947226393 -0.12653788627291798 -0.00873032752043235
0.00517238077417156 -0.12742427792034552 -0.00879148324465396
0.00520860988551227 -0.12831677373802239 -0.00885306012459933
0.00524508851299234 -0.12921541575610918 -0.00891506106020491
0.00528181837507249 -0.13012024629099672 -0.00897748897118089
0.00531880120204874 -0.13103130795266818 -0.00904034679749555
0.00535603873613397 -0.13194864364305939 -0.00910363749925681
0.00539353273153997 -0.13287229655969549 -0.00916736405699011
0.00543128495456009 -0.13380231019672967 -0.00923152947164805
0.00546929718365248 -0.13473872835062778 -0.00929613676504895
0.00550757120952378 -0.13568159511522901 -0.00936118897956702
0.00554610883521359 -0.13663095488807211 -0.00942668917854599
0.00558491187617932 -0.13758685237496457 -0.00949264044654551
0.00562398216038176 -0.13854933258897306 -0.00955904588932466
0.00566332152837118 -0.13951844084927836 -0.00962590863383602
0.00570293183337404 -0.14049422279119131 -0.00969323182878732
0.00574281494138029 -0.14147672436078684 -0.00976101864435380
0.00578297273123128 -0.14246599182207970 -0.00982927227265266
0.00582340709470825 -0.14346207175706577 -0.00989799592772491
0.00586411993662146 -0.14446501106932916 -0.00996719284579601
0.00590511317489996 -0.14547485698267285 -0.01003686628522626
0.00594638874068188 -0.14649165704495187 -0.01010701952674940
0.00598794857840543 -0.14751545913565992 -0.01017765587392013
0.00602979464590051 -0.14854631146268321 -0.01024877865296091
0.00607192891448094 -0.14958426256009752 -0.01032039121269283
0.00611435336903731 -0.15062936130356519 -0.01039249692537895
0.00615707000813049 -0.15168165689897528 -0.01046509918618549
0.00620008084408578 -0.15274119889303395 -0.01053820141375208
0.00624338790308773 -0.15380803717437855 -0.01061180705028036
0.00628699322527555 -0.15488222197269894 -0.01068591956156385
0.00633089886483926 -0.15596380386658920 -0.01076054243741287
0.00637510689011644 -0.15705283377588855 -0.01083567919127533
0.00641961938368965 -0.15814936297789764 -0.01091133336118703
0.00646443844248456 -0.15925344310036332 -0.01098750850936707
0.00650956617786875 -0.16036512612316414 -0.01106420822240679
0.00655500471575113 -0.16148446438758676 -0.01114143611176722
0.00660075619668212 -0.16261151059189669 -0.01121919581359602
0.00664682277595447 -0.16374631780069310 -0.01129749098925501
0.00669320662370483 -0.16488893943938357 -0.01137632532506188
0.00673990992501593 -0.16603942930317872 -0.01145570253284835
0.00678693488001954 -0.16719784155652181 -0.01153562634990913
0.00683428370400013 -0.16836423073566620 -0.01161610053921712
0.00688195862749922 -0.16953865175455141 -0.01169712888977505
0.00692996189642044 -0.17072115990088288 -0.01177871521643138
0.00697829577213536 -0.17191181084701176 -0.01186086336051780
0.00702696253158998 -0.17311066064356892 -0.01194357718953730
0.00707596446741206 -0.17431776573058383 -0.01202686059780538
0.00712530388801904 -0.17553318293461240 -0.01211071750633996
0.00717498311772688 -0.17675696947127620 -0.01219515186303662
0.00722500449685944 -0.17798918295193036 -0.01228016764305249
0.00727537038185885 -0.17922988138435778 -0.01236576884892206
0.00732608314539645 -0.18047912317277984 -0.01245195951055746
0.00737714517648455 -0.18173696712596976 -0.01253874368575546
0.00742855888058902 -0.18300347245336765 -0.01262612546000596
0.00748032667974261 -0.18427869877548400 -0.01271410894713244
0.00753245101265898 -0.18556270612078057 -0.01280269828911540
0.00758493433484768 -0.18685555492963843 -0.01289189765639740
0.00763777911872974 -0.18815730605994999 -0.01298171124819301
0.00769098785375419 -0.18946802078591693 -0.01307214329247598
0.00774456304651533 -0.19078776080496168 -0.01316319804642109
0.00779850722087083 -0.19211658823760136 -0.01325487979639295
0.00785282291806056 -0.19345456563096883 -0.01334719285821462
0.00790751269682637 -0.19480175596234803 -0.01344014157740749
0.00796257913353260 -0.19615822264273303 -0.01353373032939059
0.00801802482228748 -0.19752402951869147 -0.01362796351966643
0.00807385237506527 -0.19889924087579613 -0.01372284558402861
0.00813006442182937 -0.20028392144096918 -0.01381838098873702
0.00818666361065620 -0.20167813638644511 -0.01391457423078750
0.00824365260785992 -0.20308195133073648 -0.01401142983798335
0.00830103409811806 -0.20449543234564152 -0.01410895236940526
0.00835881078459801 -0.20591864595618470 -0.01420714641540751
0.00841698538908430 -0.20735165914527970 -0.01430601659795099
0.00847556065210689 -0.20879453935589565 -0.01440556757073642
0.00853453933307024 -0.21024735449150714 -0.01450580401929778
0.00859392421038329 -0.21171017292801997 -0.01460673066171201
0.00865371808159037 -0.21318306350400476 -0.01470835224805692
0.00871392376350298 -0.21466609553903856 -0.01481067356153470
0.00877454409233250 -0.21615933882241251 -0.01491369941782504
0.00883558192382376 -0.21766286362608467 -0.01501743466590067
0.00889704013338961 -0.21917674070427942 -0.01512188418803047
0.00895892161624638 -0.22070104129777224 -0.01522705290004774
0.00902122928755021 -0.22223583713495773 -0.01533294575146700
0.00908396608253449 -0.22378120043998931 -0.01543956772599241
0.00914713495664801 -0.22533720393038442 -0.01554692384141838
0.00921073888569427 -0.22690392082529132 -0.01565501915011575
0.00927478086597164 -0.22848142484496339 -0.01576385873910359
0.00933926391441452 -0.23006979021683246 -0.01587344773037553
0.00940419106873544 -0.23166909167932501 -0.01598379128117325
0.00946956538756820 -0.23327940448239576 -0.01609489458409703
0.00953538995061192 -0.23490080439507446 -0.01620676286752654
0.00960166785877617 -0.23653336770364716 -0.01631940139559377
0.00966840223432696 -0.23817717122023896 -0.01643281546871363
0.00973559622103396 -0.23983229228507141 -0.01654701042372294
0.00980325298431847 -0.24149880876913785 -0.01666199163411997
0.00987137571140260 -0.24317679907626691 -0.01677776451020887
0.00993996761145943 -0.24486634215129385 -0.01689433449958849
0.01000903191576417 -0.24656751748033132 -0.01701170708725131
0.01007857187784633 -0.24828040509273824 -0.01712988779571520
0.01014859077364310 -0.25000508557127737 -0.01724888218563678
0.01021909190165358 -0.25174164005028865 -0.01736869585578821
0.01029007858309422 -0.25349015022062116 -0.01748933444336015
0.01036155416205525 -0.25525069833438507 -0.01761080362427873
0.01043352200565821 -0.25702336720721447 -0.01773310911338512
0.01050598550421464 -0.25880824022603094 -0.01785625666492221
0.01057894807138568 -0.26060540134730248 -0.01798025207249328
0.01065241314434297 -0.26241493510551989 -0.01810510116957288
0.01072638418393055 -0.26423692661287645 -0.01823080982956250
0.01080086467482788 -0.26607146156955569 -0.01835738396638652
0.01087585812571401 -0.26791862626072216 -0.01848482953441281
0.01095136806943289 -0.26977850756552835 -0.01861315252898506
0.01102739806315972 -0.27165119295729723 -0.01874235898649354
0.01110395168856863 -0.27353677051116976 -0.01887245498484635
0.01118103255200134 -0.27543532890658173 -0.01900344664369044
0.01125864428463708 -0.27734695743116206 -0.01913534012464728
0.01133679054266361 -0.27927174598430543 -0.01926814163159742
0.01141547500744952 -0.28120978508295108 -0.01940185741103665
0.01149470138571760 -0.28316116586565282 -0.01953649375237048
0.01157447340971946 -0.28512598009401063 -0.01967205698805691
0.01165479483741141 -0.28710432016103382 -0.01980855349411330
0.01173566945263146 -0.28909627909237445 -0.01994598969024661
0.01181710106527750 -0.29110195055264243 -0.02008437204028036
0.01189909351148690 -0.29312142884694203 -0.02022370705227287
0.01198165065381718 -0.29515480892915358 -0.02036400127905281
0.01206477638142790 -0.29720218640400153 -0.02050526131839365
0.01214847461026398 -0.29926365752917872 -0.02064749381318539
0.01223274928324013 -0.30133931922596641 -0.02079070545208807
0.01231760437042657 -0.30342926907797213 -0.02093490296953309
0.01240304386923608 -0.30553360533788215 -0.02108009314612568
0.01248907180461233 -0.30765242693339956 -0.02122628280908487
0.01257569222921947 -0.30978583346737709 -0.02137347883227783
0.01266290922363301 -0.31193392522907021 -0.02152168813691384
0.01275072689653214 -0.31409680319178940 -0.02167091769149196
0.01283914938489322 -0.31627456902279999 -0.02182117451239715
0.01292818085418463 -0.31846732508544723 -0.02197246566409569
0.01301782549856311 -0.32067517444464377 -0.02212479825948837
0.01310808754107126 -0.32289822087117687 -0.02227817946023302
0.01319897123383649 -0.32513656884759590 -0.02243261647712414
0.01329048085827137 -0.32739032357018960 -0.02258811657027032
0.01338262072527526 -0.32965959095792680 -0.02274468704966425
0.01347539517543749 -0.33194447765564272 -0.02290233527541641
0.01356880857924170 -0.33424509103571587 -0.02306106865792458
0.01366286533727186 -0.33656153920908022 -0.02322089465854247
0.01375756988041951 -0.33889393102545379 -0.02338182078967197
0.01385292667009247 -0.34124237607956626 -0.02354385461516799
0.01394894019842510 -0.34360698471800499 -0.02370700375079209
0.01404561498848984 -0.34598786804138121 -0.02387127586440439
0.01414295559451028 -0.34838513791144138 -0.02403667867642481
0.01424096660207578 -0.35079890695521959 -0.02420321996012809
0.01433965262835744 -0.35322928857197894 -0.02437090754211676
0.01443901832232557 -0.35567639693650249 -0.02453974930255640
0.01453906836496878 -0.35814034700319369 -0.02470975317549755
0.01463980746951446 -0.36062125451529237 -0.02488092714942634
0.01474124038165079 -0.36311923600809487 -0.02505327926754801
0.01484337187975032 -0.36563440881191206 -0.02522681762801856
0.01494620677509509 -0.36816689106213352 -0.02540155038455557
0.01504974991210328 -0.37071680170081778 -0.02557748574662550
0.01515400616855738 -0.37328426048374785 -0.02575463197990140
0.01525898045583403 -0.37586938798671427 -0.02593299740668420
0.01536467771913538 -0.37847230560870615 -0.02611259040615675
0.01547110293772201 -0.38109313557968133 -0.02629341941489790
0.01557826112514755 -0.38373200096487592 -0.02647549292719106
0.01568615732949484 -0.38638902567122047 -0.02665881949545775
0.01579479663361371 -0.38906433445218203 -0.02684340773061137
0.01590418415536049 -0.39175805291428417 -0.02702926630249033
0.01601432504783903 -0.39447030752255996 -0.02721640394024516
0.01612522449964356 -0.39720122560558796 -0.02740482943268879
0.01623688773510297 -0.39995093536260429 -0.02759455162878783
0.01634932001452705 -0.40271956586856056 -0.02778557943800270
0.01646252663445428 -0.40550724708017355 -0.02797792183072142
0.01657651292790123 -0.40831410984119709 -0.02817158783862551
0.01669128426461396 -0.41114028589004464 -0.02836658655520143
0.01680684605132086 -0.41398590786379114 -0.02856292713603724
0.01692320373198737 -0.41685110930612918 -0.02876061879935363
0.01704036278807250 -0.41973602467194182 -0.02895967082634083
0.01715832873878701 -0.42264078933288168 -0.02916009256155075
0.01727710714135337 -0.42556553958718418 -0.02936189341352759
0.01739670359126766 -0.42851041266107276 -0.02956508285497124
0.01751712372256306 -0.43147554671794758 -0.02976967042333517
0.01763837320807536 -0.43446108086351026 -0.02997566572119509
0.01776045775971008 -0.43746715515346379 -0.03018307841676605
0.01788338312871166 -0.44049391059787418 -0.03039191824422450
0.01800715510593438 -0.44354148916848540 -0.03060219500422331
0.01813177952211507 -0.44661003380567310 -0.03081391856433671
0.01825726224814788 -0.44969968842494967 -0.03102709885953501
0.01838360919536085 -0.45281059792077777 -0.03124174589247923
0.01851082631579428 -0.45594290817809896 -0.03145786973424763
0.01863891960248128 -0.45909676607441929 -0.03167548052455270
0.01876789508972999 -0.46227231948859543 -0.03189458847230097
0.01889775885340782 -0.46546971730656211 -0.03211520385602911
0.01902851701122779 -0.46868910942949954 -0.03233733702443620
0.01916017572303663 -0.47193064677889440 -0.03256099839675624
0.01929274119110504 -0.47519448130423830 -0.03278619846328772
0.01942621966041975 -0.47848076598926059 -0.03301294778582996
0.01956061741897786 -0.48178965486033304 -0.03324125699825000
0.01969594079808299 -0.48512130299127992 -0.03347113680683559
0.01983219617264347 -0.48847586651124641 -0.03370259799084293
0.01996938996147281 -0.49185350261302013 -0.03393565140304280
0.02010752862759195 -0.49525436955712454 -0.03417030797005833
0.02024661867853376 -0.49867862668249219 -0.03440657869304450
0.02038666666664964 -0.50212643441025562 -0.03464447464800890
0.02052767918941817 -0.50559795425367082 -0.03488400698645572
0.02066966288975585 -0.50909334882312929 -0.03512518693576743
0.02081262445633016 -0.51261278183451253 -0.03536802579976853
0.02095657062387454 -0.51615641811731638 -0.03561253495927749
0.02110150817350574 -0.51972442361978921 -0.03585872587250321
0.02124744393304316 -0.52331696541847983 -0.03610661007566496
0.02139438477733065 -0.52693421172508059 -0.03635619918349123
0.02154233762856028 -0.53057633189186726 -0.03660750488961317
0.02169130945659838 -0.53424349642333324 -0.03686053896732618
0.02184130727931404 -0.53793587698051759 -0.03711531326992436
0.02199233816290960 -0.54165364638868807 -0.03737183973124920
0.02214440922225352 -0.54539697864721015 -0.03763013036633757
0.02229752762121561 -0.54916604893522691 -0.03789019727184188
0.02245170057300452 -0.55296103362005522 -0.03815205262660637
0.02260693534050743 -0.55678211026548696 -0.03841570869224439
0.02276323923663236 -0.56062945763872563 -0.03868117781362803
0.02292061962465255 -0.56450325571912174 -0.03894847241948543
0.02307908391855340 -0.56840368570561983 -0.03921760502292344
0.02323863958338165 -0.57233093002521995 -0.03948858822201493
0.02339929413559715 -0.57628517233939247 -0.03976143470026604
0.02356105514342692 -0.58026659755539745 -0.04003615722735774
0.02372393022722160 -0.58427539183076016 -0.04031276865950696
0.02388792705981457 -0.58831174258447760 -0.04059128194021338
0.02405305336688331 -0.59237583850209197 -0.04087171010064620
0.02421931692731334 -0.59646786954793274 -0.04115406626044145
0.02438672557356476 -0.60058802696967351 -0.04143836362808413
0.02455528719204117 -0.60473650330923256 -0.04172461550162283
0.02472500972346112 -0.60891349240947168 -0.04201283526915853
0.02489590116323235 -0.61311918942405397 -0.04230303640951676
0.02506796956182830 -0.61735379082471442 -0.04259523249277576
0.02524122302516745 -0.62161749441090064 -0.04288943718091193
0.02541566971499507 -0.62591049931788223 -0.04318566422838199
0.02559131784926784 -0.63023300602484245 -0.04348392748269438
0.02576817570254092 -0.63458521636499343 -0.04378424088508850
0.02594625160635771 -0.63896733353277935 -0.04408661847106362
0.02612555394964243 -0.64337956209360503 -0.04439107437104701
0.02630609117909530 -0.64782210799238682 -0.04469762281099100
0.02648787179959031 -0.65229517856230512 -0.04500627811298451
0.02667090437457610 -0.65679898253449676 -0.04531705469592447
0.02685519752647922 -0.66133373004587170 -0.04562996707607539
0.02704075993711031 -0.66589963264887786 -0.04594502986773752
0.02722760034807320 -0.67049690332078926 -0.04626225778390103
0.02741572756117663 -0.67512575647203865 -0.04658166563683214
0.02760515043884895 -0.67978640795614642 -0.04690326833875941
0.02779587790455549 -0.68447907507866967 -0.04722708090250279
0.02798791894321911 -0.68920397660635524 -0.04755311844212095
0.02818128260164339 -0.69396133277679883 -0.04788139617356353
0.02837597798893873 -0.69875136530744308 -0.04821192941533692
0.02857201427695161 -0.70357429740518695 -0.04854473358914082
0.02876940070069660 -0.70843035377583496 -0.04887982422055543
0.02896814655879134 -0.71331976063394431 -0.04921721693970819
0.02916826121389472 -0.71824274571159641 -0.04955692748191264
0.02936975409314790 -0.72319953826908800 -0.04989897168839059
0.02957263468861828 -0.72819036910325630 -0.05024336550688629
0.02977691255774686 -0.73321547055931868 -0.05059012499245228
0.02998259732379836 -0.73827507653792901 -0.05093926630799433
0.03018969867631460 -0.74336942250665727 -0.05129080572504432
0.03039822637157088 -0.74849874551039774 -0.05164475962448545
0.03060819023303571 -0.75366328417985096 -0.05200114449716711
0.03081960015183355 -0.75886327874191073 -0.05235997694462944
0.03103246608721064 -0.76409897102985458 -0.05272127367981197
0.03124679806700435 -0.76937060449435202 -0.05308505152781307
0.03146260618811551 -0.77467842421163668 -0.05345132742649208
0.03167990061698394 -0.78002267689480309 -0.05382011842725068
0.03189869159006760 -0.78540361090430699 -0.05419144169575702
0.03211898941432467 -0.79082147625738575 -0.05456531451263157
0.03234080446769906 -0.79627652463920273 -0.05494175427420139
0.03256414719960946 -0.80176900941229123 -0.05532077849319229
0.03278902813144147 -0.80729918562753100 -0.05570240479948971
0.03301545785704333 -0.81286731003511303 -0.05608665094089281
0.03324344704322482 -0.81847364109338205 -0.05647353478377043
0.03347300643026002 -0.82411843898091153 -0.05686307431388802
0.03370414683239309 -0.82980196560699682 -0.05725528763713852
0.03393687913834766 -0.83552448462098983 -0.05765019298023093
0.03417121431184000 -0.84128626142464213 -0.05804780869152847
0.03440716339209538 -0.84708756318176015 -0.05844815324174278
0.03464473749436801 -0.85292865882900404 -0.05885124522470382
0.03488394781046485 -0.85880981908766807 -0.05925710335816710
0.03512480560927281 -0.86473131647330725 -0.05966574648451406
0.03536732223728946 -0.87069342530710381 -0.06007719357155035
0.03561150911915772 -0.87669642172737705 -0.06049146371330751
0.03585737775820400 -0.88274058369947650 -0.06090857613075824
0.03610493973698011 -0.88882619102852634 -0.06132855017268964
0.03635420671780883 -0.89495352536810935 -0.06175140531635917
0.03660519044333343 -0.90112287023408399 -0.06217716116842300
0.03685790273707081 -0.90733451101306417 -0.06260583746558357
0.03711235550396835 -0.91358873497638504 -0.06303745407553310
0.03736856073096499 -0.91988583128840740 -0.06347203099758560
0.03762653048755576 -0.92622609102096742 -0.06390958836365214
0.03788627692636030 -0.93260980716205577 -0.06435014643890008
0.03814781228369551 -0.93903727462870068 -0.06479372562263992
0.03841114888015196 -0.94550879027779988 -0.06524034644910312
0.03867629912117412 -0.95202465291761618 -0.06569002958825948
0.03894327549764499 -0.95858516332002019 -0.06614279584667095
0.03921209058647443 -0.96519062423047819 -0.06659866616822929
0.03948275705119166 -0.97184134038161718 -0.06705766163508596
0.03975528764254173 -0.97853761850276066 -0.06751980346836552
0.04002969519908633 -0.98527976733347578 -0.06798511302909427
0.04030599264780860 -0.99206809763398041 -0.06845361181896925
0.04058419300472190 -0.99890292219749499 -0.06892532148122014
0.04086430937548322 -1.00578455586134941 -0.06940026380141576
0.04114635495601049 -1.01271331552017574 -0.06987846070838012
0.04143034303310408 -1.01968952013582803 -0.07035993427493321
0.04171628698507298 -1.02671349075051155 -0.07084470671880187
0.04200420028236487 -1.03378555049884602 -0.07133280040348694
0.04229409648820062 -1.04090602461873583 -0.07182423783904955
0.04258598925921348 -1.04807524046411205 -0.07231904168301383
0.04287989234609223 -1.05529352751709204 -0.07281723474123319
0.04317581959422907 -1.06256121739911835 -0.07331883996870084
0.04347378494437166 -1.06987864388366805 -0.07382388047044981
0.04377380243328013 -1.07724614290826826 -0.07433237950241880
0.04407588619438821 -1.08466405258632315 -0.07484436047230020
0.04438005045846889 -1.09213271321964678 -0.07535984694043399
0.04468630955430507 -1.09965246731021682 -0.07587886262066099
0.04499467790936444 -1.10722365957239277 -0.07640143138119861
0.04530517005047906 -1.11484663694527275 -0.07692757724552991
0.04561780060452988 -1.12252174860491949 -0.07745732439327821
0.04593258429913571 -1.13024934597627569 -0.07799069716107673
0.04624953596334689 -1.13802978274584121 -0.07852772004347477
0.04656867052834411 -1.14586341487362620 -0.07906841769380031
0.04689000302814165 -1.15375060060559065 -0.07961281492506556
0.04721354860029565 -1.16169170048555914 -0.08016093671082446
0.04753932248661712 -1.16968707736816779 -0.08071280818611085
0.04786734003389014 -1.17773709643071944 -0.08126845464829242
0.04819761669459478 -1.18584212518558152 -0.08182790155797716
0.04853016802763484 -1.19400253349276375 -0.08239117453992101
0.04886500969907115 -1.20221869357144717 -0.08295829938387800
0.04920215748285936 -1.21049098001391719 -0.08352930204558559
0.04954162726159295 -1.21881976979616513 -0.08410420864756862
0.04988343502725170 -1.22720544229104367 -0.08468304548008523
0.05022759688195493 -1.23564837928109528 -0.08526583900205045
0.05057412903871987 -1.24414896496987382 -0.08585261584188579
0.05092304782222574 -1.25270758599503229 -0.08644340279846210
0.05127436966958262 -1.26132463144041829 -0.08703822684198878
0.05162811113110581 -1.27000049284835881 -0.08763711511491698
0.05198428887109539 -1.27873556423190493 -0.08824009493283823
0.05234291966862144 -1.28753024208762978 -0.08884719378541786
0.05270402041831444 -1.29638492540733186 -0.08945843933726509
0.05306760813116093 -1.30530001569054321 -0.09007385942885647
0.05343369993530521 -1.31427591695695178 -0.09069348207744370
0.05380231307685603 -1.32331303575835224 -0.09131733547794560
0.05417346492069896 -1.33241178119113490 -0.09194544800386760
0.05454717295131468 -1.34157256490848598 -0.09257784820820664
0.05492345477360246 -1.35079580113214703 -0.09321456482433225
0.05530232811370946 -1.36008190666505224 -0.09385562676691721
0.05568381081986596 -1.36943130090311538 -0.09450106313282279
0.05606792086322609 -1.37884440584766255 -0.09515090320201722
0.05645467633871443 -1.38832164611688080 -0.09580517643844753
0.05684409546587828 -1.39786344895851644 -0.09646391249097662
0.05723619658974628 -1.40747024426123080 -0.09712714119424357
0.05763099818169241 -1.41714246456693727 -0.09779489256958891
0.05802851884030608 -1.42688054508221929 -0.09846719682592006
0.05842877729226850 -1.43668492369082101 -0.09914408436064236
0.05883179239323479 -1.44655604096449686 -0.09982558576050110
0.05923758312872209 -1.45649434017533985 -0.10051173180250017
0.05964616861500417 -1.46650026730750271 -0.10120255345479488
0.06005756810001192 -1.47657427106801142 -0.10189808187753119
0.06047180096423987 -1.48671680289911867 -0.10259834842377195
0.06088888672165952 -1.49692831698922491 -0.10330338464034534
0.06130884502063842 -1.50720927028457830 -0.10401322226873592
0.06173169564486587 -1.51756012249993288 -0.10472789324592160
0.06215745851428463 -1.52798133613056120 -0.10544742970527983
0.06258615368602982 -1.53847337646232041 -0.10617186397739754
0.06301780135537340 -1.54903671158375111 -0.10690122859098353
0.06345242185667553 -1.55967181239649988 -0.10763555627369305
0.06389003566434281 -1.57037915262558259 -0.10837487995294751
0.06433066339379256 -1.58115920883114858 -0.10911923275683326
0.06477432580242388 -1.59201246041820443 -0.10986864801488859
0.06522104379059587 -1.60293938964767380 -0.11062315925896883
0.06567083840261197 -1.61394048164625126 -0.11138280022404230
0.06612373082771117 -1.62501622441703453 -0.11214760484902994
0.06657974240106661 -1.63616710884957928 -0.11291760727761410
0.06703889460479043 -1.64739362872954143 -0.11369284185902598
0.06750120906894577 -1.65869628074913034 -0.11447334314887861
0.06796670757256559 -1.67007556451599193 -0.11525914590991033
0.06843541204467901 -1.68153198256359260 -0.11605028511281651
0.06890734456534416 -1.69306604036006503 -0.11684679593699217
0.06938252736668807 -1.70467824631746900 -0.11764871377130147
0.06986098283395459 -1.71636911180131646 -0.11845607421486100
0.07034273350655847 -1.72813915113894678 -0.11926891307775754
0.07082780207914721 -1.73998888162845633 -0.12008726638180220
0.07131621140267042 -1.75191882354707595 -0.12091117036124989
0.07180798448545608 -1.76392950015985650 -0.12174066146353502
0.07230314449429440 -1.77602143772765442 -0.12257577634997677
0.07280171475552941 -1.78819516551466728 -0.12341655189644860
0.07330371875615763 -1.80045121579691081 -0.12426302519410824
0.07380918014493468 -1.81279012386927163 -0.12511523355004611
0.07431812273348896 -1.82521242805253237 -0.12597321448793458
0.07483057049744396 -1.83771866970113518 -0.12683700574871243
0.07534654757754738 -1.85030939320938992 -0.12770664529119213
0.07586607828080817 -1.86298514601849008 -0.12858217129270155
0.07638918708164215 -1.87574647862248511 -0.12946362214967977
0.07691589862302453 -1.88859394457424368 -0.13035103647826118
0.07744623771765087 -1.90152810049190601 -0.13124445311489358
0.07798022934910616 -1.91454950606363283 -0.13214391111686005
0.07851789867304167 -1.92765872405291305 -0.13304944976283156
0.07905927101835979 -1.94085632030395883 -0.13396110855342283
0.07960437188840763 -1.95414286374599966 -0.13487892721168981
0.08015322696217819 -1.96751892639742754 -0.13580294568361767
0.08070586209552016 -1.98098508337007084 -0.13673320413861248
0.08126230332235576 -1.99454191287248128 -0.13766974296994419
0.08182257685590748 -2.00818999621357897 -0.13861260279520476
0.08238670908993284 -2.02192991780517239 -0.13956182445670121
0.08295472659996748 -2.03576226516507086 -0.14051744902188915
0.08352665614457758 -2.04968762891855549 -0.14147951778370566
0.08410252466662016 -2.06370660280103602 -0.14244807226097386
0.08468235929451211 -2.07781978365862763 -0.14342315419868942
0.08526618734350867 -2.09202777144948859 -0.14440480556834667
0.08585403631698994 -2.10633116924478614 -0.14539306856824696
0.08644593390775629 -2.12073058322797525 -0.14638798562371030
0.08704190799933344 -2.13522662269537200 -0.14738959938735807
0.08764198666728568 -2.14981990005465340 -0.14839795273928191
0.08824619818053861 -2.16451103082419838 -0.14941308878725490
0.08885457100271059 -2.17930063363090820 -0.15043505086686174
0.08946713379345408 -2.19418933020832352 -0.15146388254163837
0.09008391540980545 -2.20917774539390077 -0.15249962760317121
0.09070494490754430 -2.22426650712536178 -0.15354233007113696
0.09133025154256254 -2.23945624643749497 -0.15459203419337109
0.09195986477224254 -2.25474759745695286 -0.15564878444582170
0.09259381425684444 -2.27014119739866560 -0.15671262553259066
0.09323212986090400 -2.28563768655894206 -0.15778360238579137
0.09387484165463919 -2.30123770831034191 -0.15886176016550274
0.09452197991536644 -2.31694190909433306 -0.15994714425959897
0.09517357512892761 -2.33275093841451575 -0.16103980028360718
0.09582965799112571 -2.34866544882841222 -0.16213977408048511
0.09649025940917109 -2.36468609593843793 -0.16324711172035350
0.09715541050313714 -2.38081353838322141 -0.16436185950024132
0.09782514260742688 -2.39704843782710197 -0.16548406394373089
0.09849948727224871 -2.41339145894945961 -0.16661377180059248
0.09917847626510250 -2.42984326943369622 -0.16775103004639316
0.09986214157227666 -2.44640453995407059 -0.16889588588198884
0.10055051540035467 -2.46307594416351883 -0.17004838673306516
0.10124363017773205 -2.47985815867956427 -0.17120858024957239
0.10194151855614454 -2.49675186306933483 -0.17237651430510653
0.10264421341220598 -2.51375773983469131 -0.17355223699629330
0.10335174784895693 -2.53087647439565266 -0.17473579664207642
0.10406415519742446 -2.54810875507300194 -0.17592724178295621
0.10478146901819221 -2.56545527307022425 -0.17712662118018999
0.10550372310298135 -2.58291672245506865 -0.17833398381496415
0.10623095147624222 -2.60049380013861109 -0.17954937888743025
0.10696318839675767 -2.61818720585510922 -0.18077285581577479
0.10770046835925672 -2.63599764213952037 -0.18200446423516270
0.10844282609603929 -2.65392581430497376 -0.18324425399666830
0.10919029657861286 -2.67197243041833632 -0.18449227516610070
0.10994291501933974 -2.69013820127564429 -0.18574857802281652
0.11070071687309559 -2.70842384037528028 -0.18701321305840343
0.11146373783894017 -2.72683006389127280 -0.18828623097536470
0.11223201386179885 -2.74535759064448737 -0.18956768268568608
0.11300558113415557 -2.76400714207309806 -0.19085761930935366
0.11378447609775848 -2.78277944220163054 -0.19215609217279178
0.11456873544533624 -2.80167521760907379 -0.19346315280724069
0.11535839612232673 -2.82069519739547125 -0.19477885294704705
0.11615349532861717 -2.83984011314708473 -0.19610324452787078
0.11695407052029710 -2.85911069890047020 -0.19743637968482450
0.11776015941142259 -2.87850769110534532 -0.19877831075053815
0.11857179997579269 -2.89803182858556063 -0.20012909025311940
0.11938903044873875 -2.91768385249895790 -0.20148877091403930
0.12021188932892556 -2.93746450629591660 -0.20285740564594304
0.12104041538016444 -2.95737453567594111 -0.20423504755034402
0.12187464763324013 -2.97741468854305857 -0.20562174991524670
0.12271462538774915 -2.99758571495967718 -0.20701756621267589
0.12356038821395075 -3.01788836709863206 -0.20842255009609920
0.12441197595463170 -3.03832339919358629 -0.20983675539775254
0.12526942872698282 -3.05889156748773727 -0.21126023612586073
0.12613278692448912 -3.07959363018117260 -0.21269304646177875
0.12700209121883205 -3.10043034737599754 -0.21413524075700124
0.12787738256180636 -3.12140248101961681 -0.21558687353005959
0.12875870218724889 -3.14251079484676676 -0.21704799946334233
0.12964609161298060 -3.16375605431877238 -0.21851867339975481
0.13053959264276330 -3.18513902656159686 -0.21999895033930131
0.13143924736826845 -3.20666048030163386 -0.22148888543553161
0.13234509817105980 -3.22832118579932015 -0.22298853399186058
0.13325718772459053 -3.25012191478088397 -0.22449795145777268
0.13417555899621331 -3.27206344036786589 -0.22601719342489260
0.13510025524920402 -3.29414653700450710 -0.22754631562292968
0.13603132004480051 -3.31637198038267966 -0.22908537391547329
0.13696879724425431 -3.33874054736499160 -0.23063442429567624
0.13791273101089702 -3.36125301590499381 -0.23219352288176986
0.13886316581222044 -3.38391016496553920 -0.23376272591246022
0.13982014642197194 -3.40671277443427423 -0.23534208974215587
0.14078371792226346 -3.42966162503666538 -0.23693167083604888
0.14175392570569484 -3.45275749824706146 -0.23853152576507108
0.14273081547749294 -3.47600117619591131 -0.24014171120062636
0.14371443325766448 -3.49939344157574039 -0.24176228390924090
0.14470482538316343 -3.52293507754322688 -0.24339330074698337
0.14570203851007471 -3.54662686761902934 -0.24503481865374654
0.14670611961581190 -3.57046959558485222 -0.24668689464736177
0.14771711600132961 -3.59446404537697184 -0.24834958581750236
0.14873507529335270 -3.61861100097745636 -0.25002294931944541
0.14976004544661942 -3.64291124630179519 -0.25170704236761671
0.15079207474614068 -3.66736556508370803 -0.25340192222896502
0.15183121180947412 -3.69197474075640386 -0.25510764621612447
0.15287750558901539 -3.71673955633123532 -0.25682427168041277
0.15393100537430371 -3.74166079427171550 -0.25855185600455838
0.15499176079434338 -3.76673923636571928 -0.26029045659530670
0.15605982181994271 -3.79197566359261806 -0.26204013087572964
0.15713523876606758 -3.81737085598811809 -0.26380093627738838
0.15821806229421123 -3.84292559250431109 -0.26557293023221029
0.15930834341478184 -3.86864065086683206 -0.26735617016418856
0.16040613348950503 -3.89451680742755402 -0.26915071348081360
0.16151148423384307 -3.92055483701378726 -0.27095661756428774
0.16262444771943196 -3.94675551277316705 -0.27277393976248265
0.16374507637653393 -3.97311960601427838 -0.27460273737963881
0.16487342299650756 -3.99964788604388133 -0.27644306766685106
0.16600954073429422 -4.02634111999863986 -0.27829498781223061
0.16715348311092296 -4.05320007267334947 -0.28015855493084735
0.16830530401603144 -4.08022550634439263 -0.28203382605438398
0.16946505771040399 -4.10741818058846686 -0.28392085812050266
0.17063279882852889 -4.13477885209678231 -0.28581970796193823
0.17180858238117150 -4.16230827448423746 -0.28773043229528317
0.17299246375796537 -4.19000719809401811 -0.28965308770949461
0.17418449873002248 -4.21787636979686997 -0.29158773065407845
0.17538474345256003 -4.24591653278519399 -0.29353441742695924
0.17659325446754551 -4.27412842636227008 -0.29549320416204855
0.17781008870636109 -4.30251278572560025 -0.29746414681646266
0.17903530349248506 -4.33107034174510552 -0.29944730115741924
0.18026895654419256 -4.35980182073576294 -0.30144272274879996
0.18151110597727393 -4.38870794422404931 -0.30345046693733480
0.18276181030777353 -4.41778942870894031 -0.30547058883845379
0.18402112845474572 -4.44704698541702559 -0.30750314332177797
0.18528911974303014 -4.47648132005083532 -0.30954818499620090
0.18656584390604733 -4.50609313253160071 -0.31160576819462660
0.18785136108861214 -4.53588311673528732 -0.31367594695829804
0.18914573184976669 -4.56585196022215722 -0.31575877502072969
0.19044901716563412 -4.59600034395942014 -0.31785430579122109
0.19176127843229071 -4.62632894203746226 -0.31996259233797447
0.19308257746865756 -4.65683842137866399 -0.32208368737076148
0.19441297651941386 -4.68752944143950234 -0.32421764322317759
0.19575253825792849 -4.71840265390489311 -0.32636451183442555
0.19710132578921277 -4.74945870237544554 -0.32852434473066222
0.19845940265289264 -4.78069822204685480 -0.33069719300586486
0.19982683282620289 -4.81212183938173244 -0.33288310730223680
0.20120368072700057 -4.84373017177319820 -0.33508213779010620
0.20259001121679915 -4.87552382720058830 -0.33729433414734467
0.20398588960382499 -4.90750340387668160 -0.33951974553826481
0.20539138164609347 -4.93966948988656895 -0.34175842059200540
0.20680655355450628 -4.97202266281773397 -0.34401040738038030
0.20823147199597156 -5.00456348938133555 -0.34627575339518657
0.20966620409654391 -5.03729252502433855 -0.34855450552495182
0.21111081744458601 -5.07021031353264728 -0.35084671003112844
0.21256538009395401 -5.10331738662430645 -0.35315241252368401
0.21402996056720233 -5.13661426353359296 -0.35547165793612417
0.21550462785881241 -5.17010145058488924 -0.35780449049989582
0.21698945143844184 -5.20377944075645082 -0.36015095371816763
0.21848450125419838 -5.23764871323424686 -0.36251109033899731
0.21998984773593447 -5.27170973295470624 -0.36488494232782592
0.22150556179856454 -5.30596295013725161 -0.36727255083933380
0.22303171484540685 -5.34040879980563954 -0.36967395618861915
0.22456837877154651 -5.37504770129789922 -0.37208919782166838
0.22611562596722207 -5.40988005776525593 -0.37451831428515109
0.22767352932123661 -5.44490625565888298 -0.37696134319546881
0.22924216222439106 -5.48012666420511785 -0.37941832120709090
0.23082159857294077 -5.51554163486809923 -0.38188928398011773
0.23241191277207801 -5.55115150080041531 -0.38437426614710407
0.23401317973943619 -5.58695657628039832 -0.38687330127906500
0.23562547490861963 -5.62295715613707703 -0.38938642185071420
0.23724887423275626 -5.65915351516139609 -0.39191365920486232
0.23888345418807699 -5.69554590750409151 -0.39445504351598942
0.24052929177751764 -5.73213456605967941 -0.39701060375296388
0.24218646453434586 -5.76891970183642133 -0.39958036764089089
0.24385505052581510 -5.80590150331159371 -0.40216436162206282
0.24553512835684130 -5.84308013577238050 -0.40476261081601500
0.24722677717370542 -5.88045574064140109 -0.40737513897863686
0.24893007666778313 -5.91802843478729468 -0.41000196846035708
0.25064510707929838 -5.95579830981917890 -0.41264312016333687
0.25237194920110279 -5.99376543136534057 -0.41529861349768649
0.25411068438248285 -6.03192983833583707 -0.41796846633668477
0.25586139453299134 -6.07029154216781208 -0.42065269497093616
0.25762416212630668 -6.10885052605463041 -0.42335131406151966
0.25939907020411690 -6.14760674415682562 -0.42606433659201781
0.26118620238003326 -6.18656012079595996 -0.42879177381948552
0.26298564284352799 -6.22571054963012926 -0.43153363522428240
0.26479747636390111 -6.26505789281099368 -0.43428992845876224
0.26662178829427297 -6.30460198012215134 -0.43706065929480387
0.26845866457560524 -6.34434260809819150 -0.43984583157014712
0.27030819174075138 -6.38427953912409407 -0.44264544713350901
0.27217045691852998 -6.42441250051491952 -0.44545950578847587
0.27404554783783092 -6.46474118357472349 -0.44828800523610857
0.27593355283174942 -6.50526524263504680 -0.45113094101627826
0.27783456084174468 -6.54598429407175075 -0.45398830644765842
0.27974866142183086 -6.58689791530076363 -0.45686009256640425
0.28167594474279772 -6.62800564375118029 -0.45974628806342904
0.28361650159645529 -6.66930697581642828 -0.46264687922031056
0.28557042339991229 -6.71080136578181996 -0.46556184984373467
0.28753780219988456 -6.75248822472940535 -0.46849118119852173
0.28951873067702744 -6.79436691941838777 -0.47143485193913420
0.29151330215030596 -6.83643677114159054 -0.47439283803969162
0.29352161058138737 -6.87869705455682556 -0.47736511272242177
0.29554375057906923 -6.92114699649329790 -0.48035164638455452
0.29757981740373779 -6.96378577473190408 -0.48335240652359118
0.29962990697185221 -7.00661251675962848 -0.48636735766095113
0.30169411586046524 -7.04962629849675171 -0.48939646126392816
0.30377254131177361 -7.09282614299718972 -0.49243967566596430
0.30586528123769657 -7.13621101912085809 -0.49549695598517529
0.30797243422448944 -7.17977984017762783 -0.49856825404110333
0.31009409953738992 -7.22353146254278133 -0.50165351826968307
0.31223037712529061 -7.26746468424261760 -0.50475269363634223
0.31438136762544966 -7.31157824351054053 -0.50786572154725262
0.31654717236823277 -7.35587081731252912 -0.51099253975866388
0.31872789338188390 -7.40034101984154269 -0.51413308228428733
0.32092363339733304 -7.44498740098045708 -0.51728727930070884
0.32313449585303744 -7.48980844473269336 -0.52045505705077333
0.32536058489985120 -7.53480256762029565 -0.52363633774492302
0.32760200540593343 -7.57996811704854956 -0.52683103946043675
0.32985886296168992 -7.62530336963681332 -0.53003907603854250
0.33213126388474412 -7.67080652951476072 -0.53326035697935392
0.33441931522494717 -7.71647572658363678 -0.53649478733460454
0.33672312476942301 -7.76230901474186119 -0.53974226759813770
0.33904280104764212 -7.80830437007402001 -0.54300269359408582
0.34137845333653621 -7.85445968900347680 -0.54627595636275506
0.34373019166564794 -7.90077278640701142 -0.54956194204411524
0.34609812682230995 -7.94724139369153448 -0.55286053175889005
0.34848237035686874 -7.99386315683201687 -0.55617160148719935
0.35088303458793546 -8.04063563436989526 -0.55949502194469647
0.35330023260767901 -8.08755629537166598 -0.56283065845618807
0.35573407828715525 -8.13462251734670438 -0.56617837082666800
0.35818468628166800 -8.18183158412373857 -0.56953801320972874
0.36065217203617167 -8.22918068368553968 -0.57290943397332106
0.36313665179071219 -8.27666690596107557 -0.57629247556281094
0.36563824258589855 -8.32428724057418279 -0.57968697436127092
0.36815706226841882 -8.37203857454884037 -0.58309276054700798
0.37069322949659317 -8.41991768996972567 -0.58650965794824383
0.37324686374596050 -8.46792126159759029 -0.58993748389491318
0.37581808531490823 -8.51604585443927675 -0.59337604906756414
0.37840701533034138 -8.56428792127104721 -0.59682515734327668
0.38101377575338496 -8.61264380011512287 -0.60028460563858610
0.38363848938513134 -8.66110971166855492 -0.60375418374935408
0.38628127987242716 -8.70968175668408584 -0.60723367418755858
0.38894227171369411 -8.75835591330201702 -0.61072285201494048
0.39162159026479615 -8.80712803433278957 -0.61422148467347848
0.39431936174494664 -8.85599384448970106 -0.61772933181265766
0.39703571324265036 -8.90494893757084505 -0.62124614511346121
0.39977077272169265 -8.95398877359027523 -0.62477166810908646
0.40252466902716960 -9.00310867585734442 -0.62830563600230993
0.40529753189155343 -9.05230382800378131 -0.63184777547947013
0.40808949194080635 -9.10156927095838064 -0.63539780452104966
0.41090068070053642 -9.15089989986835306 -0.63895543220879802
0.41373123060218814 -9.20029046096686010 -0.64252035852934819
0.41658127498928715 -9.24973554838687484 -0.64609227417433757
0.41945094812371697 -9.29922960092003592 -0.64967086033693611
0.42234038519204559 -9.34876689872090871 -0.65325578850480337
0.42524972231189667 -9.39834155995579934 -0.65684672024940982
0.42817909653835690 -9.44794753739586923 -0.66044330701169873
0.43112864587043542 -9.49757861495434952 -0.66404518988406891
0.43409850925756621 -9.54722840416753371 -0.66765199938864517
0.43708882660614989 -9.59689034061917923 -0.67126335525180525
0.44009973878614655 -9.64655768030816496 -0.67487886617494530
0.44313138763771442 -9.69622349595959854 -0.67849812960148015
0.44618391597788670 -9.74588067327850105 -0.68212073148001762
0.44925746760730267 -9.79552190714681714 -0.68574624602373824
0.45235218731698318 -9.84513969776323350 -0.68937423546593890
0.45546822089514793 -9.89472634672594786 -0.69300424981173325
0.45860571513408505 -9.94427395305861950 -0.69663582658591183
0.46176481783706874 -9.99377440917953486 -0.70026849057695095
0.46494567782531782 -10.04321939681421227 -0.70390175357716800
0.46814844494500796 -10.09260038285191996 -0.70753511411903725
0.47137327007433427 -10.14190861514617303 -0.71116805720766052
0.47462030513061321 -10.19113511826001073 -0.71480005404941427
0.47788970307744211 -10.24027068915627758 -0.71843056177678588
0.48118161793190767 -10.28930589283384656 -0.72205902316942661
0.48449620477183586 -10.33823105791021568 -0.72568486637143526
0.48783361974310091 -10.38703627215134695 -0.72930750460491123
0.49119402006698276 -10.43571137795001036 -0.73292633587982969
0.49457756404756831 -10.48424596775305773 -0.73654074270024639
0.49798441107921515 -10.53262937943947719 -0.74015009176692925
0.50141472165405510 -10.58085069164968672 -0.74375373367642195
0.50486865736955655 -10.62889871906836703 -0.74735100261665532
0.50834638093614049 -10.67676200766166517 -0.75094121605914266
0.51184805618483975 -10.72442882987062340 -0.75452367444784207
0.51537384807502007 -10.77188717976291699 -0.75809766088479502
0.51892392270215304 -10.81912476814466295 -0.76166244081262124
0.52249844730563633 -10.86612901763427885 -0.76521726169396764
0.52609759027667324 -10.91288705770113943 -0.76876135268805112
0.52972152116621019 -10.95938571967118591 -0.77229392432440491
0.53337041069291669 -11.00561153170225381 -0.77581416817396109
0.53704443075123121 -11.05155071373212472 -0.77932125651763318
0.54074375441946221 -11.09718917240231661 -0.78281434201254996
0.54446855596793509 -11.14251249596079241 -0.78629255735610093
0.54821901086720481 -11.18750594914742180 -0.78975501494800204
0.55199529579632578 -11.23215446806580964 -0.79320080655056635
0.55579758865116813 -11.27644265504539511 -0.79662900294738526
0.55962606855280195 -11.32035477349835872 -0.80003865360066240
0.56348091585593751 -11.36387474277583109 -0.80342878630744230
0.56736231215741650 -11.40698613302809150 -0.80679840685497650
0.57127044030476937 -11.44967216007412425 -0.81014649867552502
0.57520548440483177 -11.49191568028590460 -0.81347202250087713
0.57916762983241210 -11.53369918549294049 -0.81677391601688876
0.58315706323902683 -11.57500479791380421 -0.82005109351840944
0.58717397256169712 -11.61581426512038107 -0.82330244556490306
0.59121854703179433 -11.65610895504213929 -0.82652683863716414
0.59529097718396295 -11.69586985101752852 -0.82972311479552185
0.59939145486508971 -11.73507754689997995 -0.83289009133993652
0.60352017324334362 -11.77371224222665624 -0.83602656047244117
0.60767732681727959 -11.81175373745834634 -0.83913128896239308
0.61186311142499428 -11.84918142929935669 -0.84220301781501883
0.61607772425335505 -11.88597430610665917 -0.84524046194377211
0.62032136384729264 -11.92211094339849886 -0.84824230984707205
0.62459423011914772 -11.95756949947208625 -0.85120722328995058
0.62889652435809140 -11.99232771114185070 -0.85413383699125944
0.63322844923961197 -12.02636288960925981 -0.85702075831704516
0.63759020883505479 -12.05965191647626433 -0.85986656698076813
0.64198200862124022 -12.09217123991465037 -0.86266981475106175
0.64640405549014601 -12.12389687100457536 -0.86542902516776787
0.65085655775864737 -12.15480438025591070 -0.86814269326702398
0.65533972517833383 -12.18486889432653975 -0.87080928531619772
0.65985376894539371 -12.21406509295287535 -0.87342723855953064
0.66439890171055649 -12.24236720610779017 -0.87599496097535068
0.66897533758911365 -12.26974901140282981 -0.87851083104581118
0.67358329217100954 -12.29618383175125551 -0.88097319754009795
0.67822298253098967 -12.32164453330995713 -0.88338037931211977
0.68289462723883121 -12.34610352371867315 -0.88573066511374721
0.68759844636964218 -12.36953275065607905 -0.88802231342470250
0.69233466151422274 -12.39190370073235314 -0.89025355230022507
0.69710349578950681 -12.41318739873977606 -0.89242257923774360
0.70190517384907669 -12.43335440728278840 -0.89452756106378428
0.70673992189373802 -12.45237482681023167 -0.89656663384240998
0.71160796768218526 -12.47021829607345289 -0.89853790280655887
0.71650954054172245 -12.48685399303480992 -0.90043944231368345
0.72144487137907043 -12.50225063625173050 -0.90226929582714210
0.72641419269124807 -12.51637648676306114 -0.90402547592488336
0.73141773857651804 -12.52919935050470990 -0.90570596433697659
0.73645574474541731 -12.54068658128357328 -0.90730871201366325
0.74152844853186650 -12.55080508433835540 -0.90883163922558774
0.74663608890434163 -12.55952132051832315 -0.91027263569799688
0.75177890647713608 -12.56680131111141208 -0.91162956078073243
0.75695714352169929 -12.57261064335402168 -0.91290024365589317
0.76217104397804170 -12.57691447665672690 -0.91408248358514932
0.76742085346623079 -12.57967754957990536 -0.91517405019869313
0.77270681929796636 -12.58086418759620351 -0.91617268382797046
0.77802919048822172 -12.58043831167629278 -0.91707609588431527
0.78338821776697964 -12.57836344773621384 -0.91788196928572940
0.78878415359104803 -12.57460273698614373 -0.91858795893412859
0.79421725215594319 -12.56911894722073697 -0.91919169224540231
0.79968776940787090 -12.56187448509318472 -0.91969076973476083
0.80519596305578611 -12.55283140941565634 -0.92008276565986757
0.81074209258352603 -12.54195144553062669 -0.92036522872436644
0.81632641926203720 -12.52919600079828477 -0.92053568284446663
0.82194920616168921 -12.51452618124640814 -0.92059162798131211
0.82761071816465814 -12.49790280943092036 -0.92053054104197340
0.83331122197740892 -12.47928644355559946 -0.92034987685192859
0.83905098614326490 -12.45863739790104319 -0.92004706920199109
0.84483028105504709 -12.43591576461440695 -0.91961953197272894
0.85064937896782500 -12.41108143691196553 -0.91906466033946888
0.85650855401173109 -12.38409413374778367 -0.91837983206103802
0.86240808220487908 -12.35491342600352382 -0.91756240885551954
0.86834824146637202 -12.32349876425421975 -0.91660973786628797
0.87432931162938499 -12.28980950816680107 -0.91551915322170385
0.88035157445435230 -12.25380495758904331 -0.91428797769191861
0.88641531364224579 -12.21544438538644961 -0.91291352444623119
0.89252081484793000 -12.17468707208716872 -0.91139309891459286
0.89866836569362407 -12.13149234239386054 -0.90972400075681215
0.90485825578245527 -12.08581960362351637 -0.90790352594311741
0.91109077671209349 -12.03762838613647546 -0.90592896894978359
0.91736622208849117 -11.98687838581557408 -0.90379762507350192
0.92368488753972133 -11.93352950865800288 -0.90150679286828961
0.93004707072989290 -11.87754191754197741 -0.89905377670870945
0.93645307137317935 -11.81887608123038014 -0.89643588948319164
0.94290319124794220 -11.75749282567402076 -0.89365045542129040
0.94939773421093754 -11.69335338767688270 -0.89069481305868947
0.95593700621163524 -11.62641947098499173 -0.88756631834376709
0.96252131530663754 -11.55665330486088038 -0.88426234788953650
0.96915097167417996 -11.48401770520456289 -0.88078030237474259
0.97582628762874912 -11.40847613828071516 -0.87711761009784917
0.98254757763580092 -11.32999278711163527 -0.87327173068763453
0.98931515832656336 -11.24853262059358094 -0.86924015897403417
0.99612934851295887 -11.16406146539281430 -0.86502042902280418
1.00299046920262747 -11.07654608067589486 -0.86061011833749224
1.00989884361403748 -10.98595423572714758 -0.85600685223212081
1.01685479719172500 -10.89225479050270806 -0.85120830837781725
1.02385865762161421 -10.79541777916994327 -0.84621222152658049
1.03091075484645822 -10.69541449667578981 -0.84101638841512261
1.03801142108138866 -10.59221758838606675 -0.83561867285162506
1.04516099082955427 -10.48580114283352316 -0.83001701098803693
1.05235980089788472 -10.37614078760784864 -0.82420941678030268
1.05960819041296261 -10.26321378841714882 -0.81819398763869866
1.06690650083698868 -10.14699915134566233 -0.81196891027021800
1.07425507598387227 -10.02747772832598905 -0.80553246671457990
1.08165426203543413 -9.90463232583956454 -0.79888304057520765
1.08910440755770344 -9.77844781685247177 -0.79201912344614811
1.09660586351734346 -9.64891125598643207 -0.78493932153551749
1.10415898329819151 -9.51601199791763364 -0.77764236248566343
1.11176412271789449 -9.37974181898913884 -0.77012710238985571
1.11942164004467637 -9.24009504201224630 -0.76239253300474452
1.12713189601422270 -9.09706866422450844 -0.75443778915740833
1.13489525384666146 -8.95066248836227807 -0.74626215634526527
1.14271207926368090 -8.80087925679430327 -0.73786507852649619
1.15058274050576292 -8.64772478865247862 -0.72924616609804760
1.15850760834951960 -8.49120811988446178 -0.72040520405765296
1.16648705612516523 -8.33134164613903216 -0.71134216034553188
1.17452145973411026 -8.16814126838296595 -0.70205719436076408
1.18261119766665646 -8.00162654113371907 -0.69255066564650947
1.19075665101983330 -7.83182082317706918 -0.68282314273740918
1.19895820351535809 -7.65875143062324337 -0.67287541216162439
1.20721624151769702 -7.48244979213942152 -0.66270848758908052
1.21553115405228396 -7.30295160617708916 -0.65232361911640724
1.22390333282383090 -7.12029699999711063 -0.64172230267817176
1.23233317223478811 -6.93453069027369118 -0.63090628957278394
1.24082106940393033 -6.74570214503987930 -0.61987759609040205
1.24936742418505098 -6.55386574671652777 -0.60863851322899676
1.25797263918580571 -6.35908095594293066 -0.59719161648338548
1.26663711978668481 -6.16141247590666197 -0.58553977569087190
1.27536127416009770 -5.96093041684564984 -0.57368616491573488
1.28414551328960691 -5.75771046037000467 -0.56163427235336350
1.29299025098929765 -5.55183402322696651 -0.54938791023344402
1.30189590392325605 -5.34338842010566939 -0.53695122470010015
1.31086289162520631 -5.13246702504990182 -0.52432870564523937
1.31989163651828068 -4.91916943102024806 -0.51152519646983752
1.32898256393490533 -4.70360160711813524 -0.49854590374623703
1.33813610213684386 -4.48587605295276148 -0.48539640675271234
1.34735268233538008 -4.26611194960339191 -0.47208266684993228
1.35663273871161705 -4.04443530659740347 -0.45861103666709424
1.36597670843693786 -3.82097910429212950 -0.44498826906363675
1.37538503169360782 -3.59588343101675179 -0.43122152583060375
1.38485815169549564 -3.36929561429789448 -0.41731838609385080
1.39439651470896098 -3.14137034545742955 -0.40328685437923995
1.40400057007388401 -2.91226979683909137 -0.38913536829811607
1.41367077022481880 -2.68216373088628046 -0.37487280580937699
1.42340757071231394 -2.45122960025734749 -0.36050849201233048
1.43321143022438102 -2.21965263813314984 -0.34605220542269560
1.44308281060808552 -1.98762593783655350 -0.33151418368205449
1.45302217689132229 -1.75535052084865173 -0.31690512864899434
1.46302999730470673 -1.52303539227575802 -0.30223621081838403
1.47310674330363889 -1.29089758278582689 -0.28751907301312352
1.48325288959052193 -1.05916217600312046 -0.27276583329093396
1.49346891413710736 -0.82806232031879556 -0.25798908700690742
1.50375529820702170 -0.59783922404365375 -0.24320190797063154
1.51411252637844407 -0.36874213280399298 -0.22841784863519299
1.52454108656692022 -0.14102828805324008 -0.21365093925363410
1.53504147004835301 0.08503713445229036 -0.19891568593694670
1.54561417148215696 0.30918110738671495 -0.18422706754633661
1.55625968893454147 0.53112285698945427 -0.16960053135129033
1.56697852390198511 0.75057399181227102 -0.15505198738378137
1.57777118133486671 0.96723865630098182 -0.14059780141816072
1.58863816966123794 1.18081371044454264 -0.12625478650554592
1.59958000081078100 1.39098893673086565 -0.11204019299097934
1.61059719023893511 1.59744727564966915 -0.09797169694141783
1.62169025695116265 1.79986509097854008 -0.08406738691268947
1.63285972352740405 1.99791246608222983 -0.07034574898371160
1.64410611614670854 2.19125353243906806 -0.05682564998700164
1.65542996461200076 2.37954683158893188 -0.04352631886544633
1.66683180237505080 2.56244571167154644 -0.03046732608652241
1.67831216656161164 2.73959875968918887 -0.01766856104695304
1.68987159799670472 2.91065027058667569 -0.00515020740292004
1.70151064123010665 3.07524075419403786 0.00706728373659911
1.71322984456201199 3.23300748101816504 0.01896322281263112
1.72502976006884090 3.38358506780332391 0.03051671307087505
1.73691094362927045 3.52660610370643646 0.04170668412001315
1.74887395495040243 3.66170181784392224 0.05251192784058566
1.76091935759413643 3.78850278887352676 0.06291113668632632
1.77304771900373059 3.90663969716544957 0.07288294441387531
1.78525961053051230 4.01574411999835590 0.08240596927029845
1.79755560746080478 4.11544937008591916 0.09145885966073310
1.80993628904303661 4.20539137759605453 0.10002034231056005
1.82240223851501071 4.28520961566844960 0.10806927292787029
1.83495404313138932 4.35454806926851035 0.11558468936275683
1.84759229419136894 4.41305624703208110 0.12254586724975683
1.86031758706651473 4.46039023555946379 0.12893237810890384
1.87313052122882051 4.49791838548477063 0.13477869254381100
1.88603170027895439 4.52720705344618413 0.14013050324490117
1.89902173197467894 4.54822433822354544 0.14498499730635300
1.91210122825948781 4.56095125945036450 0.14934008263506957
1.92527080529144534 4.56538228753345088 0.15319441722726929
1.93853108347219338 4.56152566829951045 0.15654743130478338
1.95188268747618587 4.54940387860404094 0.15939935348090001
1.96532624628012798 4.52905429228588563 0.16175124437215488
1.97886239319258661 4.50052936379646162 0.16360501299131977
1.99249176588383281 4.46389699956877095 0.16496343910217601
2.00621500641589323 4.41924107367648134 0.16583020062218121
2.02003276127277731 4.36666171240139533 0.16620989226257851
2.03394568139093934 4.30627563503335686 0.16610804574344995
2.04795442218995793 4.23821645575627670 0.16553114809741740
2.06205964360338356 4.16263495647612292 0.16448665836843124
2.07626201010985856 4.07969932738907382 0.16298302253589161
2.09056219076439209 3.98959537235351824 0.16102968650175647
2.10496085922989185 3.89252667648495621 0.15863710699083464
2.11945869380890795 3.78871473300417572 0.15581676019816545
2.13405637747556742 3.67839902650204431 0.15258114802155456
2.14875459790775691 3.56183706961186042 0.14894380170959276
2.16355404751953095 3.43930439012556421 0.14491928275654464
2.17845542349370769 3.31109446557915277 0.14052318087458660
2.19345942781472392 3.17751860223823224 0.13577210886963939
2.20856676730171486 3.03890575549166586 0.13068369425003029
2.22377815364179110 2.89560228869411063 0.12527656739872525
2.23909430342357307 2.74797166743707155 0.11957034613756054
2.25451593817096496 2.59639408636871494 0.11358561651832026
2.27004378437711551 2.44126602576268015 0.10734390967972576
2.28567857353866044 2.28299973502071785 0.10086767460972573
2.30142104219018861 2.12202264051278267 0.09418024666310967
2.31727193193891834 1.95877667528917265 0.08730581169173826
2.33323198949964450 1.79371752825428765 0.08026936564885033
2.34930196672992908 1.62731381068567682 0.07309666954382622
2.36548262066549286 1.46004613818886941 0.06581419963531948
2.38177471355589265 1.29240612630690799 0.05844909275899518
2.39817901290044277 1.12489529838492386 0.05102908670597514
2.41469629148434395 0.95802390458053732 0.04358245558437622
2.43132732741510260 0.79230965113191520 0.03613794010979007
2.44807290415919843 0.62827633947125550 0.02872467279581271
2.46493381057896288 0.46645241512845709 0.02137209803608946
2.48191084096977521 0.30736942673126855 0.01410988709021431
2.49900479509745121 0.15156039597293572 0.00696784801630808
2.51621647823593220 0.00000000000000000 0.00000000000000000
2.53354670120523284 0.00000000000000000 0.00000000000000000
2.55099628040961113 0.00000000000000000 0.00000000000000000
2.56856603787604332 0.00000000000000000 0.00000000000000000
2.58625680129295965 0.00000000000000000 0.00000000000000000
2.60406940404921050 0.00000000000000000 0.00000000000000000
2.62200468527333941 0.00000000000000000 0.00000000000000000
2.64006348987312522 0.00000000000000000 0.00000000000000000
2.65824666857535963 0.00000000000000000 0.00000000000000000
2.67655507796593595 0.00000000000000000 0.00000000000000000
2.69498958053021731 0.00000000000000000 0.00000000000000000
2.71355104469363706 0.00000000000000000 0.00000000000000000
2.73224034486262513 0.00000000000000000 0.00000000000000000
2.75105836146581328 0.00000000000000000 0.00000000000000000
2.77000598099548245 0.00000000000000000 0.00000000000000000
2.78908409604933905 0.00000000000000000 0.00000000000000000
2.80829360537257955 0.00000000000000000 0.00000000000000000
2.82763541390019668 0.00000000000000000 0.00000000000000000
2.84711043279962883 0.00000000000000000 0.00000000000000000
2.86671957951369549 0.00000000000000000 0.00000000000000000
2.88646377780378760 0.00000000000000000 0.00000000000000000
2.90634395779340204 0.00000000000000000 0.00000000000000000
2.92636105601196883 0.00000000000000000 0.00000000000000000
2.94651601543894071 0.00000000000000000 0.00000000000000000
2.96680978554825137 0.00000000000000000 0.00000000000000000
2.98724332235300905 0.00000000000000000 0.00000000000000000
3.00781758845055025 0.00000000000000000 0.00000000000000000
3.02853355306780125 0.00000000000000000 0.00000000000000000
3.04939219210690604 0.00000000000000000 0.00000000000000000
3.07039448819121263 0.00000000000000000 0.00000000000000000
3.09154143071158360 0.00000000000000000 0.00000000000000000
3.11283401587297037 0.00000000000000000 0.00000000000000000
3.13427324674135965 0.00000000000000000 0.00000000000000000
3.15586013329104409 0.00000000000000000 0.00000000000000000
3.17759569245216467 0.00000000000000000 0.00000000000000000
3.19948094815863815 0.00000000000000000 0.00000000000000000
3.22151693139640605 0.00000000000000000 0.00000000000000000
3.24370468025197134 0.00000000000000000 0.00000000000000000
3.26604523996131801 0.00000000000000000 0.00000000000000000
3.28853966295916722 0.00000000000000000 0.00000000000000000
3.31118900892852341 0.00000000000000000 0.00000000000000000
3.33399434485060953 0.00000000000000000 0.00000000000000000
3.35695674505515118 0.00000000000000000 0.00000000000000000
3.38007729127094736 0.00000000000000000 0.00000000000000000
3.40335707267685450 0.00000000000000000 0.00000000000000000
3.42679718595310590 0.00000000000000000 0.00000000000000000
3.45039873533294417 0.00000000000000000 0.00000000000000000
3.47416283265465609 0.00000000000000000 0.00000000000000000
3.49809059741397022 0.00000000000000000 0.00000000000000000
3.52218315681675032 0.00000000000000000 0.00000000000000000
3.54644164583214483 0.00000000000000000 0.00000000000000000
3.57086720724601214 0.00000000000000000 0.00000000000000000
3.59546099171477529 0.00000000000000000 0.00000000000000000
3.62022415781964479 0.00000000000000000 0.00000000000000000
3.64515787212116038 0.00000000000000000 0.00000000000000000
3.67026330921416610 0.00000000000000000 0.00000000000000000
3.69554165178316163 0.00000000000000000 0.00000000000000000
3.72099409065798081 0.00000000000000000 0.00000000000000000
3.74662182486990636 0.00000000000000000 0.00000000000000000
3.77242606170817796 0.00000000000000000 0.00000000000000000
3.79840801677682238 0.00000000000000000 0.00000000000000000
3.82456891405194277 0.00000000000000000 0.00000000000000000
3.85090998593939648 0.00000000000000000 0.00000000000000000
3.87743247333281227 0.00000000000000000 0.00000000000000000
3.90413762567206657 0.00000000000000000 0.00000000000000000
3.93102670100216622 0.00000000000000000 0.00000000000000000
3.95810096603246819 0.00000000000000000 0.00000000000000000
3.98536169619637626 0.00000000000000000 0.00000000000000000
4.01281017571144627 0.00000000000000000 0.00000000000000000
4.04044769763983957 0.00000000000000000 0.00000000000000000
4.06827556394925782 0.00000000000000000 0.00000000000000000
4.09629508557430455 0.00000000000000000 0.00000000000000000
4.12450758247818960 0.00000000000000000 0.00000000000000000
4.15291438371494248 0.00000000000000000 0.00000000000000000
4.18151682749203335 0.00000000000000000 0.00000000000000000
4.21031626123337333 0.00000000000000000 0.00000000000000000
4.23931404164284142 0.00000000000000000 0.00000000000000000
4.26851153476814815 0.00000000000000000 0.00000000000000000
4.29791011606521067 0.00000000000000000 0.00000000000000000
4.32751117046297207 0.00000000000000000 0.00000000000000000
4.35731609242859541 0.00000000000000000 0.00000000000000000
4.38732628603318098 0.00000000000000000 0.00000000000000000
4.41754316501793021 0.00000000000000000 0.00000000000000000
4.44796815286070313 0.00000000000000000 0.00000000000000000
4.47860268284309537 0.00000000000000000 0.00000000000000000
4.50944819811798503 0.00000000000000000 0.00000000000000000
4.54050615177746941 0.00000000000000000 0.00000000000000000
4.57177800692133918 0.00000000000000000 0.00000000000000000
4.60326523672603471 0.00000000000000000 0.00000000000000000
4.63496932451398713 0.00000000000000000 0.00000000000000000
4.66689176382352855 0.00000000000000000 0.00000000000000000
4.69903405847926958 0.00000000000000000 0.00000000000000000
4.73139772266289604 0.00000000000000000 0.00000000000000000
4.76398428098452786 0.00000000000000000 0.00000000000000000
4.79679526855455585 0.00000000000000000 0.00000000000000000
4.82983223105592252 0.00000000000000000 0.00000000000000000
4.86309672481695010 0.00000000000000000 0.00000000000000000
4.89659031688469248 0.00000000000000000 0.00000000000000000
4.93031458509869847 0.00000000000000000 0.00000000000000000
4.96427111816537092 0.00000000000000000 0.00000000000000000
4.99846151573283315 0.00000000000000000 0.00000000000000000
5.03288738846622596 0.00000000000000000 0.00000000000000000
5.06755035812365673 0.00000000000000000 0.00000000000000000
5.10245205763253029 0.00000000000000000 0.00000000000000000
5.13759413116650521 0.00000000000000000 0.00000000000000000
5.17297823422297665 0.00000000000000000 0.00000000000000000
5.20860603370100783 0.00000000000000000 0.00000000000000000
5.24447920797988143 0.00000000000000000 0.00000000000000000
5.28059944699819717 0.00000000000000000 0.00000000000000000
5.31696845233342508 0.00000000000000000 0.00000000000000000
5.35358793728209381 0.00000000000000000 0.00000000000000000
5.39045962694052694 0.00000000000000000 0.00000000000000000
5.42758525828605887 0.00000000000000000 0.00000000000000000
5.46496658025888138 0.00000000000000000 0.00000000000000000
5.50260535384447369 0.00000000000000000 0.00000000000000000
5.54050335215649259 0.00000000000000000 0.00000000000000000
5.57866236052033670 0.00000000000000000 0.00000000000000000
5.61708417655727565 0.00000000000000000 0.00000000000000000
5.65577061026908012 0.00000000000000000 0.00000000000000000
5.69472348412331364 0.00000000000000000 0.00000000000000000
5.73394463313921854 0.00000000000000000 0.00000000000000000
5.77343590497410020 0.00000000000000000 0.00000000000000000
5.81319916001040049 0.00000000000000000 0.00000000000000000
5.85323627144336545 0.00000000000000000 0.00000000000000000
5.89354912536922804 0.00000000000000000 0.00000000000000000
5.93413962087409441 0.00000000000000000 0.00000000000000000
5.97500967012343231 0.00000000000000000 0.00000000000000000
6.01616119845208175 0.00000000000000000 0.00000000000000000
6.05759614445503924 0.00000000000000000 0.00000000000000000
6.09931646007870754 0.00000000000000000 0.00000000000000000
6.14132411071287976 0.00000000000000000 0.00000000000000000
6.18362107528336136 0.00000000000000000 0.00000000000000000
6.22620934634512757 0.00000000000000000 0.00000000000000000
6.26909093017622254 0.00000000000000000 0.00000000000000000
6.31226784687230946 0.00000000000000000 0.00000000000000000
6.35574213044176251 0.00000000000000000 0.00000000000000000
6.39951582890152437 0.00000000000000000 0.00000000000000000
6.44359100437361665 0.00000000000000000 0.00000000000000000
6.48796973318221504 0.00000000000000000 0.00000000000000000
6.53265410595150353 0.00000000000000000 0.00000000000000000
6.57764622770418317 0.00000000000000000 0.00000000000000000
6.62294821796058031 0.00000000000000000 0.00000000000000000
6.66856221083852052 0.00000000000000000 0.00000000000000000
6.71449035515390236 0.00000000000000000 0.00000000000000000
6.76073481452185465 0.00000000000000000 0.00000000000000000
6.80729776745870030 0.00000000000000000 0.00000000000000000
6.85418140748460925 0.00000000000000000 0.00000000000000000
6.90138794322687321 0.00000000000000000 0.00000000000000000
6.94891959852397711 0.00000000000000000 0.00000000000000000
6.99677861253040323 0.00000000000000000 0.00000000000000000
7.04496723982204198 0.00000000000000000 0.00000000000000000
7.09348775050243230 0.00000000000000000 0.00000000000000000
7.14234243030975069 0.00000000000000000 0.00000000000000000
7.19153358072439097 0.00000000000000000 0.00000000000000000
7.24106351907749612 0.00000000000000000 0.00000000000000000
7.29093457866002304 0.00000000000000000 0.00000000000000000
7.34114910883271410 0.00000000000000000 0.00000000000000000
7.39170947513679444 0.00000000000000000 0.00000000000000000
7.44261805940534860 0.00000000000000000 0.00000000000000000
7.49387725987554987 0.00000000000000000 0.00000000000000000
7.54548949130168989 0.00000000000000000 0.00000000000000000
7.59745718506884682 0.00000000000000000 0.00000000000000000
7.64978278930746658 0.00000000000000000 0.00000000000000000
7.70246876900873456 0.00000000000000000 0.00000000000000000
7.75551760614061170 0.00000000000000000 0.00000000000000000
7.80893179976480489 0.00000000000000000 0.00000000000000000
7.86271386615452528 0.00000000000000000 0.00000000000000000
7.91686633891295788 0.00000000000000000 0.00000000000000000
7.97139176909264169 0.00000000000000000 0.00000000000000000
8.02629272531570415 0.00000000000000000 0.00000000000000000
8.08157179389476887 0.00000000000000000 0.00000000000000000
8.13723157895484306 0.00000000000000000 0.00000000000000000
8.19327470255603352 0.00000000000000000 0.00000000000000000
8.24970380481698484 0.00000000000000000 0.00000000000000000
8.30652154403929366 0.00000000000000000 0.00000000000000000
8.36373059683278619 0.00000000000000000 0.00000000000000000
8.42133365824150992 0.00000000000000000 0.00000000000000000
8.47933344187075200 0.00000000000000000 0.00000000000000000
8.53773268001491026 0.00000000000000000 0.00000000000000000
8.59653412378610682 0.00000000000000000 0.00000000000000000
8.65574054324390119 0.00000000000000000 0.00000000000000000
8.71535472752569795 0.00000000000000000 0.00000000000000000
8.77537948497815989 0.00000000000000000 0.00000000000000000
8.83581764328957142 0.00000000000000000 0.00000000000000000
8.89667204962294100 0.00000000000000000 0.00000000000000000
8.95794557075018716 0.00000000000000000 0.00000000000000000
9.01964109318722329 0.00000000000000000 0.00000000000000000
9.08176152332984898 0.00000000000000000 0.00000000000000000
9.14430978759071600 0.00000000000000000 0.00000000000000000
9.20728883253723041 0.00000000000000000 0.00000000000000000
9.27070162503026651 0.00000000000000000 0.00000000000000000
9.33455115236398569 0.00000000000000000 0.00000000000000000
9.39884042240660378 0.00000000000000000 0.00000000000000000
9.46357246374199690 0.00000000000000000 0.00000000000000000
9.52875032581242287 0.00000000000000000 0.00000000000000000
9.59437707906221782 0.00000000000000000 0.00000000000000000
9.66045581508235429 0.00000000000000000 0.00000000000000000
9.72698964675612210 0.00000000000000000 0.00000000000000000
9.79398170840582871 0.00000000000000000 0.00000000000000000
9.86143515594034170 0.00000000000000000 0.00000000000000000
9.92935316700382486 0.00000000000000000 0.00000000000000000
9.99773894112547623 0.00000000000000000 0.00000000000000000
10.06659569987014713 0.00000000000000000 0.00000000000000000
10.13592668699016741 0.00000000000000000 0.00000000000000000
10.20573516857819385 0.00000000000000000 0.00000000000000000
10.27602443322096626 0.00000000000000000 0.00000000000000000
10.34679779215434792 0.00000000000000000 0.00000000000000000
10.41805857941921332 0.00000000000000000 0.00000000000000000
10.48981015201854206 0.00000000000000000 0.00000000000000000
10.56205589007563006 0.00000000000000000 0.00000000000000000
10.63479919699321208 0.00000000000000000 0.00000000000000000
10.70804349961384183 0.00000000000000000 0.00000000000000000
10.78179224838138772 0.00000000000000000 0.00000000000000000
10.85604891750345935 0.00000000000000000 0.00000000000000000
10.93081700511513965 0.00000000000000000 0.00000000000000000
11.00610003344382370 0.00000000000000000 0.00000000000000000
11.08190154897503987 0.00000000000000000 0.00000000000000000
11.15822512261957122 0.00000000000000000 0.00000000000000000
11.23507434988173870 0.00000000000000000 0.00000000000000000
11.31245285102866305 0.00000000000000000 0.00000000000000000
11.39036427126086970 0.00000000000000000 0.00000000000000000
11.46881228088406779 0.00000000000000000 0.00000000000000000
11.54780057548193817 0.00000000000000000 0.00000000000000000
11.62733287609027499 0.00000000000000000 0.00000000000000000
11.70741292937236366 0.00000000000000000 0.00000000000000000
11.78804450779532864 0.00000000000000000 0.00000000000000000
11.86923140980793434 0.00000000000000000 0.00000000000000000
11.95097746001958150 0.00000000000000000 0.00000000000000000
12.03328650938034805 0.00000000000000000 0.00000000000000000
12.11616243536247062 0.00000000000000000 0.00000000000000000
12.19960914214307124 0.00000000000000000 0.00000000000000000
12.28363056078792503 0.00000000000000000 0.00000000000000000
12.36823064943682482 0.00000000000000000 0.00000000000000000
12.45341339348988541 0.00000000000000000 0.00000000000000000
12.53918280579536493 0.00000000000000000 0.00000000000000000
12.62554292683876156 0.00000000000000000 0.00000000000000000
12.71249782493303115 0.00000000000000000 0.00000000000000000
12.80005159641030055 0.00000000000000000 0.00000000000000000
12.88820836581490603 0.00000000000000000 0.00000000000000000
12.97697228609757403 0.00000000000000000 0.00000000000000000
13.06634753881110811 0.00000000000000000 0.00000000000000000
13.15633833430746158 0.00000000000000000 0.00000000000000000
13.24694891193594515 0.00000000000000000 0.00000000000000000
13.33818354024298891 0.00000000000000000 0.00000000000000000
13.43004651717330766 0.00000000000000000 0.00000000000000000
13.52254217027224570 0.00000000000000000 0.00000000000000000
13.61567485688968482 0.00000000000000000 0.00000000000000000
13.70944896438540361 0.00000000000000000 0.00000000000000000
13.80386891033561803 0.00000000000000000 0.00000000000000000
13.89893914274114195 0.00000000000000000 0.00000000000000000
13.99466414023702043 0.00000000000000000 0.00000000000000000
14.09104841230335481 0.00000000000000000 0.00000000000000000
14.18809649947781004 0.00000000000000000 0.00000000000000000
14.28581297356959823 0.00000000000000000 0.00000000000000000
14.38420243787468600 0.00000000000000000 0.00000000000000000
14.48326952739274454 0.00000000000000000 0.00000000000000000
14.58301890904555620 0.00000000000000000 0.00000000000000000
14.68345528189669658 0.00000000000000000 0.00000000000000000
14.78458337737311012 0.00000000000000000 0.00000000000000000
14.88640795948781026 0.00000000000000000 0.00000000000000000
14.98893382506439842 0.00000000000000000 0.00000000000000000
15.09216580396309659 0.00000000000000000 0.00000000000000000
15.19610875930813876 0.00000000000000000 0.00000000000000000
15.30076758771692269 0.00000000000000000 0.00000000000000000
15.40614721953078536 0.00000000000000000 0.00000000000000000
15.51225261904708930 0.00000000000000000 0.00000000000000000
15.61908878475316698 0.00000000000000000 0.00000000000000000
15.72666074956188353 0.00000000000000000 0.00000000000000000
15.83497358104856190 0.00000000000000000 0.00000000000000000
15.94403238168977666 0.00000000000000000 0.00000000000000000
16.05384228910383726 0.00000000000000000 0.00000000000000000
16.16440847629262834 0.00000000000000000 0.00000000000000000
16.27573615188538625 0.00000000000000000 0.00000000000000000
16.38783056038416674 0.00000000000000000 0.00000000000000000
16.50069698241071947 0.00000000000000000 0.00000000000000000
16.61434073495536978 0.00000000000000000 0.00000000000000000
16.72876717162753124 0.00000000000000000 0.00000000000000000
16.84398168290777775 0.00000000000000000 0.00000000000000000
16.95998969640185550 0.00000000000000000 0.00000000000000000
17.07679667709644278 0.00000000000000000 0.00000000000000000
17.19440812761645176 0.00000000000000000 0.00000000000000000
17.31282958848430553 0.00000000000000000 0.00000000000000000
17.43206663838105897 0.00000000000000000 0.00000000000000000
17.55212489440898693 0.00000000000000000 0.00000000000000000
17.67301001235643199 0.00000000000000000 0.00000000000000000
17.79472768696403406 0.00000000000000000 0.00000000000000000
17.91728365219310604 0.00000000000000000 0.00000000000000000
18.04068368149582469 0.00000000000000000 0.00000000000000000
18.16493358808703462 0.00000000000000000 0.00000000000000000
18.29003922521819092 0.00000000000000000 0.00000000000000000
18.41600648645320959 0.00000000000000000 0.00000000000000000
18.54284130594588476 0.00000000000000000 0.00000000000000000
18.67054965871956540 0.00000000000000000 0.00000000000000000
18.79913756094870436 0.00000000000000000 0.00000000000000000
18.92861107024209844 0.00000000000000000 0.00000000000000000
19.05897628592832760 0.00000000000000000 0.00000000000000000
19.19023934934321218 0.00000000000000000 0.00000000000000000
19.32240644411890074 0.00000000000000000 0.00000000000000000
19.45548379647529202 0.00000000000000000 0.00000000000000000
19.58947767551343233 0.00000000000000000 0.00000000000000000
19.72439439351064294 0.00000000000000000 0.00000000000000000
19.86024030621799952 0.00000000000000000 0.00000000000000000
19.99702181315981875 0.00000000000000000 0.00000000000000000
20.13474535793495690 0.00000000000000000 0.00000000000000000
20.27341742852043538 0.00000000000000000 0.00000000000000000
20.41304455757720504 0.00000000000000000 0.00000000000000000
20.55363332275766908 0.00000000000000000 0.00000000000000000
20.69519034701566085 0.00000000000000000 0.00000000000000000
20.83772229891854622 0.00000000000000000 0.00000000000000000
20.98123589296111646 0.00000000000000000 0.00000000000000000
21.12573788988219903 0.00000000000000000 0.00000000000000000
21.27123509698287762 0.00000000000000000 0.00000000000000000
21.41773436844730227 0.00000000000000000 0.00000000000000000
21.56524260566567719 0.00000000000000000 0.00000000000000000
21.71376675755915642 0.00000000000000000 0.00000000000000000
21.86331382090732234 0.00000000000000000 0.00000000000000000
22.01389084067788815 0.00000000000000000 0.00000000000000000
22.16550491035836856 0.00000000000000000 0.00000000000000000
22.31816317229034397 0.00000000000000000 0.00000000000000000
22.47187281800605874 0.00000000000000000 0.00000000000000000
22.62664108856695222 0.00000000000000000 0.00000000000000000
22.78247527490490754 0.00000000000000000 0.00000000000000000
22.93938271816583452 0.00000000000000000 0.00000000000000000
23.09737081005526349 0.00000000000000000 0.00000000000000000
23.25644699318666753 0.00000000000000000 0.00000000000000000
23.41661876143221122 0.00000000000000000 0.00000000000000000
23.57789366027551736 0.00000000000000000 0.00000000000000000
23.74027928716727942 0.00000000000000000 0.00000000000000000
23.90378329188323292 0.00000000000000000 0.00000000000000000
24.06841337688434734 0.00000000000000000 0.00000000000000000
24.23417729767975004 0.00000000000000000 0.00000000000000000
24.40108286319222586 0.00000000000000000 0.00000000000000000
24.56913793612584485 0.00000000000000000 0.00000000000000000
24.73835043333644990 0.00000000000000000 0.00000000000000000
24.90872832620479116 0.00000000000000000 0.00000000000000000
25.08027964101170326 0.00000000000000000 0.00000000000000000
25.25301245931659011 0.00000000000000000 0.00000000000000000
25.42693491833779973 0.00000000000000000 0.00000000000000000
25.60205521133612194 0.00000000000000000 0.00000000000000000
25.77838158800087243 0.00000000000000000 0.00000000000000000
25.95592235483826826 0.00000000000000000 0.00000000000000000
26.13468587556286593 0.00000000000000000 0.00000000000000000
26.31468057149170292 0.00000000000000000 0.00000000000000000
26.49591492194075215 0.00000000000000000 0.00000000000000000
26.67839746462448147 0.00000000000000000 0.00000000000000000
26.86213679605822335 0.00000000000000000 0.00000000000000000
27.04714157196285029 0.00000000000000000 0.00000000000000000
27.23342050767267608 0.00000000000000000 0.00000000000000000
27.42098237854617082 0.00000000000000000 0.00000000000000000
27.60983602037906337 0.00000000000000000 0.00000000000000000
27.79999032982073714 0.00000000000000000 0.00000000000000000
27.99145426479347520 0.00000000000000000 0.00000000000000000
28.18423684491418513 0.00000000000000000 0.00000000000000000
28.37834715191940305 0.00000000000000000 0.00000000000000000
28.57379433009332814 0.00000000000000000 0.00000000000000000
28.77058758669825522 0.00000000000000000 0.00000000000000000
28.96873619240848896 0.00000000000000000 0.00000000000000000
29.16824948174722820 0.00000000000000000 0.00000000000000000
29.36913685352597270 0.00000000000000000 0.00000000000000000
29.57140777128746478 0.00000000000000000 0.00000000000000000
29.77507176375166154 0.00000000000000000 0.00000000000000000
29.98013842526423645 0.00000000000000000 0.00000000000000000
30.18661741624899619 0.00000000000000000 0.00000000000000000
30.39451846366259957 0.00000000000000000 0.00000000000000000
30.60385136145291085 0.00000000000000000 0.00000000000000000
30.81462597102058965 0.00000000000000000 0.00000000000000000
31.02685222168328139 0.00000000000000000 0.00000000000000000
31.24054011114357010 0.00000000000000000 0.00000000000000000
31.45569970596010023 0.00000000000000000 0.00000000000000000
31.67234114202147310 0.00000000000000000 0.00000000000000000
31.89047462502390218 0.00000000000000000 0.00000000000000000
32.11011043095216166 0.00000000000000000 0.00000000000000000
32.33125890656335599 0.00000000000000000 0.00000000000000000
32.55393046987445160 0.00000000000000000 0.00000000000000000
32.77813561065330106 0.00000000000000000 0.00000000000000000
33.00388489091239563 0.00000000000000000 0.00000000000000000
33.23118894540665735 0.00000000000000000 0.00000000000000000
33.46005848213456346 0.00000000000000000 0.00000000000000000
33.69050428284223386 0.00000000000000000 0.00000000000000000
33.92253720353155444 0.00000000000000000 0.00000000000000000
34.15616817497173940 0.00000000000000000 0.00000000000000000
34.39140820321391345 0.00000000000000000 0.00000000000000000
34.62826837010977243 0.00000000000000000 0.00000000000000000
34.86675983383382516 0.00000000000000000 0.00000000000000000
35.10689382940867631 0.00000000000000000 0.00000000000000000
35.34868166923443766 0.00000000000000000 0.00000000000000000
35.59213474362190510 0.00000000000000000 0.00000000000000000
35.83726452132862050 0.00000000000000000 0.00000000000000000
36.08408255009970134 0.00000000000000000 0.00000000000000000
36.33260045721140585 0.00000000000000000 0.00000000000000000
36.58282995001901128 0.00000000000000000 0.00000000000000000
36.83478281650860708 0.00000000000000000 0.00000000000000000
37.08847092585194360 0.00000000000000000 0.00000000000000000
37.34390622896582812 0.00000000000000000 0.00000000000000000
37.60110075907528682 0.00000000000000000 0.00000000000000000
37.86006663228003788 0.00000000000000000 0.00000000000000000
38.12081604812546942 0.00000000000000000 0.00000000000000000
38.38336129017754672 0.00000000000000000 0.00000000000000000
38.64771472660106610 0.00000000000000000 0.00000000000000000
38.91388881074252026 0.00000000000000000 0.00000000000000000
39.18189608171694260 0.00000000000000000 0.00000000000000000
39.45174916499820483 0.00000000000000000 0.00000000000000000
39.72346077301400413 0.00000000000000000 0.00000000000000000
39.99704370574492174 0.00000000000000000 0.00000000000000000
40.27251085132701292 0.00000000000000000 0.00000000000000000
40.54987518665913626 0.00000000000000000 0.00000000000000000
40.82914977801451073 0.00000000000000000 0.00000000000000000
41.11034778165581827 0.00000000000000000 0.00000000000000000
41.39348244445520209 0.00000000000000000 0.00000000000000000
41.67856710451849267 0.00000000000000000 0.00000000000000000
41.96561519181314992 0.00000000000000000 0.00000000000000000
42.25464022880114356 0.00000000000000000 0.00000000000000000
42.54565583107618920 0.00000000000000000 0.00000000000000000
42.83867570800463653 0.00000000000000000 0.00000000000000000
43.13371366337192114 0.00000000000000000 0.00000000000000000
43.43078359603229188 0.00000000000000000 0.00000000000000000
43.72989950056381758 0.00000000000000000 0.00000000000000000
44.03107546792784888 0.00000000000000000 0.00000000000000000
44.33432568613240932 0.00000000000000000 0.00000000000000000
44.63966444090076635 0.00000000000000000 0.00000000000000000
44.94710611634466346 0.00000000000000000 0.00000000000000000
45.25666519564148160 0.00000000000000000 0.00000000000000000
45.56835626171672260 0.00000000000000000 0.00000000000000000
45.88219399793127451 0.00000000000000000 0.00000000000000000
46.19819318877259207 0.00000000000000000 0.00000000000000000
46.51636872055146199 0.00000000000000000 0.00000000000000000
46.83673558210352894 0.00000000000000000 0.00000000000000000
47.15930886549484313 0.00000000000000000 0.00000000000000000
47.48410376673314204 0.00000000000000000 0.00000000000000000
47.81113558648395667 0.00000000000000000 0.00000000000000000
48.14041973079085324 0.00000000000000000 0.00000000000000000
48.47197171180150121 0.00000000000000000 0.00000000000000000
48.80580714849863710 0.00000000000000000 0.00000000000000000
49.14194176743541220 0.00000000000000000 0.00000000000000000
49.48039140347642473 0.00000000000000000 0.00000000000000000
49.82117200054399575 0.00000000000000000 0.00000000000000000
50.16429961236871549 0.00000000000000000 0.00000000000000000
50.50979040324599367 0.00000000000000000 0.00000000000000000
50.85766064879778270 0.00000000000000000 0.00000000000000000
51.20792673673872031 0.00000000000000000 0.00000000000000000
51.56060516764880930 0.00000000000000000 0.00000000000000000
51.91571255575011179 0.00000000000000000 0.00000000000000000
52.27326562968973178 0.00000000000000000 0.00000000000000000
52.63328123332806285 0.00000000000000000 0.00000000000000000
52.99577632653188175 0.00000000000000000 0.00000000000000000
53.36076798597342474 0.00000000000000000 0.00000000000000000
53.72827340593521939 0.00000000000000000 0.00000000000000000
54.09830989911951349 0.00000000000000000 0.00000000000000000
54.47089489746409896 0.00000000000000000 0.00000000000000000
54.84604595296382712 0.00000000000000000 0.00000000000000000
55.22378073849689883 0.00000000000000000 0.00000000000000000
55.60411704865762061 0.00000000000000000 0.00000000000000000
55.98707280059507951 0.00000000000000000 0.00000000000000000
56.37266603485656447 0.00000000000000000 0.00000000000000000
56.76091491623769514 0.00000000000000000 0.00000000000000000
57.15183773463848382 0.00000000000000000 0.00000000000000000
57.54545290592436402 0.00000000000000000 0.00000000000000000
57.94177897279396205 0.00000000000000000 0.00000000000000000
58.34083460565301493 0.00000000000000000 0.00000000000000000
58.74263860349324062 0.00000000000000000 0.00000000000000000
59.14720989477827118 0.00000000000000000 0.00000000000000000
59.55456753833561123 0.00000000000000000 0.00000000000000000
59.96473072425391138 0.00000000000000000 0.00000000000000000
60.37771877478727589 0.00000000000000000 0.00000000000000000
60.79355114526580195 0.00000000000000000 0.00000000000000000
61.21224742501138394 0.00000000000000000 0.00000000000000000
61.63382733826140480 0.00000000000000000 0.00000000000000000
62.05831074509711698 0.00000000000000000 0.00000000000000000
62.48571764237959769 0.00000000000000000 0.00000000000000000
62.91606816469209207 0.00000000000000000 0.00000000000000000
63.34938258528783450 0.00000000000000000 0.00000000000000000
63.78568131704546573 0.00000000000000000 0.00000000000000000
64.22498491343100113 0.00000000000000000 0.00000000000000000
64.66731406946533411 0.00000000000000000 0.00000000000000000
65.11268962269959104 0.00000000000000000 0.00000000000000000
65.56113255419701602 0.00000000000000000 0.00000000000000000
66.01266398952071768 0.00000000000000000 0.00000000000000000
66.46730519972919637 0.00000000000000000 0.00000000000000000
66.92507760237876369 0.00000000000000000 0.00000000000000000
67.38600276253178833 0.00000000000000000 0.00000000000000000
67.85010239377291441 0.00000000000000000 0.00000000000000000
68.31739835923238502 0.00000000000000000 0.00000000000000000
68.78791267261519238 0.00000000000000000 0.00000000000000000
69.26166749923855548 0.00000000000000000 0.00000000000000000
69.73868515707637528 0.00000000000000000 0.00000000000000000
70.21898811780998528 0.00000000000000000 0.00000000000000000
70.70259900788697394 0.00000000000000000 0.00000000000000000
71.18954060958763819 0.00000000000000000 0.00000000000000000
71.67983586209734881 0.00000000000000000 0.00000000000000000
72.17350786258761275 0.00000000000000000 0.00000000000000000
72.67057986730449670 0.00000000000000000 0.00000000000000000
73.17107529266338872 0.00000000000000000 0.00000000000000000
73.67501771635303953 0.00000000000000000 0.00000000000000000
74.18243087844544448 0.00000000000000000 0.00000000000000000
74.69333868251453623 0.00000000000000000 0.00000000000000000
75.20776519676272187 0.00000000000000000 0.00000000000000000
75.72573465515387170 0.00000000000000000 0.00000000000000000
76.24727145855528931 0.00000000000000000 0.00000000000000000
76.77240017588772503 0.00000000000000000 0.00000000000000000
77.30114554528189785 0.00000000000000000 0.00000000000000000
77.83353247524428298 0.00000000000000000 0.00000000000000000
78.36958604583098520 0.00000000000000000 0.00000000000000000
78.90933150982831989 0.00000000000000000 0.00000000000000000
79.45279429394295789 0.00000000000000000 0.00000000000000000
80.00000000000002842 0.00000000000000000 0.00000000000000000
