0.00000000000000000 0.00000000000000006 -0.00000000000000132
0.00000060603270582 0.00000002701347113 -0.00000058579861951
0.00000121623926342 0.00000005421298870 -0.00000117563173517
0.00000183064841884 0.00000008159983403 -0.00000176952713324
0.00000244928911611 0.00000010917529730 -0.00000236751279137
0.00000307219049857 0.00000013694067753 -0.00000296961687990
0.00000369938191031 0.00000016489728273 -0.00000357586776315
0.00000433089289749 0.00000019304642989 -0.00000418629400083
0.00000496675320978 0.00000022138944509 -0.00000480092434932
0.00000560699280172 0.00000024992766352 -0.00000541978776307
0.00000625164183417 0.00000027866242958 -0.00000604291339592
0.00000690073067572 0.00000030759509693 -0.00000667033060252
0.00000755428990408 0.00000033672702856 -0.00000730206893967
0.00000821235030760 0.00000036605959682 -0.00000793815816775
0.00000887494288662 0.00000039559418355 -0.00000857862825211
0.00000954209885504 0.00000042533218006 -0.00000922350936445
0.00001021384964169 0.00000045527498729 -0.00000987283188429
0.00001089022689190 0.00000048542401580 -0.00001052662640038
0.00001157126246890 0.00000051578068587 -0.00001118492371212
0.00001225698845539 0.00000054634642756 -0.00001184775483105
0.00001294743715505 0.00000057712268079 -0.00001251515098229
0.00001364264109400 0.00000060811089538 -0.00001318714360600
0.00001434263302241 0.00000063931253115 -0.00001386376435889
0.00001504744591597 0.00000067072905798 -0.00001454504511567
0.00001575711297752 0.00000070236195584 -0.00001523101797062
0.00001647166763854 0.00000073421271493 -0.00001592171523902
0.00001719114356077 0.00000076628283569 -0.00001661716945873
0.00001791557463778 0.00000079857382890 -0.00001731741339169
0.00001864499499659 0.00000083108721576 -0.00001802248002549
0.00001937943899923 0.00000086382452792 -0.00001873240257491
0.00002011894124442 0.00000089678730760 -0.00001944721448348
0.00002086353656913 0.00000092997710763 -0.00002016694942507
0.00002161326005029 0.00000096339549154 -0.00002089164130545
0.00002236814700639 0.00000099704403363 -0.00002162132426393
0.00002312823299918 0.00000103092431903 -0.00002235603267493
0.00002389355383531 0.00000106503794380 -0.00002309580114960
0.00002466414556806 0.00000109938651500 -0.00002384066453750
0.00002544004449901 0.00000113397165073 -0.00002459065792816
0.00002622128717973 0.00000116879498025 -0.00002534581665281
0.00002700791041356 0.00000120385814406 -0.00002610617628600
0.00002779995125730 0.00000123916279392 -0.00002687177264729
0.00002859744702296 0.00000127471059300 -0.00002764264180294
0.00002940043527952 0.00000131050321591 -0.00002841882006760
0.00003020895385472 0.00000134654234879 -0.00002920034400602
0.00003102304083682 0.00000138282968939 -0.00002998725043479
0.00003184273457640 0.00000141936694717 -0.00003077957642405
0.00003266807368816 0.00000145615584335 -0.00003157735929927
0.00003349909705276 0.00000149319811101 -0.00003238063664296
0.00003433584381862 0.00000153049549516 -0.00003318944629648
0.00003517835340380 0.00000156804975282 -0.00003400382636181
0.00003602666549782 0.00000160586265314 -0.00003482381520335
0.00003688082006357 0.00000164393597744 -0.00003564945144971
0.00003774085733916 0.00000168227151928 -0.00003648077399556
0.00003860681783982 0.00000172087108462 -0.00003731782200343
0.00003947874235983 0.00000175973649183 -0.00003816063490557
0.00004035667197442 0.00000179886957180 -0.00003900925240581
0.00004124064804171 0.00000183827216805 -0.00003986371448143
0.00004213071220466 0.00000187794613678 -0.00004072406138504
0.00004302690639304 0.00000191789334698 -0.00004159033364648
0.00004392927282539 0.00000195811568051 -0.00004246257207471
0.00004483785401101 0.00000199861503220 -0.00004334081775977
0.00004575269275200 0.00000203939330991 -0.00004422511207468
0.00004667383214520 0.00000208045243465 -0.00004511549667740
0.00004760131558430 0.00000212179434068 -0.00004601201351283
0.00004853518676184 0.00000216342097555 -0.00004691470481470
0.00004947548967128 0.00000220533430024 -0.00004782361310765
0.00005042226860905 0.00000224753628923 -0.00004873878120917
0.00005137556817669 0.00000229002893060 -0.00004966025223167
0.00005233543328290 0.00000233281422613 -0.00005058806958446
0.00005330190914567 0.00000237589419138 -0.00005152227697583
0.00005427504129443 0.00000241927085578 -0.00005246291841508
0.00005525487557217 0.00000246294626276 -0.00005341003821463
0.00005624145813759 0.00000250692246981 -0.00005436368099208
0.00005723483546734 0.00000255120154858 -0.00005532389167231
0.00005823505435811 0.00000259578558502 -0.00005629071548962
0.00005924216192892 0.00000264067667941 -0.00005726419798985
0.00006025620562330 0.00000268587694652 -0.00005824438503250
0.00006127723321152 0.00000273138851567 -0.00005923132279293
0.00006230529279288 0.00000277721353086 -0.00006022505776451
0.00006334043279791 0.00000282335415084 -0.00006122563676084
0.00006438270199072 0.00000286981254923 -0.00006223310691789
0.00006543214947126 0.00000291659091464 -0.00006324751569632
0.00006648882467762 0.00000296369145073 -0.00006426891088361
0.00006755277738841 0.00000301111637634 -0.00006529734059639
0.00006862405772505 0.00000305886792560 -0.00006633285328266
0.00006970271615417 0.00000310694834803 -0.00006737549772412
0.00007078880348996 0.00000315535990863 -0.00006842532303840
0.00007188237089658 0.00000320410488801 -0.00006948237868143
0.00007298346989057 0.00000325318558248 -0.00007054671444977
0.00007409215234328 0.00000330260430417 -0.00007161838048291
0.00007520847048328 0.00000335236338113 -0.00007269742726566
0.00007633247689889 0.00000340246515744 -0.00007378390563056
0.00007746422454057 0.00000345291199334 -0.00007487786676020
0.00007860376672349 0.00000350370626532 -0.00007597936218972
0.00007975115712999 0.00000355485036621 -0.00007708844380914
0.00008090644981215 0.00000360634670537 -0.00007820516386590
0.00008206969919430 0.00000365819770871 -0.00007932957496727
0.00008324096007561 0.00000371040581886 -0.00008046173008281
0.00008442028763265 0.00000376297349529 -0.00008160168254691
0.00008560773742201 0.00000381590321438 -0.00008274948606129
0.00008680336538291 0.00000386919746959 -0.00008390519469751
0.00008800722783983 0.00000392285877155 -0.00008506886289955
0.00008921938150515 0.00000397688964816 -0.00008624054548633
0.00009043988348186 0.00000403129264476 -0.00008742029765433
0.00009166879126623 0.00000408607032419 -0.00008860817498018
0.00009290616275050 0.00000414122526696 -0.00008980423342328
0.00009415205622562 0.00000419676007135 -0.00009100852932843
0.00009540653038403 0.00000425267735354 -0.00009222111942849
0.00009666964432236 0.00000430897974771 -0.00009344206084703
0.00009794145754428 0.00000436566990620 -0.00009467141110107
0.00009922202996325 0.00000442275049961 -0.00009590922810374
0.00010051142190536 0.00000448022421693 -0.00009715557016703
0.00010180969411221 0.00000453809376567 -0.00009841049600456
0.00010311690774369 0.00000459636187199 -0.00009967406473428
0.00010443312438095 0.00000465503128083 -0.00010094633588134
0.00010575840602925 0.00000471410475604 -0.00010222736938081
0.00010709281512086 0.00000477358508047 -0.00010351722558058
0.00010843641451808 0.00000483347505618 -0.00010481596524415
0.00010978926751612 0.00000489377750451 -0.00010612364955350
0.00011115143784613 0.00000495449526622 -0.00010744034011201
0.00011252298967817 0.00000501563120165 -0.00010876609894730
0.00011390398762428 0.00000507718819084 -0.00011010098851421
0.00011529449674147 0.00000513916913366 -0.00011144507169772
0.00011669458253481 0.00000520157694994 -0.00011279841181589
0.00011810431096053 0.00000526441457964 -0.00011416107262289
0.00011952374842909 0.00000532768498297 -0.00011553311831194
0.00012095296180836 0.00000539139114050 -0.00011691461351842
0.00012239201842671 0.00000545553605336 -0.00011830562332283
0.00012384098607623 0.00000552012274332 -0.00011970621325390
0.00012529993301590 0.00000558515425299 -0.00012111644929167
0.00012676892797482 0.00000565063364591 -0.00012253639787061
0.00012824804015542 0.00000571656400673 -0.00012396612588271
0.00012973733923676 0.00000578294844136 -0.00012540570068069
0.00013123689537777 0.00000584979007706 -0.00012685519008111
0.00013274677922061 0.00000591709206268 -0.00012831466236762
0.00013426706189393 0.00000598485756871 -0.00012978418629414
0.00013579781501627 0.00000605308978750 -0.00013126383108811
0.00013733911069942 0.00000612179193339 -0.00013275366645377
0.00013889102155182 0.00000619096724284 -0.00013425376257541
0.00014045362068197 0.00000626061897462 -0.00013576419012069
0.00014202698170187 0.00000633075040993 -0.00013728502024399
0.00014361117873053 0.00000640136485257 -0.00013881632458973
0.00014520628639740 0.00000647246562909 -0.00014035817529576
0.00014681237984592 0.00000654405608897 -0.00014191064499677
0.00014842953473709 0.00000661613960473 -0.00014347380682768
0.00015005782725295 0.00000668871957215 -0.00014504773442711
0.00015169733410024 0.00000676179941036 -0.00014663250194087
0.00015334813251402 0.00000683538256207 -0.00014822818402538
0.00015501030026123 0.00000690947249368 -0.00014983485585128
0.00015668391564445 0.00000698407269548 -0.00015145259310689
0.00015836905750551 0.00000705918668178 -0.00015308147200183
0.00016006580522926 0.00000713481799112 -0.00015472156927059
0.00016177423874727 0.00000721097018637 -0.00015637296217613
0.00016349443854163 0.00000728764685499 -0.00015803572851356
0.00016522648564871 0.00000736485160910 -0.00015970994661376
0.00016697046166299 0.00000744258808572 -0.00016139569534710
0.00016872644874093 0.00000752085994692 -0.00016309305412714
0.00017049452960478 0.00000759967087998 -0.00016480210291439
0.00017227478754653 0.00000767902459760 -0.00016652292222006
0.00017406730643183 0.00000775892483801 -0.00016825559310983
0.00017587217070391 0.00000783937536523 -0.00017000019720775
0.00017768946538756 0.00000792037996916 -0.00017175681669997
0.00017951927609319 0.00000800194246584 -0.00017352553433873
0.00018136168902080 0.00000808406669757 -0.00017530643344616
0.00018321679096405 0.00000816675653311 -0.00017709959791826
0.00018508466931440 0.00000825001586788 -0.00017890511222885
0.00018696541206516 0.00000833384862413 -0.00018072306143353
0.00018885910781567 0.00000841825875110 -0.00018255353117368
0.00019076584577548 0.00000850325022524 -0.00018439660768054
0.00019268571576853 0.00000858882705041 -0.00018625237777923
0.00019461880823741 0.00000867499325801 -0.00018812092889283
0.00019656521424759 0.00000876175290722 -0.00019000234904657
0.00019852502549171 0.00000884911008518 -0.00019189672687187
0.00020049833429394 0.00000893706890718 -0.00019380415161063
0.00020248523361429 0.00000902563351684 -0.00019572471311934
0.00020448581705300 0.00000911480808634 -0.00019765850187335
0.00020650017885496 0.00000920459681656 -0.00019960560897116
0.00020852841391413 0.00000929500393735 -0.00020156612613867
0.00021057061777803 0.00000938603370767 -0.00020354014573350
0.00021262688665221 0.00000947769041581 -0.00020552776074939
0.00021469731740485 0.00000956997837961 -0.00020752906482052
0.00021678200757123 0.00000966290194663 -0.00020954415222596
0.00021888105535840 0.00000975646549439 -0.00021157311789410
0.00022099455964977 0.00000985067343055 -0.00021361605740712
0.00022312262000977 0.00000994553019312 -0.00021567306700550
0.00022526533668857 0.00001004104025069 -0.00021774424359254
0.00022742281062675 0.00001013720810261 -0.00021982968473895
0.00022959514346012 0.00001023403827923 -0.00022192948868741
0.00023178243752444 0.00001033153534210 -0.00022404375435724
0.00023398479586029 0.00001042970388417 -0.00022617258134902
0.00023620232221791 0.00001052854853006 -0.00022831606994931
0.00023843512106208 0.00001062807393619 -0.00023047432113538
0.00024068329757706 0.00001072828479109 -0.00023264743657993
0.00024294695767150 0.00001082918581557 -0.00023483551865592
0.00024522620798350 0.00001093078176294 -0.00023703867044135
0.00024752115588558 0.00001103307741927 -0.00023925699572418
0.00024983190948974 0.00001113607760356 -0.00024149059900714
0.00025215857765257 0.00001123978716804 -0.00024373958551273
0.00025450126998040 0.00001134421099832 -0.00024600406118813
0.00025686009683441 0.00001144935401369 -0.00024828413271018
0.00025923516933586 0.00001155522116730 -0.00025057990749046
0.00026162659937133 0.00001166181744641 -0.00025289149368029
0.00026403449959799 0.00001176914787264 -0.00025521900017589
0.00026645898344887 0.00001187721750220 -0.00025756253662343
0.00026890016513825 0.00001198603142611 -0.00025992221342427
0.00027135815966704 0.00001209559477046 -0.00026229814174012
0.00027383308282816 0.00001220591269663 -0.00026469043349829
0.00027632505121202 0.00001231699040158 -0.00026709920139694
0.00027883418221200 0.00001242883311802 -0.00026952455891045
0.00028136059403001 0.00001254144611473 -0.00027196662029468
0.00028390440568202 0.00001265483469678 -0.00027442550059242
0.00028646573700369 0.00001276900420574 -0.00027690131563880
0.00028904470865600 0.00001288396002001 -0.00027939418206671
0.00029164144213096 0.00001299970755500 -0.00028190421731232
0.00029425605975730 0.00001311625226345 -0.00028443153962063
0.00029688868470626 0.00001323359963563 -0.00028697626805101
0.00029953944099738 0.00001335175519962 -0.00028953852248282
0.00030220845350433 0.00001347072452159 -0.00029211842362107
0.00030489584796083 0.00001359051320604 -0.00029471609300207
0.00030760175096652 0.00001371112689606 -0.00029733165299921
0.00031032628999299 0.00001383257127361 -0.00029996522682869
0.00031306959338972 0.00001395485205978 -0.00030261693855530
0.00031583179039017 0.00001407797501507 -0.00030528691309835
0.00031861301111784 0.00001420194593966 -0.00030797527623744
0.00032141338659243 0.00001432677067365 -0.00031068215461850
0.00032423304873599 0.00001445245509740 -0.00031340767575966
0.00032707213037912 0.00001457900513172 -0.00031615196805734
0.00032993076526727 0.00001470642673825 -0.00031891516079222
0.00033280908806701 0.00001483472591965 -0.00032169738413540
0.00033570723437240 0.00001496390871994 -0.00032449876915448
0.00033862534071132 0.00001509398122477 -0.00032731944781976
0.00034156354455197 0.00001522494956168 -0.00033015955301048
0.00034452198430932 0.00001535681990044 -0.00033301921852103
0.00034750079935162 0.00001548959845330 -0.00033589857906727
0.00035050013000696 0.00001562329147528 -0.00033879777029291
0.00035352011756991 0.00001575790526451 -0.00034171692877585
0.00035656090430816 0.00001589344616247 -0.00034465619203466
0.00035962263346922 0.00001602992055434 -0.00034761569853502
0.00036270544928716 0.00001616733486924 -0.00035059558769626
0.00036580949698943 0.00001630569558061 -0.00035359599989796
0.00036893492280368 0.00001644500920645 -0.00035661707648648
0.00037208187396465 0.00001658528230964 -0.00035965895978173
0.00037525049872113 0.00001672652149829 -0.00036272179308376
0.00037844094634289 0.00001686873342600 -0.00036580572067961
0.00038165336712778 0.00001701192479221 -0.00036891088785005
0.00038488791240876 0.00001715610234248 -0.00037203744087644
0.00038814473456106 0.00001730127286884 -0.00037518552704762
0.00039142398700932 0.00001744744321010 -0.00037835529466685
0.00039472582423487 0.00001759462025217 -0.00038154689305880
0.00039805040178297 0.00001774281092838 -0.00038476047257657
0.00040139787627014 0.00001789202221981 -0.00038799618460881
0.00040476840539154 0.00001804226115563 -0.00039125418158681
0.00040816214792842 0.00001819353481342 -0.00039453461699171
0.00041157926375558 0.00001834585031948 -0.00039783764536169
0.00041501991384890 0.00001849921484923 -0.00040116342229933
0.00041848426029293 0.00001865363562748 -0.00040451210447885
0.00042197246628852 0.00001880911992881 -0.00040788384965354
0.00042548469616053 0.00001896567507789 -0.00041127881666321
0.00042902111536552 0.00001912330844986 -0.00041469716544162
0.00043258189049963 0.00001928202747063 -0.00041813905702406
0.00043616718930631 0.00001944183961726 -0.00042160465355490
0.00043977718068435 0.00001960275241832 -0.00042509411829527
0.00044341203469574 0.00001976477345422 -0.00042860761563071
0.00044707192257372 0.00001992791035757 -0.00043214531107897
0.00045075701673086 0.00002009217081356 -0.00043570737129773
0.00045446749076714 0.00002025756256030 -0.00043929396409251
0.00045820351947816 0.00002042409338921 -0.00044290525842458
0.00046196527886340 0.00002059177114535 -0.00044654142441888
0.00046575294613442 0.00002076060372782 -0.00045020263337206
0.00046956669972332 0.00002093059909014 -0.00045388905776054
0.00047340671929107 0.00002110176524057 -0.00045760087124865
0.00047727318573598 0.00002127411024256 -0.00046133824869682
0.00048116628120228 0.00002144764221508 -0.00046510136616976
0.00048508618908861 0.00002162236933301 -0.00046889040094484
0.00048903309405675 0.00002179829982755 -0.00047270553152037
0.00049300718204025 0.00002197544198657 -0.00047654693762406
0.00049700864025323 0.00002215380415503 -0.00048041480022144
0.00050103765719918 0.00002233339473537 -0.00048430930152444
0.00050509442267985 0.00002251422218790 -0.00048823062499993
0.00050917912780418 0.00002269629503117 -0.00049217895537839
0.00051329196499732 0.00002287962184245 -0.00049615447866259
0.00051743312800967 0.00002306421125803 -0.00050015738213639
0.00052160281192606 0.00002325007197371 -0.00050418785437352
0.00052580121317485 0.00002343721274518 -0.00050824608524650
0.00053002852953727 0.00002362564238842 -0.00051233226593556
0.00053428496015669 0.00002381536978014 -0.00051644658893765
0.00053857070554804 0.00002400640385817 -0.00052058924807555
0.00054288596760719 0.00002419875362192 -0.00052476043850695
0.00054723094962053 0.00002439242813276 -0.00052896035673364
0.00055160585627451 0.00002458743651448 -0.00053318920061084
0.00055601089366530 0.00002478378795370 -0.00053744716935645
0.00056044626930847 0.00002498149170031 -0.00054173446356044
0.00056491219214880 0.00002518055706792 -0.00054605128519436
0.00056940887257012 0.00002538099343426 -0.00055039783762079
0.00057393652240518 0.00002558281024168 -0.00055477432560296
0.00057849535494568 0.00002578601699753 -0.00055918095531438
0.00058308558495229 0.00002599062327465 -0.00056361793434855
0.00058770742866478 0.00002619663871182 -0.00056808547172878
0.00059236110381219 0.00002640407301420 -0.00057258377791797
0.00059704682962311 0.00002661293595378 -0.00057711306482860
0.00060176482683598 0.00002682323736987 -0.00058167354583265
0.00060651531770952 0.00002703498716952 -0.00058626543577170
0.00061129852603317 0.00002724819532805 -0.00059088895096702
0.00061611467713765 0.00002746287188945 -0.00059554430922978
0.00062096399790559 0.00002767902696690 -0.00060023172987133
0.00062584671678217 0.00002789667074323 -0.00060495143371347
0.00063076306378593 0.00002811581347139 -0.00060970364309894
0.00063571327051958 0.00002833646547497 -0.00061448858190181
0.00064069757018092 0.00002855863714863 -0.00061930647553811
0.00064571619757383 0.00002878233895865 -0.00062415755097637
0.00065076938911931 0.00002900758144338 -0.00062904203674839
0.00065585738286665 0.00002923437521374 -0.00063396016295995
0.00066098041850462 0.00002946273095374 -0.00063891216130168
0.00066613873737275 0.00002969265942099 -0.00064389826505997
0.00067133258247275 0.00002992417144716 -0.00064891870912796
0.00067656219847990 0.00003015727793855 -0.00065397373001662
0.00068182783175460 0.00003039198987654 -0.00065906356586586
0.00068712973035400 0.00003062831831817 -0.00066418845645579
0.00069246814404364 0.00003086627439662 -0.00066934864321801
0.00069784332430924 0.00003110586932176 -0.00067454436924696
0.00070325552436855 0.00003134711438065 -0.00067977587931139
0.00070870499918329 0.00003159002093810 -0.00068504341986590
0.00071419200547112 0.00003183460043717 -0.00069034723906255
0.00071971680171777 0.00003208086439975 -0.00069568758676255
0.00072527964818920 0.00003232882442710 -0.00070106471454801
0.00073088080694388 0.00003257849220034 -0.00070647887573384
0.00073652054184512 0.00003282987948107 -0.00071193032537964
0.00074219911857348 0.00003308299811189 -0.00071741932030177
0.00074791680463933 0.00003333786001695 -0.00072294611908539
0.00075367386939543 0.00003359447720256 -0.00072851098209668
0.00075947058404960 0.00003385286175768 -0.00073411417149511
0.00076530722167754 0.00003411302585455 -0.00073975595124579
0.00077118405723566 0.00003437498174924 -0.00074543658713188
0.00077710136757402 0.00003463874178223 -0.00075115634676716
0.00078305943144943 0.00003490431837899 -0.00075691549960860
0.00078905852953852 0.00003517172405058 -0.00076271431696909
0.00079509894445100 0.00003544097139422 -0.00076855307203018
0.00080118096074297 0.00003571207309388 -0.00077443203985500
0.00080730486493030 0.00003598504192090 -0.00078035149740120
0.00081347094550215 0.00003625989073459 -0.00078631172353398
0.00081967949293455 0.00003653663248279 -0.00079231299903928
0.00082593079970410 0.00003681528020255 -0.00079835560663697
0.00083222516030174 0.00003709584702070 -0.00080443983099416
0.00083856287124660 0.00003737834615447 -0.00081056595873866
0.00084494423109999 0.00003766279091213 -0.00081673427847247
0.00085136954047950 0.00003794919469361 -0.00082294508078534
0.00085783910207307 0.00003823757099112 -0.00082919865826854
0.00086435322065335 0.00003852793338981 -0.00083549530552857
0.00087091220309199 0.00003882029556837 -0.00084183531920107
0.00087751635837411 0.00003911467129972 -0.00084821899796483
0.00088416599761289 0.00003941107445163 -0.00085464664255582
0.00089086143406418 0.00003970951898738 -0.00086111855578138
0.00089760298314128 0.00004001001896644 -0.00086763504253448
0.00090439096242980 0.00004031258854508 -0.00087419640980811
0.00091122569170262 0.00004061724197708 -0.00088080296670973
0.00091810749293494 0.00004092399361441 -0.00088745502447583
0.00092503669031947 0.00004123285790786 -0.00089415289648659
0.00093201361028169 0.00004154384940776 -0.00090089689828069
0.00093903858149521 0.00004185698276465 -0.00090768734757014
0.00094611193489729 0.00004217227272997 -0.00091452456425525
0.00095323400370442 0.00004248973415677 -0.00092140887043972
0.00096040512342800 0.00004280938200038 -0.00092834059044584
0.00096762563189013 0.00004313123131915 -0.00093532005082971
0.00097489586923960 0.00004345529727512 -0.00094234758039671
0.00098221617796781 0.00004378159513478 -0.00094942351021691
0.00098958690292501 0.00004411014026976 -0.00095654817364076
0.00099700839133644 0.00004444094815754 -0.00096372190631472
0.00100448099281878 0.00004477403438222 -0.00097094504619712
0.00101200505939656 0.00004510941463522 -0.00097821793357409
0.00101958094551878 0.00004544710471605 -0.00098554091107557
0.00102720900807557 0.00004578712053301 -0.00099291432369149
0.00103488960641504 0.00004612947810400 -0.00100033851878797
0.00104262310236019 0.00004647419355720 -0.00100781384612378
0.00105040986022595 0.00004682128313191 -0.00101534065786675
0.00105825024683636 0.00004717076317925 -0.00102291930861037
0.00106614463154184 0.00004752265016296 -0.00103055015539056
0.00107409338623658 0.00004787696066018 -0.00103823355770242
0.00108209688537607 0.00004823371136222 -0.00104596987751724
0.00109015550599474 0.00004859291907534 -0.00105375947929950
0.00109826962772375 0.00004895460072158 -0.00106160273002411
0.00110643963280880 0.00004931877333948 -0.00106949999919362
0.00111466590612820 0.00004968545408497 -0.00107745165885574
0.00112294883521100 0.00005005466023213 -0.00108545808362077
0.00113128881025522 0.00005042640917401 -0.00109351965067935
0.00113968622414621 0.00005080071842344 -0.00110163673982015
0.00114814147247525 0.00005117760561390 -0.00110980973344783
0.00115665495355806 0.00005155708850029 -0.00111803901660105
0.00116522706845369 0.00005193918495980 -0.00112632497697060
0.00117385822098330 0.00005232391299276 -0.00113466800491769
0.00118254881774927 0.00005271129072346 -0.00114306849349232
0.00119129926815430 0.00005310133640103 -0.00115152683845186
0.00120010998442074 0.00005349406840028 -0.00116004343827965
0.00120898138160997 0.00005388950522259 -0.00116861869420381
0.00121791387764197 0.00005428766549675 -0.00117725301021612
0.00122690789331501 0.00005468856797985 -0.00118594679309112
0.00123596385232548 0.00005509223155820 -0.00119470045240521
0.00124508218128781 0.00005549867524816 -0.00120351440055602
0.00125426330975463 0.00005590791819707 -0.00121238905278180
0.00126350767023696 0.00005631997968414 -0.00122132482718102
0.00127281569822460 0.00005673487912138 -0.00123032214473207
0.00128218783220664 0.00005715263605448 -0.00123938142931310
0.00129162451369212 0.00005757327016377 -0.00124850310772199
0.00130112618723083 0.00005799680126511 -0.00125768760969648
0.00131069330043425 0.00005842324931085 -0.00126693536793446
0.00132032630399665 0.00005885263439075 -0.00127624681811428
0.00133002565171628 0.00005928497673296 -0.00128562239891536
0.00133979180051682 0.00005972029670493 -0.00129506255203886
0.00134962521046882 0.00006015861481440 -0.00130456772222847
0.00135952634481143 0.00006059995171034 -0.00131413835729139
0.00136949566997423 0.00006104432818397 -0.00132377490811946
0.00137953365559914 0.00006149176516967 -0.00133347782871035
0.00138964077456262 0.00006194228374604 -0.00134324757618907
0.00139981750299789 0.00006239590513685 -0.00135308461082940
0.00141006432031739 0.00006285265071203 -0.00136298939607567
0.00142038170923537 0.00006331254198871 -0.00137296239856458
0.00143077015579059 0.00006377560063222 -0.00138300408814719
0.00144123014936926 0.00006424184845710 -0.00139311493791108
0.00145176218272806 0.00006471130742817 -0.00140329542420266
0.00146236675201740 0.00006518399966148 -0.00141354602664959
0.00147304435680474 0.00006565994742544 -0.00142386722818345
0.00148379550009815 0.00006613917314183 -0.00143425951506246
0.00149462068837002 0.00006662169938687 -0.00144472337689442
0.00150552043158087 0.00006710754889224 -0.00145525930665979
0.00151649524320343 0.00006759674454622 -0.00146586780073492
0.00152754564024681 0.00006808930939471 -0.00147654935891551
0.00153867214328084 0.00006858526664237 -0.00148730448444008
0.00154987527646060 0.00006908463965365 -0.00149813368401377
0.00156115556755113 0.00006958745195393 -0.00150903746783220
0.00157251354795226 0.00007009372723065 -0.00152001634960553
0.00158394975272368 0.00007060348933437 -0.00153107084658268
0.00159546472061013 0.00007111676227994 -0.00154220147957572
0.00160705899406676 0.00007163357024759 -0.00155340877298441
0.00161873311928472 0.00007215393758412 -0.00156469325482097
0.00163048764621685 0.00007267788880401 -0.00157605545673493
0.00164232312860364 0.00007320544859058 -0.00158749591403819
0.00165424012399926 0.00007373664179717 -0.00159901516573032
0.00166623919379787 0.00007427149344829 -0.00161061375452393
0.00167832090326005 0.00007481002874083 -0.00162229222687026
0.00169048582153940 0.00007535227304519 -0.00163405113298497
0.00170273452170940 0.00007589825190654 -0.00164589102687407
0.00171506758079040 0.00007644799104599 -0.00165781246636003
0.00172748557977676 0.00007700151636181 -0.00166981601310813
0.00173998910366426 0.00007755885393063 -0.00168190223265290
0.00175257874147765 0.00007812003000872 -0.00169407169442482
0.00176525508629839 0.00007868507103316 -0.00170632497177713
0.00177801873529259 0.00007925400362314 -0.00171866264201293
0.00179087028973917 0.00007982685458119 -0.00173108528641236
0.00180381035505814 0.00008040365089445 -0.00174359349026003
0.00181683954083913 0.00008098441973592 -0.00175618784287261
0.00182995846087016 0.00008156918846579 -0.00176886893762664
0.00184316773316647 0.00008215798463268 -0.00178163737198649
0.00185646797999970 0.00008275083597496 -0.00179449374753258
0.00186985982792719 0.00008334777042205 -0.00180743866998970
0.00188334390782146 0.00008394881609575 -0.00182047274925563
0.00189692085489999 0.00008455400131154 -0.00183359659942985
0.00191059130875509 0.00008516335457995 -0.00184681083884257
0.00192435591338407 0.00008577690460787 -0.00186011609008383
0.00193821531721954 0.00008639468029991 -0.00187351298003291
0.00195217017315999 0.00008701671075979 -0.00188700213988788
0.00196622113860054 0.00008764302529167 -0.00190058420519537
0.00198036887546389 0.00008827365340156 -0.00191425981588058
0.00199461405023152 0.00008890862479869 -0.00192802961627742
0.00200895733397509 0.00008954796939694 -0.00194189425515892
0.00202339940238804 0.00009019171731621 -0.00195585438576786
0.00203794093581742 0.00009083989888388 -0.00196991066584755
0.00205258261929597 0.00009149254463621 -0.00198406375767288
0.00206732514257435 0.00009214968531978 -0.00199831432808155
0.00208216920015365 0.00009281135189297 -0.00201266304850555
0.00209711549131812 0.00009347757552736 -0.00202711059500281
0.00211216472016810 0.00009414838760929 -0.00204165764828910
0.00212731759565318 0.00009482381974123 -0.00205630489377016
0.00214257483160563 0.00009550390374335 -0.00207105302157403
0.00215793714677397 0.00009618867165500 -0.00208590272658362
0.00217340526485689 0.00009687815573620 -0.00210085470846945
0.00218897991453733 0.00009757238846918 -0.00211590967172274
0.00220466182951677 0.00009827140255991 -0.00213106832568858
0.00222045174854982 0.00009897523093962 -0.00214633138459944
0.00223635041547903 0.00009968390676639 -0.00216169956760886
0.00225235857926994 0.00010039746342667 -0.00217717359882538
0.00226847699404630 0.00010111593453689 -0.00219275420734673
0.00228470641912567 0.00010183935394503 -0.00220844212729419
0.00230104761905517 0.00010256775573220 -0.00222423809784731
0.00231750136364746 0.00010330117421427 -0.00224014286327870
0.00233406842801705 0.00010403964394348 -0.00225615717298922
0.00235074959261680 0.00010478319971006 -0.00227228178154333
0.00236754564327467 0.00010553187654389 -0.00228851744870470
0.00238445737123077 0.00010628570971611 -0.00230486493947206
0.00240148557317460 0.00010704473474083 -0.00232132502411532
0.00241863105128260 0.00010780898737679 -0.00233789847821192
0.00243589461325595 0.00010857850362902 -0.00235458608268342
0.00245327707235861 0.00010935331975057 -0.00237138862383240
0.00247077924745560 0.00011013347224420 -0.00238830689337953
0.00248840196305164 0.00011091899786410 -0.00240534168850100
0.00250614604932993 0.00011170993361764 -0.00242249381186606
0.00252401234219130 0.00011250631676708 -0.00243976407167500
0.00254200168329356 0.00011330818483138 -0.00245715328169727
0.00256011492009119 0.00011411557558792 -0.00247466226130990
0.00257835290587520 0.00011492852707428 -0.00249229183553615
0.00259671649981338 0.00011574707759009 -0.00251004283508452
0.00261520656699076 0.00011657126569876 -0.00252791609638794
0.00263382397845036 0.00011740113022935 -0.00254591246164324
0.00265256961123421 0.00011823671027838 -0.00256403277885096
0.00267144434842469 0.00011907804521169 -0.00258227790185536
0.00269044907918612 0.00011992517466626 -0.00260064869038475
0.00270958469880665 0.00012077813855212 -0.00261914601009208
0.00272885210874043 0.00012163697705419 -0.00263777073259584
0.00274825221665007 0.00012250173063423 -0.00265652373552117
0.00276778593644944 0.00012337244003269 -0.00267540590254137
0.00278745418834666 0.00012424914627065 -0.00269441812341959
0.00280725789888750 0.00012513189065178 -0.00271356129405088
0.00282719800099900 0.00012602071476425 -0.00273283631650446
0.00284727543403344 0.00012691566048271 -0.00275224409906637
0.00286749114381257 0.00012781676997026 -0.00277178555628238
0.00288784608267220 0.00012872408568044 -0.00279146160900115
0.00290834120950700 0.00012963765035922 -0.00281127318441773
0.00292897748981576 0.00013055750704704 -0.00283122121611740
0.00294975589574679 0.00013148369908082 -0.00285130664411973
0.00297067740614377 0.00013241627009598 -0.00287153041492303
0.00299174300659185 0.00013335526402857 -0.00289189348154903
0.00301295368946406 0.00013430072511725 -0.00291239680358792
0.00303431045396808 0.00013525269790546 -0.00293304134724370
0.00305581430619332 0.00013621122724346 -0.00295382808537982
0.00307746625915828 0.00013717635829046 -0.00297475799756516
0.00309926733285830 0.00013814813651677 -0.00299583207012031
0.00312121855431360 0.00013912660770592 -0.00301705129616419
0.00314332095761769 0.00014011181795683 -0.00303841667566097
0.00316557558398603 0.00014110381368598 -0.00305992921546734
0.00318798348180513 0.00014210264162961 -0.00308158992938008
0.00321054570668190 0.00014310834884589 -0.00310339983818403
0.00323326332149341 0.00014412098271718 -0.00312535996970025
0.00325613739643695 0.00014514059095224 -0.00314747135883468
0.00327916900908044 0.00014616722158849 -0.00316973504762704
0.00330235924441319 0.00014720092299427 -0.00319215208530007
0.00332570919489702 0.00014824174387112 -0.00321472352830916
0.00334921996051774 0.00014928973325607 -0.00323745044039228
0.00337289264883693 0.00015034494052398 -0.00326033389262028
0.00339672837504414 0.00015140741538983 -0.00328337496344754
0.00342072826200945 0.00015247720791109 -0.00330657473876296
0.00344489344033629 0.00015355436849007 -0.00332993431194131
0.00346922504841481 0.00015463894787632 -0.00335345478389492
0.00349372423247539 0.00015573099716898 -0.00337713726312577
0.00351839214664275 0.00015683056781923 -0.00340098286577792
0.00354322995299023 0.00015793771163268 -0.00342499271569027
0.00356823882159458 0.00015905248077185 -0.00344916794444974
0.00359341993059108 0.00016017492775861 -0.00347350969144480
0.00361877446622901 0.00016130510547666 -0.00349801910391936
0.00364430362292757 0.00016244306717403 -0.00352269733702705
0.00367000860333214 0.00016358886646558 -0.00354754555388589
0.00369589061837089 0.00016474255733553 -0.00357256492563326
0.00372195088731191 0.00016590419414002 -0.00359775663148141
0.00374819063782055 0.00016707383160965 -0.00362312185877315
0.00377461110601734 0.00016825152485210 -0.00364866180303817
0.00380121353653618 0.00016943732935468 -0.00367437766804950
0.00382799918258295 0.00017063130098700 -0.00370027066588051
0.00385496930599461 0.00017183349600355 -0.00372634201696236
0.00388212517729859 0.00017304397104639 -0.00375259295014167
0.00390946807577267 0.00017426278314783 -0.00377902470273874
0.00393699928950523 0.00017548998973308 -0.00380563852060611
0.00396472011545594 0.00017672564862300 -0.00383243565818756
0.00399263185951686 0.00017796981803680 -0.00385941737857751
0.00402073583657394 0.00017922255659480 -0.00388658495358079
0.00404903337056898 0.00018048392332119 -0.00391393966377292
0.00407752579456202 0.00018175397764682 -0.00394148279856070
0.00410621445079408 0.00018303277941199 -0.00396921565624333
0.00413510069075045 0.00018432038886931 -0.00399713954407387
0.00416418587522431 0.00018561686668648 -0.00402525577832117
0.00419347137438088 0.00018692227394922 -0.00405356568433224
0.00422295856782194 0.00018823667216409 -0.00408207059659501
0.00425264884465081 0.00018956012326145 -0.00411077185880159
0.00428254360353781 0.00019089268959835 -0.00413967082391191
0.00431264425278616 0.00019223443396146 -0.00416876885421785
0.00434295221039828 0.00019358541957006 -0.00419806732140781
0.00437346890414265 0.00019494571007901 -0.00422756760663168
0.00440419577162101 0.00019631536958177 -0.00425727110056635
0.00443513426033611 0.00019769446261338 -0.00428717920348160
0.00446628582775994 0.00019908305415357 -0.00431729332530653
0.00449765194140230 0.00020048120962978 -0.00434761488569633
0.00452923407888002 0.00020188899492025 -0.00437814531409967
0.00456103372798652 0.00020330647635714 -0.00440888604982641
0.00459305238676189 0.00020473372072967 -0.00443983854211593
0.00462529156356352 0.00020617079528727 -0.00447100425020583
0.00465775277713708 0.00020761776774271 -0.00450238464340114
0.00469043755668813 0.00020907470627537 -0.00453398120114400
0.00472334744195411 0.00021054167953441 -0.00456579541308393
0.00475648398327694 0.00021201875664199 -0.00459782877914841
0.00478984874167595 0.00021350600719660 -0.00463008280961410
0.00482344328892152 0.00021500350127630 -0.00466255902517851
0.00485726920760908 0.00021651130944201 -0.00469525895703218
0.00489132809123367 0.00021802950274090 -0.00472818414693133
0.00492562154426498 0.00021955815270969 -0.00476133614727108
0.00496015118222299 0.00022109733137805 -0.00479471652115911
0.00499491863175403 0.00022264711127201 -0.00482832684248993
0.00502992553070742 0.00022420756541734 -0.00486216869601959
0.00506517352821265 0.00022577876734307 -0.00489624367744090
0.00510066428475703 0.00022736079108490 -0.00493055339345931
0.00513639947226393 0.00022895371118872 -0.00496509946186915
0.00517238077417156 0.00023055760271411 -0.00499988351163051
0.00520860988551227 0.00023217254123793 -0.00503490718294668
0.00524508851299234 0.00023379860285785 -0.00507017212734200
0.00528181837507249 0.00023543586419594 -0.00510568000774043
0.00531880120204874 0.00023708440240230 -0.00514143249854456
0.00535603873613397 0.00023874429515873 -0.00517743128571515
0.00539353273153997 0.00024041562068235 -0.00521367806685139
0.00543128495456009 0.00024209845772932 -0.00525017455127153
0.00546929718365248 0.00024379288559856 -0.00528692246009417
0.00550757120952378 0.00024549898413549 -0.00532392352632015
0.00554610883521359 0.00024721683373581 -0.00536117949491497
0.00558491187617932 0.00024894651534927 -0.00539869212289179
0.00562398216038176 0.00025068811048355 -0.00543646317939503
0.00566332152837118 0.00025244170120804 -0.00547449444578454
0.00570293183337404 0.00025420737015777 -0.00551278771572042
0.00574281494138029 0.00025598520053729 -0.00555134479524836
0.00578297273123128 0.00025777527612460 -0.00559016750288559
0.00582340709470825 0.00025957768127512 -0.00562925766970756
0.00586411993662146 0.00026139250092568 -0.00566861713943499
0.00590511317489996 0.00026321982059850 -0.00570824776852181
0.00594638874068188 0.00026505972640527 -0.00574815142624353
0.00598794857840543 0.00026691230505119 -0.00578832999478628
0.00602979464590051 0.00026877764383911 -0.00582878536933650
0.00607192891448094 0.00027065583067358 -0.00586951945817128
0.00611435336903731 0.00027254695406509 -0.00591053418274932
0.00615707000813049 0.00027445110313418 -0.00595183147780244
0.00620008084408578 0.00027636836761572 -0.00599341329142793
0.00624338790308773 0.00027829883786308 -0.00603528158518138
0.00628699322527555 0.00028024260485246 -0.00607743833417026
0.00633089886483926 0.00028219976018717 -0.00611988552714814
0.00637510689011644 0.00028417039610194 -0.00616262516660957
0.00641961938368965 0.00028615460546730 -0.00620565926888557
0.00646443844248456 0.00028815248179399 -0.00624898986423999
0.00650956617786875 0.00029016411923734 -0.00629261899696634
0.00655500471575113 0.00029218961260174 -0.00633654872548538
0.00660075619668212 0.00029422905734514 -0.00638078112244347
0.00664682277595447 0.00029628254958352 -0.00642531827481152
0.00669320662370483 0.00029835018609549 -0.00647016228398474
0.00673990992501593 0.00030043206432683 -0.00651531526588293
0.00678693488001954 0.00030252828239511 -0.00656077935105175
0.00683428370400013 0.00030463893909431 -0.00660655668476444
0.00688195862749922 0.00030676413389955 -0.00665264942712442
0.00692996189642044 0.00030890396697170 -0.00669905975316861
0.00697829577213536 0.00031105853916224 -0.00674578985297139
0.00702696253158998 0.00031322795201791 -0.00679284193174942
0.00707596446741206 0.00031541230778560 -0.00684021820996714
0.00712530388801904 0.00031761170941715 -0.00688792092344304
0.00717498311772688 0.00031982626057422 -0.00693595232345668
0.00722500449685944 0.00032205606563321 -0.00698431467685644
0.00727537038185885 0.00032430122969020 -0.00703301026616816
0.00732608314539645 0.00032656185856589 -0.00708204138970441
0.00737714517648455 0.00032883805881065 -0.00713141036167458
0.00742855888058902 0.00033112993770956 -0.00718111951229589
0.00748032667974261 0.00033343760328745 -0.00723117118790496
0.00753245101265898 0.00033576116431406 -0.00728156775107037
0.00758493433484768 0.00033810073030913 -0.00733231158070596
0.00763777911872974 0.00034045641154766 -0.00738340507218492
0.00769098785375419 0.00034282831906508 -0.00743485063745472
0.00774456304651533 0.00034521656466252 -0.00748665070515287
0.00779850722087083 0.00034762126091209 -0.00753880772072350
0.00785282291806056 0.00035004252116225 -0.00759132414653483
0.00790751269682637 0.00035248045954312 -0.00764420246199732
0.00796257913353260 0.00035493519097195 -0.00769744516368287
0.00801802482228748 0.00035740683115852 -0.00775105476544482
0.00807385237506527 0.00035989549661062 -0.00780503379853867
0.00813006442182937 0.00036240130463959 -0.00785938481174388
0.00818666361065620 0.00036492437336587 -0.00791411037148644
0.00824365260785992 0.00036746482172459 -0.00796921306196228
0.00830103409811806 0.00037002276947122 -0.00802469548526170
0.00835881078459801 0.00037259833718722 -0.00808056026149453
0.00841698538908430 0.00037519164628580 -0.00813681002891639
0.00847556065210689 0.00037780281901760 -0.00819344744405565
0.00853453933307024 0.00038043197847657 -0.00825047518184157
0.00859392421038329 0.00038307924860573 -0.00830789593573300
0.00865371808159037 0.00038574475420311 -0.00836571241784844
0.00871392376350298 0.00038842862092762 -0.00842392735909666
0.00877454409233250 0.00039113097530503 -0.00848254350930856
0.00883558192382376 0.00039385194473395 -0.00854156363736979
0.00889704013338961 0.00039659165749190 -0.00860099053135437
0.00895892161624638 0.00039935024274139 -0.00866082699865945
0.00902122928755021 0.00040212783053601 -0.00872107586614078
0.00908396608253449 0.00040492455182663 -0.00878173998024934
0.00914713495664801 0.00040774053846764 -0.00884282220716897
0.00921073888569427 0.00041057592322314 -0.00890432543295491
0.00927478086597164 0.00041343083977327 -0.00896625256367337
0.00933926391441452 0.00041630542272060 -0.00902860652554220
0.00940419106873544 0.00041919980759643 -0.00909139026507258
0.00946956538756820 0.00042211413086728 -0.00915460674921151
0.00953538995061192 0.00042504852994139 -0.00921825896548573
0.00960166785877617 0.00042800314317516 -0.00928234992214641
0.00966840223432696 0.00043097810987980 -0.00934688264831496
0.00973559622103396 0.00043397357032791 -0.00941186019412996
0.00980325298431847 0.00043698966576014 -0.00947728563089516
0.00987137571140260 0.00044002653839192 -0.00954316205122846
0.00993996761145943 0.00044308433142018 -0.00960949256921220
0.01000903191576417 0.00044616318903019 -0.00967628032054430
0.01007857187784633 0.00044926325640237 -0.00974352846269071
0.01014859077364310 0.00045238467971924 -0.00981124017503890
0.01021909190165358 0.00045552760617232 -0.00987941865905247
0.01029007858309422 0.00045869218396915 -0.00994806713842695
0.01036155416205525 0.00046187856234033 -0.01001718885924667
0.01043352200565821 0.00046508689154662 -0.01008678709014295
0.01050598550421464 0.00046831732288606 -0.01015686512245321
0.01057894807138568 0.00047157000870121 -0.01022742627038150
0.01065241314434297 0.00047484510238634 -0.01029847387116014
0.01072638418393055 0.00047814275839477 -0.01037001128521247
0.01080086467482788 0.00048146313224621 -0.01044204189631687
0.01087585812571401 0.00048480638053413 -0.01051456911177213
0.01095136806943289 0.00048817266093326 -0.01058759636256377
0.01102739806315972 0.00049156213220703 -0.01066112710353188
0.01110395168856863 0.00049497495421519 -0.01073516481354003
0.01118103255200134 0.00049841128792139 -0.01080971299564551
0.01125864428463708 0.00050187129540085 -0.01088477517727086
0.01133679054266361 0.00050535513984805 -0.01096035491037659
0.01141547500744952 0.00050886298558455 -0.01103645577163535
0.01149470138571760 0.00051239499806679 -0.01111308136260724
0.01157447340971946 0.00051595134389397 -0.01119023530991652
0.01165479483741141 0.00051953219081600 -0.01126792126542964
0.01173566945263146 0.00052313770774148 -0.01134614290643468
0.01181710106527750 0.00052676806474576 -0.01142490393582189
0.01189909351148690 0.00053042343307904 -0.01150420808226597
0.01198165065381718 0.00053410398517456 -0.01158405910040936
0.01206477638142790 0.00053780989465677 -0.01166446077104715
0.01214847461026398 0.00054154133634968 -0.01174541690131334
0.01223274928324013 0.00054529848628513 -0.01182693132486839
0.01231760437042657 0.00054908152171123 -0.01190900790208835
0.01240304386923608 0.00055289062110082 -0.01199165052025536
0.01248907180461233 0.00055672596415996 -0.01207486309374957
0.01257569222921947 0.00056058773183653 -0.01215864956424262
0.01266290922363301 0.00056447610632887 -0.01224301390089232
0.01275072689653214 0.00056839127109445 -0.01232796010053929
0.01283914938489322 0.00057233341085869 -0.01241349218790470
0.01292818085418463 0.00057630271162372 -0.01249961421578949
0.01301782549856311 0.00058029936067731 -0.01258633026527559
0.01310808754107126 0.00058432354660179 -0.01267364444592811
0.01319897123383649 0.00058837545928311 -0.01276156089599940
0.01329048085827137 0.00059245528991986 -0.01285008378263476
0.01338262072527526 0.00059656323103244 -0.01293921730207933
0.01347539517543749 0.00060069947647229 -0.01302896567988710
0.01356880857924170 0.00060486422143113 -0.01311933317113100
0.01366286533727186 0.00060905766245029 -0.01321032406061515
0.01375756988041951 0.00061327999743016 -0.01330194266308827
0.01385292667009247 0.00061753142563963 -0.01339419332345905
0.01394894019842510 0.00062181214772564 -0.01348708041701309
0.01404561498848984 0.00062612236572279 -0.01358060834963152
0.01414295559451028 0.00063046228306299 -0.01367478155801134
0.01424096660207578 0.00063483210458527 -0.01376960450988744
0.01433965262835744 0.00063923203654552 -0.01386508170425651
0.01443901832232557 0.00064366228662644 -0.01396121767160232
0.01453906836496878 0.00064812306394743 -0.01405801697412333
0.01463980746951446 0.00065261457907472 -0.01415548420596156
0.01474124038165079 0.00065713704403134 -0.01425362399343355
0.01484337187975032 0.00066169067230740 -0.01435244099526304
0.01494620677509509 0.00066627567887028 -0.01445193990281551
0.01504974991210328 0.00067089228017497 -0.01455212544033459
0.01515400616855738 0.00067554069417446 -0.01465300236518025
0.01525898045583403 0.00068022114033020 -0.01475457546806893
0.01536467771913538 0.00068493383962263 -0.01485684957331577
0.01547110293772201 0.00068967901456183 -0.01495982953907833
0.01557826112514755 0.00069445688919822 -0.01506352025760260
0.01568615732949484 0.00069926768913327 -0.01516792665547091
0.01579479663361371 0.00070411164153042 -0.01527305369385172
0.01590418415536049 0.00070898897512598 -0.01537890636875151
0.01601432504783903 0.00071389992024013 -0.01548548971126854
0.01612522449964356 0.00071884470878800 -0.01559280878784896
0.01623688773510297 0.00072382357429087 -0.01570086870054454
0.01634932001452705 0.00072883675188737 -0.01580967458727280
0.01646252663445428 0.00073388447834486 -0.01591923162207924
0.01657651292790123 0.00073896699207079 -0.01602954501540147
0.01669128426461396 0.00074408453312422 -0.01614062001433564
0.01680684605132086 0.00074923734322740 -0.01625246190290499
0.01692320373198737 0.00075442566577742 -0.01636507600233067
0.01704036278807250 0.00075964974585794 -0.01647846767130461
0.01715832873878701 0.00076490983025104 -0.01659264230626473
0.01727710714135337 0.00077020616744914 -0.01670760534167232
0.01739670359126766 0.00077553900766698 -0.01682336225029184
0.01751712372256306 0.00078090860285372 -0.01693991854347279
0.01763837320807536 0.00078631520670513 -0.01705727977143423
0.01776045775971008 0.00079175907467583 -0.01717545152355115
0.01788338312871166 0.00079724046399168 -0.01729443942864376
0.01800715510593438 0.00080275963366217 -0.01741424915526880
0.01813177952211507 0.00080831684449302 -0.01753488641201343
0.01825726224814788 0.00081391235909877 -0.01765635694779142
0.01838360919536085 0.00081954644191550 -0.01777866655214206
0.01851082631579428 0.00082521935921368 -0.01790182105553120
0.01863891960248128 0.00083093137911102 -0.01802582632965520
0.01876789508972999 0.00083668277158551 -0.01815068828774725
0.01889775885340782 0.00084247380848851 -0.01827641288488602
0.01902851701122779 0.00084830476355795 -0.01840300611830743
0.01916017572303663 0.00085417591243160 -0.01853047402771864
0.01929274119110504 0.00086008753266047 -0.01865882269561484
0.01942621966041975 0.00086603990372230 -0.01878805824759864
0.01956061741897786 0.00087203330703513 -0.01891818685270239
0.01969594079808299 0.00087806802597102 -0.01904921472371303
0.01983219617264347 0.00088414434586979 -0.01918114811749973
0.01996938996147281 0.00089026255405295 -0.01931399333534447
0.02010752862759195 0.00089642293983766 -0.01944775672327535
0.02024661867853376 0.00090262579455085 -0.01958244467240273
0.02038666666664964 0.00090887141154338 -0.01971806361925843
0.02052767918941817 0.00091516008620441 -0.01985462004613770
0.02066966288975585 0.00092149211597575 -0.01999212048144411
0.02081262445633016 0.00092786780036639 -0.02013057150003776
0.02095657062387454 0.00093428744096716 -0.02026997972358606
0.02110150817350574 0.00094075134146541 -0.02041035182091793
0.02124744393304316 0.00094725980765990 -0.02055169450838100
0.02139438477733065 0.00095381314747573 -0.02069401455020169
0.02154233762856028 0.00096041167097941 -0.02083731875884902
0.02169130945659838 0.00096705569039404 -0.02098161399540093
0.02184130727931404 0.00097374552011461 -0.02112690716991449
0.02199233816290960 0.00098048147672339 -0.02127320524179888
0.02214440922225352 0.00098726387900547 -0.02142051522019196
0.02229752762121561 0.00099409304796436 -0.02156884416434010
0.02245170057300452 0.00100096930683782 -0.02171819918398156
0.02260693534050743 0.00100789298111364 -0.02186858743973295
0.02276323923663236 0.00101486439854573 -0.02202001614347950
0.02292061962465255 0.00102188388917014 -0.02217249255876870
0.02307908391855340 0.00102895178532138 -0.02232602400120763
0.02323863958338165 0.00103606842164870 -0.02248061783886344
0.02339929413559715 0.00104323413513264 -0.02263628149266816
0.02356105514342692 0.00105044926510160 -0.02279302243682664
0.02372393022722160 0.00105771415324857 -0.02295084819922830
0.02388792705981457 0.00106502914364801 -0.02310976636186306
0.02405305336688331 0.00107239458277282 -0.02326978456124045
0.02421931692731334 0.00107981081951147 -0.02343091048881308
0.02438672557356476 0.00108727820518522 -0.02359315189140371
0.02455528719204117 0.00109479709356553 -0.02375651657163659
0.02472500972346112 0.00110236784089156 -0.02392101238837245
0.02489590116323235 0.00110999080588780 -0.02408664725714773
0.02506796956182830 0.00111766634978187 -0.02425342915061793
0.02524122302516745 0.00112539483632243 -0.02442136609900514
0.02541566971499507 0.00113317663179723 -0.02459046619054942
0.02559131784926784 0.00114101210505128 -0.02476073757196508
0.02576817570254092 0.00114890162750523 -0.02493218844890061
0.02594625160635771 0.00115684557317381 -0.02510482708640346
0.02612555394964243 0.00116484431868446 -0.02527866180938891
0.02630609117909530 0.00117289824329605 -0.02545370100311365
0.02648787179959031 0.00118100772891787 -0.02562995311365368
0.02667090437457610 0.00118917316012857 -0.02580742664838690
0.02685519752647922 0.00119739492419545 -0.02598613017648050
0.02704075993711031 0.00120567341109377 -0.02616607232938263
0.02722760034807320 0.00121400901352624 -0.02634726180131940
0.02741572756117663 0.00122240212694269 -0.02652970734979613
0.02760515043884895 0.00123085314955987 -0.02671341779610393
0.02779587790455549 0.00123936248238138 -0.02689840202583089
0.02798791894321911 0.00124793052921784 -0.02708466898937870
0.02818128260164339 0.00125655769670710 -0.02727222770248403
0.02837597798893873 0.00126524439433472 -0.02746108724674482
0.02857201427695161 0.00127399103445454 -0.02765125677015254
0.02876940070069660 0.00128279803230942 -0.02784274548762907
0.02896814655879134 0.00129166580605220 -0.02803556268156905
0.02916826121389472 0.00130059477676672 -0.02822971770238805
0.02936975409314790 0.00130958536848916 -0.02842521996907566
0.02957263468861828 0.00131863800822935 -0.02862207896975446
0.02977691255774686 0.00132775312599244 -0.02882030426224472
0.02998259732379836 0.00133693115480063 -0.02901990547463470
0.03018969867631460 0.00134617253071511 -0.02922089230585666
0.03039822637157088 0.00135547769285815 -0.02942327452626878
0.03060819023303571 0.00136484708343541 -0.02962706197824321
0.03081960015183355 0.00137428114775840 -0.02983226457676009
0.03103246608721064 0.00138378033426709 -0.03003889231000736
0.03124679806700435 0.00139334509455278 -0.03024695523998724
0.03146260618811551 0.00140297588338109 -0.03045646350312887
0.03167990061698394 0.00141267315871515 -0.03066742731090706
0.03189869159006760 0.00142243738173899 -0.03087985695046784
0.03211898941432467 0.00143226901688112 -0.03109376278526027
0.03234080446769906 0.00144216853183826 -0.03130915525567521
0.03256414719960946 0.00145213639759933 -0.03152604487969069
0.03278902813144147 0.00146217308846959 -0.03174444225352376
0.03301545785704333 0.00147227908209498 -0.03196435805229004
0.03324344704322482 0.00148245485948669 -0.03218580303066941
0.03347300643026002 0.00149270090504586 -0.03240878802357969
0.03370414683239309 0.00150301770658860 -0.03263332394685671
0.03393687913834766 0.00151340575537107 -0.03285942179794244
0.03417121431184000 0.00152386554611491 -0.03308709265657998
0.03440716339209538 0.00153439757703277 -0.03331634768551657
0.03464473749436801 0.00154500234985410 -0.03354719813121385
0.03488394781046485 0.00155568036985117 -0.03377965532456609
0.03512480560927281 0.00156643214586526 -0.03401373068162638
0.03536732223728946 0.00157725819033309 -0.03424943570434048
0.03561150911915772 0.00158815901931351 -0.03448678198128908
0.03585737775820400 0.00159913515251432 -0.03472578118843828
0.03610493973698011 0.00161018711331941 -0.03496644508989807
0.03635420671780883 0.00162131542881606 -0.03520878553868969
0.03660519044333343 0.00163252062982254 -0.03545281447752133
0.03685790273707081 0.00164380325091585 -0.03569854393957277
0.03711235550396835 0.00165516383045976 -0.03594598604928838
0.03736856073096499 0.00166660291063309 -0.03619515302317982
0.03762653048755576 0.00167812103745821 -0.03644605717063722
0.03788627692636030 0.00168971876082974 -0.03669871089474989
0.03814781228369551 0.00170139663454361 -0.03695312669313645
0.03841114888015196 0.00171315521632625 -0.03720931715878444
0.03867629912117412 0.00172499506786405 -0.03746729498089929
0.03894327549764499 0.00173691675483320 -0.03772707294576384
0.03921209058647443 0.00174892084692958 -0.03798866393760710
0.03948275705119166 0.00176100791789907 -0.03825208093948348
0.03975528764254173 0.00177317854556807 -0.03851733703416215
0.04002969519908633 0.00178543331187425 -0.03878444540502699
0.04030599264780860 0.00179777280289764 -0.03905341933698711
0.04058419300472190 0.00181019760889191 -0.03932427221739780
0.04086430937548322 0.00182270832431598 -0.03959701753699307
0.04114635495601049 0.00183530554786591 -0.03987166889082838
0.04143034303310408 0.00184798988250700 -0.04014823997923545
0.04171628698507298 0.00186076193550628 -0.04042674460878810
0.04200420028236487 0.00187362231846520 -0.04070719669327973
0.04229409648820062 0.00188657164735261 -0.04098961025471249
0.04258598925921348 0.00189961054253813 -0.04127399942429896
0.04287989234609223 0.00191273962882568 -0.04156037844347508
0.04317581959422907 0.00192595953548740 -0.04184876166492658
0.04347378494437166 0.00193927089629787 -0.04213916355362669
0.04377380243328013 0.00195267434956859 -0.04243159868788775
0.04407588619438821 0.00196617053818280 -0.04272608176042521
0.04438005045846889 0.00197976010963062 -0.04302262757943451
0.04468630955430507 0.00199344371604447 -0.04332125106968213
0.04499467790936444 0.00200722201423488 -0.04362196727360954
0.04530517005047906 0.00202109566572655 -0.04392479135245127
0.04561780060452988 0.00203506533679478 -0.04422973858736674
0.04593258429913571 0.00204913169850223 -0.04453682438058672
0.04624953596334689 0.00206329542673600 -0.04484606425657394
0.04656867052834411 0.00207755720224507 -0.04515747386319862
0.04689000302814165 0.00209191771067808 -0.04547106897292865
0.04721354860029565 0.00210637764262145 -0.04578686548403549
0.04753932248661712 0.00212093769363784 -0.04610487942181479
0.04786734003389014 0.00213559856430502 -0.04642512693982341
0.04819761669459478 0.00215036096025505 -0.04674762432113189
0.04853016802763484 0.00216522559221385 -0.04707238797959330
0.04886500969907115 0.00218019317604112 -0.04739943446112867
0.04920215748285936 0.00219526443277067 -0.04772878044502891
0.04954162726159295 0.00221044008865109 -0.04806044274527400
0.04988343502725170 0.00222572087518685 -0.04839443831186924
0.05022759688195493 0.00224110752917975 -0.04873078423219930
0.05057412903871987 0.00225660079277078 -0.04906949773239994
0.05092304782222574 0.00227220141348238 -0.04941059617874821
0.05127436966958262 0.00228791014426109 -0.04975409707907070
0.05162811113110581 0.00230372774352066 -0.05010001808417093
0.05198428887109539 0.00231965497518550 -0.05044837698927560
0.05234291966862144 0.00233569260873459 -0.05079919173550032
0.05270402041831444 0.00235184141924585 -0.05115248041133529
0.05306760813116093 0.00236810218744085 -0.05150826125415051
0.05343369993530521 0.00238447569973005 -0.05186655265172237
0.05380231307685603 0.00240096274825844 -0.05222737314377941
0.05417346492069896 0.00241756413095159 -0.05259074142357094
0.05454717295131468 0.00243428065156226 -0.05295667633945621
0.05492345477360246 0.00245111311971736 -0.05332519689651505
0.05530232811370946 0.00246806235096539 -0.05369632225818137
0.05568381081986596 0.00248512916682446 -0.05407007174789914
0.05606792086322609 0.00250231439483066 -0.05444646485080093
0.05645467633871443 0.00251961886858694 -0.05482552121541037
0.05684409546587828 0.00253704342781255 -0.05520726065536734
0.05723619658974628 0.00255458891839292 -0.05559170315117869
0.05763099818169241 0.00257225619243004 -0.05597886885199245
0.05802851884030608 0.00259004610829336 -0.05636877807739715
0.05842877729226850 0.00260795953067123 -0.05676145131924697
0.05883179239323479 0.00262599733062286 -0.05715690924351279
0.05923758312872209 0.00264416038563076 -0.05755517269215844
0.05964616861500417 0.00266244957965378 -0.05795626268504525
0.06005756810001192 0.00268086580318068 -0.05836020042186259
0.06047180096423987 0.00269940995328422 -0.05876700728408640
0.06088888672165952 0.00271808293367587 -0.05917670483696660
0.06130884502063842 0.00273688565476105 -0.05958931483154165
0.06173169564486587 0.00275581903369493 -0.06000485920668391
0.06215745851428463 0.00277488399443887 -0.06042336009117297
0.06258615368602982 0.00279408146781740 -0.06084483980580063
0.06301780135537340 0.00281341239157584 -0.06126932086550578
0.06345242185667553 0.00283287771043850 -0.06169682598154026
0.06389003566434281 0.00285247837616749 -0.06212737806366710
0.06433066339379256 0.00287221534762224 -0.06256100022239083
0.06477432580242388 0.00289208959081954 -0.06299771577122032
0.06522104379059587 0.00291210207899427 -0.06343754822896551
0.06567083840261197 0.00293225379266084 -0.06388052132206817
0.06612373082771117 0.00295254571967521 -0.06432665898696685
0.06657974240106661 0.00297297885529762 -0.06477598537249744
0.06703889460479043 0.00299355420225601 -0.06522852484232967
0.06750120906894577 0.00301427277081011 -0.06568430197743973
0.06796670757256559 0.00303513557881624 -0.06614334157862010
0.06843541204467901 0.00305614365179286 -0.06660566866902760
0.06890734456534416 0.00307729802298677 -0.06707130849676934
0.06938252736668807 0.00309859973344009 -0.06754028653752793
0.06986098283395459 0.00312004983205796 -0.06801262849722693
0.07034273350655847 0.00314164937567707 -0.06848836031473590
0.07082780207914721 0.00316339942913482 -0.06896750816461787
0.07131621140267042 0.00318530106533938 -0.06945009845991795
0.07180798448545608 0.00320735536534046 -0.06993615785499480
0.07230314449429440 0.00322956341840093 -0.07042571324839533
0.07280171475552941 0.00325192632206922 -0.07091879178577513
0.07330371875615763 0.00327444518225258 -0.07141542086286116
0.07380918014493468 0.00329712111329113 -0.07191562812846326
0.07431812273348896 0.00331995523803275 -0.07241944148752975
0.07483057049744396 0.00334294868790894 -0.07292688910425228
0.07534654757754738 0.00336610260301141 -0.07343799940521889
0.07586607828080817 0.00338941813216965 -0.07395280108261414
0.07638918708164215 0.00341289643302937 -0.07447132309747238
0.07691589862302453 0.00343653867213187 -0.07499359468297985
0.07744623771765087 0.00346034602499430 -0.07551964534782900
0.07798022934910616 0.00348431967619093 -0.07604950487962626
0.07851789867304167 0.00350846081943531 -0.07658320334835293
0.07905927101835979 0.00353277065766342 -0.07712077110988064
0.07960437188840763 0.00355725040311786 -0.07766223880954295
0.08015322696217819 0.00358190127743294 -0.07820763738576353
0.08070586209552016 0.00360672451172091 -0.07875699807374147
0.08126230332235576 0.00363172134665908 -0.07931035240919575
0.08182257685590748 0.00365689303257814 -0.07986773223216943
0.08238670908993284 0.00368224082955142 -0.08042916969089488
0.08295472659996748 0.00370776600748530 -0.08099469724571959
0.08352665614457758 0.00373346984621072 -0.08156434767309684
0.08410252466662016 0.00375935363557577 -0.08213815406963984
0.08468235929451211 0.00378541867553941 -0.08271614985623957
0.08526618734350867 0.00381166627626640 -0.08329836878225219
0.08585403631698994 0.00383809775822334 -0.08388484492975087
0.08644593390775629 0.00386471445227593 -0.08447561271784877
0.08704190799933344 0.00389151769978740 -0.08507070690709098
0.08764198666728568 0.00391850885271822 -0.08567016260391773
0.08824619818053861 0.00394568927372700 -0.08627401526520111
0.08885457100271059 0.00397306033627270 -0.08688230070285466
0.08946713379345408 0.00400062342471809 -0.08749505508851894
0.09008391540980545 0.00402837993443455 -0.08811231495832283
0.09070494490754430 0.00405633127190812 -0.08873411721772402
0.09133025154256254 0.00408447885484703 -0.08936049914642745
0.09195986477224254 0.00411282411229048 -0.08999149840338586
0.09259381425684444 0.00414136848471884 -0.09062715303188051
0.09323212986090400 0.00417011342416532 -0.09126750146468900
0.09387484165463919 0.00419906039432900 -0.09191258252933443
0.09452197991536644 0.00422821087068934 -0.09256243545342295
0.09517357512892761 0.00425756634062224 -0.09321709987007075
0.09582965799112571 0.00428712830351750 -0.09387661582341880
0.09649025940917109 0.00431689827089791 -0.09454102377423972
0.09715541050313714 0.00434687776653980 -0.09521036460563795
0.09782514260742688 0.00437706832659527 -0.09588467962884473
0.09849948727224871 0.00440747149971597 -0.09656401058910895
0.09917847626510250 0.00443808884717851 -0.09724839967168557
0.09986214157227666 0.00446892194301158 -0.09793788950792591
0.10055051540035467 0.00449997237412471 -0.09863252318146729
0.10124363017773205 0.00453124174043874 -0.09933234423452739
0.10194151855614454 0.00456273165501810 -0.10003739667430286
0.10264421341220598 0.00459444374420480 -0.10074772497947651
0.10335174784895693 0.00462637964775425 -0.10146337410683183
0.10406415519742446 0.00465854101897291 -0.10218438949797999
0.10478146901819221 0.00469092952485779 -0.10291081708619851
0.10550372310298135 0.00472354684623787 -0.10364270330338513
0.10623095147624222 0.00475639467791740 -0.10438009508712905
0.10696318839675767 0.00478947472882124 -0.10512303988790077
0.10770046835925672 0.00482278872214209 -0.10587158567636343
0.10844282609603929 0.00485633839548980 -0.10662578095080624
0.10919029657861286 0.00489012550104276 -0.10738567474470451
0.10994291501933974 0.00492415180570132 -0.10815131663440719
0.11070071687309559 0.00495841909124337 -0.10892275674695290
0.11146373783894017 0.00499292915448209 -0.10970004576801931
0.11223201386179885 0.00502768380742589 -0.11048323495000704
0.11300558113415557 0.00506268487744056 -0.11127237612025906
0.11378447609775848 0.00509793420741376 -0.11206752168942036
0.11456873544533624 0.00513343365592176 -0.11286872465993870
0.11535839612232673 0.00516918509739854 -0.11367603863470922
0.11615349532861717 0.00520519042230728 -0.11448951782586553
0.11695407052029710 0.00524145153731434 -0.11530921706372084
0.11776015941142259 0.00527797036546564 -0.11613519180585917
0.11857179997579269 0.00531474884636555 -0.11696749814638144
0.11938903044873875 0.00535178893635840 -0.11780619282530953
0.12021188932892556 0.00538909260871256 -0.11865133323814796
0.12104041538016444 0.00542666185380711 -0.11950297744560899
0.12187464763324013 0.00546449867932132 -0.12036118418350350
0.12271462538774915 0.00550260511042674 -0.12122601287279854
0.12356038821395075 0.00554098318998212 -0.12209752362984612
0.12441197595463170 0.00557963497873121 -0.12297577727678595
0.12526942872698282 0.00561856255550335 -0.12386083535212535
0.12613278692448912 0.00565776801741705 -0.12475276012149800
0.12700209121883205 0.00569725348008649 -0.12565161458860458
0.12787738256180636 0.00573702107783112 -0.12655746250634201
0.12875870218724889 0.00577707296388829 -0.12747036838811904
0.12964609161298060 0.00581741131062897 -0.12839039751936512
0.13053959264276330 0.00585803830977678 -0.12931761596923416
0.13143924736826845 0.00589895617263013 -0.13025209060250723
0.13234509817105980 0.00594016713028773 -0.13119388909169713
0.13325718772459053 0.00598167343387742 -0.13214307992935778
0.13417555899621331 0.00602347735478843 -0.13309973244060411
0.13510025524920402 0.00606558118490710 -0.13406391679583962
0.13603132004480051 0.00610798723685610 -0.13503570402370638
0.13696879724425431 0.00615069784423726 -0.13601516602424710
0.13791273101089702 0.00619371536187811 -0.13700237558229603
0.13886316581222044 0.00623704216608196 -0.13799740638109043
0.13982014642197194 0.00628068065488199 -0.13900033301611850
0.14078371792226346 0.00632463324829894 -0.14001123100919638
0.14175392570569484 0.00636890238860291 -0.14103017682278229
0.14273081547749294 0.00641349054057900 -0.14205724787453711
0.14371443325766448 0.00645840019179706 -0.14309252255212615
0.14470482538316343 0.00650363385288547 -0.14413608022826910
0.14570203851007471 0.00654919405780924 -0.14518800127604811
0.14670611961581190 0.00659508336415224 -0.14624836708446787
0.14771711600132961 0.00664130435340377 -0.14731726007428025
0.14873507529335270 0.00668785963124960 -0.14839476371407237
0.14976004544661942 0.00673475182786743 -0.14948096253662585
0.15079207474614068 0.00678198359822693 -0.15057594215554823
0.15183121180947412 0.00682955762239435 -0.15167978928218248
0.15287750558901539 0.00687747660584192 -0.15279259174280016
0.15393100537430371 0.00692574327976205 -0.15391443849607953
0.15499176079434338 0.00697436040138626 -0.15504541965087482
0.15605982181994271 0.00702333075430928 -0.15618562648428178
0.15713523876606758 0.00707265714881799 -0.15733515146000202
0.15821806229421123 0.00712234242222564 -0.15849408824701156
0.15930834341478184 0.00717238943921119 -0.15966253173853923
0.16040613348950503 0.00722280109216401 -0.16084057807135749
0.16151148423384307 0.00727358030153392 -0.16202832464539149
0.16262444771943196 0.00732473001618680 -0.16322587014365086
0.16374507637653393 0.00737625321376570 -0.16443331455248900
0.16487342299650756 0.00742815290105769 -0.16565075918219432
0.16600954073429422 0.00748043211436640 -0.16687830668791764
0.16715348311092296 0.00753309391989056 -0.16811606109094274
0.16830530401603144 0.00758614141410838 -0.16936412780030255
0.16946505771040399 0.00763957772416806 -0.17062261363474521
0.17063279882852889 0.00769340600828454 -0.17189162684505951
0.17180858238117150 0.00774762945614241 -0.17317127713675881
0.17299246375796537 0.00780225128930524 -0.17446167569313081
0.17418449873002248 0.00785727476163153 -0.17576293519866207
0.17538474345256003 0.00791270315969708 -0.17707516986283292
0.17659325446754551 0.00796853980322419 -0.17839849544429720
0.17781008870636109 0.00802478804551767 -0.17973302927544793
0.17903530349248506 0.00808145127390778 -0.18107889028737204
0.18026895654419256 0.00813853291020027 -0.18243619903520170
0.18151110597727393 0.00819603641113352 -0.18380507772386817
0.18276181030777353 0.00825396526884308 -0.18518565023426115
0.18402112845474572 0.00831232301133357 -0.18657804214979709
0.18528911974303014 0.00837111320295813 -0.18798238078340690
0.18656584390604733 0.00843033944490560 -0.18939879520494418
0.18785136108861214 0.00849000537569541 -0.19082741626901767
0.18914573184976669 0.00855011467168048 -0.19226837664325669
0.19044901716563412 0.00861067104755816 -0.19372181083701459
0.19176127843229071 0.00867167825688935 -0.19518785523050938
0.19308257746865756 0.00873314009262593 -0.19666664810441484
0.19441297651941386 0.00879506038764677 -0.19815832966989844
0.19575253825792849 0.00885744301530220 -0.19966304209912084
0.19710132578921277 0.00892029188996733 -0.20118092955619080
0.19845940265289264 0.00898361096760423 -0.20271213822858949
0.19982683282620289 0.00904740424633317 -0.20425681635906451
0.20120368072700057 0.00911167576701301 -0.20581511427799748
0.20259001121679915 0.00917642961383096 -0.20738718443625365
0.20398588960382499 0.00924166991490182 -0.20897318143851468
0.20539138164609347 0.00930740084287685 -0.21057326207710150
0.20680655355450628 0.00937362661556245 -0.21218758536628746
0.20823147199597156 0.00944035149654878 -0.21381631257711417
0.20966620409654391 0.00950757979584854 -0.21545960727270402
0.21111081744458601 0.00957531587054594 -0.21711763534408066
0.21256538009395401 0.00964356412545622 -0.21879056504650202
0.21402996056720233 0.00971232901379565 -0.22047856703630309
0.21550462785881241 0.00978161503786248 -0.22218181440825827
0.21698945143844184 0.00985142674972861 -0.22390048273346344
0.21848450125419838 0.00992176875194257 -0.22563475009774545
0.21998984773593447 0.00999264569824372 -0.22738479714059820
0.22150556179856454 0.01006406229428792 -0.22915080709464691
0.22303171484540685 0.01013602329838477 -0.23093296582565076
0.22456837877154651 0.01020853352224688 -0.23273146187304045
0.22611562596722207 0.01028159783175093 -0.23454648649099222
0.22767352932123661 0.01035522114771104 -0.23637823369004907
0.22924216222439106 0.01042940844666455 -0.23822690027928048
0.23082159857294077 0.01050416476167021 -0.24009268590898925
0.23241191277207801 0.01057949518311938 -0.24197579311396747
0.23401317973943619 0.01065540485955995 -0.24387642735729520
0.23562547490861963 0.01073189899853357 -0.24579479707469626
0.23724887423275626 0.01080898286742608 -0.24773111371943621
0.23888345418807699 0.01088666179433164 -0.24968559180777619
0.24052929177751764 0.01096494116893055 -0.25165844896497391
0.24218646453434586 0.01104382644338086 -0.25364990597183662
0.24385505052581510 0.01112332313322444 -0.25566018681182140
0.24553512835684130 0.01120343681830715 -0.25768951871868723
0.24722677717370542 0.01128417314371361 -0.25973813222468789
0.24893007666778313 0.01136553782071690 -0.26180626120931694
0.25064510707929838 0.01144753662774307 -0.26389414294858826
0.25237194920110279 0.01153017541135091 -0.26600201816486002
0.25411068438248285 0.01161346008722714 -0.26813013107719497
0.25586139453299134 0.01169739664119728 -0.27027872945224923
0.25762416212630668 0.01178199113025219 -0.27244806465569388
0.25939907020411690 0.01186724968359087 -0.27463839170415372
0.26118620238003326 0.01195317850367942 -0.27684996931766748
0.26298564284352799 0.01203978386732651 -0.27908305997265787
0.26479747636390111 0.01212707212677571 -0.28133792995540319
0.26662178829427297 0.01221504971081445 -0.28361484941600573
0.26845866457560524 0.01230372312590051 -0.28591409242285093
0.27030819174075138 0.01239309895730574 -0.28823593701754280
0.27217045691852998 0.01248318387027729 -0.29058066527030829
0.27404554783783092 0.01257398461121687 -0.29294856333585800
0.27593355283174942 0.01266550800887801 -0.29533992150970145
0.27783456084174468 0.01275776097558159 -0.29775503428488431
0.27974866142183086 0.01285075050844984 -0.30019420040915690
0.28167594474279772 0.01294448369065931 -0.30265772294254517
0.28361650159645529 0.01303896769271258 -0.30514590931531194
0.28557042339991229 0.01313420977372913 -0.30765907138629472
0.28753780219988456 0.01323021728275610 -0.31019752550160368
0.28951873067702744 0.01332699766009797 -0.31276159255364872
0.29151330215030596 0.01342455843866687 -0.31535159804050100
0.29352161058138737 0.01352290724535237 -0.31796787212553645
0.29554375057906923 0.01362205180241199 -0.32061074969736819
0.29757981740373779 0.01372199992888222 -0.32328057043002506
0.29962990697185221 0.01382275954201000 -0.32597767884335638
0.30169411586046524 0.01392433865870554 -0.32870242436364228
0.30377254131177361 0.01402674539701628 -0.33145516138437769
0.30586528123769657 0.01412998797762195 -0.33423624932719304
0.30797243422448944 0.01423407472535171 -0.33704605270289500
0.31009409953738992 0.01433901407072288 -0.33988494117258955
0.31223037712529061 0.01444481455150160 -0.34275328960883988
0.31438136762544966 0.01455148481428597 -0.34565147815684666
0.31654717236823277 0.01465903361611162 -0.34857989229559555
0.31872789338188390 0.01476746982607963 -0.35153892289893346
0.32092363339733304 0.01487680242700759 -0.35452896629654046
0.32313449585303744 0.01498704051710362 -0.35755042433474776
0.32536058489985120 0.01509819331166336 -0.36060370443714979
0.32760200540593343 0.01521027014479059 -0.36368921966497814
0.32985886296168992 0.01532328047114132 -0.36680738877717195
0.33213126388474412 0.01543723386769141 -0.36995863629009251
0.33441931522494717 0.01555214003552828 -0.37314339253684320
0.33672312476942301 0.01566800880166663 -0.37636209372611623
0.33904280104764212 0.01578485012088795 -0.37961518200051497
0.34137845333653621 0.01590267407760476 -0.38290310549429168
0.34373019166564794 0.01602149088774914 -0.38622631839043464
0.34609812682230995 0.01614131090068548 -0.38958528097701989
0.34848237035686874 0.01626214460114839 -0.39298045970278694
0.35088303458793546 0.01638400261120481 -0.39641232723182435
0.35330023260767901 0.01650689569224129 -0.39988136249732553
0.35573407828715525 0.01663083474697613 -0.40338805075430928
0.35818468628166800 0.01675583082149624 -0.40693288363122104
0.36065217203617167 0.01688189510731923 -0.41051635918033669
0.36313665179071219 0.01700903894348060 -0.41413898192688048
0.36563824258589855 0.01713727381864562 -0.41780126291673281
0.36815706226841882 0.01726661137324670 -0.42150371976266909
0.37069322949659317 0.01739706340164568 -0.42524687668899536
0.37324686374596050 0.01752864185432103 -0.42903126457448204
0.37581808531490823 0.01766135884008017 -0.43285742099349045
0.37840701533034138 0.01779522662829687 -0.43672589025516850
0.38101377575338496 0.01793025765117316 -0.44063722344059325
0.38363848938513134 0.01806646450602632 -0.44459197843773940
0.38628127987242716 0.01820385995760048 -0.44859071997414907
0.38894227171369411 0.01834245694040253 -0.45263401964715050
0.39162159026479615 0.01848226856106253 -0.45672245595149802
0.39431936174494664 0.01862330810071842 -0.46085661430429609
0.39703571324265036 0.01876558901742430 -0.46503708706702879
0.39977077272169265 0.01890912494858275 -0.46926447356456641
0.40252466902716960 0.01905392971340063 -0.47353938010097851
0.40529753189155343 0.01920001731536758 -0.47786241997197210
0.40808949194080635 0.01934740194475795 -0.48223421347379786
0.41090068070053642 0.01949609798115489 -0.48665538790844548
0.41373123060218814 0.01964611999599643 -0.49112657758491635
0.41658127498928715 0.01979748275514366 -0.49564842381641949
0.41945094812371697 0.01995020122146961 -0.50022157491325103
0.42234038519204559 0.02010429055746919 -0.50484668617117912
0.42524972231189667 0.02025976612788942 -0.50952441985511665
0.42817909653835690 0.02041664350237895 -0.51425544517783561
0.43112864587043542 0.02057493845815686 -0.51904043827353219
0.43409850925756621 0.02073466698269995 -0.52388008216598270
0.43708882660614989 0.02089584527644726 -0.52877506673104446
0.44009973878614655 0.02105848975552204 -0.53372608865326365
0.44313138763771442 0.02122261705446960 -0.53873385137632668
0.44618391597788670 0.02138824402901043 -0.54379906504707021
0.44925746760730267 0.02155538775880787 -0.54892244645279498
0.45235218731698318 0.02172406555024931 -0.55410471895158731
0.45546822089514793 0.02189429493923957 -0.55934661239534522
0.45860571513408505 0.02206609369400591 -0.56464886304521755
0.46176481783706874 0.02223947981791342 -0.57001221347913955
0.46494567782531782 0.02241447155228912 -0.57543741249113178
0.46814844494500796 0.02259108737925429 -0.58092521498203631
0.47137327007433427 0.02276934602456331 -0.58647638184135809
0.47462030513061321 0.02294926646044727 -0.59209167981982336
0.47788970307744211 0.02313086790846165 -0.59777188139232951
0.48118161793190767 0.02331416984233622 -0.60351776461089401
0.48449620477183586 0.02349919199082495 -0.60933011294720274
0.48783361974310091 0.02368595434055528 -0.61520971512438294
0.49119402006698276 0.02387447713887445 -0.62115736493759077
0.49457756404756831 0.02406478089669052 -0.62717386106296324
0.49798441107921515 0.02425688639130741 -0.63326000685455286
0.50141472165405510 0.02445081466925044 -0.63941661012873996
0.50486865736955655 0.02464658704908130 -0.64564448293572740
0.50834638093614049 0.02484422512420007 -0.65194444131761364
0.51184805618483975 0.02504375076563116 -0.65831730505254760
0.51537384807502007 0.02524518612479168 -0.66476389738452479
0.51892392270215304 0.02544855363623945 -0.67128504473827133
0.52249844730563633 0.02565387602039731 -0.67788157641870328
0.52609759027667324 0.02586117628625185 -0.68455432429444918
0.52972152116621019 0.02607047773402343 -0.69130412246487205
0.53337041069291669 0.02628180395780366 -0.69813180691002219
0.53704443075123121 0.02649517884815843 -0.70503821512296982
0.54074375441946221 0.02671062659469249 -0.71202418572392190
0.54446855596793509 0.02692817168857189 -0.71909055805549194
0.54821901086720481 0.02714783892500137 -0.72623817175855976
0.55199529579632578 0.02736965340565290 -0.73346786632805239
0.55579758865116813 0.02759364054104068 -0.74078048064799829
0.55962606855280195 0.02781982605283972 -0.74817685250522870
0.56348091585593751 0.02804823597614335 -0.75565781808102828
0.56736231215741650 0.02827889666165465 -0.76322421142003805
0.57127044030476937 0.02851183477780860 -0.77087686387574006
0.57520548440483177 0.02874707731281945 -0.77861660353178896
0.57916762983241210 0.02898465157664806 -0.78644425459844114
0.58315706323902683 0.02922458520288541 -0.79436063678337898
0.58717397256169712 0.02946690615054589 -0.80236656463613609
0.59121854703179433 0.02971164270576535 -0.81046284686535286
0.59529097718396295 0.02995882348339879 -0.81865028562810405
0.59939145486508971 0.03020847742851048 -0.82692967579044918
0.60352017324334362 0.03046063381775225 -0.83530180415843358
0.60767732681727959 0.03071532226062262 -0.84376744867870068
0.61186311142499428 0.03097257270059971 -0.85232737760784427
0.61607772425335505 0.03123241541614285 -0.86098234864968570
0.62032136384729264 0.03149488102155500 -0.86973310805960857
0.62459423011914772 0.03176000046769798 -0.87858038971501839
0.62889652435809140 0.03202780504255489 -0.88752491415110946
0.63322844923961197 0.03229832637163079 -0.89656738756099341
0.63759020883505479 0.03257159641818370 -0.90570850075927922
0.64198200862124022 0.03284764748327804 -0.91494892810819861
0.64640405549014601 0.03312651220565262 -0.92428932640534234
0.65085655775864737 0.03340822356139263 -0.93373033373204950
0.65533972517833383 0.03369281486339846 -0.94327256826152528
0.65985376894539371 0.03398031976064133 -0.95291662702572788
0.66439890171055649 0.03427077223719523 -0.96266308464004224
0.66897533758911365 0.03456420661103658 -0.97251249198480172
0.67358329217100954 0.03486065753260088 -0.98246537484269680
0.67822298253098967 0.03516015998308471 -0.99252223249104043
0.68289462723883121 0.03546274927248410 -1.00268353624798201
0.68759844636964218 0.03576846103735652 -1.01294972797168370
0.69233466151422274 0.03607733123829500 -1.02332121851143243
0.69710349578950681 0.03638939615710351 -1.03379838610978791
0.70190517384907669 0.03670469239366034 -1.04438157475477311
0.70673992189373802 0.03702325686245669 -1.05507109248111641
0.71160796768218526 0.03734512678879862 -1.06586720961965575
0.71650954054172245 0.03767033970465741 -1.07677015699390632
0.72144487137907043 0.03799893344415581 -1.08778012406289104
0.72641419269124807 0.03833094613867578 -1.09889725700932850
0.73141773857651804 0.03866641621157225 -1.11012165677222630
0.73645574474541731 0.03900538237247903 -1.12145337702306902
0.74152844853186650 0.03934788361119143 -1.13289242208470364
0.74663608890434163 0.03969395919110875 -1.14443874479206409
0.75177890647713608 0.04004364864222176 -1.15609224429399005
0.75695714352169929 0.04039699175362810 -1.16785276379531466
0.76217104397804170 0.04075402856555763 -1.17972008823848551
0.76742085346623079 0.04111479936089200 -1.19169394192401534
0.77270681929796636 0.04147934465615941 -1.20377398606912234
0.77802919048822172 0.04184770519198559 -1.21595981630387495
0.78338821776697964 0.04221992192298397 -1.22825096010432588
0.78878415359104803 0.04259603600706464 -1.24064687416210551
0.79421725215594319 0.04297608879414177 -1.25314694168994922
0.79968776940787090 0.04336012181422099 -1.26575046966284233
0.80519596305578611 0.04374817676484524 -1.27845668599438889
0.81074209258352603 0.04414029549787690 -1.29126473664812003
0.81632641926203720 0.04453652000559696 -1.30417368268360923
0.82194920616168921 0.04493689240609763 -1.31718249723723679
0.82761071816465814 0.04534145492794578 -1.33029006243757597
0.83331122197740892 0.04575024989409507 -1.34349516625549592
0.83905098614326490 0.04616331970502375 -1.35679649928914725
0.84483028105504709 0.04658070682107205 -1.37019265148404479
0.85064937896782500 0.04700245374395810 -1.38368210878873321
0.85650855401173109 0.04742860299744430 -1.39726324974641791
0.86240808220487908 0.04785919710713150 -1.41093434202328738
0.86834824146637202 0.04829427857935442 -1.42469353887425121
0.87432931162938499 0.04873388987915097 -1.43853887554694237
0.88035157445435230 0.04917807340728111 -1.45246826562513731
0.88641531364224579 0.04962687147626758 -1.46647949731272020
0.89252081484793000 0.05008032628542912 -1.48057022965956508
0.89866836569362407 0.05053847989488195 -1.49473798873093511
0.90485825578245527 0.05100137419847898 -1.50898016372207944
0.91109077671209349 0.05146905089565797 -1.52329400301994955
0.91736622208849117 0.05194155146217175 -1.53767661021417612
0.92368488753972133 0.05241891711966998 -1.55212494005965618
0.93004707072989290 0.05290118880410209 -1.56663579439323875
0.93645307137317935 0.05338840713291367 -1.58120581800736981
0.94290319124794220 0.05388061237100532 -1.59583149448371664
0.94939773421093754 0.05437784439542185 -1.61050914198998751
0.95593700621163524 0.05488014265874461 -1.62523490904359513
0.96252131530663754 0.05538754615115391 -1.64000477024594571
0.96915097167417996 0.05590009336113009 -1.65481452199143453
0.97582628762874912 0.05641782223476460 -1.66965977815562905
0.98254757763580092 0.05694077013364835 -1.68453596576735865
0.98931515832656336 0.05746897379130519 -1.69943832066969014
0.99612934851295887 0.05800246926814182 -1.71436188317529403
1.00299046920262747 0.05854129190488142 -1.72930149372187958
1.00989884361403748 0.05908547627444891 -1.74425178853378671
1.01685479719172500 0.05963505613227989 -1.75920719529629555
1.02385865762161421 0.06019006436501897 -1.77416192884943924
1.03091075484645822 0.06075053293757950 -1.78910998690866041
1.03801142108138866 0.06131649283853399 -1.80404514581999909
1.04516099082955427 0.06188797402380361 -1.81896095635787991
1.05235980089788472 0.06246500535861969 -1.83385073957414435
1.05960819041296261 0.06304761455772759 -1.84870758270731828
1.06690650083698868 0.06363582812380281 -1.86352433516158267
1.07425507598387227 0.06422967128405406 -1.87829360456547390
1.08165426203543413 0.06482916792498591 -1.89300775292078738
1.08910440755770344 0.06543434052529269 -1.90765889285261014
1.09660586351734346 0.06604521008686123 -1.92223888397207476
1.10415898329819151 0.06666179606385751 -1.93673932936383020
1.11176412271789449 0.06728411628987190 -1.95115157221079927
1.11942164004467637 0.06791218690310472 -1.96546669256942974
1.12713189601422270 0.06854602226956995 -1.97967550430911898
1.13489525384666146 0.06918563490429619 -1.99376855223007809
1.14271207926368090 0.06983103539051103 -2.00773610937459068
1.15058274050576292 0.07048223229679139 -2.02156817454709836
1.15850760834951960 0.07113923209216398 -2.03525447005919435
1.16648705612516523 0.07180203905914768 -2.04878443971625712
1.17452145973411026 0.07247065520472634 -2.06214724706304819
1.18261119766665646 0.07314508016924247 -2.07533177390615053
1.19075665101983330 0.07382531113321060 -2.08832661913190565
1.19895820351535809 0.07451134272204601 -2.10112009783900966
1.20721624151769702 0.07520316690870704 -2.11370024080556362
1.21553115405228396 0.07590077291425953 -2.12605479431113231
1.22390333282383090 0.07660414710636351 -2.13817122033478002
1.23233317223478811 0.07731327289569698 -2.15003669715090995
1.24082106940393033 0.07802813063032829 -2.16163812034515646
1.24936742418505098 0.07874869748805192 -2.17296210427327985
1.25797263918580571 0.07947494736671261 -2.18399498398661862
1.26663711978668481 0.08020685077254074 -2.19472281764819543
1.27536127416009770 0.08094437470652656 -2.20513138946412868
1.28414551328960691 0.08168748254887222 -2.21520621315561916
1.29299025098929765 0.08243613394155630 -2.22493253599724294
1.30189590392325605 0.08319028466905541 -2.23429534344776570
1.31086289162520631 0.08394988653727438 -2.24327936440024089
1.31989163651828068 0.08471488725073895 -2.25186907707852768
1.32898256393490533 0.08548523028810927 -2.26004871560774578
1.33813610213684386 0.08626085477608557 -2.26780227728662886
1.34735268233538008 0.08704169536177642 -2.27511353058997434
1.35663273871161705 0.08782768208360926 -2.28196602392965797
1.36597670843693786 0.08861874024087213 -2.28834309520293600
1.37538503169360782 0.08941479026198043 -2.29422788215688467
1.38485815169549564 0.09021574757156757 -2.29960333359786029
1.39439651470896098 0.09102152245651414 -2.30445222147498185
1.40400057007388401 0.09183201993102975 -2.30875715386648217
1.41367077022481880 0.09264713960091359 -2.31250058889767729
1.42340757071231394 0.09346677552713149 -2.31566484961906127
1.43321143022438102 0.09429081608885252 -2.31823213987271881
1.44308281060808552 0.09511914384609525 -2.32018456117479488
1.45302217689132229 0.09595163540215366 -2.32150413064126360
1.46302999730470673 0.09678816126596855 -2.32217279998355641
1.47310674330363889 0.09762858571463393 -2.32217247559984807
1.48325288959052193 0.09847276665622991 -2.32148503978692533
1.49346891413710736 0.09932055549318569 -2.32009237309648642
1.50375529820702170 0.10017179698639361 -2.31797637785853405
1.51411252637844407 0.10102632912029835 -2.31511900289326089
1.52454108656692022 0.10188398296920195 -2.31150226943122616
1.53504147004835301 0.10274458256503767 -2.30710829826003749
1.54561417148215696 0.10360794476687743 -2.30191933811387228
1.55625968893454147 0.10447387913244650 -2.29591779532016638
1.56697852390198511 0.10534218779194009 -2.28908626471554655
1.57777118133486671 0.10621266532444218 -2.28140756184069016
1.58863816966123794 0.10708509863726233 -2.27286475642115393
1.59958000081078100 0.10795926684852331 -2.26344120713835739
1.61059719023893511 0.10883494117334223 -2.25312059769180317
1.62169025695116265 0.10971188481396048 -2.24188697415038574
1.63285972352740405 0.11058985285419816 -2.22972478358696868
1.64410611614670854 0.11146859215861807 -2.21661891398670496
1.65542996461200076 0.11234784127679548 -2.20255473541548241
1.66683180237505080 0.11322733035311441 -2.18751814243053122
1.67831216656161164 0.11410678104251520 -2.17149559771065448
1.68987159799670472 0.11498590643263605 -2.15447417687874943
1.70151064123010665 0.11586441097280804 -2.13644161448398817
1.71322984456201199 0.11674199041037507 -2.11738635110574780
1.72502976006884090 0.11761833173481877 -2.09729758153565271
1.73691094362927045 0.11849311313019575 -2.07616530398793930
1.74887395495040243 0.11936600393639082 -2.05398037028234270
1.76091935759413643 0.12023666461971724 -2.03073453693683259
1.77304771900373059 0.12110474675340072 -2.00642051710084601
1.78525961053051230 0.12196989300849415 -1.98103203325253707
1.79755560746080478 0.12283173715578949 -1.95456387057594871
1.80993628904303661 0.12368990407929802 -1.92701193092647238
1.82240223851501071 0.12454400980187874 -1.89837328728500476
1.83495404313138932 0.12539366152361375 -1.86864623859279844
1.84759229419136894 0.12623845767352815 -1.83783036485067774
1.86031758706651473 0.12707798797526343 -1.80592658235763603
1.87313052122882051 0.12791183352732247 -1.77293719895465762
1.88603170027895439 0.12873956689850716 -1.73886596913071023
1.89902173197467894 0.12956075223917132 -1.70371814883852424
1.91210122825948781 0.13037494540892183 -1.66750054985816276
1.92527080529144534 0.13118169412139558 -1.63022159353693286
1.93853108347219338 0.13198053810674013 -1.59189136372459639
1.95188268747618587 0.13277100929242910 -1.55252165871282388
1.96532624628012798 0.13355263200303436 -1.51212604197828648
1.97886239319258661 0.13432492317957023 -1.47071989151908644
1.99249176588383281 0.13508739261902375 -1.42832044756422816
2.00621500641589323 0.13583954323466688 -1.38494685842650789
2.02003276127277731 0.13658087133773669 -1.34062022425980398
2.03394568139093934 0.13731086694105607 -1.29536363847223090
2.04795442218995793 0.13802901408514684 -1.24920222653792434
2.06205964360338356 0.13873479118736370 -1.20216318194173155
2.07626201010985856 0.13942767141456064 -1.15427579898236443
2.09056219076439209 0.14010712307976406 -1.10557150215258448
2.10496085922989185 0.14077261006330452 -1.05608387180710261
2.11945869380890795 0.14142359225881984 -1.00584866582282806
2.13405637747556742 0.14205952604450281 -0.95490383695022207
2.14875459790775691 0.14267986477992931 -0.90328954554924001
2.16355404751953095 0.14328405932875335 -0.85104816739953792
2.17845542349370769 0.14387155860750189 -0.79822429627159930
2.19345942781472392 0.14444181016065460 -0.74486474094303445
2.20856676730171486 0.14499426076212812 -0.69101851634397116
2.22377815364179110 0.14552835704322037 -0.63673682851590507
2.23909430342357307 0.14604354614700579 -0.58207305307011370
2.25451593817096496 0.14653927640909378 -0.52708270683549296
2.27004378437711551 0.14701499806458210 -0.47182341239097048
2.28567857353866044 0.14747016398095969 -0.41635485518411414
2.30142104219018861 0.14790423041661505 -0.36073873294691194
2.31727193193891834 0.14831665780451336 -0.30503869713037596
2.33323198949964450 0.14870691156050914 -0.24932028609239093
2.34930196672992908 0.14907446291564766 -0.19365084978870284
2.36548262066549286 0.14941878977169945 -0.13809946573459342
2.38177471355589265 0.14973937757905534 -0.08273684602436983
2.39817901290044277 0.15003572023598394 -0.02763523521884556
2.41469629148434395 0.15030732100812330 0.02713170106377295
2.43132732741510260 0.15055369346694741 0.08148899699056285
2.44807290415919843 0.15077436244580369 0.13536051689577991
2.46493381057896288 0.15096886501197432 0.18866909527390047
2.48191084096977521 0.15113675145306318 0.24133668641942657
2.49900479509745121 0.15127758627585294 0.29328452370856711
2.51621647823593220 0.15139094921561794 0.34443328847577659
2.53354670120523284 0.15147656637230214 0.39470359852624398
2.55099628040961113 0.15153469605052700 0.44401717321898093
2.56856603787604332 0.15156572920811237 0.49229619757362914
2.58625680129295965 0.15157005787146827 0.53946316356862367
2.60406940404921050 0.15154807500091938 0.58544100706550906
2.62200468527333941 0.15150017436077404 0.63015324983034871
2.64006348987312522 0.15142675039392009 0.67352414658213478
2.65824666857535963 0.15132819810072315 0.71547883697778836
2.67655507796593595 0.15120491292199240 0.75594350242184893
2.69498958053021731 0.15105729062578033 0.79484552756635285
2.71355104469363706 0.15088572719777912 0.83211366634263217
2.73224034486262513 0.15069061873506398 0.86767821234180564
2.75105836146581328 0.15047236134293829 0.90147117333469895
2.77000598099548245 0.15023135103463112 0.93342644969476107
2.78908409604933905 0.14996798363358799 0.96348001645921466
2.80829360537257955 0.14968265467810021 0.99157010873437634
2.82763541390019668 0.14937575932801767 1.01763741012071218
2.84711043279962883 0.14904769227327838 1.04162524380179011
2.86671957951369549 0.14869884764400115 1.06347976590906446
2.88646377780378760 0.14832961892188121 1.08315016074127635
2.90634395779340204 0.14794039885262933 1.10058883738327862
2.92636105601196883 0.14753157935920197 1.11575162723451871
2.94651601543894071 0.14710355145557460 1.12859798192213190
2.96680978554825137 0.14665670516080800 1.13909117103781621
2.98724332235300905 0.14619142941317784 1.14719847910157680
3.00781758845055025 0.14570811198413089 1.15289140111891064
3.02853355306780125 0.14520713939185317 1.15614583606152332
3.04939219210690604 0.14468889681424393 1.15694227756511636
3.07039448819121263 0.14415376800109805 1.15526600110138578
3.09154143071158360 0.14360213518531958 1.15110724684540355
3.11283401587297037 0.14303437899300911 1.14446139742410580
3.13427324674135965 0.14245087835227643 1.13532914969681009
3.15586013329104409 0.14185201040065970 1.12371667968497180
3.17759569245216467 0.14123815039105411 1.10963579973578863
3.19948094815863815 0.14060967159606907 1.09310410697300964
3.22151693139640605 0.13996694521076791 1.07414512205887092
3.24370468025197134 0.13931034025376807 1.05278841726347916
3.26604523996131801 0.13864022346670332 1.02906973281257108
3.28853966295916722 0.13795695921208523 1.00303108046178679
3.31118900892852341 0.13726090936963004 0.97472083322558356
3.33399434485060953 0.13655243323114352 0.94419380017200727
3.35695674505515118 0.13583188739409213 0.91151128518122226
3.38007729127094736 0.13509962565402123 0.87674112855618613
3.40335707267685450 0.13435599889600511 0.83995773036848886
3.42679718595310590 0.13360135498535214 0.80124205442174645
3.45039873533294417 0.13283603865781554 0.76068161171918736
3.47416283265465609 0.13206039140958584 0.71837042233174653
3.49809059741397022 0.13127475138737157 0.67440895457851535
3.52218315681675032 0.13047945327890390 0.62890404045315973
3.54644164583214483 0.12967482820421330 0.58196876625832406
3.57086720724601214 0.12886120360806277 0.53372233744568420
3.59546099171477529 0.12803890315392599 0.48428991670243093
3.62022415781964479 0.12720824661992505 0.43380243437620386
3.64515787212116038 0.12636954979719045 0.38239637039033175
3.67026330921416610 0.12552312439080493 0.33021350686881951
3.69554165178316163 0.12466927792448322 0.27740065077192422
3.72099409065798081 0.12380831364867342 0.22410932592541738
3.74662182486990636 0.12294053045250986 0.17049543392907504
3.77242606170817796 0.12206622278110864 0.11671888353903760
3.79840801677682238 0.12118568055702471 0.06294318823228315
3.82456891405194277 0.12029918910763296 0.00933503180100269
3.85090998593939648 0.11940702909857713 -0.04393619803978160
3.87743247333281227 0.11850947647291384 -0.09669890789205314
3.90413762567206657 0.11760680239728956 -0.14877982845477711
3.93102670100216622 0.11669927321493047 -0.20000457536118996
3.95810096603246819 0.11578715040596377 -0.25019824039918076
3.98536169619637626 0.11487069055532656 -0.29918601223898822
4.01281017571144627 0.11395014532853262 -0.34679382557867400
4.04044769763983957 0.11302576145553100 -0.39284903739269572
4.06827556394925782 0.11209778072285076 -0.43718112873270093
4.09629508557430455 0.11116643997419494 -0.47962243028300600
4.12450758247818960 0.11023197111961013 -0.52000886961675141
4.15291438371494248 0.10929460115331255 -0.55818073783326705
4.18151682749203335 0.10835455218021822 -0.59398347298381604
4.21031626123337333 0.10741204145118392 -0.62726845741271731
4.23931404164284142 0.10646728140691830 -0.65789382585525358
4.26851153476814815 0.10552047973049168 -0.68572528084437856
4.29791011606521067 0.10457183940832149 -0.71063691168666565
4.32751117046297207 0.10362155879947568 -0.73251201297630908
4.35731609242859541 0.10266983171309585 -0.75124389832636085
4.38732628603318098 0.10171684749369639 -0.76673670471116662
4.41754316501793021 0.10076279111406093 -0.77890618253583299
4.44796815286070313 0.09980784327541987 -0.78768046628027966
4.47860268284309537 0.09885218051454940 -0.79300082031001307
4.50944819811798503 0.09789597531740084 -0.79482235420657144
4.54050615177746941 0.09693939623883503 -0.79311470175099330
4.57177800692133918 0.09598260802799759 -0.78786265749727658
4.60326523672603471 0.09502577175884334 -0.77906676470356484
4.63496932451398713 0.09406904496529063 -0.76674384825059128
4.66689176382352855 0.09311258178045068 -0.75092748607382420
4.69903405847926958 0.09215653307935910 -0.73166841257214588
4.73139772266289604 0.09120104662461191 -0.70903484743591105
4.76398428098452786 0.09024626721428422 -0.68311274336525540
4.79679526855455585 0.08929233683149623 -0.65400594622995234
4.82983223105592252 0.08833939479497671 -0.62183626135916403
4.86309672481695010 0.08738757790995839 -0.58674341984730904
4.89659031688469248 0.08643702061873546 -0.54888493902506785
4.93031458509869847 0.08548785515020940 -0.50843587157608083
4.96427111816537092 0.08454021166774393 -0.46558843818364376
4.99846151573283315 0.08359421841465660 -0.42055153907105347
5.03288738846622596 0.08265000185668243 -0.37355014035685485
5.06755035812365673 0.08170768682074989 -0.32482453178443299
5.10245205763253029 0.08076739662943326 -0.27462945310600301
5.13759413116650521 0.07982925323045652 -0.22323308720500126
5.17297823422297665 0.07889337732065192 -0.17091591892866556
5.20860603370100783 0.07795988846380483 -0.11796945957363396
5.24447920797988143 0.07702890520184326 -0.06469483802031845
5.28059944699819717 0.07610054515887045 -0.01140126064427987
5.31696845233342508 0.07517492513757809 0.04159565665866261
5.35358793728209381 0.07425216120761673 0.09397567971689565
5.39045962694052694 0.07333236878555016 0.14541586463477099
5.42758525828605887 0.07241566270606946 0.19559257628531784
5.46496658025888138 0.07150215728419046 0.24418360792348295
5.50260535384447369 0.07059196636821591 0.29087039160527101
5.54050335215649259 0.06968520338329939 0.33534028757516382
5.57866236052033670 0.06878198136550150 0.37728893924518481
5.61708417655727565 0.06788241298628975 0.41642267884827305
5.65577061026908012 0.06698661056749199 0.45246096732196450
5.69472348412331364 0.06609468608676725 0.48513885048295557
5.73394463313921854 0.06520675117371824 0.51420941210762128
5.77343590497410020 0.06432291709682579 0.53944620315791403
5.81319916001040049 0.06344329474143524 0.56064562510749061
5.85323627144336545 0.06256799457908052 0.57762924415185435
5.89354912536922804 0.06169712662847986 0.59024601205203031
5.93413962087409441 0.06083080040857927 0.59837436848801762
5.97500967012343231 0.05996912488406611 0.60192419911080919
6.01616119845208175 0.05911220840381204 0.60083862300523916
6.05759614445503924 0.05826015863273552 0.59509558303551013
6.09931646007870754 0.05741308247760967 0.58470921256613351
6.14132411071287976 0.05657108600735962 0.56973095235738658
6.18362107528336136 0.05573427436841889 0.55025039204997794
6.22620934634512757 0.05490275169572839 0.52639581160035676
6.26909093017622254 0.05407662101997097 0.49833439932631618
6.31226784687230946 0.05325598417164307 0.46627212489027031
6.35574213044176251 0.05244094168256673 0.43045324759985953
6.39951582890152437 0.05163159268544028 0.39115944285417648
6.44359100437361665 0.05082803481202169 0.34870853241679850
6.48796973318221504 0.05003036409052806 0.30345280745726316
6.53265410595150353 0.04923867484281796 0.25577693696892467
6.57764622770418317 0.04845305958190802 0.20609545823598549
6.62294821796058031 0.04767360891032563 0.15484985047227481
6.66856221083852052 0.04690041141991712 0.10250519756876286
6.71449035515390236 0.04613355359342938 0.04954645103830276
6.76073481452185465 0.04537311970841670 -0.00352569030060704
6.80729776745870030 0.04461919174388037 -0.05619926164752596
6.85418140748460925 0.04387184929003107 -0.10795584637933260
6.90138794322687321 0.04313116946153678 -0.15827568880850632
6.94891959852397711 0.04239722681458379 -0.20664306516211833
6.99677861253040323 0.04167009326804863 -0.25255186626212761
7.04496723982204198 0.04094983802904512 -0.29551133933345630
7.09348775050243230 0.04023652752307662 -0.33505193049361115
7.14234243030975069 0.03953022532899345 -0.37073116388836935
7.19153358072439097 0.03883099211892305 -0.40213948824114204
7.24106351907749612 0.03813888560330868 -0.42890601689376384
7.29093457866002304 0.03745396048116504 -0.45070408335315615
7.34114910883271410 0.03677626839562770 -0.46725653104403914
7.39170947513679444 0.03610585789484803 -0.47834065352691357
7.44261805940534860 0.03544277439825894 -0.48379269999644808
7.49387725987554987 0.03478706016821088 -0.48351186054922940
7.54548949130168989 0.03413875428695563 -0.47746364661744872
7.59745718506884682 0.03349789263893466 -0.46568258421450526
7.64978278930746658 0.03286450789830620 -0.44827414132695803
7.70246876900873456 0.03223862952162957 -0.42541581599827710
7.75551760614061170 0.03162028374560745 -0.39735731844971034
7.80893179976480489 0.03100949358977070 -0.36441978901821614
7.86271386615452528 0.03040627886397801 -0.32699400378298704
7.91686633891295788 0.02981065618059002 -0.28553753149543459
7.97139176909264169 0.02922263897116616 -0.24057081878707290
8.02629272531570415 0.02864223750752367 -0.19267219553644238
8.08157179389476887 0.02806945892699096 -0.14247180862449427
8.13723157895484306 0.02750430726167887 -0.09064450995336287
8.19327470255603352 0.02694678347158960 -0.03790174336111405
8.24970380481698484 0.02639688548137853 0.01501750529244188
8.30652154403929366 0.02585460822057956 0.06735661033642548
8.36373059683278619 0.02531994366710385 0.11835195570392285
8.42133365824150992 0.02479288089382019 0.16724420595113909
8.47933344187075200 0.02427340611802391 0.21329005321681171
8.53773268001491026 0.02376150275360234 0.25577427526744290
8.59653412378610682 0.02325715146570663 0.29402192191573978
8.65574054324390119 0.02276033022773932 0.32741043105798195
8.71535472752569795 0.02227101438047214 0.35538146185222425
8.77537948497815989 0.02178917669310914 0.37745222166275488
8.83581764328957142 0.02131478742611491 0.39322605583451453
8.89667204962294100 0.02084781439563155 0.40240206562760139
8.95794557075018716 0.02038822303931136 0.40478352020289760
9.01964109318722329 0.01993597648339748 0.40028483383040581
9.08176152332984898 0.01949103561088993 0.38893688986064562
9.14430978759071600 0.01905335913063821 0.37089050875269519
9.20728883253723041 0.01862290364720825 0.34641787879787134
9.27070162503026651 0.01819962373137660 0.31591179521826018
9.33455115236398569 0.01778347199110969 0.27988258603629840
9.39884042240660378 0.01737439914289233 0.23895264135164476
9.46357246374199690 0.01697235408327542 0.19384850612169932
9.52875032581242287 0.01657728396051788 0.14539054475891491
9.59437707906221782 0.01618913424620421 0.09448023819893510
9.66045581508235429 0.01580784880672505 0.04208522975149292
9.72698964675612210 0.01543336997451278 -0.01077770596181564
9.79398170840582871 0.01506563861893117 -0.06306153750727764
9.86143515594034170 0.01470459421672306 -0.11370940206845165
9.92935316700382486 0.01435017492192536 -0.16167623187164931
9.99773894112547623 0.01400231763516665 -0.20595117745030708
10.06659569987014713 0.01366095807226792 -0.24558037426528451
10.13592668699016741 0.01332603083207172 -0.27968955653222327
10.20573516857819385 0.01299746946343053 -0.30750598788802497
10.27602443322096626 0.01267520653129040 -0.32837915452042554
10.34679779215434792 0.01235917368180982 -0.34179965427523967
10.41805857941921332 0.01204930170645952 -0.34741571659731757
10.48981015201854206 0.01174552060505278 -0.34504680430690071
10.56205589007563006 0.01144775964766029 -0.33469378025160135
10.63479919699321208 0.01115594743536837 -0.31654517056248044
10.70804349961384183 0.01087001195984268 -0.29097912193974285
10.78179224838138772 0.01058988066166404 -0.25856073299823940
10.85604891750345935 0.01031548048740677 -0.22003453859713146
10.93081700511513965 0.01004673794543313 -0.17631204007924201
11.00610003344382370 0.00978357916038135 -0.12845430167132074
11.08190154897503987 0.00952592992632825 -0.07764977154354974
11.15822512261957122 0.00927371575860975 -0.02518763216911691
11.23507434988173870 0.00902686194428664 0.02757286496775472
11.31245285102866305 0.00878529359124530 0.07923647478670454
11.39036427126086970 0.00854893567592583 0.12840869275391062
11.46881228088406779 0.00831771308967263 0.17373426018962260
11.54780057548193817 0.00809155068370546 0.21393643206912094
11.62733287609027499 0.00787037331271039 0.24785589808142039
11.70741292937236366 0.00765410587705304 0.27448817312243212
11.78804450779532864 0.00744267336361839 0.29301807628499632
11.86923140980793434 0.00723600088528309 0.30285084200786427
11.95097746001958150 0.00703401371902829 0.30363709934616717
12.03328650938034805 0.00683663734270284 0.29529213982697050
12.11616243536247062 0.00664379747044791 0.27800771317882000
12.19960914214307124 0.00645542008679580 0.25225573958420033
12.28363056078792503 0.00627143147945727 0.21878277201231558
12.36823064943682482 0.00609175827081243 0.17859604929905465
12.45341339348988541 0.00591632744812220 0.13293965545574543
12.53918280579536493 0.00574506639247747 0.08326183726331500
12.62554292683876156 0.00557790290650504 0.03117385348083191
12.71249782493303115 0.00541476524084965 -0.02159901485528463
12.80005159641030055 0.00525558211945242 -0.07327257876029097
12.88820836581490603 0.00510028276364681 -0.12206364387980433
12.97697228609757403 0.00494879691509390 -0.16625287337200390
13.06634753881110811 0.00480105485757912 -0.20424837805803997
13.15633833430746158 0.00465698743769338 -0.23464774890571599
13.24694891193594515 0.00451652608442179 -0.25629608003344456
13.33818354024298891 0.00437960282766353 -0.26833750626197567
13.43004651717330766 0.00424615031570694 -0.27025784567047523
13.52254217027224570 0.00411610183168386 -0.26191610868947685
13.61567485688968482 0.00398939130902771 -0.24356291570058075
13.70944896438540361 0.00386595334595977 -0.21584425373592833
13.80386891033561803 0.00374572321902838 -0.17978949408069847
13.89893914274114195 0.00362863689572564 -0.13678317532589687
13.99466414023702043 0.00351463104620626 -0.08852071409436009
14.09104841230335481 0.00340364305413340 -0.03694891618217955
14.18809649947781004 0.00329561102667584 0.01580710300622239
14.28581297356959823 0.00319047380368106 0.06752824979965280
14.38420243787468600 0.00308817096604858 0.11599400766627774
14.48326952739274454 0.00298864284332750 0.15907957880853585
14.58301890904555620 0.00289183052056243 0.19485348041482231
14.68345528189669658 0.00279767584441135 0.22167112342248727
14.78458337737311012 0.00270612142855876 0.23825974716029083
14.88640795948781026 0.00261711065844751 0.24379014229567095
14.98893382506439842 0.00253058769535188 0.23793088663287415
15.09216580396309659 0.00244649747981468 0.22088135300106809
15.19610875930813876 0.00236478573447035 0.19338052337607742
15.30076758771692269 0.00228539896627599 0.15668964281289652
15.40614721953078536 0.00220828446817180 0.11254794083117090
15.51225261904708930 0.00213339032019189 0.06310199228883823
15.61908878475316698 0.00206066539004624 0.01081072642633415
15.72666074956188353 0.00199005933319399 -0.04167044862203204
15.83497358104856190 0.00192152259242800 -0.09162153794401434
15.94403238168977666 0.00185500639699009 -0.13639974424349893
16.05384228910383726 0.00179046276123592 -0.17358399583435988
16.16440847629262834 0.00172784448286817 -0.20111436191902390
16.27573615188538625 0.00166710514075610 -0.21741818339100058
16.38783056038416674 0.00160819909235927 -0.22151488459977361
16.50069698241071947 0.00155108147077266 -0.21309206090377192
16.61434073495536978 0.00149570818141001 -0.19254657169452644
16.72876717162753124 0.00144203589834187 -0.16098599153621898
16.84398168290777775 0.00139002206030420 -0.12018783215305863
16.95998969640185550 0.00133962486639317 -0.07251635952741302
17.07679667709644278 0.00129080327146124 -0.02079947409649754
17.19440812761645176 0.00124351698122915 0.03182915118611082
17.31282958848430553 0.00119772644712817 0.08211484302227254
17.43206663838105897 0.00115339286088635 0.12688341806169162
17.55212489440898693 0.00111047814887229 0.16324730642121146
17.67301001235643199 0.00106894496620944 0.18880297862842008
17.79472768696403406 0.00102875669067348 0.20180595213201727
17.91728365219310604 0.00098987741638516 0.20130993905175451
18.04068368149582469 0.00095227194731025 0.18725839198514382
18.16493358808703462 0.00091590579057829 0.16051921998427260
18.29003922521819092 0.00088074514963112 0.12285638741751592
18.41600648645320959 0.00084675691721181 0.07683659624241976
18.54284130594588476 0.00081390866820473 0.02567369369739755
18.67054965871956540 0.00078216865233631 -0.02698166704045032
18.79913756094870436 0.00075150578674666 -0.07729488101158516
18.92861107024209844 0.00072188964844107 -0.12152633576234184
19.05897628592832760 0.00069329046663059 -0.15631677914198358
19.19023934934321218 0.00066567911497041 -0.17895698863143494
19.32240644411890074 0.00063902710370445 -0.18762074592773065
19.45548379647529202 0.00061330657172432 -0.18153823422975407
19.58947767551343233 0.00058849027855037 -0.16109401762556519
19.72439439351064294 0.00056455159624263 -0.12783576430915677
19.86024030621799952 0.00054146450124871 -0.08438771138685316
19.99702181315981875 0.00051920356619581 -0.03427009610967986
20.13474535793495690 0.00049774395163364 0.01836597070449164
20.27341742852043538 0.00047706139773463 0.06907059961699014
20.41304455757720504 0.00045713221595797 0.11346932333076999
20.55363332275766908 0.00043793328068335 0.14764884525639727
20.69519034701566085 0.00041944202082027 0.16852036895286920
20.83772229891854622 0.00040163641139871 0.17412598060643852
20.98123589296111646 0.00038449496514632 0.16385619973415227
21.12573788988219903 0.00036799672405765 0.13855274469929008
21.27123509698287762 0.00035212125096018 0.10047954694772621
21.41773436844730227 0.00033684862108219 0.05315652298142835
21.56524260566567719 0.00032215941362703 0.00106368555713082
21.71376675755915642 0.00030803470335831 -0.05076331743121409
21.86331382090732234 0.00029445605220033 -0.09721255507752775
22.01389084067788815 0.00028140550085798 -0.13360611096975503
22.16550491035836856 0.00026886556045992 -0.15619077967070197
22.31816317229034397 0.00025681920422916 -0.16255685809788559
22.47187281800605874 0.00024524985918454 -0.15193576398865999
22.62664108856695222 0.00023414139787678 -0.12533830097584278
22.78247527490490754 0.00022347813016251 -0.08550679666109122
22.93938271816583452 0.00021324479501956 -0.03667605488838580
23.09737081005526349 0.00020342655240672 0.01584275040440353
23.25644699318666753 0.00019400897517116 0.06621925403854008
23.41661876143221122 0.00018497804100546 0.10874715919022436
23.57789366027551736 0.00017632012445868 0.13850431271182270
23.74027928716727942 0.00016802198902882 0.15195312930013252
23.90378329188323292 0.00016007077903272 0.14740530749692501
24.06841337688434734 0.00015245401052166 0.12528752232176554
24.23417729767975004 0.00014515958031727 0.08816229999399007
24.40108286319222586 0.00013817569279330 0.04048537638384092
24.56913793612584485 0.00013149099018783 -0.01188493545968370
24.73835043333644990 0.00012509436891541 -0.06238032424918471
24.90872832620479116 0.00011897513208029 -0.10453941197504485
25.08027964101170326 0.00011312286820889 -0.13285050573947227
25.25301245931659011 0.00010752748834316 -0.14350957066479914
25.42693491833779973 0.00010217921904579 -0.13498601783550845
25.60205521133612194 0.00009706859466149 -0.10830725451219177
25.77838158800087243 0.00009218644954812 -0.06700498726546841
25.95592235483826826 0.00008752391058200 -0.01671023578279567
26.13468587556286593 0.00008307238995055 0.03556911600830477
26.31468057149170292 0.00007882357816548 0.08240150074459186
26.49591492194075215 0.00007476943723800 0.11699266460607770
26.67839746462448147 0.00007090219398048 0.13420426308702166
26.86213679605822335 0.00006721433341592 0.13137415359906474
27.04714157196285029 0.00006369859228621 0.10880183655541950
27.23342050767267608 0.00006034795265541 0.06980333140770997
27.42098237854617082 0.00005715563560645 0.02030010222106382
27.60983602037906337 0.00005411509503120 -0.03202199154459090
27.79999032982073714 0.00005122001151403 -0.07887571847379544
27.99145426479347520 0.00004846428630925 -0.11268861440044364
28.18423684491418513 0.00004584203541310 -0.12786510159260644
28.37834715191940305 0.00004334758373068 -0.12178064371167925
28.57379433009332814 0.00004097545933827 -0.09532315231223792
28.77058758669825522 0.00003872038784153 -0.05286070069791741
28.96873619240848896 0.00003657728682982 -0.00160549399079223
29.16824948174722820 0.00003454126042700 0.04955144120696874
29.36913685352597270 0.00003260759393892 0.09155978879841589
29.57140777128746478 0.00003077174859774 0.11683088580032920
29.77507176375166154 0.00002902935640314 0.12066926375564863
29.98013842526423645 0.00002737621506064 0.10223710251231641
30.18661741624899619 0.00002580828301668 0.06484104323578709
30.39451846366259957 0.00002432167459073 0.01544462313145535
30.60385136145291085 0.00002291265520408 -0.03654735638663885
30.81462597102058965 0.00002157763670510 -0.08103934299497417
31.02685222168328139 0.00002031317279089 -0.10921578491768305
31.24054011114357010 0.00001911595452484 -0.11534891921632837
31.45569970596010023 0.00001798280594975 -0.09806457408848929
31.67234114202147310 0.00001691067979627 -0.06077122576239127
31.89047462502390218 0.00001589665328594 -0.01110960666348705
32.11011043095216166 0.00001493792402851 0.04051986714411813
32.33125890656335599 0.00001403180601285 0.08309202852189615
32.55393046987445160 0.00001317572569091 0.10732922192762585
32.77813561065330106 0.00001236721815402 0.10780087426384306
33.00388489091239563 0.00001160392340081 0.08426296937802351
33.23118894540665735 0.00001088358269606 0.04188630489229866
33.46005848213456346 0.00001020403501962 -0.00974745381476627
33.69050428284223386 0.00000956321360456 -0.05872350883506671
33.92253720353155444 0.00000895914256369 -0.09352016338200426
34.15616817497173940 0.00000838993360357 -0.10577002776998339
34.39140820321391345 0.00000785378282493 -0.09238764695313360
34.62826837010977243 0.00000734896760866 -0.05650087297136065
34.86675983383382516 0.00000687384358623 -0.00688019353332769
35.10689382940867631 0.00000642684169351 0.04408181653534738
35.34868166923443766 0.00000600646530692 0.08341200972447430
35.59213474362190510 0.00000561128746077 0.10089177300647183
35.83726452132862050 0.00000523994814460 0.09182587099990362
36.08408255009970134 0.00000489115167947 0.05847178481697599
36.33260045721140585 0.00000456366417182 0.00966123979565493
36.58282995001901128 0.00000425631104380 -0.04139283160074623
36.83478281650860708 0.00000396797463881 -0.08060573517490097
37.08847092585194360 0.00000369759190095 -0.09693960345039401
37.34390622896582812 0.00000344415212707 -0.08563852428958940
37.60110075907528682 0.00000320669479021 -0.04980353676377521
37.86006663228003788 0.00000298430743301 0.00025489707192332
38.12081604812546942 0.00000277612362989 0.04982990787662022
38.38336129017754672 0.00000258132101642 0.08408206046796886
38.64771472660106610 0.00000239911938490 0.09254214755152504
38.91388881074252026 0.00000222877884433 0.07247615989244956
39.18189608171694260 0.00000206959804388 0.02998977709466841
39.45174916499820483 0.00000192091245806 -0.02161503765046362
39.72346077301400413 0.00000178209273256 -0.06586912237363397
39.99704370574492174 0.00000165254308908 -0.08838198993581621
40.27251085132701292 0.00000153169978804 -0.08164533937319692
40.54987518665913626 0.00000141902964759 -0.04775967027580352
40.82914977801451073 0.00000131402861767 0.00196612329710740
41.11034778165581827 0.00000121622040765 0.05059288911117524
41.39348244445520209 0.00000112515516621 0.08125177842882930
41.67856710451849267 0.00000104040821218 0.08308227674072312
41.96561519181314992 0.00000096157881510 0.05529748549605818
42.25464022880114356 0.00000088828902280 0.00779036916389881
42.54565583107618920 0.00000082018253868 -0.04214905135897273
42.83867570800463653 0.00000075692364027 -0.07601598366732575
43.13371366337192114 0.00000069819614645 -0.08101317729277349
43.43078359603229188 0.00000064370242393 -0.05511044652225908
43.72989950056381758 0.00000059316243751 -0.00816969353240226
44.03107546792784888 0.00000054631283995 0.04154075125320373
44.33432568613240932 0.00000050290610111 0.07432970007369565
44.63966444090076635 0.00000046270967483 0.07695618238219332
44.94710611634466346 0.00000042550520247 0.04822736583962423
45.25666519564148160 0.00000039108775186 -0.00013179150810611
45.56835626171672260 0.00000035926509050 -0.04798199769469567
45.88219399793127451 0.00000032985699184 -0.07504859661125406
46.19819318877259207 0.00000030269457348 -0.06963102906161996
46.51636872055146199 0.00000027761966616 -0.03396460455097066
46.83673558210352894 0.00000025448421248 0.01633530447759354
47.15930886549484313 0.00000023314969419 0.05884517973739562
47.48410376673314204 0.00000021348658716 0.07428784866570162
47.81113558648395667 0.00000019537384273 0.05548357619284518
48.14041973079085324 0.00000017869839469 0.01106195004358869
48.47197171180150121 0.00000016335469072 -0.03812674820161103
48.80580714849863710 0.00000014924424748 -0.06860674506887847
49.14194176743541220 0.00000013627522821 -0.06556892577999665
49.48039140347642473 0.00000012436204213 -0.03040211294177801
49.82117200054399575 0.00000011342496463 0.01950999232645744
50.16429961236871549 0.00000010338977733 0.05907154084798648
50.50979040324599367 0.00000009418742738 0.06806322909506164
50.85766064879778270 0.00000008575370491 0.04175405273819582
51.20792673673872031 0.00000007802893802 -0.00615680597770820
51.56060516764880930 0.00000007095770448 -0.05027619159286357
51.91571255575011179 0.00000006448855933 -0.06685012442257400
52.27326562968973178 0.00000005857377784 -0.04677798855792567
52.63328123332806285 0.00000005316911284 -0.00107549135307992
52.99577632653188175 0.00000004823356600 0.04471290775470637
53.36076798597342474 0.00000004372917232 0.06460082612167423
53.72827340593521939 0.00000003962079711 0.04710415872400914
54.09830989911951349 0.00000003587594495 0.00235727999977619
54.47089489746409896 0.00000003246458005 -0.04325594934302571
54.84604595296382712 0.00000002935895736 -0.06243921752217770
55.22378073849689883 0.00000002653346392 -0.04352400449106742
55.60411704865762061 0.00000002396446998 0.00191120569965760
55.98707280059507951 0.00000002163018930 0.04560039645555528
56.37266603485656447 0.00000001951054821 0.05997140022334111
56.76091491623769514 0.00000001758706290 0.03580981754775509
57.15183773463848382 0.00000001584272459 -0.01125426749337163
57.54545290592436402 0.00000001426189204 -0.05032824819458164
57.94177897279396205 0.00000001283019109 -0.05540686672116985
58.34083460565301493 0.00000001153442079 -0.02305434027991440
58.74263860349324062 0.00000001036246573 0.02462893132232220
59.14720989477827118 0.00000000930321429 0.05462467735762185
59.55456753833561123 0.00000000834648233 0.04588502026359413
59.96473072425391138 0.00000000748294222 0.00463178669461676
60.37771877478727589 0.00000000670405661 -0.03939733373991920
60.79355114526580195 0.00000000600201692 -0.05404866388102957
61.21224742501138394 0.00000000536968611 -0.02849604570505328
61.63382733826140480 0.00000000480054550 0.01807080573690590
62.05831074509711698 0.00000000428864541 0.05024573844377029
62.48571764237959769 0.00000000382855936 0.04326210347520698
62.91606816469209207 0.00000000341534160 0.00261022929452923
63.34938258528783450 0.00000000304448780 -0.03951877474494703
63.78568131704546573 0.00000000271189861 -0.04935436888647773
64.22498491343100113 0.00000000241384600 -0.01894964344675447
64.66731406946533411 0.00000000214694212 0.02660844447641195
65.11268962269959104 0.00000000190811056 0.04928824011869633
65.56113255419701602 0.00000000169455977 0.02994955464658611
66.01266398952071768 0.00000000150375864 -0.01476714721270150
66.46730519972919637 0.00000000133341391 -0.04598441895944395
66.92507760237876369 0.00000000118144941 -0.03624964858754345
67.38600276253178833 0.00000000104598698 0.00568006183998494
67.85010239377291441 0.00000000092532887 0.04183786036476586
68.31739835923238502 0.00000000081794162 0.03910207074259008
68.78791267261519238 0.00000000072244127 0.00008432807169821
69.26166749923855548 0.00000000063757974 -0.03842201193986604
69.73868515707637528 0.00000000056223240 -0.03967939284984726
70.21898811780998528 0.00000000049538669 -0.00253535802423072
70.70259900788697394 0.00000000043613165 0.03653896602263283
71.18954060958763819 0.00000000038364845 0.03871825599419748
71.67983586209734881 0.00000000033720162 0.00185931642050581
72.17350786258761275 0.00000000029613114 -0.03636170699057804
72.67057986730449670 0.00000000025984519 -0.03639180920001333
73.17107529266338872 0.00000000022781355 0.00176807177522586
73.67501771635303953 0.00000000019956158 0.03751687381185848
74.18243087844544448 0.00000000017466477 0.03231930456039700
74.69333868251453623 0.00000000015274377 -0.00814441081581679
75.20776519676272187 0.00000000013345988 -0.03905905364123478
75.72573465515387170 0.00000000011651094 -0.02569641962570511
76.24727145855528931 0.00000000010162768 0.01678112371474027
76.77240017588772503 0.00000000008857049 0.03938688684356949
77.30114554528189785 0.00000000007712509 0.01561905068115500
77.83353247524428298 0.00000000006710420 -0.02644998842511168
78.36958604583098520 0.00000000005833395 -0.03627025515261846
78.90933150982831989 0.00000000005066344 -0.00172744186460302
79.45279429394295789 0.00000000004396092 0.03467487965270252
80.00000000000002842 0.00000000003810966 0.02729623453454556
