0.00000000000000000 0.38440175183890685 -1.35959671499739487
0.00000060603270582 0.38440175183890457 -1.35959671499797619
0.00000121623926342 0.38440175183889702 -1.35959671499972923
0.00000183064841884 0.38440175183888425 -1.35959671500268042
0.00000244928911611 0.38440175183886627 -1.35959671500685486
0.00000307219049857 0.38440175183884290 -1.35959671501227675
0.00000369938191031 0.38440175183881387 -1.35959671501897206
0.00000433089289749 0.38440175183877939 -1.35959671502696700
0.00000496675320978 0.38440175183873915 -1.35959671503628687
0.00000560699280172 0.38440175183869302 -1.35959671504695945
0.00000625164183417 0.38440175183864095 -1.35959671505901070
0.00000690073067572 0.38440175183858288 -1.35959671507246860
0.00000755428990408 0.38440175183851844 -1.35959671508736202
0.00000821235030760 0.38440175183844782 -1.35959671510371871
0.00000887494288662 0.38440175183837072 -1.35959671512156688
0.00000954209885504 0.38440175183828706 -1.35959671514093761
0.00001021384964169 0.38440175183819669 -1.35959671516185865
0.00001089022689190 0.38440175183809944 -1.35959671518436198
0.00001157126246890 0.38440175183799530 -1.35959671520847736
0.00001225698845539 0.38440175183788400 -1.35959671523423675
0.00001294743715505 0.38440175183776543 -1.35959671526167036
0.00001364264109400 0.38440175183763958 -1.35959671529081216
0.00001434263302241 0.38440175183750619 -1.35959671532169457
0.00001504744591597 0.38440175183736514 -1.35959671535435001
0.00001575711297752 0.38440175183721625 -1.35959671538881288
0.00001647166763854 0.38440175183705938 -1.35959671542511851
0.00001719114356077 0.38440175183689446 -1.35959671546329974
0.00001791557463778 0.38440175183672132 -1.35959671550339278
0.00001864499499659 0.38440175183653963 -1.35959671554543426
0.00001937943899923 0.38440175183634945 -1.35959671558945971
0.00002011894124442 0.38440175183615050 -1.35959671563550644
0.00002086353656913 0.38440175183594266 -1.35959671568361373
0.00002161326005029 0.38440175183572589 -1.35959671573381713
0.00002236814700639 0.38440175183549974 -1.35959671578615793
0.00002312823299918 0.38440175183526420 -1.35959671584067365
0.00002389355383531 0.38440175183501912 -1.35959671589740561
0.00002466414556806 0.38440175183476438 -1.35959671595639464
0.00002544004449901 0.38440175183449965 -1.35959671601768095
0.00002622128717973 0.38440175183422470 -1.35959671608130672
0.00002700791041356 0.38440175183393965 -1.35959671614731614
0.00002779995125730 0.38440175183364400 -1.35959671621575029
0.00002859744702296 0.38440175183333763 -1.35959671628665446
0.00002940043527952 0.38440175183302050 -1.35959671636007329
0.00003020895385472 0.38440175183269221 -1.35959671643605162
0.00003102304083682 0.38440175183235276 -1.35959671651463521
0.00003184273457640 0.38440175183200187 -1.35959671659587200
0.00003266807368816 0.38440175183163927 -1.35959671667980797
0.00003349909705276 0.38440175183126479 -1.35959671676649263
0.00003433584381862 0.38440175183087827 -1.35959671685597394
0.00003517835340380 0.38440175183047937 -1.35959671694830142
0.00003602666549782 0.38440175183006803 -1.35959671704352725
0.00003688082006357 0.38440175182964398 -1.35959671714170049
0.00003774085733916 0.38440175182920694 -1.35959671724287423
0.00003860681783982 0.38440175182875663 -1.35959671734710086
0.00003947874235983 0.38440175182829300 -1.35959671745443389
0.00004035667197442 0.38440175182781572 -1.35959671756492839
0.00004124064804171 0.38440175182732444 -1.35959671767863943
0.00004213071220466 0.38440175182681907 -1.35959671779562274
0.00004302690639304 0.38440175182629932 -1.35959671791593517
0.00004392927282539 0.38440175182576491 -1.35959671803963444
0.00004483785401101 0.38440175182521569 -1.35959671816677985
0.00004575269275200 0.38440175182465131 -1.35959671829743045
0.00004667383214520 0.38440175182407149 -1.35959671843164731
0.00004760131558430 0.38440175182347602 -1.35959671856949149
0.00004853518676184 0.38440175182286468 -1.35959671871102628
0.00004947548967128 0.38440175182223707 -1.35959671885631272
0.00005042226860905 0.38440175182159292 -1.35959671900541612
0.00005137556817669 0.38440175182093200 -1.35959671915840263
0.00005233543328290 0.38440175182025410 -1.35959671931533754
0.00005330190914567 0.38440175181955877 -1.35959671947628857
0.00005427504129443 0.38440175181884595 -1.35959671964132389
0.00005525487557217 0.38440175181811498 -1.35959671981051211
0.00005624145813759 0.38440175181736586 -1.35959671998392428
0.00005723483546734 0.38440175181659819 -1.35959672016163169
0.00005823505435811 0.38440175181581165 -1.35959672034370538
0.00005924216192892 0.38440175181500591 -1.35959672053022040
0.00006025620562330 0.38440175181418074 -1.35959672072125115
0.00006127723321152 0.38440175181333558 -1.35959672091687378
0.00006230529279288 0.38440175181247038 -1.35959672111716401
0.00006334043279791 0.38440175181158465 -1.35959672132220089
0.00006438270199072 0.38440175181067798 -1.35959672153206323
0.00006543214947126 0.38440175180975034 -1.35959672174683210
0.00006648882467762 0.38440175180880087 -1.35959672196658765
0.00006755277738841 0.38440175180782976 -1.35959672219141359
0.00006862405772505 0.38440175180683628 -1.35959672242139518
0.00006970271615417 0.38440175180582009 -1.35959672265661458
0.00007078880348996 0.38440175180478098 -1.35959672289716216
0.00007188237089658 0.38440175180371844 -1.35959672314312341
0.00007298346989057 0.38440175180263214 -1.35959672339458759
0.00007409215234328 0.38440175180152164 -1.35959672365164708
0.00007520847048328 0.38440175180038660 -1.35959672391439201
0.00007633247689889 0.38440175179922664 -1.35959672418291722
0.00007746422454057 0.38440175179804131 -1.35959672445731461
0.00007860376672349 0.38440175179683017 -1.35959672473768367
0.00007975115712999 0.38440175179559277 -1.35959672502411943
0.00008090644981215 0.38440175179432884 -1.35959672531672204
0.00008206969919430 0.38440175179303765 -1.35959672561559208
0.00008324096007561 0.38440175179171909 -1.35959672592083103
0.00008442028763265 0.38440175179037250 -1.35959672623254124
0.00008560773742201 0.38440175178899749 -1.35959672655082997
0.00008680336538291 0.38440175178759367 -1.35959672687580224
0.00008800722783983 0.38440175178616048 -1.35959672720756686
0.00008921938150515 0.38440175178469749 -1.35959672754623218
0.00009043988348186 0.38440175178320418 -1.35959672789191166
0.00009166879126623 0.38440175178168012 -1.35959672824471656
0.00009290616275050 0.38440175178012476 -1.35959672860476322
0.00009415205622562 0.38440175177853764 -1.35959672897216532
0.00009540653038403 0.38440175177691815 -1.35959672934704412
0.00009666964432236 0.38440175177526598 -1.35959672972951751
0.00009794145754428 0.38440175177358044 -1.35959673011970694
0.00009922202996325 0.38440175177186087 -1.35959673051773611
0.00010051142190536 0.38440175177010705 -1.35959673092373179
0.00010180969411221 0.38440175176831815 -1.35959673133781922
0.00010311690774369 0.38440175176649388 -1.35959673176012763
0.00010443312438095 0.38440175176463348 -1.35959673219078803
0.00010575840602925 0.38440175176273644 -1.35959673262993341
0.00010709281512086 0.38440175176080216 -1.35959673307769902
0.00010843641451808 0.38440175175882996 -1.35959673353421984
0.00010978926751612 0.38440175175681940 -1.35959673399963599
0.00011115143784613 0.38440175175476987 -1.35959673447408758
0.00011252298967817 0.38440175175268060 -1.35959673495771804
0.00011390398762428 0.38440175175055113 -1.35959673545067194
0.00011529449674147 0.38440175174838070 -1.35959673595309627
0.00011669458253481 0.38440175174616875 -1.35959673646514045
0.00011810431096053 0.38440175174391455 -1.35959673698695549
0.00011952374842909 0.38440175174161750 -1.35959673751869481
0.00012095296180836 0.38440175173927688 -1.35959673806051451
0.00012239201842671 0.38440175173689206 -1.35959673861257380
0.00012384098607623 0.38440175173446234 -1.35959673917503143
0.00012529993301590 0.38440175173198687 -1.35959673974805106
0.00012676892797482 0.38440175172946522 -1.35959674033179789
0.00012824804015542 0.38440175172689645 -1.35959674092643867
0.00012973733923676 0.38440175172427982 -1.35959674153214505
0.00013123689537777 0.38440175172161467 -1.35959674214908866
0.00013274677922061 0.38440175171890023 -1.35959674277744447
0.00013426706189393 0.38440175171613578 -1.35959674341738990
0.00013579781501627 0.38440175171332042 -1.35959674406910569
0.00013733911069942 0.38440175171045343 -1.35959674473277525
0.00013889102155182 0.38440175170753405 -1.35959674540858244
0.00014045362068197 0.38440175170456137 -1.35959674609671644
0.00014202698170187 0.38440175170153462 -1.35959674679736686
0.00014361117873053 0.38440175169845292 -1.35959674751072979
0.00014520628639740 0.38440175169531554 -1.35959674823700039
0.00014681237984592 0.38440175169212154 -1.35959674897637828
0.00014842953473709 0.38440175168887003 -1.35959674972906552
0.00015005782725295 0.38440175168556007 -1.35959675049526729
0.00015169733410024 0.38440175168219087 -1.35959675127519253
0.00015334813251402 0.38440175167876145 -1.35959675206905195
0.00015501030026123 0.38440175167527102 -1.35959675287705983
0.00015668391564445 0.38440175167171842 -1.35959675369943378
0.00015836905750551 0.38440175166810281 -1.35959675453639495
0.00016006580522926 0.38440175166442331 -1.35959675538816560
0.00016177423874727 0.38440175166067880 -1.35959675625497467
0.00016349443854163 0.38440175165686835 -1.35959675713705019
0.00016522648564871 0.38440175165299084 -1.35959675803462798
0.00016697046166299 0.38440175164904550 -1.35959675894794429
0.00016872644874093 0.38440175164503099 -1.35959675987723982
0.00017049452960478 0.38440175164094648 -1.35959676082275704
0.00017227478754653 0.38440175163679074 -1.35959676178474598
0.00017406730643183 0.38440175163256279 -1.35959676276345554
0.00017587217070391 0.38440175162826151 -1.35959676375914218
0.00017768946538756 0.38440175162388585 -1.35959676477206259
0.00017951927609319 0.38440175161943457 -1.35959676580247990
0.00018136168902080 0.38440175161490658 -1.35959676685065967
0.00018321679096405 0.38440175161030060 -1.35959676791687212
0.00018508466931440 0.38440175160561557 -1.35959676900139148
0.00018696541206516 0.38440175160085033 -1.35959677010449331
0.00018885910781567 0.38440175159600354 -1.35959677122646094
0.00019076584577548 0.38440175159107398 -1.35959677236757970
0.00019268571576853 0.38440175158606049 -1.35959677352813912
0.00019461880823741 0.38440175158096174 -1.35959677470843299
0.00019656521424759 0.38440175157577650 -1.35959677590875949
0.00019852502549171 0.38440175157050338 -1.35959677712942195
0.00020049833429394 0.38440175156514106 -1.35959677837072634
0.00020248523361429 0.38440175155968825 -1.35959677963298464
0.00020448581705300 0.38440175155414347 -1.35959678091651170
0.00020650017885496 0.38440175154850553 -1.35959678222162905
0.00020852841391413 0.38440175154277290 -1.35959678354866065
0.00021057061777803 0.38440175153694423 -1.35959678489793601
0.00021262688665221 0.38440175153101791 -1.35959678626979019
0.00021469731740485 0.38440175152499262 -1.35959678766456249
0.00021678200757123 0.38440175151886691 -1.35959678908259640
0.00021888105535840 0.38440175151263917 -1.35959679052424054
0.00022099455964977 0.38440175150630790 -1.35959679198984862
0.00022312262000977 0.38440175149987155 -1.35959679347978102
0.00022526533668857 0.38440175149332856 -1.35959679499440078
0.00022742281062675 0.38440175148667732 -1.35959679653407828
0.00022959514346012 0.38440175147991623 -1.35959679809918699
0.00023178243752444 0.38440175147304356 -1.35959679969010816
0.00023398479586029 0.38440175146605782 -1.35959680130722660
0.00023620232221791 0.38440175145895716 -1.35959680295093399
0.00023843512106208 0.38440175145173994 -1.35959680462162669
0.00024068329757706 0.38440175144440442 -1.35959680631970681
0.00024294695767150 0.38440175143694877 -1.35959680804558336
0.00024522620798350 0.38440175142937133 -1.35959680979966935
0.00024752115588558 0.38440175142167021 -1.35959681158238510
0.00024983190948974 0.38440175141384353 -1.35959681339415650
0.00025215857765257 0.38440175140588950 -1.35959681523541542
0.00025450126998040 0.38440175139780619 -1.35959681710660063
0.00025686009683441 0.38440175138959159 -1.35959681900815532
0.00025923516933586 0.38440175138124405 -1.35959682094053180
0.00026162659937133 0.38440175137276122 -1.35959682290418638
0.00026403449959799 0.38440175136414134 -1.35959682489958333
0.00026645898344887 0.38440175135538224 -1.35959682692719319
0.00026890016513825 0.38440175134648197 -1.35959682898749246
0.00027135815966704 0.38440175133743837 -1.35959683108096474
0.00027383308282816 0.38440175132824944 -1.35959683320810210
0.00027632505121202 0.38440175131891280 -1.35959683536940212
0.00027883418221200 0.38440175130942644 -1.35959683756536953
0.00028136059403001 0.38440175129978815 -1.35959683979651680
0.00028390440568202 0.38440175128999554 -1.35959684206336284
0.00028646573700369 0.38440175128004661 -1.35959684436643435
0.00028904470865600 0.38440175126993870 -1.35959684670626690
0.00029164144213096 0.38440175125966974 -1.35959684908340139
0.00029425605975730 0.38440175124923731 -1.35959685149838827
0.00029688868470626 0.38440175123863879 -1.35959685395178531
0.00029953944099738 0.38440175122787201 -1.35959685644415673
0.00030220845350433 0.38440175121693448 -1.35959685897607829
0.00030489584796083 0.38440175120582343 -1.35959686154812975
0.00030760175096652 0.38440175119453657 -1.35959686416090220
0.00031032628999299 0.38440175118307113 -1.35959686681499314
0.00031306959338972 0.38440175117142461 -1.35959686951101077
0.00031583179039017 0.38440175115959441 -1.35959687224957038
0.00031861301111784 0.38440175114757758 -1.35959687503129523
0.00032141338659243 0.38440175113537162 -1.35959687785682015
0.00032423304873599 0.38440175112297365 -1.35959688072678664
0.00032707213037912 0.38440175111038088 -1.35959688364184572
0.00032993076526727 0.38440175109759050 -1.35959688660265843
0.00033280908806701 0.38440175108459962 -1.35959688960989356
0.00033570723437240 0.38440175107140512 -1.35959689266423345
0.00033862534071132 0.38440175105800428 -1.35959689576636489
0.00034156354455197 0.38440175104439395 -1.35959689891698710
0.00034452198430932 0.38440175103057095 -1.35959690211680972
0.00034750079935162 0.38440175101653234 -1.35959690536655198
0.00035050013000696 0.38440175100227514 -1.35959690866694216
0.00035352011756991 0.38440175098779578 -1.35959691201871991
0.00035656090430816 0.38440175097309126 -1.35959691542263594
0.00035962263346922 0.38440175095815821 -1.35959691887944989
0.00036270544928716 0.38440175094299323 -1.35959692238993379
0.00036580949698943 0.38440175092759310 -1.35959692595487036
0.00036893492280368 0.38440175091195428 -1.35959692957505296
0.00037208187396465 0.38440175089607337 -1.35959693325128561
0.00037525049872113 0.38440175087994677 -1.35959693698438455
0.00037844094634289 0.38440175086357092 -1.35959694077517823
0.00038165336712778 0.38440175084694223 -1.35959694462450553
0.00038488791240876 0.38440175083005701 -1.35959694853321755
0.00038814473456106 0.38440175081291156 -1.35959695250217805
0.00039142398700932 0.38440175079550193 -1.35959695653226342
0.00039472582423487 0.38440175077782457 -1.35959696062435986
0.00039805040178297 0.38440175075987537 -1.35959696477936931
0.00040139787627014 0.38440175074165045 -1.35959696899820481
0.00040476840539154 0.38440175072314575 -1.35959697328179185
0.00040816214792842 0.38440175070435734 -1.35959697763107035
0.00041157926375558 0.38440175068528099 -1.35959698204699375
0.00041501991384890 0.38440175066591259 -1.35959698653052685
0.00041848426029293 0.38440175064624793 -1.35959699108265020
0.00042197246628852 0.38440175062628257 -1.35959699570435699
0.00042548469616053 0.38440175060601245 -1.35959700039665532
0.00042902111536552 0.38440175058543280 -1.35959700516056614
0.00043258189049963 0.38440175056453935 -1.35959700999712729
0.00043616718930631 0.38440175054332754 -1.35959701490738905
0.00043977718068435 0.38440175052179271 -1.35959701989241677
0.00044341203469574 0.38440175049993025 -1.35959702495329160
0.00044707192257372 0.38440175047773545 -1.35959703009111088
0.00045075701673086 0.38440175045520347 -1.35959703530698506
0.00045446749076714 0.38440175043232927 -1.35959704060204101
0.00045820351947816 0.38440175040910823 -1.35959704597742337
0.00046196527886340 0.38440175038553515 -1.35959705143429121
0.00046575294613442 0.38440175036160495 -1.35959705697382005
0.00046956669972332 0.38440175033731250 -1.35959706259720181
0.00047340671929107 0.38440175031265261 -1.35959706830564619
0.00047727318573598 0.38440175028762003 -1.35959707410037889
0.00048116628120228 0.38440175026220930 -1.35959707998264534
0.00048508618908861 0.38440175023641482 -1.35959708595370365
0.00048903309405675 0.38440175021023137 -1.35959709201483570
0.00049300718204025 0.38440175018365319 -1.35959709816733554
0.00049700864025323 0.38440175015667466 -1.35959710441252013
0.00050103765719918 0.38440175012928990 -1.35959711075172374
0.00050509442267985 0.38440175010149330 -1.35959711718629728
0.00050917912780418 0.38440175007327870 -1.35959712371761277
0.00051329196499732 0.38440175004464017 -1.35959713034706220
0.00051743312800967 0.38440175001557159 -1.35959713707605423
0.00052160281192606 0.38440174998606680 -1.35959714390602060
0.00052580121317485 0.38440174995611964 -1.35959715083841171
0.00053002852953727 0.38440174992572368 -1.35959715787469881
0.00053428496015669 0.38440174989487236 -1.35959716501637162
0.00053857070554804 0.38440174986355924 -1.35959717226494559
0.00054288596760719 0.38440174983177777 -1.35959717962195170
0.00054723094962053 0.38440174979952113 -1.35959718708894761
0.00055160585627451 0.38440174976678243 -1.35959719466750983
0.00055601089366530 0.38440174973355506 -1.35959720235923931
0.00056044626930847 0.38440174969983160 -1.35959721016575585
0.00056491219214880 0.38440174966560536 -1.35959721808870682
0.00056940887257012 0.38440174963086887 -1.35959722612975864
0.00057393652240518 0.38440174959561479 -1.35959723429060375
0.00057849535494568 0.38440174955983591 -1.35959724257295633
0.00058308558495229 0.38440174952352457 -1.35959725097855677
0.00058770742866478 0.38440174948667327 -1.35959725950916965
0.00059236110381219 0.38440174944927402 -1.35959726816658244
0.00059704682962311 0.38440174941131933 -1.35959727695261012
0.00060176482683598 0.38440174937280108 -1.35959728586908990
0.00060651531770952 0.38440174933371124 -1.35959729491788961
0.00061129852603317 0.38440174929404153 -1.35959730410089841
0.00061611467713765 0.38440174925378373 -1.35959731342003609
0.00062096399790559 0.38440174921292958 -1.35959732287724666
0.00062584671678217 0.38440174917147052 -1.35959733247450210
0.00063076306378593 0.38440174912939767 -1.35959734221380280
0.00063571327051958 0.38440174908670255 -1.35959735209717647
0.00064069757018092 0.38440174904337604 -1.35959736212667970
0.00064571619757383 0.38440174899940938 -1.35959737230439859
0.00065076938911931 0.38440174895479329 -1.35959738263244678
0.00065585738286665 0.38440174890951850 -1.35959739311296834
0.00066098041850462 0.38440174886357564 -1.35959740374813931
0.00066613873737275 0.38440174881695516 -1.35959741454016281
0.00067133258247275 0.38440174876964756 -1.35959742549127593
0.00067656219847990 0.38440174872164279 -1.35959743660374510
0.00068182783175460 0.38440174867293103 -1.35959744787987025
0.00068712973035400 0.38440174862350224 -1.35959745932198195
0.00069246814404364 0.38440174857334625 -1.35959747093244321
0.00069784332430924 0.38440174852245268 -1.35959748271365433
0.00070325552436855 0.38440174847081093 -1.35959749466804292
0.00070870499918329 0.38440174841841040 -1.35959750679807589
0.00071419200547112 0.38440174836524027 -1.35959751910625104
0.00071971680171777 0.38440174831128981 -1.35959753159510410
0.00072527964818920 0.38440174825654755 -1.35959754426720503
0.00073088080694388 0.38440174820100248 -1.35959755712515906
0.00073652054184512 0.38440174814464323 -1.35959757017160809
0.00074219911857348 0.38440174808745792 -1.35959758340923398
0.00074791680463933 0.38440174802943511 -1.35959759684075188
0.00075367386939543 0.38440174797056287 -1.35959761046891714
0.00075947058404960 0.38440174791082898 -1.35959762429652553
0.00076530722167754 0.38440174785022130 -1.35959763832640679
0.00077118405723566 0.38440174778872743 -1.35959765256143617
0.00077710136757402 0.38440174772633462 -1.35959766700452445
0.00078305943144943 0.38440174766303048 -1.35959768165862771
0.00078905852953852 0.38440174759880175 -1.35959769652673867
0.00079509894445100 0.38440174753363537 -1.35959771161189535
0.00080118096074297 0.38440174746751804 -1.35959772691717751
0.00080730486493030 0.38440174740043648 -1.35959774244570597
0.00081347094550215 0.38440174733237664 -1.35959775820064865
0.00081967949293455 0.38440174726332493 -1.35959777418521610
0.00082593079970410 0.38440174719326714 -1.35959779040266282
0.00083222516030174 0.38440174712218905 -1.35959780685629128
0.00083856287124660 0.38440174705007635 -1.35959782354944680
0.00084494423109999 0.38440174697691420 -1.35959784048552490
0.00085136954047950 0.38440174690268764 -1.35959785766796748
0.00085783910207307 0.38440174682738187 -1.35959787510026264
0.00086435322065335 0.38440174675098149 -1.35959789278595089
0.00087091220309199 0.38440174667347093 -1.35959791072861935
0.00087751635837411 0.38440174659483445 -1.35959792893190623
0.00088416599761289 0.38440174651505638 -1.35959794739950035
0.00089086143406418 0.38440174643412023 -1.35959796613514250
0.00089760298314128 0.38440174635200980 -1.35959798514262631
0.00090439096242980 0.38440174626870832 -1.35959800442579759
0.00091122569170262 0.38440174618419914 -1.35959802398855589
0.00091810749293494 0.38440174609846517 -1.35959804383485583
0.00092503669031947 0.38440174601148885 -1.35959806396870642
0.00093201361028169 0.38440174592325282 -1.35959808439417351
0.00093903858149521 0.38440174583373932 -1.35959810511538004
0.00094611193489729 0.38440174574293001 -1.35959812613650599
0.00095323400370442 0.38440174565080693 -1.35959814746178886
0.00096040512342800 0.38440174555735129 -1.35959816909552833
0.00096762563189013 0.38440174546254435 -1.35959819104208068
0.00097489586923960 0.38440174536636690 -1.35959821330586395
0.00098221617796781 0.38440174526879978 -1.35959823589136075
0.00098958690292501 0.38440174516982317 -1.35959825880311191
0.00099700839133644 0.38440174506941738 -1.35959828204572508
0.00100448099281878 0.38440174496756208 -1.35959830562387074
0.00101200505939656 0.38440174486423678 -1.35959832954228421
0.00101958094551878 0.38440174475942090 -1.35959835380576810
0.00102720900807557 0.38440174465309335 -1.35959837841919295
0.00103488960641504 0.38440174454523268 -1.35959840338749327
0.00104262310236019 0.38440174443581737 -1.35959842871567704
0.00105040986022595 0.38440174432482543 -1.35959845440881866
0.00105825024683636 0.38440174421223461 -1.35959848047206688
0.00106614463154184 0.38440174409802258 -1.35959850691063933
0.00107409338623658 0.38440174398216626 -1.35959853372982775
0.00108209688537607 0.38440174386464249 -1.35959856093499853
0.00109015550599474 0.38440174374542785 -1.35959858853158910
0.00109826962772375 0.38440174362449847 -1.35959861652511904
0.00110643963280880 0.38440174350183015 -1.35959864492117766
0.00111466590612820 0.38440174337739846 -1.35959867372544063
0.00112294883521100 0.38440174325117860 -1.35959870294365581
0.00113128881025522 0.38440174312314518 -1.35959873258165187
0.00113968622414621 0.38440174299327279 -1.35959876264534452
0.00114814147247525 0.38440174286153567 -1.35959879314072540
0.00115665495355806 0.38440174272790734 -1.35959882407387389
0.00116522706845369 0.38440174259236132 -1.35959885545095327
0.00117385822098330 0.38440174245487058 -1.35959888727820899
0.00118254881774927 0.38440174231540769 -1.35959891956198042
0.00119129926815430 0.38440174217394496 -1.35959895230868999
0.00120010998442074 0.38440174203045413 -1.35959898552485314
0.00120898138160997 0.38440174188490678 -1.35959901921707127
0.00121791387764197 0.38440174173727415 -1.35959905339204479
0.00122690789331501 0.38440174158752660 -1.35959908805656182
0.00123596385232548 0.38440174143563455 -1.35959912321750620
0.00124508218128781 0.38440174128156779 -1.35959915888185945
0.00125426330975463 0.38440174112529579 -1.35959919505670035
0.00126350767023696 0.38440174096678759 -1.35959923174920494
0.00127281569822460 0.38440174080601153 -1.35959926896664962
0.00128218783220664 0.38440174064293603 -1.35959930671641294
0.00129162451369212 0.38440174047752856 -1.35959934500597535
0.00130112618723083 0.38440174030975655 -1.35959938384292212
0.00131069330043425 0.38440174013958650 -1.35959942323494420
0.00132032630399665 0.38440173996698496 -1.35959946318984026
0.00133002565171628 0.38440173979191766 -1.35959950371551486
0.00133979180051682 0.38440173961435004 -1.35959954481998713
0.00134962521046882 0.38440173943424688 -1.35959958651138391
0.00135952634481143 0.38440173925157267 -1.35959962879794793
0.00136949566997423 0.38440173906629138 -1.35959967168803542
0.00137953365559914 0.38440173887836609 -1.35959971519011957
0.00138964077456262 0.38440173868776012 -1.35959975931279087
0.00139981750299789 0.38440173849443554 -1.35959980406476011
0.00141006432031739 0.38440173829835428 -1.35959984945485846
0.00142038170923537 0.38440173809947770 -1.35959989549204230
0.00143077015579059 0.38440173789776638 -1.35959994218539060
0.00144123014936926 0.38440173769318081 -1.35959998954410821
0.00145176218272806 0.38440173748568063 -1.35960003757753078
0.00146236675201740 0.38440173727522481 -1.35960008629512275
0.00147304435680474 0.38440173706177205 -1.35960013570647820
0.00148379550009815 0.38440173684528012 -1.35960018582132847
0.00149462068837002 0.38440173662570665 -1.35960023664953789
0.00150552043158087 0.38440173640300823 -1.35960028820110845
0.00151649524320343 0.38440173617714113 -1.35960034048618184
0.00152754564024681 0.38440173594806087 -1.35960039351504114
0.00153867214328084 0.38440173571572250 -1.35960044729811225
0.00154987527646060 0.38440173548008044 -1.35960050184596493
0.00156115556755113 0.38440173524108817 -1.35960055716931838
0.00157251354795226 0.38440173499869879 -1.35960061327903969
0.00158394975272368 0.38440173475286477 -1.35960067018614672
0.00159546472061013 0.38440173450353787 -1.35960072790181119
0.00160705899406676 0.38440173425066909 -1.35960078643736093
0.00161873311928472 0.38440173399420885 -1.35960084580428031
0.00163048764621685 0.38440173373410680 -1.35960090601421357
0.00164232312860364 0.38440173347031198 -1.35960096707896794
0.00165424012399926 0.38440173320277271 -1.35960102901051472
0.00166623919379787 0.38440173293143648 -1.35960109182098932
0.00167832090326005 0.38440173265625016 -1.35960115552269922
0.00169048582153940 0.38440173237715985 -1.35960122012812201
0.00170273452170940 0.38440173209411099 -1.35960128564990845
0.00171506758079040 0.38440173180704801 -1.35960135210088495
0.00172748557977676 0.38440173151591461 -1.35960141949405644
0.00173998910366426 0.38440173122065419 -1.35960148784260992
0.00175257874147765 0.38440173092120888 -1.35960155715991560
0.00176525508629839 0.38440173061752003 -1.35960162745952684
0.00177801873529259 0.38440173030952812 -1.35960169875518999
0.00179087028973917 0.38440172999717331 -1.35960177106083857
0.00180381035505814 0.38440172968039421 -1.35960184439060128
0.00181683954083913 0.38440172935912909 -1.35960191875880398
0.00182995846087016 0.38440172903331538 -1.35960199417997041
0.00184316773316647 0.38440172870288908 -1.35960207066882832
0.00185646797999970 0.38440172836778608 -1.35960214824030778
0.00186985982792719 0.38440172802794076 -1.35960222690954735
0.00188334390782146 0.38440172768328684 -1.35960230669189697
0.00189692085489999 0.38440172733375705 -1.35960238760291818
0.00191059130875509 0.38440172697928332 -1.35960246965839082
0.00192435591338407 0.38440172661979649 -1.35960255287431186
0.00193821531721954 0.38440172625522645 -1.35960263726690234
0.00195217017315999 0.38440172588550225 -1.35960272285260819
0.00196622113860054 0.38440172551055174 -1.35960280964810387
0.00198036887546389 0.38440172513030202 -1.35960289767029563
0.00199461405023152 0.38440172474467887 -1.35960298693632486
0.00200895733397509 0.38440172435360742 -1.35960307746357056
0.00202339940238804 0.38440172395701133 -1.35960316926965330
0.00203794093581742 0.38440172355481350 -1.35960326237243923
0.00205258261929597 0.38440172314693571 -1.35960335679004207
0.00206732514257435 0.38440172273329870 -1.35960345254082782
0.00208216920015365 0.38440172231382186 -1.35960354964341623
0.00209711549131812 0.38440172188842370 -1.35960364811668843
0.00211216472016810 0.38440172145702151 -1.35960374797978489
0.00212731759565318 0.38440172101953152 -1.35960384925211386
0.00214257483160563 0.38440172057586863 -1.35960395195335271
0.00215793714677397 0.38440172012594670 -1.35960405610345125
0.00217340526485689 0.38440171966967834 -1.35960416172263843
0.00218897991453733 0.38440171920697502 -1.35960426883142182
0.00220466182951677 0.38440171873774670 -1.35960437745059681
0.00222045174854982 0.38440171826190250 -1.35960448760124453
0.00223635041547903 0.38440171777935001 -1.35960459930473987
0.00225235857926994 0.38440171728999561 -1.35960471258275506
0.00226847699404630 0.38440171679374435 -1.35960482745726452
0.00228470641912567 0.38440171629050007 -1.35960494395054554
0.00230104761905517 0.38440171578016502 -1.35960506208518539
0.00231750136364746 0.38440171526264044 -1.35960518188408597
0.00233406842801705 0.38440171473782592 -1.35960530337046603
0.00235074959261680 0.38440171420561992 -1.35960542656786765
0.00236754564327467 0.38440171366591908 -1.35960555150015905
0.00238445737123077 0.38440171311861898 -1.35960567819154110
0.00240148557317460 0.38440171256361361 -1.35960580666654995
0.00241863105128260 0.38440171200079559 -1.35960593695005971
0.00243589461325595 0.38440171143005575 -1.35960606906729620
0.00245327707235861 0.38440171085128372 -1.35960620304382851
0.00247077924745560 0.38440171026436759 -1.35960633890558524
0.00248840196305164 0.38440170966919363 -1.35960647667885293
0.00250614604932993 0.38440170906564691 -1.35960661639028357
0.00252401234219130 0.38440170845361049 -1.35960675806690046
0.00254200168329356 0.38440170783296596 -1.35960690173609922
0.00256011492009119 0.38440170720359357 -1.35960704742565719
0.00257835290587520 0.38440170656537159 -1.35960719516373851
0.00259671649981338 0.38440170591817652 -1.35960734497889679
0.00261520656699076 0.38440170526188344 -1.35960749690008087
0.00263382397845036 0.38440170459636530 -1.35960765095664438
0.00265256961123421 0.38440170392149386 -1.35960780717834506
0.00267144434842469 0.38440170323713851 -1.35960796559535479
0.00269044907918612 0.38440170254316736 -1.35960812623826621
0.00270958469880665 0.38440170183944611 -1.35960828913809517
0.00272885210874043 0.38440170112583916 -1.35960845432628652
0.00274825221665007 0.38440170040220850 -1.35960862183472209
0.00276778593644944 0.38440169966841481 -1.35960879169572757
0.00278745418834666 0.38440169892431630 -1.35960896394207498
0.00280725789888750 0.38440169816976943 -1.35960913860699328
0.00282719800099900 0.38440169740462871 -1.35960931572417221
0.00284727543403344 0.38440169662874663 -1.35960949532776598
0.00286749114381257 0.38440169584197331 -1.35960967745240602
0.00288784608267220 0.38440169504415744 -1.35960986213320312
0.00290834120950700 0.38440169423514503 -1.35961004940575481
0.00292897748981576 0.38440169341478009 -1.35961023930615421
0.00294975589574679 0.38440169258290480 -1.35961043187099184
0.00297067740614377 0.38440169173935851 -1.35961062713736824
0.00299174300659185 0.38440169088397902 -1.35961082514289844
0.00301295368946406 0.38440169001660141 -1.35961102592571814
0.00303431045396808 0.38440168913705869 -1.35961122952449442
0.00305581430619332 0.38440168824518151 -1.35961143597842793
0.00307746625915828 0.38440168734079805 -1.35961164532726397
0.00309926733285830 0.38440168642373446 -1.35961185761129877
0.00312121855431360 0.38440168549381398 -1.35961207287138963
0.00314332095761769 0.38440168455085777 -1.35961229114895787
0.00316557558398603 0.38440168359468435 -1.35961251248600101
0.00318798348180513 0.38440168262510988 -1.35961273692509743
0.00321054570668190 0.38440168164194771 -1.35961296450941860
0.00323326332149341 0.38440168064500879 -1.35961319528273106
0.00325613739643695 0.38440167963410155 -1.35961342928941087
0.00327916900908044 0.38440167860903129 -1.35961366657445004
0.00330235924441319 0.38440167756960120 -1.35961390718346276
0.00332570919489702 0.38440167651561152 -1.35961415116269513
0.00334921996051774 0.38440167544685944 -1.35961439855903721
0.00337289264883693 0.38440167436313977 -1.35961464942002674
0.00339672837504414 0.38440167326424424 -1.35961490379386296
0.00342072826200945 0.38440167214996168 -1.35961516172941077
0.00344489344033629 0.38440167102007805 -1.35961542327621410
0.00346922504841481 0.38440166987437641 -1.35961568848450454
0.00349372423247539 0.38440166871263665 -1.35961595740520758
0.00351839214664275 0.38440166753463573 -1.35961623008995880
0.00354322995299023 0.38440166634014744 -1.35961650659110456
0.00356823882159458 0.38440166512894264 -1.35961678696172128
0.00359341993059108 0.38440166390078867 -1.35961707125561992
0.00361877446622901 0.38440166265544978 -1.35961735952735596
0.00364430362292757 0.38440166139268728 -1.35961765183224226
0.00367000860333214 0.38440166011225857 -1.35961794822635973
0.00369589061837089 0.38440165881391825 -1.35961824876656423
0.00372195088731191 0.38440165749741706 -1.35961855351050076
0.00374819063782055 0.38440165616250266 -1.35961886251661435
0.00377461110601734 0.38440165480891902 -1.35961917584415826
0.00380121353653618 0.38440165343640642 -1.35961949355320955
0.00382799918258295 0.38440165204470189 -1.35961981570467616
0.00385496930599461 0.38440165063353865 -1.35962014236030981
0.00388212517729859 0.38440164920264602 -1.35962047358272020
0.00390946807577267 0.38440164775174984 -1.35962080943538344
0.00393699928950523 0.38440164628057216 -1.35962114998265449
0.00396472011545594 0.38440164478883099 -1.35962149528978204
0.00399263185951686 0.38440164327624055 -1.35962184542291853
0.00402073583657394 0.38440164174251107 -1.35962220044913296
0.00404903337056898 0.38440164018734857 -1.35962256043642227
0.00407752579456202 0.38440163861045556 -1.35962292545372931
0.00410621445079408 0.38440163701152980 -1.35962329557094952
0.00413510069075045 0.38440163539026512 -1.35962367085894731
0.00416418587522431 0.38440163374635122 -1.35962405138957032
0.00419347137438088 0.38440163207947325 -1.35962443723565962
0.00422295856782194 0.38440163038931219 -1.35962482847106902
0.00425264884465081 0.38440162867554456 -1.35962522517067197
0.00428254360353781 0.38440162693784230 -1.35962562741038129
0.00431264425278616 0.38440162517587306 -1.35962603526716075
0.00434295221039828 0.38440162338929951 -1.35962644881904304
0.00437346890414265 0.38440162157777980 -1.35962686814514000
0.00440419577162101 0.38440161974096754 -1.35962729332565835
0.00443513426033611 0.38440161787851135 -1.35962772444191815
0.00446628582775994 0.38440161599005490 -1.35962816157636568
0.00449765194140230 0.38440161407523710 -1.35962860481258985
0.00452923407888002 0.38440161213369189 -1.35962905423533664
0.00456103372798652 0.38440161016504792 -1.35962950993052600
0.00459305238676189 0.38440160816892877 -1.35962997198526869
0.00462529156356352 0.38440160614495295 -1.35963044048788406
0.00465775277713708 0.38440160409273361 -1.35963091552791071
0.00469043755668813 0.38440160201187834 -1.35963139719613313
0.00472334744195411 0.38440159990198952 -1.35963188558458858
0.00475648398327694 0.38440159776266414 -1.35963238078659110
0.00478984874167595 0.38440159559349324 -1.35963288289674877
0.00482344328892152 0.38440159339406249 -1.35963339201097688
0.00485726920760908 0.38440159116395151 -1.35963390822652230
0.00489132809123367 0.38440158890273457 -1.35963443164197950
0.00492562154426498 0.38440158660997964 -1.35963496235730497
0.00496015118222299 0.38440158428524879 -1.35963550047384252
0.00499491863175403 0.38440158192809815 -1.35963604609433908
0.00502992553070742 0.38440157953807758 -1.35963659932296443
0.00506517352821265 0.38440157711473066 -1.35963716026533188
0.00510066428475703 0.38440157465759489 -1.35963772902851576
0.00513639947226393 0.38440157216620119 -1.35963830572107613
0.00517238077417156 0.38440156964007394 -1.35963889045307296
0.00520860988551227 0.38440156707873102 -1.35963948333609497
0.00524508851299234 0.38440156448168344 -1.35964008448327278
0.00528181837507249 0.38440156184843582 -1.35964069400930421
0.00531880120204874 0.38440155917848545 -1.35964131203047733
0.00535603873613397 0.38440155647132318 -1.35964193866469008
0.00539353273153997 0.38440155372643225 -1.35964257403147060
0.00543128495456009 0.38440155094328926 -1.35964321825200529
0.00546929718365248 0.38440154812136307 -1.35964387144915833
0.00550757120952378 0.38440154526011561 -1.35964453374749406
0.00554610883521359 0.38440154235900115 -1.35964520527330279
0.00558491187617932 0.38440153941746635 -1.35964588615462256
0.00562398216038176 0.38440153643495040 -1.35964657652126575
0.00566332152837118 0.38440153341088462 -1.35964727650484063
0.00570293183337404 0.38440153034469204 -1.35964798623878003
0.00574281494138029 0.38440152723578869 -1.35964870585836128
0.00578297273123128 0.38440152408358164 -1.35964943550073913
0.00582340709470825 0.38440152088746993 -1.35965017530496235
0.00586411993662146 0.38440151764684449 -1.35965092541200816
0.00590511317489996 0.38440151436108771 -1.35965168596480601
0.00594638874068188 0.38440151102957343 -1.35965245710826177
0.00598794857840543 0.38440150765166670 -1.35965323898929147
0.00602979464590051 0.38440150422672398 -1.35965403175683996
0.00607192891448094 0.38440150075409257 -1.35965483556191824
0.00611435336903731 0.38440149723311101 -1.35965565055762738
0.00615707000813049 0.38440149366310861 -1.35965647689918767
0.00620008084408578 0.38440149004340513 -1.35965731474396767
0.00624338790308773 0.38440148637331129 -1.35965816425151420
0.00628699322527555 0.38440148265212792 -1.35965902558358587
0.00633089886483926 0.38440147887914644 -1.35965989890417638
0.00637510689011644 0.38440147505364841 -1.35966078437955296
0.00641961938368965 0.38440147117490525 -1.35966168217828209
0.00646443844248456 0.38440146724217833 -1.35966259247126664
0.00650956617786875 0.38440146325471908 -1.35966351543177311
0.00655500471575113 0.38440145921176816 -1.35966445123546564
0.00660075619668212 0.38440145511255619 -1.35966540006044290
0.00664682277595447 0.38440145095630274 -1.35966636208726643
0.00669320662370483 0.38440144674221643 -1.35966733749899804
0.00673990992501593 0.38440144246949570 -1.35966832648123370
0.00678693488001954 0.38440143813732702 -1.35966932922213801
0.00683428370400013 0.38440143374488600 -1.35967034591248015
0.00688195862749922 0.38440142929133686 -1.35967137674566874
0.00692996189642044 0.38440142477583211 -1.35967242191779092
0.00697829577213536 0.38440142019751261 -1.35967348162764878
0.00702696253158998 0.38440141555550739 -1.35967455607679266
0.00707596446741206 0.38440141084893314 -1.35967564546956621
0.00712530388801904 0.38440140607689471 -1.35967675001313704
0.00717498311772688 0.38440140123848426 -1.35967786991754314
0.00722500449685944 0.38440139633278148 -1.35967900539573061
0.00727537038185885 0.38440139135885337 -1.35968015666358810
0.00732608314539645 0.38440138631575388 -1.35968132393999541
0.00737714517648455 0.38440138120252404 -1.35968250744686237
0.00742855888058902 0.38440137601819147 -1.35968370740916678
0.00748032667974261 0.38440137076177011 -1.35968492405500174
0.00753245101265898 0.38440136543226094 -1.35968615761561784
0.00758493433484768 0.38440136002865039 -1.35968740832546353
0.00763777911872974 0.38440135454991115 -1.35968867642223223
0.00769098785375419 0.38440134899500156 -1.35968996214690763
0.00774456304651533 0.38440134336286597 -1.35969126574380872
0.00779850722087083 0.38440133765243345 -1.35969258746063404
0.00785282291806056 0.38440133186261871 -1.35969392754851004
0.00790751269682637 0.38440132599232141 -1.35969528626203728
0.00796257913353260 0.38440132004042565 -1.35969666385934085
0.00801802482228748 0.38440131400580052 -1.35969806060211806
0.00807385237506527 0.38440130788729904 -1.35969947675568426
0.00813006442182937 0.38440130168375869 -1.35970091258903003
0.00818666361065620 0.38440129539400064 -1.35970236837486413
0.00824365260785992 0.38440128901682979 -1.35970384438967273
0.00830103409811806 0.38440128255103462 -1.35970534091376183
0.00835881078459801 0.38440127599538665 -1.35970685823132098
0.00841698538908430 0.38440126934864033 -1.35970839663046905
0.00847556065210689 0.38440126260953328 -1.35970995640331327
0.00853453933307024 0.38440125577678519 -1.35971153784600030
0.00859392421038329 0.38440124884909821 -1.35971314125877507
0.00865371808159037 0.38440124182515667 -1.35971476694603632
0.00871392376350298 0.38440123470362630 -1.35971641521639364
0.00877454409233250 0.38440122748315492 -1.35971808638272740
0.00883558192382376 0.38440122016237094 -1.35971978076224498
0.00889704013338961 0.38440121273988431 -1.35972149867654490
0.00895892161624638 0.38440120521428561 -1.35972324045166948
0.00902122928755021 0.38440119758414587 -1.35972500641817873
0.00908396608253449 0.38440118984801613 -1.35972679691119880
0.00914713495664801 0.38440118200442780 -1.35972861227049835
0.00921073888569427 0.38440117405189189 -1.35973045284053895
0.00927478086597164 0.38440116598889823 -1.35973231897055302
0.00933926391441452 0.38440115781391637 -1.35973421101460157
0.00940419106873544 0.38440114952539445 -1.35973612933164500
0.00946956538756820 0.38440114112175916 -1.35973807428560600
0.00953538995061192 0.38440113260141529 -1.35974004624544453
0.00960166785877617 0.38440112396274578 -1.35974204558522316
0.00966840223432696 0.38440111520411091 -1.35974407268417719
0.00973559622103396 0.38440110632384850 -1.35974612792678928
0.00980325298431847 0.38440109732027322 -1.35974821170285964
0.00987137571140260 0.38440108819167645 -1.35975032440757948
0.00993996761145943 0.38440107893632586 -1.35975246644160719
0.01000903191576417 0.38440106955246534 -1.35975463821114184
0.01007857187784633 0.38440106003831426 -1.35975684012800113
0.01014859077364310 0.38440105039206723 -1.35975907260969908
0.01021909190165358 0.38440104061189423 -1.35976133607952443
0.01029007858309422 0.38440103069593967 -1.35976363096661701
0.01036155416205525 0.38440102064232229 -1.35976595770605679
0.01043352200565821 0.38440101044913494 -1.35976831673893717
0.01050598550421464 0.38440100011444367 -1.35977070851245485
0.01057894807138568 0.38440098963628833 -1.35977313347998741
0.01065241314434297 0.38440097901268122 -1.35977559210118648
0.01072638418393055 0.38440096824160730 -1.35977808484205842
0.01080086467482788 0.38440095732102336 -1.35978061217505375
0.01087585812571401 0.38440094624885834 -1.35978317457915732
0.01095136806943289 0.38440093502301220 -1.35978577253997845
0.01102739806315972 0.38440092364135592 -1.35978840654983935
0.01110395168856863 0.38440091210173105 -1.35979107710787228
0.01118103255200134 0.38440090040194924 -1.35979378472011336
0.01125864428463708 0.38440088853979176 -1.35979652989959132
0.01133679054266361 0.38440087651300919 -1.35979931316643321
0.01141547500744952 0.38440086431932113 -1.35980213504795677
0.01149470138571760 0.38440085195641543 -1.35980499607877081
0.01157447340971946 0.38440083942194797 -1.35980789680087688
0.01165479483741141 0.38440082671354237 -1.35981083776377099
0.01173566945263146 0.38440081382878888 -1.35981381952454683
0.01181710106527750 0.38440080076524485 -1.35981684264800173
0.01189909351148690 0.38440078752043383 -1.35981990770674011
0.01198165065381718 0.38440077409184453 -1.35982301528128446
0.01206477638142790 0.38440076047693161 -1.35982616596018357
0.01214847461026398 0.38440074667311414 -1.35982936034012503
0.01223274928324013 0.38440073267777547 -1.35983259902604248
0.01231760437042657 0.38440071848826257 -1.35983588263123667
0.01240304386923608 0.38440070410188593 -1.35983921177748623
0.01248907180461233 0.38440068951591894 -1.35984258709516426
0.01257569222921947 0.38440067472759681 -1.35984600922336085
0.01266290922363301 0.38440065973411675 -1.35984947881000018
0.01275072689653214 0.38440064453263711 -1.35985299651196434
0.01283914938489322 0.38440062912027700 -1.35985656299521440
0.01292818085418463 0.38440061349411547 -1.35986017893492028
0.01301782549856311 0.38440059765119128 -1.35986384501558399
0.01310808754107126 0.38440058158850199 -1.35986756193116998
0.01319897123383649 0.38440056530300398 -1.35987133038523456
0.01329048085827137 0.38440054879161106 -1.35987515109106183
0.01338262072527526 0.38440053205119445 -1.35987902477179268
0.01347539517543749 0.38440051507858236 -1.35988295216056554
0.01356880857924170 0.38440049787055863 -1.35988693400065208
0.01366286533727186 0.38440048042386293 -1.35989097104559953
0.01375756988041951 0.38440046273518952 -1.35989506405936589
0.01385292667009247 0.38440044480118690 -1.35989921381647338
0.01394894019842510 0.38440042661845764 -1.35990342110214635
0.01404561498848984 0.38440040818355659 -1.35990768671246287
0.01414295559451028 0.38440038949299127 -1.35991201145450424
0.01424096660207578 0.38440037054322101 -1.35991639614650550
0.01433965262835744 0.38440035133065570 -1.35992084161801063
0.01443901832232557 0.38440033185165584 -1.35992534871002757
0.01453906836496878 0.38440031210253139 -1.35992991827518717
0.01463980746951446 0.38440029207954135 -1.35993455117790596
0.01474124038165079 0.38440027177889274 -1.35993924829454205
0.01484337187975032 0.38440025119674021 -1.35994401051356695
0.01494620677509509 0.38440023032918513 -1.35994883873572925
0.01504974991210328 0.38440020917227491 -1.35995373387422669
0.01515400616855738 0.38440018772200213 -1.35995869685487403
0.01525898045583403 0.38440016597430399 -1.35996372861627868
0.01536467771913538 0.38440014392506133 -1.35996883011002034
0.01547110293772201 0.38440012157009812 -1.35997400230082688
0.01557826112514755 0.38440009890518040 -1.35997924616675459
0.01568615732949484 0.38440007592601549 -1.35998456269937429
0.01579479663361371 0.38440005262825155 -1.35998995290395985
0.01590418415536049 0.38440002900747622 -1.35999541779967270
0.01601432504783903 0.38440000505921601 -1.36000095841975477
0.01612522449964356 0.38439998077893589 -1.36000657581172657
0.01623688773510297 0.38439995616203737 -1.36001227103757705
0.01634932001452705 0.38439993120385890 -1.36001804517397162
0.01646252663445428 0.38439990589967415 -1.36002389931244694
0.01657651292790123 0.38439988024469113 -1.36002983455962001
0.01669128426461396 0.38439985423405182 -1.36003585203739674
0.01680684605132086 0.38439982786283072 -1.36004195288318219
0.01692320373198737 0.38439980112603428 -1.36004813825009019
0.01704036278807250 0.38439977401859965 -1.36005440930716803
0.01715832873878701 0.38439974653539388 -1.36006076723960989
0.01727710714135337 0.38439971867121292 -1.36006721324898039
0.01739670359126766 0.38439969042078082 -1.36007374855344354
0.01751712372256306 0.38439966177874835 -1.36008037438798968
0.01763837320807536 0.38439963273969230 -1.36008709200466460
0.01776045775971008 0.38439960329811440 -1.36009390267281005
0.01788338312871166 0.38439957344844000 -1.36010080767929975
0.01800715510593438 0.38439954318501762 -1.36010780832877942
0.01813177952211507 0.38439951250211707 -1.36011490594391482
0.01825726224814788 0.38439948139392910 -1.36012210186563864
0.01838360919536085 0.38439944985456392 -1.36012939745340100
0.01851082631579428 0.38439941787805015 -1.36013679408543120
0.01863891960248128 0.38439938545833374 -1.36014429315898622
0.01876789508972999 0.38439935258927649 -1.36015189609061982
0.01889775885340782 0.38439931926465576 -1.36015960431644922
0.01902851701122779 0.38439928547816210 -1.36016741929242380
0.01916017572303663 0.38439925122339919 -1.36017534249459193
0.01929274119110504 0.38439921649388137 -1.36018337541938861
0.01942621966041975 0.38439918128303419 -1.36019151958390982
0.01956061741897786 0.38439914558419125 -1.36019977652619795
0.01969594079808299 0.38439910939059402 -1.36020814780553367
0.01983219617264347 0.38439907269539059 -1.36021663500272294
0.01996938996147281 0.38439903549163373 -1.36022523972039844
0.02010752862759195 0.38439899777228048 -1.36023396358331938
0.02024661867853376 0.38439895953018965 -1.36024280823867638
0.02038666666664964 0.38439892075812176 -1.36025177535639741
0.02052767918941817 0.38439888144873641 -1.36026086662946577
0.02066966288975585 0.38439884159459220 -1.36027008377423297
0.02081262445633016 0.38439880118814390 -1.36027942853074602
0.02095657062387454 0.38439876022174230 -1.36028890266307045
0.02110150817350574 0.38439871868763176 -1.36029850795962060
0.02124744393304316 0.38439867657794941 -1.36030824623349500
0.02139438477733065 0.38439863388472356 -1.36031811932281976
0.02154233762856028 0.38439859059987175 -1.36032812909108980
0.02169130945659838 0.38439854671519968 -1.36033827742751878
0.02184130727931404 0.38439850222239946 -1.36034856624739398
0.02199233816290960 0.38439845711304793 -1.36035899749243572
0.02214440922225352 0.38439841137860564 -1.36036957313115847
0.02229752762121561 0.38439836501041424 -1.36038029515924608
0.02245170057300452 0.38439831799969565 -1.36039116559991702
0.02260693534050743 0.38439827033755020 -1.36040218650431166
0.02276323923663236 0.38439822201495472 -1.36041335995187129
0.02292061962465255 0.38439817302276102 -1.36042468805072780
0.02307908391855340 0.38439812335169404 -1.36043617293810337
0.02323863958338165 0.38439807299235029 -1.36044781678070681
0.02339929413559715 0.38439802193519584 -1.36045962177513791
0.02356105514342692 0.38439797017056465 -1.36047159014830421
0.02372393022722160 0.38439791768865672 -1.36048372415783247
0.02388792705981457 0.38439786447953594 -1.36049602609249320
0.02405305336688331 0.38439781053312877 -1.36050849827263343
0.02421931692731334 0.38439775583922176 -1.36052114305060412
0.02438672557356476 0.38439770038745996 -1.36053396281120276
0.02455528719204117 0.38439764416734495 -1.36054695997212538
0.02472500972346112 0.38439758716823264 -1.36056013698440714
0.02489590116323235 0.38439752937933142 -1.36057349633289415
0.02506796956182830 0.38439747078969966 -1.36058704053669932
0.02524122302516745 0.38439741138824468 -1.36060077214967623
0.02541566971499507 0.38439735116371959 -1.36061469376089961
0.02559131784926784 0.38439729010472135 -1.36062880799514363
0.02576817570254092 0.38439722819968913 -1.36064311751337708
0.02594625160635771 0.38439716543690161 -1.36065762501326115
0.02612555394964243 0.38439710180447484 -1.36067233322965442
0.02630609117909530 0.38439703729036007 -1.36068724493511639
0.02648787179959031 0.38439697188234168 -1.36070236294043578
0.02667090437457610 0.38439690556803424 -1.36071769009515275
0.02685519752647922 0.38439683833488070 -1.36073322928808671
0.02704075993711031 0.38439677017014967 -1.36074898344788342
0.02722760034807320 0.38439670106093349 -1.36076495554355259
0.02741572756117663 0.38439663099414495 -1.36078114858503607
0.02760515043884895 0.38439655995651567 -1.36079756562375676
0.02779587790455549 0.38439648793459297 -1.36081420975319278
0.02798791894321911 0.38439641491473764 -1.36083108410946130
0.02818128260164339 0.38439634088312102 -1.36084819187189443
0.02837597798893873 0.38439626582572273 -1.36086553626363926
0.02857201427695161 0.38439618972832762 -1.36088312055225491
0.02876940070069660 0.38439611257652367 -1.36090094805032891
0.02896814655879134 0.38439603435569836 -1.36091902211608606
0.02916826121389472 0.38439595505103696 -1.36093734615402195
0.02936975409314790 0.38439587464751840 -1.36095592361553686
0.02957263468861828 0.38439579312991351 -1.36097475799957679
0.02977691255774686 0.38439571048278176 -1.36099385285328855
0.02998259732379836 0.38439562669046828 -1.36101321177267809
0.03018969867631460 0.38439554173710050 -1.36103283840328571
0.03039822637157088 0.38439545560658600 -1.36105273644086155
0.03060819023303571 0.38439536828260867 -1.36107290963205241
0.03081960015183355 0.38439527974862592 -1.36109336177510842
0.03103246608721064 0.38439518998786537 -1.36111409672057793
0.03124679806700435 0.38439509898332164 -1.36113511837203616
0.03146260618811551 0.38439500671775362 -1.36115643068680781
0.03167990061698394 0.38439491317368035 -1.36117803767670176
0.03189869159006760 0.38439481833337824 -1.36119994340875827
0.03211898941432467 0.38439472217887743 -1.36122215200601127
0.03234080446769906 0.38439462469195868 -1.36124466764824947
0.03256414719960946 0.38439452585414940 -1.36126749457279517
0.03278902813144147 0.38439442564672044 -1.36129063707529685
0.03301545785704333 0.38439432405068258 -1.36131409951052151
0.03324344704322482 0.38439422104678272 -1.36133788629316799
0.03347300643026002 0.38439411661550010 -1.36136200189868961
0.03370414683239309 0.38439401073704277 -1.36138645086412091
0.03393687913834766 0.38439390339134394 -1.36141123778892625
0.03417121431184000 0.38439379455805778 -1.36143636733584938
0.03440716339209538 0.38439368421655573 -1.36146184423178362
0.03464473749436801 0.38439357234592220 -1.36148767326864695
0.03488394781046485 0.38439345892495136 -1.36151385930427260
0.03512480560927281 0.38439334393214231 -1.36154040726331282
0.03536732223728946 0.38439322734569531 -1.36156732213814857
0.03561150911915772 0.38439310914350755 -1.36159460898982121
0.03585737775820400 0.38439298930316884 -1.36162227294896554
0.03610493973698011 0.38439286780195731 -1.36165031921676749
0.03635420671780883 0.38439274461683520 -1.36167875306592223
0.03660519044333343 0.38439261972444455 -1.36170757984161672
0.03685790273707081 0.38439249310110202 -1.36173680496252070
0.03711235550396835 0.38439236472279531 -1.36176643392178476
0.03736856073096499 0.38439223456517768 -1.36179647228806266
0.03762653048755576 0.38439210260356427 -1.36182692570654384
0.03788627692636030 0.38439196881292620 -1.36185779989999434
0.03814781228369551 0.38439183316788639 -1.36188910066981927
0.03841114888015196 0.38439169564271519 -1.36192083389713603
0.03867629912117412 0.38439155621132398 -1.36195300554386067
0.03894327549764499 0.38439141484726180 -1.36198562165381287
0.03921209058647443 0.38439127152370944 -1.36201868835383255
0.03948275705119166 0.38439112621347354 -1.36205221185491165
0.03975528764254173 0.38439097888898333 -1.36208619845334322
0.04002969519908633 0.38439082952228337 -1.36212065453188558
0.04030599264780860 0.38439067808502936 -1.36215558656093716
0.04058419300472190 0.38439052454848188 -1.36219100109973579
0.04086430937548322 0.38439036888350175 -1.36222690479756903
0.04114635495601049 0.38439021106054355 -1.36226330439499654
0.04143034303310408 0.38439005104965046 -1.36230020672510044
0.04171628698507298 0.38438988882044828 -1.36233761871474268
0.04200420028236487 0.38438972434213986 -1.36237554738583766
0.04229409648820062 0.38438955758349835 -1.36241399985665490
0.04258598925921348 0.38438938851286236 -1.36245298334312426
0.04287989234609223 0.38438921709812884 -1.36249250516016684
0.04317581959422907 0.38438904330674750 -1.36253257272304329
0.04347378494437166 0.38438886710571407 -1.36257319354871731
0.04377380243328013 0.38438868846156443 -1.36261437525723927
0.04407588619438821 0.38438850734036761 -1.36265612557314975
0.04438005045846889 0.38438832370771958 -1.36269845232689479
0.04468630955430507 0.38438813752873674 -1.36274136345626995
0.04499467790936444 0.38438794876804833 -1.36278486700788104
0.04530517005047906 0.38438775738979086 -1.36282897113861456
0.04561780060452988 0.38438756335760010 -1.36287368411714138
0.04593258429913571 0.38438736663460454 -1.36291901432543394
0.04624953596334689 0.38438716718341798 -1.36296497026030239
0.04656867052834411 0.38438696496613295 -1.36301156053495398
0.04689000302814165 0.38438675994431210 -1.36305879388057161
0.04721354860029565 0.38438655207898215 -1.36310667914791628
0.04753932248661712 0.38438634133062533 -1.36315522530894451
0.04786734003389014 0.38438612765917213 -1.36320444145845543
0.04819761669459478 0.38438591102399350 -1.36325433681575259
0.04853016802763484 0.38438569138389295 -1.36330492072633502
0.04886500969907115 0.38438546869709828 -1.36335620266359814
0.04920215748285936 0.38438524292125392 -1.36340819223057519
0.04954162726159295 0.38438501401341224 -1.36346089916168856
0.04988343502725170 0.38438478193002568 -1.36351433332452321
0.05022759688195493 0.38438454662693761 -1.36356850472163571
0.05057412903871987 0.38438430805937446 -1.36362342349237453
0.05092304782222574 0.38438406618193655 -1.36367909991473168
0.05127436966958262 0.38438382094858925 -1.36373554440721700
0.05162811113110581 0.38438357231265435 -1.36379276753075351
0.05198428887109539 0.38438332022680044 -1.36385077999060678
0.05234291966862144 0.38438306464303390 -1.36390959263832801
0.05270402041831444 0.38438280551268988 -1.36396921647373270
0.05306760813116093 0.38438254278642231 -1.36402966264689929
0.05343369993530521 0.38438227641419415 -1.36409094246019680
0.05380231307685603 0.38438200634526848 -1.36415306737033926
0.05417346492069896 0.38438173252819741 -1.36421604899046378
0.05454717295131468 0.38438145491081305 -1.36427989909224157
0.05492345477360246 0.38438117344021627 -1.36434462960800951
0.05530232811370946 0.38438088806276727 -1.36441025263293780
0.05568381081986596 0.38438059872407471 -1.36447678042721798
0.05606792086322609 0.38438030536898488 -1.36454422541828690
0.05645467633871443 0.38438000794157096 -1.36461260020307118
0.05684409546587828 0.38437970638512203 -1.36468191755026891
0.05723619658974628 0.38437940064213239 -1.36475219040266116
0.05763099818169241 0.38437909065428932 -1.36482343187944344
0.05802851884030608 0.38437877636246259 -1.36489565527860091
0.05842877729226850 0.38437845770669210 -1.36496887407930356
0.05883179239323479 0.38437813462617637 -1.36504310194434053
0.05923758312872209 0.38437780705926067 -1.36511835272258097
0.05964616861500417 0.38437747494342478 -1.36519464045146721
0.06005756810001192 0.38437713821527048 -1.36527197935954514
0.06047180096423987 0.38437679681050901 -1.36535038386902019
0.06088888672165952 0.38437645066394921 -1.36542986859835103
0.06130884502063842 0.38437609970948328 -1.36551044836487567
0.06173169564486587 0.38437574388007462 -1.36559213818747249
0.06215745851428463 0.38437538310774449 -1.36567495328925137
0.06258615368602982 0.38437501732355828 -1.36575890910028730
0.06301780135537340 0.38437464645761205 -1.36584402126037951
0.06345242185667553 0.38437427043901867 -1.36593030562185280
0.06389003566434281 0.38437388919589344 -1.36601777825239701
0.06433066339379256 0.38437350265534043 -1.36610645543792963
0.06477432580242388 0.38437311074343739 -1.36619635368551551
0.06522104379059587 0.38437271338522150 -1.36628748972630265
0.06567083840261197 0.38437231050467419 -1.36637988051851234
0.06612373082771117 0.38437190202470606 -1.36647354325046022
0.06657974240106661 0.38437148786714159 -1.36656849534361102
0.06703889460479043 0.38437106795270370 -1.36666475445568270
0.06750120906894577 0.38437064220099759 -1.36676233848378503
0.06796670757256559 0.38437021053049492 -1.36686126556759269
0.06843541204467901 0.38436977285851731 -1.36696155409256970
0.06890734456534416 0.38436932910122051 -1.36706322269322511
0.06938252736668807 0.38436887917357632 -1.36716629025641589
0.06986098283395459 0.38436842298935703 -1.36727077592468671
0.07034273350655847 0.38436796046111704 -1.36737669909965542
0.07082780207914721 0.38436749150017591 -1.36748407944544037
0.07131621140267042 0.38436701601660017 -1.36759293689213268
0.07180798448545608 0.38436653391918574 -1.36770329163930349
0.07230314449429440 0.38436604511543920 -1.36781516415956572
0.07280171475552941 0.38436554951155921 -1.36792857520218170
0.07330371875615763 0.38436504701241775 -1.36804354579669951
0.07380918014493468 0.38436453752154115 -1.36816009725665411
0.07431812273348896 0.38436402094109012 -1.36827825118330049
0.07483057049744396 0.38436349717184015 -1.36839802946940603
0.07534654757754738 0.38436296611316184 -1.36851945430307564
0.07586607828080817 0.38436242766300033 -1.36864254817163578
0.07638918708164215 0.38436188171785413 -1.36876733386555904
0.07691589862302453 0.38436132817275498 -1.36889383448244684
0.07744623771765087 0.38436076692124621 -1.36902207343104654
0.07798022934910616 0.38436019785536085 -1.36915207443533249
0.07851789867304167 0.38435962086560016 -1.36928386153862958
0.07905927101835979 0.38435903584091086 -1.36941745910778723
0.07960437188840763 0.38435844266866304 -1.36955289183740869
0.08015322696217819 0.38435784123462696 -1.36969018475412629
0.08070586209552016 0.38435723142294936 -1.36982936322093507
0.08126230332235576 0.38435661311613073 -1.36997045294157282
0.08182257685590748 0.38435598619500022 -1.37011347996496324
0.08238670908993284 0.38435535053869224 -1.37025847068969608
0.08295472659996748 0.38435470602462080 -1.37040545186857798
0.08352665614457758 0.38435405252845517 -1.37055445061323300
0.08410252466662016 0.38435338992409340 -1.37070549439875244
0.08468235929451211 0.38435271808363791 -1.37085861106841000
0.08526618734350867 0.38435203687736713 -1.37101382883842482
0.08585403631698994 0.38435134617371086 -1.37117117630278806
0.08644593390775629 0.38435064583922168 -1.37133068243814527
0.08704190799933344 0.38434993573854781 -1.37149237660873169
0.08764198666728568 0.38434921573440572 -1.37165628857137434
0.08824619818053861 0.38434848568755048 -1.37182244848055102
0.08885457100271059 0.38434774545674827 -1.37199088689349824
0.08946713379345408 0.38434699489874613 -1.37216163477540065
0.09008391540980545 0.38434623386824279 -1.37233472350462082
0.09070494490754430 0.38434546221785781 -1.37251018487799992
0.09133025154256254 0.38434467979810166 -1.37268805111622183
0.09195986477224254 0.38434388645734424 -1.37286835486923442
0.09259381425684444 0.38434308204178269 -1.37305112922173644
0.09323212986090400 0.38434226639541025 -1.37323640769872735
0.09387484165463919 0.38434143935998283 -1.37342422427112498
0.09452197991536644 0.38434060077498627 -1.37361461336143775
0.09517357512892761 0.38433975047760238 -1.37380760984951311
0.09582965799112571 0.38433888830267504 -1.37400324907834648
0.09649025940917109 0.38433801408267509 -1.37420156685995631
0.09715541050313714 0.38433712764766548 -1.37440259948132604
0.09782514260742688 0.38433622882526491 -1.37460638371041344
0.09849948727224871 0.38433531744061195 -1.37481295680222826
0.09917847626510250 0.38433439331632768 -1.37502235650497817
0.09986214157227666 0.38433345627247811 -1.37523462106628358
0.10055051540035467 0.38433250612653624 -1.37544978923945593
0.10124363017773205 0.38433154269334296 -1.37566790028986019
0.10194151855614454 0.38433056578506830 -1.37588899400132947
0.10264421341220598 0.38432957521117045 -1.37611311068266473
0.10335174784895693 0.38432857077835586 -1.37634029117419865
0.10406415519742446 0.38432755229053733 -1.37657057685443229
0.10478146901819221 0.38432651954879288 -1.37680400964674332
0.10550372310298135 0.38432547235132214 -1.37704063202617055
0.10623095147624222 0.38432441049340388 -1.37728048702626982
0.10696318839675767 0.38432333376735095 -1.37752361824603731
0.10770046835925672 0.38432224196246650 -1.37777006985691863
0.10844282609603929 0.38432113486499819 -1.37801988660988028
0.10919029657861286 0.38432001225809181 -1.37827311384256457
0.10994291501933974 0.38431887392174463 -1.37852979748651716
0.11070071687309559 0.38431771963275718 -1.37878998407448661
0.11146373783894017 0.38431654916468549 -1.37905372074780508
0.11223201386179885 0.38431536228779128 -1.37932105526384152
0.11300558113415557 0.38431415876899172 -1.37959203600353764
0.11378447609775848 0.38431293837180952 -1.37986671197901001
0.11456873544533624 0.38431170085631977 -1.38014513284124352
0.11535839612232673 0.38431044597909886 -1.38042734888784691
0.11615349532861717 0.38430917349316968 -1.38071341107090140
0.11695407052029710 0.38430788314794800 -1.38100337100487569
0.11776015941142259 0.38430657468918766 -1.38129728097462956
0.11857179997579269 0.38430524785892339 -1.38159519394348629
0.11938903044873875 0.38430390239541445 -1.38189716356138970
0.12021188932892556 0.38430253803308673 -1.38220324417314089
0.12104041538016444 0.38430115450247332 -1.38251349082671648
0.12187464763324013 0.38429975153015478 -1.38282795928165081
0.12271462538774915 0.38429832883869852 -1.38314670601752598
0.12356038821395075 0.38429688614659629 -1.38346978824250888
0.12441197595463170 0.38429542316820126 -1.38379726390199953
0.12526942872698282 0.38429393961366470 -1.38412919168733417
0.12613278692448912 0.38429243518886996 -1.38446563104458309
0.12700209121883205 0.38429090959536660 -1.38480664218342153
0.12787738256180636 0.38428936253030316 -1.38515228608608343
0.12875870218724889 0.38428779368635857 -1.38550262451639528
0.12964609161298060 0.38428620275167286 -1.38585772002888796
0.13053959264276330 0.38428458940977556 -1.38621763597798675
0.13143924736826845 0.38428295333951440 -1.38658243652728874
0.13234509817105980 0.38428129421498208 -1.38695218665890496
0.13325718772459053 0.38427961170544150 -1.38732695218289814
0.13417555899621331 0.38427790547525004 -1.38770679974679001
0.13510025524920402 0.38427617518378271 -1.38809179684514339
0.13603132004480051 0.38427442048535354 -1.38848201182923359
0.13696879724425431 0.38427264102913611 -1.38887751391678660
0.13791273101089702 0.38427083645908255 -1.38927837320180281
0.13886316581222044 0.38426900641384071 -1.38968466066445151
0.13982014642197194 0.38426715052667038 -1.39009644818104561
0.14078371792226346 0.38426526842535841 -1.39051380853409023
0.14175392570569484 0.38426335973213110 -1.39093681542240577
0.14273081547749294 0.38426142406356656 -1.39136554347132235
0.14371443325766448 0.38425946103050440 -1.39180006824296365
0.14470482538316343 0.38425747023795459 -1.39224046624657816
0.14570203851007471 0.38425545128500427 -1.39268681494895907
0.14670611961581190 0.38425340376472278 -1.39313919278493747
0.14771711600132961 0.38425132726406619 -1.39359767916793298
0.14873507529335270 0.38424922136377848 -1.39406235450058280
0.14976004544661942 0.38424708563829185 -1.39453330018543520
0.15079207474614068 0.38424491965562618 -1.39501059863571331
0.15183121180947412 0.38424272297728396 -1.39549433328613137
0.15287750558901539 0.38424049515814701 -1.39598458860379959
0.15393100537430371 0.38423823574636840 -1.39648145009916314
0.15499176079434338 0.38423594428326369 -1.39698500433702311
0.15605982181994271 0.38423362030320024 -1.39749533894760991
0.15713523876606758 0.38423126333348467 -1.39801254263771013
0.15821806229421123 0.38422887289424701 -1.39853670520185602
0.15930834341478184 0.38422644849832527 -1.39906791753356652
0.16040613348950503 0.38422398965114501 -1.39960627163664086
0.16151148423384307 0.38422149585059917 -1.40015186063650332
0.16262444771943196 0.38421896658692417 -1.40070477879159205
0.16374507637653393 0.38421640134257445 -1.40126512150480043
0.16487342299650756 0.38421379959209490 -1.40183298533495537
0.16600954073429422 0.38421116080199036 -1.40240846800833885
0.16715348311092296 0.38420848443059319 -1.40299166843025325
0.16830530401603144 0.38420576992792788 -1.40358268669661324
0.16946505771040399 0.38420301673557489 -1.40418162410557401
0.17063279882852889 0.38420022428652872 -1.40478858316919508
0.17180858238117150 0.38419739200505726 -1.40540366762512403
0.17299246375796537 0.38419451930655568 -1.40602698244830138
0.17418449873002248 0.38419160559739823 -1.40665863386270140
0.17538474345256003 0.38418865027478871 -1.40729872935306877
0.17659325446754551 0.38418565272660643 -1.40794737767668199
0.17781008870636109 0.38418261233124978 -1.40860468887512469
0.17903530349248506 0.38417952845747827 -1.40927077428605951
0.18026895654419256 0.38417640046424861 -1.40994574655500449
0.18151110597727393 0.38417322770055146 -1.41062971964710249
0.18276181030777353 0.38417000950524194 -1.41132280885889694
0.18402112845474572 0.38416674520686878 -1.41202513083007331
0.18528911974303014 0.38416343412349963 -1.41273680355520614
0.18656584390604733 0.38416007556254333 -1.41345794639547284
0.18785136108861214 0.38415666882056815 -1.41418868009033960
0.18914573184976669 0.38415321318311785 -1.41492912676922078
0.19044901716563412 0.38414970792452297 -1.41567940996309560
0.19176127843229071 0.38414615230770927 -1.41643965461608490
0.19308257746865756 0.38414254558400207 -1.41720998709697854
0.19441297651941386 0.38413888699292742 -1.41799053521070029
0.19575253825792849 0.38413517576200878 -1.41878142820972131
0.19710132578921277 0.38413141110656096 -1.41958279680539490
0.19845940265289264 0.38412759222947784 -1.42039477317922236
0.19982683282620289 0.38412371832101894 -1.42121749099403227
0.20120368072700057 0.38411978855858953 -1.42205108540507053
0.20259001121679915 0.38411580210651758 -1.42289569307099062
0.20398588960382499 0.38411175811582610 -1.42375145216474586
0.20539138164609347 0.38410765572400113 -1.42461850238435317
0.20680655355450628 0.38410349405475530 -1.42549698496354771
0.20823147199597156 0.38409927221778650 -1.42638704268229888
0.20966620409654391 0.38409498930853170 -1.42728881987719114
0.21111081744458601 0.38409064440791701 -1.42820246245164562
0.21256538009395401 0.38408623658210134 -1.42912811788599448
0.21402996056720233 0.38408176488221607 -1.43006593524737746
0.21550462785881241 0.38407722834409913 -1.43101606519945612
0.21698945143844184 0.38407262598802405 -1.43197866001194907
0.21848450125419838 0.38406795681842348 -1.43295387356995274
0.21998984773593447 0.38406321982360697 -1.43394186138305746
0.22150556179856454 0.38405841397547408 -1.43494278059423297
0.22303171484540685 0.38405353822922095 -1.43595678998848109
0.22456837877154651 0.38404859152304055 -1.43698405000123430
0.22611562596722207 0.38404357277781831 -1.43802472272650017
0.22767352932123661 0.38403848089682097 -1.43907897192471945
0.22924216222439106 0.38403331476537850 -1.44014696303033629
0.23082159857294077 0.38402807325056088 -1.44122886315907284
0.23241191277207801 0.38402275520084722 -1.44232484111487747
0.23401317973943619 0.38401735944578902 -1.44343506739653682
0.23562547490861963 0.38401188479566650 -1.44455971420394436
0.23724887423275626 0.38400633004113699 -1.44569895544400340
0.23888345418807699 0.38400069395287773 -1.44685296673614339
0.24052929177751764 0.38399497528122012 -1.44802192541743757
0.24218646453434586 0.38398917275577737 -1.44920601054730969
0.24385505052581510 0.38398328508506335 -1.45040540291179521
0.24553512835684130 0.38397731095610571 -1.45162028502736096
0.24722677717370542 0.38397124903404828 -1.45285084114423912
0.24893007666778313 0.38396509796174816 -1.45409725724927807
0.25064510707929838 0.38395885635936228 -1.45535972106827782
0.25237194920110279 0.38395252282392600 -1.45663842206778327
0.25411068438248285 0.38394609592892448 -1.45793355145633563
0.25586139453299134 0.38393957422385289 -1.45924530218513171
0.25762416212630668 0.38393295623376872 -1.46057386894809049
0.25939907020411690 0.38392624045883494 -1.46191944818129271
0.26118620238003326 0.38391942537385332 -1.46328223806176916
0.26298564284352799 0.38391250942778732 -1.46466243850561462
0.26479747636390111 0.38390549104327648 -1.46606025116541216
0.26662178829427297 0.38389836861613930 -1.46747587942691315
0.26845866457560524 0.38389114051486656 -1.46890952840497757
0.27030819174075138 0.38388380508010367 -1.47036140493873058
0.27217045691852998 0.38387636062412112 -1.47183171758590725
0.27404554783783092 0.38386880543027635 -1.47332067661635069
0.27593355283174942 0.38386113775246139 -1.47482849400465832
0.27783456084174468 0.38385335581454028 -1.47635538342190742
0.27974866142183086 0.38384545780977486 -1.47790156022645691
0.28167594474279772 0.38383744190023672 -1.47946724145378550
0.28361650159645529 0.38382930621620903 -1.48105264580531881
0.28557042339991229 0.38382104885557339 -1.48265799363623541
0.28753780219988456 0.38381266788318474 -1.48428350694218958
0.28951873067702744 0.38380416133023293 -1.48592940934493778
0.29151330215030596 0.38379552719359017 -1.48759592607680990
0.29352161058138737 0.38378676343514456 -1.48928328396400245
0.29554375057906923 0.38377786798111979 -1.49099171140864684
0.29757981740373779 0.38376883872137918 -1.49272143836962323
0.29962990697185221 0.38375967350871643 -1.49447269634203894
0.30169411586046524 0.38375037015812902 -1.49624571833540054
0.30377254131177361 0.38374092644607738 -1.49804073885035538
0.30586528123769657 0.38373134010972731 -1.49985799385401664
0.30797243422448944 0.38372160884617640 -1.50169772075379049
0.31009409953738992 0.38371173031166350 -1.50356015836969026
0.31223037712529061 0.38370170212076082 -1.50544554690504118
0.31438136762544966 0.38369152184554856 -1.50735412791558154
0.31654717236823277 0.38368118701477161 -1.50928614427686636
0.31872789338188390 0.38367069511297808 -1.51124184014993568
0.32092363339733304 0.38366004357963840 -1.51322146094520438
0.32313449585303744 0.38364922980824567 -1.51522525328450075
0.32536058489985120 0.38363825114539585 -1.51725346496119773
0.32760200540593343 0.38362710488984814 -1.51930634489840211
0.32985886296168992 0.38361578829156512 -1.52138414310511405
0.33213126388474412 0.38360429855073008 -1.52348711063030651
0.33441931522494717 0.38359263281674522 -1.52561549951486941
0.33672312476942301 0.38358078818720504 -1.52776956274134967
0.33904280104764212 0.38356876170684967 -1.52994955418140544
0.34137845333653621 0.38355655036649333 -1.53215572854094617
0.34373019166564794 0.38354415110192919 -1.53438834130285007
0.34609812682230995 0.38353156079281098 -1.53664764866720538
0.34848237035686874 0.38351877626150926 -1.53893390748901626
0.35088303458793546 0.38350579427194115 -1.54124737521326893
0.35330023260767901 0.38349261152837699 -1.54358830980731532
0.35573407828715525 0.38347922467421663 -1.54595696969048335
0.35818468628166800 0.38346563029074177 -1.54835361366081892
0.36065217203617167 0.38345182489583884 -1.55077850081891699
0.36313665179071219 0.38343780494269353 -1.55323189048872079
0.36563824258589855 0.38342356681845652 -1.55571404213522935
0.36815706226841882 0.38340910684287899 -1.55822521527902103
0.37069322949659317 0.38339442126691836 -1.56076566940750450
0.37324686374596050 0.38337950627131212 -1.56333566388280021
0.37581808531490823 0.38336435796511920 -1.56593545784617638
0.37840701533034138 0.38334897238423071 -1.56856531011893918
0.38101377575338496 0.38333334548984449 -1.57122547909967003
0.38363848938513134 0.38331747316690773 -1.57391622265772724
0.38628127987242716 0.38330135122252335 -1.57663779802291271
0.38894227171369411 0.38328497538432060 -1.57939046167118780
0.39162159026479615 0.38326834129878978 -1.58217446920635019
0.39431936174494664 0.38325144452957838 -1.58499007523756008
0.39703571324265036 0.38323428055574982 -1.58783753325259469
0.39977077272169265 0.38321684477000245 -1.59071709548675311
0.40252466902716960 0.38319913247684767 -1.59362901278726410
0.40529753189155343 0.38318113889074901 -1.59657353447310224
0.40808949194080635 0.38316285913421677 -1.59955090819009516
0.41090068070053642 0.38314428823586089 -1.60256137976119217
0.41373123060218814 0.38312542112840020 -1.60560519303178695
0.41658127498928715 0.38310625264662534 -1.60868258970996170
0.41945094812371697 0.38308677752531678 -1.61179380920152671
0.42234038519204559 0.38306699039711550 -1.61493908843973610
0.42524972231189667 0.38304688579034446 -1.61811866170954466
0.42817909653835690 0.38302645812678254 -1.62133276046626507
0.43112864587043542 0.38300570171938630 -1.62458161314850669
0.43409850925756621 0.38298461076996121 -1.62786544498525365
0.43708882660614989 0.38296317936678009 -1.63118447779693154
0.44009973878614655 0.38294140148214684 -1.63453892979033766
0.44313138763771442 0.38291927096990569 -1.63792901534728186
0.44618391597788670 0.38289678156289375 -1.64135494480679722
0.44925746760730267 0.38287392687033545 -1.64481692424076398
0.45235218731698318 0.38285070037517843 -1.64831515522280858
0.45546822089514793 0.38282709543136911 -1.65184983459031565
0.45860571513408505 0.38280310526106603 -1.65542115419939684
0.46176481783706874 0.38277872295179000 -1.65902930067267840
0.46494567782531782 0.38275394145351005 -1.66267445513971257
0.46814844494500796 0.38272875357566333 -1.66635679296989103
0.47137327007433427 0.38270315198410709 -1.67007648349767446
0.47462030513061321 0.38267712919800168 -1.67383368973997460
0.47788970307744211 0.38265067758662347 -1.67762856810552274
0.48118161793190767 0.38262378936610525 -1.68146126809607233
0.48449620477183586 0.38259645659610192 -1.68533193199922926
0.48783361974310091 0.38256867117638277 -1.68924069457277093
0.49119402006698276 0.38254042484334499 -1.69318768272026943
0.49457756404756831 0.38251170916644850 -1.69717301515782570
0.49798441107921515 0.38248251554457108 -1.70119680207176316
0.50141472165405510 0.38245283520228068 -1.70525914476708840
0.50486865736955655 0.38242265918602331 -1.70936013530652930
0.50834638093614049 0.38239197836022437 -1.71349985613999212
0.51184805618483975 0.38236078340330459 -1.71767837972422965
0.51537384807502007 0.38232906480360268 -1.72189576813255174
0.51892392270215304 0.38229681285520867 -1.72615207265439397
0.52249844730563633 0.38226401765370233 -1.73044733338454026
0.52609759027667324 0.38223066909179698 -1.73478157880183836
0.52972152116621019 0.38219675685488291 -1.73915482533720023
0.53337041069291669 0.38216227041647399 -1.74356707693071078
0.53704443075123121 0.38212719903354964 -1.74801832457765327
0.54074375441946221 0.38209153174179394 -1.75250854586326699
0.54446855596793509 0.38205525735072704 -1.75703770448604146
0.54821901086720481 0.38201836443872844 -1.76160574976936823
0.55199529579632578 0.38198084134794913 -1.76621261616137049
0.55579758865116813 0.38194267617911010 -1.77085822272269366
0.55962606855280195 0.38190385678618438 -1.77554247260211229
0.56348091585593751 0.38186437077096186 -1.78026525249974910
0.56736231215741650 0.38182420547749213 -1.78502643211771406
0.57127044030476937 0.38178334798640540 -1.78982586359801021
0.57520548440483177 0.38174178510910556 -1.79466338094751077
0.57916762983241210 0.38169950338183734 -1.79953879944982931
0.58315706323902683 0.38165648905961957 -1.80445191506392311
0.58717397256169712 0.38161272811004693 -1.80940250380925693
0.59121854703179433 0.38156820620695403 -1.81439032113734977
0.59529097718396295 0.38152290872394040 -1.81941510128956541
0.59939145486508971 0.38147682072775357 -1.82447655664095909
0.60352017324334362 0.38142992697152667 -1.82957437703006365
0.60767732681727959 0.38138221188786925 -1.83470822907443432
0.61186311142499428 0.38133365958180598 -1.83987775547182775
0.61607772425335505 0.38128425382356268 -1.84508257428688127
0.62032136384729264 0.38123397804119530 -1.85032227822315587
0.62459423011914772 0.38118281531305870 -1.85559643388042073
0.62889652435809140 0.38113074836011285 -1.86090458099706879
0.63322844923961197 0.38107775953806267 -1.86624623167756631
0.63759020883505479 0.38102383082932967 -1.87162086960481155
0.64198200862124022 0.38096894383484914 -1.87702794923734917
0.64640405549014601 0.38091307976569400 -1.88246689499134900
0.65085655775864737 0.38085621943451786 -1.88793710040726292
0.65533972517833383 0.38079834324681611 -1.89343792730114080
0.65985376894539371 0.38073943119200249 -1.89896870490055125
0.66439890171055649 0.38067946283429477 -1.90452872896504544
0.66897533758911365 0.38061841730340962 -1.91011726089120315
0.67358329217100954 0.38055627328505981 -1.91573352680223019
0.67822298253098967 0.38049300901125371 -1.92137671662209963
0.68289462723883121 0.38042860225039055 -1.92704598313432962
0.68759844636964218 0.38036303029714930 -1.93274044102538989
0.69233466151422274 0.38029626996216814 -1.93845916591282896
0.69710349578950681 0.38022829756150917 -1.94420119335820307
0.70190517384907669 0.38015908890590705 -1.94996551786493022
0.70673992189373802 0.38008861928979493 -1.95575109186116047
0.71160796768218526 0.38001686348010738 -1.96155682466787273
0.71650954054172245 0.37994379570485487 -1.96738158145229569
0.72144487137907043 0.37986938964146422 -1.97322418216693074
0.72641419269124807 0.37979361840488612 -1.97908340047435805
0.73141773857651804 0.37971645453546155 -1.98495796265808577
0.73645574474541731 0.37963786998654525 -1.99084654651973181
0.74152844853186650 0.37955783611188326 -1.99674778026286170
0.74663608890434163 0.37947632365273815 -2.00266024136379572
0.75177890647713608 0.37939330272476202 -2.00858245542979930
0.75695714352169929 0.37930874280461035 -2.01451289504505215
0.76217104397804170 0.37922261271629432 -2.02044997860483244
0.76742085346623079 0.37913488061726847 -2.02639206913843006
0.77270681929796636 0.37904551398424857 -2.03233747312129776
0.77802919048822172 0.37895447959875772 -2.03828443927699654
0.78338821776697964 0.37886174353239638 -2.04423115736957905
0.78878415359104803 0.37876727113183167 -2.05017575698702847
0.79421725215594319 0.37867102700350536 -2.05611630631646758
0.79968776940787090 0.37857297499805392 -2.06205081091189735
0.80519596305578611 0.37847307819443876 -2.06797721245525112
0.81074209258352603 0.37837129888378446 -2.07389338751160590
0.81632641926203720 0.37826759855291875 -2.07979714627948464
0.82194920616168921 0.37816193786761404 -2.08568623133718711
0.82761071816465814 0.37805427665552621 -2.09155831638616618
0.83331122197740892 0.37794457388882674 -2.09741100499255184
0.83905098614326490 0.37783278766652734 -2.10324182932794823
0.84483028105504709 0.37771887519649244 -2.10904824891070275
0.85064937896782500 0.37760279277713804 -2.11482764934895195
0.85650855401173109 0.37748449577881371 -2.12057734108675033
0.86240808220487908 0.37736393862486595 -2.12629455815472745
0.86834824146637202 0.37724107477238011 -2.13197645692675231
0.87432931162938499 0.37711585669259912 -2.13762011488415737
0.88035157445435230 0.37698823585101709 -2.14322252938919267
0.88641531364224579 0.37685816268714600 -2.14878061646942831
0.89252081484793000 0.37672558659395389 -2.15429120961488874
0.89866836569362407 0.37659045589697387 -2.15975105858986272
0.90485825578245527 0.37645271783308115 -2.16515682826135247
0.91109077671209349 0.37631231852893987 -2.17050509744621589
0.91736622208849117 0.37616920297911693 -2.17579235777922353
0.92368488753972133 0.37602331502386277 -2.18101501260427000
0.93004707072989290 0.37587459732656098 -2.18616937589109961
0.93645307137317935 0.37572299135084403 -2.19125167118004782
0.94290319124794220 0.37556843733737860 -2.19625803055735647
0.94939773421093754 0.37541087428031811 -2.20118449366373392
0.95593700621163524 0.37525023990342871 -2.20602700673898688
0.96252131530663754 0.37508647063588374 -2.21078142170560055
0.96915097167417996 0.37491950158773535 -2.21544349529429452
0.97582628762874912 0.37474926652506091 -2.22000888821470843
0.98254757763580092 0.37457569784478872 -2.22447316437445064
0.98931515832656336 0.37439872654920819 -2.22883179014991528
0.99612934851295887 0.37421828222016429 -2.23308013371234804
1.00299046920262747 0.37403429299294466 -2.23721346441282209
1.00989884361403748 0.37384668552986178 -2.24122695222985602
1.01685479719172500 0.37365538499353596 -2.24511566728358858
1.02385865762161421 0.37346031501988630 -2.24887457942051627
1.03091075484645822 0.37326139769083494 -2.25249855787297415
1.03801142108138866 0.37305855350673156 -2.25598237099764498
1.04516099082955427 0.37285170135850854 -2.25932068609752168
1.05235980089788472 0.37264075849957184 -2.26250806933191884
1.05960819041296261 0.37242564051743937 -2.26553898571923851
1.06690650083698868 0.37220626130513651 -2.26840779923733082
1.07425507598387227 0.37198253303235884 -2.27110877302647518
1.08165426203543413 0.37175436611641427 -2.27363606970010501
1.08910440755770344 0.37152166919295776 -2.27598375176856216
1.09660586351734346 0.37128434908653052 -2.27814578218131336
1.10415898329819151 0.37104231078091993 -2.28011602499319865
1.11176412271789449 0.37079545738935360 -2.28188824616041908
1.11942164004467637 0.37054369012454641 -2.28345611447211860
1.12713189601422270 0.37028690826861388 -2.28481320262355947
1.13489525384666146 0.37002500914287562 -2.28595298843701267
1.14271207926368090 0.36975788807756410 -2.28686885623664438
1.15058274050576292 0.36948543838146164 -2.28755409838378254
1.15850760834951960 0.36920755131148664 -2.28800191697910948
1.16648705612516523 0.36892411604225378 -2.28820542573842767
1.17452145973411026 0.36863501963563056 -2.28815765204879185
1.18261119766665646 0.36834014701031859 -2.28785153921189632
1.19075665101983330 0.36803938091148419 -2.28727994888172015
1.19895820351535809 0.36773260188046952 -2.28643566370358053
1.20721624151769702 0.36741968822461341 -2.28531139016177542
1.21553115405228396 0.36710051598721311 -2.28389976164315112
1.22390333282383090 0.36677495891766193 -2.28219334172397881
1.23233317223478811 0.36644288844179590 -2.28018462768762475
1.24082106940393033 0.36610417363248815 -2.27786605428053335
1.24936742418505098 0.36575868118052779 -2.27522999771414547
1.25797263918580571 0.36540627536582454 -2.27226877992036513
1.26663711978668481 0.36504681802898148 -2.26897467306825229
1.27536127416009770 0.36468016854327956 -2.26533990434965338
1.28414551328960691 0.36430618378711982 -2.26135666104143951
1.29299025098929765 0.36392471811697052 -2.25701709585202881
1.30189590392325605 0.36353562334087403 -2.25231333255989963
1.31086289162520631 0.36313874869255758 -2.24723747195164192
1.31989163651828068 0.36273394080621046 -2.24178159806712785
1.32898256393490533 0.36232104369197948 -2.23593778475927918
1.33813610213684386 0.36189989871224476 -2.22969810257574474
1.34735268233538008 0.36147034455873372 -2.22305462596974834
1.35663273871161705 0.36103221723054141 -2.21599944084718370
1.36597670843693786 0.36058535001312131 -2.20852465245683049
1.37538503169360782 0.36012957345831359 -2.20062239363038659
1.38485815169549564 0.35966471536548783 -2.19228483337881341
1.39439651470896098 0.35919060076386827 -2.18350418585111239
1.40400057007388401 0.35870705189612206 -2.17427271966149016
1.41367077022481880 0.35821388820328987 -2.16458276759045765
1.42340757071231394 0.35771092631113899 -2.15442673666504625
1.43321143022438102 0.35719798001802705 -2.14379711862295519
1.44308281060808552 0.35667486028436340 -2.13268650076499888
1.45302217689132229 0.35614137522375650 -2.12108757719968999
1.46302999730470673 0.35559733009594729 -2.10899316048336471
1.47310674330363889 0.35504252730161950 -2.09639619365858909
1.48325288959052193 0.35447676637919018 -2.08328976269302624
1.49346891413710736 0.35389984400368346 -2.06966710932033093
1.50375529820702170 0.35331155398779351 -2.05552164428378692
1.51411252637844407 0.35271168728524416 -2.04084696098278195
1.52454108656692022 0.35210003199656226 -2.02563684952135903
1.53504147004835301 0.35147637337737575 -2.00988531115715441
1.54561417148215696 0.35084049384935734 -1.99358657314816901
1.55625968893454147 0.35019217301393712 -1.97673510399386432
1.56697852390198511 0.34953118766890773 -1.95932562906590957
1.57777118133486671 0.34885731182804885 -1.94135314662291547
1.58863816966123794 0.34817031674390825 -1.92281294420230009
1.59958000081078100 0.34746997093386756 -1.90370061538113222
1.61059719023893511 0.34675604020963391 -1.88401207689653205
1.62169025695116265 0.34602828771029948 -1.86374358611492941
1.63285972352740405 0.34528647393910972 -1.84289175883786704
1.64410611614670854 0.34453035680408822 -1.82145358743062724
1.65542996461200076 0.34375969166267034 -1.79942645925848010
1.66683180237505080 0.34297423137049454 -1.77680817541344305
1.67831216656161164 0.34217372633450777 -1.75359696971295320
1.68987159799670472 0.34135792457054559 -1.72979152795001512
1.70151064123010665 0.34052657176554307 -1.70539100737235727
1.71322984456201199 0.33967941134454099 -1.68039505636637632
1.72502976006884090 0.33881618454265527 -1.65480383431962652
1.73691094362927045 0.33793663048217043 -1.62861803163329322
1.74887395495040243 0.33704048625493277 -1.60183888985429324
1.76091935759413643 0.33612748701020884 -1.57446822189409175
1.77304771900373059 0.33519736604818329 -1.54650843229918045
1.78525961053051230 0.33424985491927117 -1.51796253753590094
1.79755560746080478 0.33328468352941631 -1.48883418624958996
1.80993628904303661 0.33230158025155154 -1.45912767945579414
1.82240223851501071 0.33130027204339918 -1.42884799061873013
1.83495404313138932 0.33028048457178494 -1.39800078556937368
1.84759229419136894 0.32924194234363940 -1.36659244221313214
1.86031758706651473 0.32818436884386998 -1.33463006997436451
1.87313052122882051 0.32710748668026668 -1.30212152892205357
1.88603170027895439 0.32601101773562374 -1.26907544851844878
1.89902173197467894 0.32489468332724541 -1.23550124592963773
1.91210122825948781 0.32375820437400332 -1.20140914383406483
1.92527080529144534 0.32260130157111394 -1.16681018766237443
1.93853108347219338 0.32142369557280076 -1.13171626219918120
1.95188268747618587 0.32022510718299801 -1.09614010747433732
1.96532624628012798 0.31900525755425119 -1.06009533386871668
1.97886239319258661 0.31776386839497028 -1.02359643635680841
1.99249176588383281 0.31650066218517359 -0.98665880780549775
2.00621500641589323 0.31521536240086445 -0.94929875124595997
2.02003276127277731 0.31390769374717531 -0.91153349103310899
2.03394568139093934 0.31257738240039890 -0.87338118280428911
2.04795442218995793 0.31122415625902367 -0.83486092214676721
2.06205964360338356 0.30984774520388519 -0.79599275188141849
2.07626201010985856 0.30844788136752205 -0.75679766786749569
2.09056219076439209 0.30702429941283055 -0.71729762323204482
2.10496085922989185 0.30557673682108699 -0.67751553092518524
2.11945869380890795 0.30410493418939977 -0.63747526450132430
2.13405637747556742 0.30260863553764283 -0.59720165702502315
2.14875459790775691 0.30108758862489898 -0.55672049799893075
2.16355404751953095 0.29954154527543142 -0.51605852821065634
2.17845542349370769 0.29797026171418822 -0.47524343239501909
2.19345942781472392 0.29637349891181569 -0.43430382960765745
2.20856676730171486 0.29475102293914718 -0.39326926120649586
2.22377815364179110 0.29310260533111421 -0.35217017633814640
2.23909430342357307 0.29142802345999441 -0.31103791482710280
2.25451593817096496 0.28972706091789729 -0.26990468736727408
2.27004378437711551 0.28799950790836987 -0.22880355291743315
2.28567857353866044 0.28624516164695968 -0.18776839320423810
2.30142104219018861 0.28446382677056531 -0.14683388423988836
2.31727193193891834 0.28265531575537156 -0.10603546476493150
2.33323198949964450 0.28081944934312680 -0.06540930153074985
2.34930196672992908 0.27895605697550191 -0.02499225134130295
2.36548262066549286 0.27706497723623696 0.01517818022074999
2.38177471355589265 0.27514605830073691 0.05506388345253469
2.39817901290044277 0.27319915839275394 0.09462619263576920
2.41469629148434395 0.27122414624775915 0.13382593764191592
2.43132732741510260 0.26922090158255479 0.17262349908346061
2.44807290415919843 0.26718931557065195 0.21097886704746618
2.46493381057896288 0.26512929132290075 0.24885170343735405
2.48191084096977521 0.26304074437279634 0.28620140793814680
2.49900479509745121 0.26092360316587432 0.32298718760786771
2.51621647823593220 0.25877780955253177 0.35916813008545662
2.53354670120523284 0.25660354166559679 0.39470359852624398
2.55099628040961113 0.25440187213868487 0.42955430777442372
2.56856603787604332 0.25217408448028844 0.46368152438539501
2.58625680129295965 0.24992144809631492 0.49704680759516018
2.60406940404921050 0.24764521803757242 0.52961205598707883
2.62200468527333941 0.24534663476009158 0.56133955558529902
2.64006348987312522 0.24302692389781480 0.59219202936609783
2.65824666857535963 0.24068729604719216 0.62213268817419154
2.67655507796593595 0.23832894656321643 0.65112528302666484
2.69498958053021731 0.23595305536644876 0.67913415878255079
2.71355104469363706 0.23356078676059230 0.70612430915124869
2.73224034486262513 0.23115328926016881 0.73206143300782978
2.75105836146581328 0.22873169542787319 0.75691199197799530
2.77000598099548245 0.22629712172118868 0.78064326924987937
2.78908409604933905 0.22385066834784673 0.80322342956407211
2.80829360537257955 0.22139341912973559 0.82462158032724786
2.82763541390019668 0.21892644137487610 0.84480783378853597
2.84711043279962883 0.21645078575708188 0.86375337021126475
2.86671957951369549 0.21396748620295047 0.88143050196606620
2.88646377780378760 0.21147755978584298 0.89781273846443477
2.90634395779340204 0.20898200662651886 0.91287485184468786
2.92636105601196883 0.20648180980011901 0.92659294331504316
2.94651601543894071 0.20397793524921021 0.93894451005103352
2.96680978554825137 0.20147133170261114 0.94990851253679776
2.98724332235300905 0.19896293059976172 0.95946544223204966
3.00781758845055025 0.19645364602040127 0.96759738943847329
3.02853355306780125 0.19394437461935621 0.97428811123127057
3.04939219210690604 0.19143599556626489 0.97952309931334702
3.07039448819121263 0.18892937049008232 0.98328964764125781
3.09154143071158360 0.18642534342824496 0.98557691966366312
3.11283401587297037 0.18392474078040530 0.98637601500454786
3.13427324674135965 0.18142837126666359 0.98568003541486726
3.15586013329104409 0.17893702589026492 0.98348414980773802
3.17759569245216467 0.17645147790475854 0.97978565818368801
3.19948094815863815 0.17397248278563748 0.97458405424383132
3.22151693139640605 0.17150077820651735 0.96788108648030002
3.24370468025197134 0.16903708401993944 0.95968081752472900
3.26604523996131801 0.16658210224290596 0.94998968152707830
3.28853966295916722 0.16413651704729187 0.93881653932876064
3.31118900892852341 0.16170099475530264 0.92617273118578558
3.33399434485060953 0.15927618384016545 0.91207212678949490
3.35695674505515118 0.15686271493227202 0.89653117232458945
3.38007729127094736 0.15446120083101314 0.87956893429645289
3.40335707267685450 0.15207223652255247 0.86120713985226971
3.42679718595310590 0.14969639920381692 0.84147021331334071
3.45039873533294417 0.14733424831298458 0.82038530862914760
3.47416283265465609 0.14498632556676161 0.79798233745724712
3.49809059741397022 0.14265315500474707 0.77429399256709275
3.52218315681675032 0.14033524304118944 0.74935576626035449
3.54644164583214483 0.13803307852442839 0.72320596349527799
3.57086720724601214 0.13574713280432205 0.69588570939832772
3.59546099171477529 0.13347785980793964 0.66743895084260807
3.62022415781964479 0.13122569612379315 0.63791245176968714
3.64515787212116038 0.12899106109490402 0.60735578192955819
3.67026330921416610 0.12677435692065933 0.57582129871079901
3.69554165178316163 0.12457596876260629 0.54336412173784032
3.72099409065798081 0.12239626488246777 0.51004209990564942
3.74662182486990636 0.12023559675519065 0.47591577052917761
3.77242606170817796 0.11809429921445036 0.44104831029224362
3.79840801677682238 0.11597269060268006 0.40550547767399264
3.82456891405194277 0.11387107293068979 0.36935554655198877
3.85090998593939648 0.11178973204718649 0.33266923068069837
3.87743247333281227 0.10972893781812329 0.29551959875407124
3.90413762567206657 0.10768894431580781 0.25798197977988041
3.93102670100216622 0.10566999001766113 0.22013385850197886
3.95810096603246819 0.10367229801447765 0.18205476062675732
3.98536169619637626 0.10169607622798783 0.14382612762860811
4.01281017571144627 0.09974151763749171 0.10553118093147276
4.04044769763983957 0.09780880051528948 0.06725477528840081
4.06827556394925782 0.09589808867059235 0.02908324120882105
4.09629508557430455 0.09400953170156383 -0.00889578368593850
4.12450758247818960 0.09214326525510667 -0.04659353446434263
4.15291438371494248 0.09029941129397118 -0.08392030989171073
4.18151682749203335 0.08847807837073585 -0.12078567465008740
4.21031626123337333 0.08667936190818008 -0.15709867273414188
4.23931404164284142 0.08490334448553956 -0.19276805193849655
4.26851153476814815 0.08315009613011769 -0.22770249930042583
4.29791011606521067 0.08141967461369944 -0.26181088730668245
4.32751117046297207 0.07971212575320030 -0.29500253061432263
4.35731609242859541 0.07802748371496938 -0.32718745297278379
4.38732628603318098 0.07636577132214901 -0.35827666396814184
4.41754316501793021 0.07472700036449061 -0.38818244514054095
4.44796815286070313 0.07311117191001905 -0.41681864495229548
4.47860268284309537 0.07151827661793365 -0.44410098200724152
4.50944819811798503 0.06994829505213727 -0.46994735584177144
4.54050615177746941 0.06840119799478898 -0.49427816452478524
4.57177800692133918 0.06687694675927956 -0.51701662821777394
4.60326523672603471 0.06537549350204060 -0.53808911775776880
4.63496932451398713 0.06389678153261230 -0.55742548723524776
4.66689176382352855 0.06244074562140448 -0.57495940944663426
4.69903405847926958 0.06100731230460792 -0.59062871300732311
4.73139772266289604 0.05959640018573231 -0.60437571981659988
4.76398428098452786 0.05820792023326594 -0.61614758147096982
4.79679526855455585 0.05684177607398133 -0.62589661312794842
4.82983223105592252 0.05549786428143576 -0.63358062322886366
4.86309672481695010 0.05417607465924369 -0.63916323739743697
4.89659031688469248 0.05287629051872920 -0.64261421474162972
4.93031458509869847 0.05159838895060076 -0.64390975470030098
4.96427111816537092 0.05034224109032032 -0.64303279249439949
4.99846151573283315 0.04910771237687717 -0.63997328116580476
5.03288738846622596 0.04789466280471315 -0.63472845811637646
5.06755035812365673 0.04670294716857967 -0.62730309399628970
5.10245205763253029 0.04553241530115008 -0.61770972173553007
5.13759413116650521 0.04438291230324427 -0.60596884346633728
5.17297823422297665 0.04325427876656456 -0.59210911304879277
5.20860603370100783 0.04214635098888011 -0.57616749188760941
5.24447920797988143 0.04105896118163378 -0.55818937571668970
5.28059944699819717 0.03999193766998527 -0.53822869003039364
5.31696845233342508 0.03894510508534203 -0.51634795185779603
5.35358793728209381 0.03791828455046313 -0.49261829560962683
5.39045962694052694 0.03691129385725865 -0.46711946077831235
5.42758525828605887 0.03592394763744020 -0.43993973934056257
5.46496658025888138 0.03495605752620808 -0.41117588080033746
5.50260535384447369 0.03400743231919157 -0.38093295291883883
5.54050335215649259 0.03307787812288640 -0.34932415630827840
5.57866236052033670 0.03216719849885580 -0.31647059121839666
5.61708417655727565 0.03127519460198567 -0.28250097501990779
5.65577061026908012 0.03040166531310308 -0.24755130908776432
5.69472348412331364 0.02954640736628173 -0.21176449400994918
5.73394463313921854 0.02870921547117294 -0.17528989229482037
5.77343590497410020 0.02788988243070963 -0.13828283802206551
5.81319916001040049 0.02708819925453669 -0.10090409317914026
5.85323627144336545 0.02630395526852537 -0.06331925074659303
5.89354912536922804 0.02553693822072951 -0.02569808494156425
5.93413962087409441 0.02478693438413744 0.01178615060152545
5.97500967012343231 0.02405372865656847 0.04895747554127155
6.01616119845208175 0.02333710465805431 0.08563798484388815
6.05759614445503924 0.02263684482603298 0.12164869807982198
6.09931646007870754 0.02195273050867091 0.15681045352529985
6.14132411071287976 0.02128454205661091 0.19094484411965712
6.18362107528336136 0.02063205891342675 0.22387519184215873
6.22620934634512757 0.01999505970504546 0.25542755657237259
6.26909093017622254 0.01937332232837599 0.28543177498888084
6.31226784687230946 0.01876662403936134 0.31372252454551530
6.35574213044176251 0.01817474154064807 0.34014040704601456
6.39951582890152437 0.01759745106904208 0.36453304582102763
6.44359100437361665 0.01703452848289585 0.38675619000021405
6.48796973318221504 0.01648574934954816 0.40667481887158052
6.53265410595150353 0.01595088903291190 0.42416423883533955
6.57764622770418317 0.01542972278128256 0.43911116499612679
6.62294821796058031 0.01492202581541644 0.45141477900126009
6.66856221083852052 0.01442757341690457 0.46098775433017425
6.71449035515390236 0.01394614101684715 0.46775723987790579
6.76073481452185465 0.01347750428481318 0.47166579236041067
6.80729776745870030 0.01302143921804975 0.47267224780873329
6.85418140748460925 0.01257772223088852 0.47075252222009711
6.90138794322687321 0.01214613024428042 0.46590033130429426
6.94891959852397711 0.01172644077537413 0.45812781921098134
6.99677861253040323 0.01131843202704133 0.44746608615533112
7.04496723982204198 0.01092188297723986 0.43396560498344805
7.09348775050243230 0.01053657346809537 0.41769651694245497
7.14234243030975069 0.01016228429457414 0.39874879725037943
7.19153358072439097 0.00979879729261267 0.37723228150460436
7.24106351907749612 0.00944589542656379 0.35327654453093088
7.29093457866002304 0.00910336287581591 0.32703062396391469
7.34114910883271410 0.00877098512043862 0.29866258166774479
7.39170947513679444 0.00844854902570740 0.26835889705954041
7.44261805940534860 0.00813584292535992 0.23632368748622035
7.49387725987554987 0.00783265670343767 0.20277775203358558
7.54548949130168989 0.00753878187456903 0.16795743651204706
7.59745718506884682 0.00725401166255348 0.13211331886597033
7.64978278930746658 0.00697814107711055 0.09550871588959906
7.70246876900873456 0.00671096698866224 0.05841801389676219
7.75551760614061170 0.00645228820102393 0.02112482787667943
7.80893179976480489 0.00620190552188432 -0.01608000433541800
7.86271386615452528 0.00595962183096281 -0.05290058424842525
7.91686633891295788 0.00572524214573972 -0.08903826046136074
7.97139176909264169 0.00549857368466253 -0.12419406891221767
8.02629272531570415 0.00527942592773953 -0.15807129028079864
8.08157179389476887 0.00506761067444084 -0.19037810687566492
8.13723157895484306 0.00486294209883482 -0.22083033901459306
8.19327470255603352 0.00466523680189665 -0.24915423861564329
8.24970380481698484 0.00447431386093495 -0.27508931548294430
8.30652154403929366 0.00428999487608994 -0.29839116963101148
8.36373059683278619 0.00411210401386616 -0.31883430097969551
8.42133365824150992 0.00394046804767065 -0.33621486590669297
8.47933344187075200 0.00377491639533578 -0.35035334850577604
8.53773268001491026 0.00361528115361412 -0.36109711300796421
8.59653412378610682 0.00346139712964065 -0.36832280272212414
8.65574054324390119 0.00331310186936485 -0.37193855008396942
8.71535472752569795 0.00317023568296288 -0.37188596201111190
8.77537948497815989 0.00303264166724693 -0.36814184478885775
8.83581764328957142 0.00290016572509541 -0.36071963319769790
8.89667204962294100 0.00277265658193421 -0.34967048957738683
8.95794557075018716 0.00264996579930509 -0.33508404003943881
9.01964109318722329 0.00253194778556306 -0.31708871712109638
9.08176152332984898 0.00241845980374991 -0.29585168084534647
9.14430978759071600 0.00230936197669601 -0.27157829343329698
9.20728883253723041 0.00220451728940692 -0.24451112681983506
9.27070162503026651 0.00210379158879613 -0.21492848665516193
9.33455115236398569 0.00200705358082847 -0.18314244162832327
9.39884042240660378 0.00191417482514269 -0.14949635270846720
9.46357246374199690 0.00182502972722507 -0.11436190323786451
9.52875032581242287 0.00173949552820818 -0.07813563768784526
9.59437707906221782 0.00165745229237218 -0.04123502425150139
9.66045581508235429 0.00157878289242781 -0.00409406422793043
9.72698964675612210 0.00150337299266219 0.03284152072996196
9.79398170840582871 0.00143111103003040 0.06911948407535204
9.86143515594034170 0.00136188819327694 0.10428658462195070
9.92935316700382486 0.00129559840017219 0.13789439519444435
9.99773894112547623 0.00123213827295008 0.16950532493067910
10.06659569987014713 0.00117140711203325 0.19869878243962841
10.13592668699016741 0.00111330686813277 0.22507739942764080
10.20573516857819385 0.00105774211280920 0.24827322745070352
10.27602443322096626 0.00100462000758176 0.26795381431723841
10.34679779215434792 0.00095385027167206 0.28382806154461970
10.41805857941921332 0.00090534514846824 0.29565176035606272
10.48981015201854206 0.00085901937079458 0.30323270118446694
10.56205589007563006 0.00081479012507097 0.30643525071294431
10.63479919699321208 0.00077257701444524 0.30518429130513575
10.70804349961384183 0.00073230202098051 0.29946842042463595
10.78179224838138772 0.00069388946697807 0.28934231245486658
10.85604891750345935 0.00065726597551507 0.27492815232627282
10.93081700511513965 0.00062236043027461 0.25641605962363673
11.00610003344382370 0.00058910393474416 0.23406343343287786
11.08190154897503987 0.00055742977085650 0.20819316210179764
11.15822512261957122 0.00052727335714548 0.17919065829283662
11.23507434988173870 0.00049857220648701 0.14749969810509811
11.31245285102866305 0.00047126588349358 0.11361706348698844
11.39036427126086970 0.00044529596162882 0.07808600943776825
11.46881228088406779 0.00042060598010605 0.04148860132966700
11.54780057548193817 0.00039714140063322 0.00443699272942922
11.62733287609027499 0.00037484956406386 -0.03243626004968396
11.70741292937236366 0.00035367964701185 -0.06848872425134354
11.78804450779532864 0.00033358261848548 -0.10307930944299111
11.86923140980793434 0.00031451119659396 -0.13558000517395871
11.95097746001958150 0.00029641980537729 -0.16538794021296802
12.03328650938034805 0.00027926453180832 -0.19193754443573041
12.11616243536247062 0.00026300308301333 -0.21471257564838553
12.19960914214307124 0.00024759474375529 -0.23325775840324775
12.28363056078792503 0.00023300033422193 -0.24718977090957422
12.36823064943682482 0.00021918216815815 -0.25620731016098347
12.45341339348988541 0.00020610401138050 -0.26009996504616623
12.53918280579536493 0.00019373104070897 -0.25875563306723776
12.62554292683876156 0.00018202980334937 -0.25216622885622608
12.71249782493303115 0.00017096817675749 -0.24043145233432259
12.80005159641030055 0.00016051532901389 -0.22376041133886512
12.88820836581490603 0.00015064167973663 -0.20247092792168342
12.97697228609757403 0.00014131886155658 -0.17698639918193770
13.06634753881110811 0.00013251968217873 -0.14783013210889778
13.15633833430746158 0.00012421808705035 -0.11561712691889967
13.24694891193594515 0.00011638912265549 -0.08104334397792411
13.33818354024298891 0.00010900890045316 -0.04487255455931782
13.43004651717330766 0.00010205456147494 -0.00792094409686090
13.52254217027224570 0.00009550424159608 0.02896029328598246
13.61567485688968482 0.00008933703749225 0.06490406013109283
13.70944896438540361 0.00008353297329287 0.09904778402539526
13.80386891033561803 0.00007807296794005 0.13055472831107781
13.89893914274114195 0.00007293880326085 0.15863568705519510
13.99466414023702043 0.00006811309275917 0.18257051762971821
14.09104841230335481 0.00006357925113194 0.20172892681981563
14.18809649947781004 0.00005932146451339 0.21558990236313960
14.28581297356959823 0.00005532466144936 0.22375917334473597
14.38420243787468600 0.00005157448460285 0.22598401718135544
14.48326952739274454 0.00004805726319064 0.22216529126283555
14.58301890904555620 0.00004475998614971 0.21236498521668637
14.68345528189669658 0.00004167027603106 0.19681044011559604
14.78458337737311012 0.00003877636361787 0.17589359388559619
14.88640795948781026 0.00003606706326351 0.15016555652186861
14.98893382506439842 0.00003353174894429 0.12032622775587611
15.09216580396309659 0.00003116033102119 0.08720899888120641
15.19610875930813876 0.00002894323370344 0.05176068565359344
15.30076758771692269 0.00002687137320675 0.01501702175789264
15.40614721953078536 0.00002493613659782 -0.02192572321269601
15.51225261904708930 0.00002312936131633 -0.05794264893100350
15.61908878475316698 0.00002144331536494 -0.09191430782315257
15.72666074956188353 0.00001987067815745 -0.12276240304439574
15.83497358104856190 0.00001840452201438 -0.14948589227265505
15.94403238168977666 0.00001703829429532 -0.17119628240266840
16.05384228910383726 0.00001576580015643 -0.18715088087261006
16.16440847629262834 0.00001458118592154 -0.19678271962576724
16.27573615188538625 0.00001347892305467 -0.19972589317991846
16.38783056038416674 0.00001245379272163 -0.19583512195599859
16.50069698241071947 0.00001150087092811 -0.18519847299788450
16.61434073495536978 0.00001061551422138 -0.16814234326335423
16.72876717162753124 0.00000979334594251 -0.14522803412023280
16.84398168290777775 0.00000903024301604 -0.11723954896045377
16.95998969640185550 0.00000832232326371 -0.08516226568608841
17.07679667709644278 0.00000766593322879 -0.05015349983355508
17.19440812761645176 0.00000705763649768 -0.01350447821222477
17.31282958848430553 0.00000649420250512 0.02340455811830484
17.43206663838105897 0.00000597259580963 0.05915483575891239
17.55212489440898693 0.00000548996582561 0.09234363675908137
17.67301001235643199 0.00000504363699858 0.12164086885101436
17.79472768696403406 0.00000463109941034 0.14584543000643505
17.91728365219310604 0.00000424999980056 0.16393897021909079
18.04068368149582469 0.00000389813299163 0.17513458875300247
18.16493358808703462 0.00000357343370384 0.17891803938211107
18.29003922521819092 0.00000327396874763 0.17507916344424010
18.41600648645320959 0.00000299792958044 0.16373153735710866
18.54284130594588476 0.00000274362521531 0.14531870677474837
18.67054965871956540 0.00000250947546890 0.12060587761860532
18.79913756094870436 0.00000229400453667 0.09065653210828285
18.92861107024209844 0.00000209583488309 0.05679411632542801
19.05897628592832760 0.00000191368143528 0.02054967898135247
19.19023934934321218 0.00000174634606820 -0.01640290281412746
19.32240644411890074 0.00000159271237034 -0.05232173261626710
19.45548379647529202 0.00000145174067853 -0.08547867215948930
19.58947767551343233 0.00000132246337121 -0.11424442914974137
19.72439439351064294 0.00000120398040951 -0.13717284380547695
19.86024030621799952 0.00000109545511570 -0.15307998699726375
19.99702181315981875 0.00000099611017905 -0.16111361891514531
20.13474535793495690 0.00000090522387935 -0.16080873088791417
20.27341742852043538 0.00000082212651829 -0.15212531954726413
20.41304455757720504 0.00000074619704977 -0.13546522423156815
20.55363332275766908 0.00000067685989995 -0.11166578274515046
20.69519034701566085 0.00000061358196832 -0.08196919863169438
20.83772229891854622 0.00000055586980148 -0.04796781984094749
20.98123589296111646 0.00000050326693133 -0.01152694312382552
21.12573788988219903 0.00000045535136984 0.02531179428072799
21.27123509698287762 0.00000041173325279 0.06044198011836222
21.41773436844730227 0.00000037205262503 0.09181324637900035
21.56524260566567719 0.00000033597736029 0.11755463190180561
21.71376675755915642 0.00000030320120858 0.13609310171638225
21.86331382090732234 0.00000027344196470 0.14625957023403416
22.01389084067788815 0.00000024643975148 0.14737502478358119
22.16550491035836856 0.00000022195541170 0.13930976566448580
22.31816317229034397 0.00000019976900287 0.12251079972005842
22.47187281800605874 0.00000017967838918 0.09799296318089541
22.62664108856695222 0.00000016149792549 0.06729242882423296
22.78247527490490754 0.00000014505722794 0.03238330729587374
22.93938271816583452 0.00000013020002651 -0.00443924553041602
23.09737081005526349 0.00000011678309477 -0.04070409561598737
23.25644699318666753 0.00000010467525224 -0.07392730111550758
23.41661876143221122 0.00000009375643534 -0.10178531456971594
23.57789366027551736 0.00000008391683257 -0.12228458386534301
23.74027928716727942 0.00000007505608033 -0.13391577259090259
23.90378329188323292 0.00000006708251532 -0.13578005639131963
24.06841337688434734 0.00000005991248026 -0.12767623501425576
24.23417729767975004 0.00000005346968460 -0.11013989466003940
24.40108286319222586 0.00000004768458755 -0.08442827928334094
24.56913793612584485 0.00000004249388681 -0.05244878454683988
24.73835043333644990 0.00000003783995188 -0.01663313154946543
24.90872832620479116 0.00000003367039971 0.02023613417303717
25.08027964101170326 0.00000002993762100 0.05523576462384579
25.25301245931659011 0.00000002659838957 0.08553359769576492
25.42693491833779973 0.00000002361348871 0.10862407721181901
25.60205521133612194 0.00000002094736626 0.12254792123723193
25.77838158800087243 0.00000001856781685 0.12607611986196113
25.95592235483826826 0.00000001644568931 0.11884011366805108
26.13468587556286593 0.00000001455461757 0.10139333187123148
26.31468057149170292 0.00000001287077322 0.07519430619226491
26.49591492194075215 0.00000001137263830 0.04250795678022155
26.67839746462448147 0.00000001004079673 0.00622893213078458
26.86213679605822335 0.00000000885774303 -0.03036152912302948
27.04714157196285029 0.00000000780770704 -0.06388656463555374
27.23342050767267608 0.00000000687649344 -0.09118780305961174
27.42098237854617082 0.00000000605133494 -0.10963379160112756
27.60983602037906337 0.00000000532075806 -0.11739223774529327
27.79999032982073714 0.00000000467446059 -0.11363682969621727
27.99145426479347520 0.00000000410319971 -0.09866376924996612
28.18423684491418513 0.00000000359869008 -0.07390049710265008
28.37834715191940305 0.00000000315351088 -0.04179894916595349
28.57379433009332814 0.00000000276102128 -0.00561725857904026
28.77058758669825522 0.00000000241528360 0.03089396845815770
28.96873619240848896 0.00000000211099338 0.06387310588957834
29.16824948174722820 0.00000000184341602 0.08975943153095105
29.36913685352597270 0.00000000160832925 0.10569200615880196
29.57140777128746478 0.00000000140197099 0.10985018641706801
29.77507176375166154 0.00000000122099221 0.10169307335869644
29.98013842526423645 0.00000000106241420 0.08206528197114932
30.18661741624899619 0.00000000092359006 0.05314670939576203
30.39451846366259957 0.00000000080216981 0.01824371261833676
30.60385136145291085 0.00000000069606903 -0.01856376364832950
30.81462597102058965 0.00000000060344055 -0.05288531791158640
31.02685222168328139 0.00000000052264893 -0.08054349487385283
31.24054011114357010 0.00000000045224756 -0.09809623354147369
31.45569970596010023 0.00000000039095807 -0.10329178343476364
31.67234114202147310 0.00000000033765180 -0.09539490576010663
31.89047462502390218 0.00000000029133324 -0.07533298144135438
32.11011043095216166 0.00000000025112515 -0.04563196755457356
32.33125890656335599 0.00000000021625526 -0.01013788224862182
32.55393046987445160 0.00000000018604437 0.02645298364826213
32.77813561065330106 0.00000000015989572 0.05920141784806390
33.00388489091239563 0.00000000013728549 0.08359566181136749
33.23118894540665735 0.00000000011775435 0.09619447713413086
33.46005848213456346 0.00000000010089991 0.09514936963879070
33.69050428284223386 0.00000000008637004 0.08052331625534413
33.92253720353155444 0.00000000007385687 0.05434663874832327
34.15616817497173940 0.00000000006309153 0.02038536321926648
34.39140820321391345 0.00000000005383944 -0.01636106466621459
34.62826837010977243 0.00000000004589614 -0.05037312256117702
34.86675983383382516 0.00000000003908363 -0.07643871341405457
35.10689382940867631 0.00000000003324709 -0.09047255231170015
35.34868166923443766 0.00000000002825199 -0.09019708611840455
35.59213474362190510 0.00000000002398160 -0.07556696494664034
35.83726452132862050 0.00000000002033469 -0.04885201321479524
36.08408255009970134 0.00000000001722360 -0.01434377027887403
36.33260045721140585 0.00000000001457251 0.02228873597023479
36.58282995001901128 0.00000000001231588 0.05490660820006110
36.83478281650860708 0.00000000001039713 0.07793256452627782
37.08847092585194360 0.00000000000876750 0.08733442058014407
37.34390622896582812 0.00000000000738497 0.08138406872430361
37.60110075907528682 0.00000000000621339 0.06104230075015357
37.86006663228003788 0.00000000000522171 0.02987651602201396
38.12081604812546942 0.00000000000438326 -0.00650254173524315
38.38336129017754672 0.00000000000367518 -0.04140998091839934
38.64771472660106610 0.00000000000307789 -0.06830418522699727
38.91388881074252026 0.00000000000257465 -0.08203504036159900
39.18189608171694260 0.00000000000215115 -0.07988295729723691
39.45174916499820483 0.00000000000179517 -0.06217165423982714
39.72346077301400413 0.00000000000149630 -0.03230620906193938
39.99704370574492174 0.00000000000124568 0.00380625587576452
40.27251085132701292 0.00000000000103579 0.03887395989944902
40.54987518665913626 0.00000000000086020 0.06567687375827948
40.82914977801451073 0.00000000000071350 0.07857730564200248
41.11034778165581827 0.00000000000059109 0.07476655589049198
41.39348244445520209 0.00000000000048907 0.05496231869792742
41.67856710451849267 0.00000000000040414 0.02337047384612590
41.96561519181314992 0.00000000000033354 -0.01312560896244884
42.25464022880114356 0.00000000000027493 -0.04641377055063189
42.54565583107618920 0.00000000000022632 -0.06894929337621628
42.83867570800463653 0.00000000000018607 -0.07550567048237819
43.13371366337192114 0.00000000000015277 -0.06446777545295028
43.43078359603229188 0.00000000000012527 -0.03833287256976587
43.72989950056381758 0.00000000000010259 -0.00325047209723542
44.03107546792784888 0.00000000000008390 0.03234600391176908
44.33432568613240932 0.00000000000006852 0.05973396673748239
44.63966444090076635 0.00000000000005589 0.07206257806115621
44.94710611634466346 0.00000000000004552 0.06614254567369759
45.25666519564148160 0.00000000000003703 0.04338249961054423
45.56835626171672260 0.00000000000003008 0.00957602819784220
45.88219399793127451 0.00000000000002440 -0.02647478709698318
46.19819318877259207 0.00000000000001976 -0.05520258552424703
46.51636872055146199 0.00000000000001599 -0.06883002542352890
46.83673558210352894 0.00000000000001291 -0.06355474792792502
47.15930886549484313 0.00000000000001042 -0.04073352596952973
47.48410376673314204 0.00000000000000839 -0.00667069629063528
47.81113558648395667 0.00000000000000675 0.02901371706561871
48.14041973079085324 0.00000000000000542 0.05605009835639464
48.47197171180150121 0.00000000000000435 0.06650003514403446
48.80580714849863710 0.00000000000000348 0.05718438660629066
49.14194176743541220 0.00000000000000278 0.03079318111558363
49.48039140347642473 0.00000000000000222 -0.00474170551920847
49.82117200054399575 0.00000000000000177 -0.03852224665255165
50.16429961236871549 0.00000000000000141 -0.05999426762710004
50.50979040324599367 0.00000000000000112 -0.06230198767337623
50.85766064879778270 0.00000000000000089 -0.04460893000964344
51.20792673673872031 0.00000000000000070 -0.01256487668406540
51.56060516764880930 0.00000000000000056 0.02334759611563196
51.91571255575011179 0.00000000000000044 0.05116041668183772
52.27326562968973178 0.00000000000000035 0.06142564371140947
52.63328123332806285 0.00000000000000027 0.05053948044015830
52.99577632653188175 0.00000000000000021 0.02218351125814100
53.36076798597342474 0.00000000000000017 -0.01373973810605678
53.72827340593521939 0.00000000000000013 -0.04444577074756895
54.09830989911951349 0.00000000000000010 -0.05880512581864432
54.47089489746409896 0.00000000000000008 -0.05148004808448441
54.84604595296382712 0.00000000000000006 -0.02509371663922956
55.22378073849689883 0.00000000000000005 0.01050558759077739
55.60411704865762061 0.00000000000000004 0.04177688246140959
55.98707280059507951 0.00000000000000003 0.05661081913271161
56.37266603485656447 0.00000000000000002 0.04912473723728863
56.76091491623769514 0.00000000000000002 0.02219715808772071
57.15183773463848382 0.00000000000000001 -0.01341652812428673
57.54545290592436402 0.00000000000000001 -0.04322794208326444
57.94177897279396205 0.00000000000000001 -0.05489302526965096
58.34083460565301493 0.00000000000000001 -0.04345431882148917
58.74263860349324062 0.00000000000000000 -0.01367720744646040
59.14720989477827118 0.00000000000000000 0.02169999325385702
59.55456753833561123 0.00000000000000000 0.04727724984212076
59.96473072425391138 0.00000000000000000 0.05172010194508663
60.37771877478727589 0.00000000000000000 0.03296383166975988
60.79355114526580195 0.00000000000000000 -0.00056413132502047
61.21224742501138394 0.00000000000000000 -0.03350071879606182
61.63382733826140480 0.00000000000000000 -0.05049941766835394
62.05831074509711698 0.00000000000000000 -0.04348286931978253
62.48571764237959769 0.00000000000000000 -0.01573171932325106
62.91606816469209207 0.00000000000000000 0.01936343656993558
63.34938258528783450 0.00000000000000000 0.04458180929301824
63.78568131704546573 0.00000000000000000 0.04733881838947666
64.22498491343100113 0.00000000000000000 0.02618023747650936
64.66731406946533411 0.00000000000000000 -0.00814086533906634
65.11268962269959104 0.00000000000000000 -0.03787659933326338
65.56113255419701602 0.00000000000000000 -0.04740293001992151
66.01266398952071768 0.00000000000000000 -0.03160243295548228
66.46730519972919637 0.00000000000000000 0.00106451368890901
66.92507760237876369 0.00000000000000000 0.03278718068950859
67.38600276253178833 0.00000000000000000 0.04600003760751604
67.85010239377291441 0.00000000000000000 0.03325307891705295
68.31739835923238502 0.00000000000000000 0.00174461488521483
68.78791267261519238 0.00000000000000000 -0.03040550388092874
69.26166749923855548 0.00000000000000000 -0.04442833515416425
69.73868515707637528 0.00000000000000000 -0.03199982643527707
70.21898811780998528 0.00000000000000000 -0.00053343415819495
70.70259900788697394 0.00000000000000000 0.03087929924352624
71.18954060958763819 0.00000000000000000 0.04289984558447354
71.67983586209734881 0.00000000000000000 0.02800872698987956
72.17350786258761275 0.00000000000000000 -0.00440555014045521
72.67057986730449670 0.00000000000000000 -0.03359235949045343
73.17107529266338872 0.00000000000000000 -0.04060255343046094
73.67501771635303953 0.00000000000000000 -0.02081218369934129
74.18243087844544448 0.00000000000000000 0.01259790427663259
74.69333868251453623 0.00000000000000000 0.03706290211162410
75.20776519676272187 0.00000000000000000 0.03583397977175508
75.72573465515387170 0.00000000000000000 0.00976223422012203
76.24727145855528931 0.00000000000000000 -0.02282332457254042
76.77240017588772503 0.00000000000000000 -0.03870912249938038
77.30114554528189785 0.00000000000000000 -0.02643303428344650
77.83353247524428298 0.00000000000000000 0.00501204950870826
78.36958604583098520 0.00000000000000000 0.03230451360715526
78.90933150982831989 0.00000000000000000 0.03494411817962055
79.45279429394295789 0.00000000000000000 0.01094122065464352
80.00000000000002842 0.00000000000000000 -0.02116156729788880
