0.00000000000000000 0.00000000000000000 -0.00000000000000002
0.00000060603270582 0.00000000000020795 -0.00000000000187434
0.00000121623926342 0.00000000000083755 -0.00000000000754909
0.00000183064841884 0.00000000000189750 -0.00000000001710278
0.00000244928911611 0.00000000000339666 -0.00000000003061519
0.00000307219049857 0.00000000000534402 -0.00000000004816739
0.00000369938191031 0.00000000000774872 -0.00000000006984176
0.00000433089289749 0.00000000001062005 -0.00000000009572199
0.00000496675320978 0.00000000001396744 -0.00000000012589311
0.00000560699280172 0.00000000001780048 -0.00000000016044154
0.00000625164183417 0.00000000002212891 -0.00000000019945503
0.00000690073067572 0.00000000002696261 -0.00000000024302277
0.00000755428990408 0.00000000003231164 -0.00000000029123536
0.00000821235030760 0.00000000003818622 -0.00000000034418485
0.00000887494288662 0.00000000004459672 -0.00000000040196473
0.00000954209885504 0.00000000005155367 -0.00000000046467000
0.00001021384964169 0.00000000005906778 -0.00000000053239717
0.00001089022689190 0.00000000006714994 -0.00000000060524425
0.00001157126246890 0.00000000007581118 -0.00000000068331083
0.00001225698845539 0.00000000008506273 -0.00000000076669807
0.00001294743715505 0.00000000009491599 -0.00000000085550872
0.00001364264109400 0.00000000010538254 -0.00000000094984715
0.00001434263302241 0.00000000011647415 -0.00000000104981938
0.00001504744591597 0.00000000012820275 -0.00000000115553312
0.00001575711297752 0.00000000014058049 -0.00000000126709773
0.00001647166763854 0.00000000015361970 -0.00000000138462432
0.00001719114356077 0.00000000016733288 -0.00000000150822574
0.00001791557463778 0.00000000018173277 -0.00000000163801660
0.00001864499499659 0.00000000019683227 -0.00000000177411332
0.00001937943899923 0.00000000021264451 -0.00000000191663412
0.00002011894124442 0.00000000022918279 -0.00000000206569910
0.00002086353656913 0.00000000024646067 -0.00000000222143019
0.00002161326005029 0.00000000026449187 -0.00000000238395126
0.00002236814700639 0.00000000028329035 -0.00000000255338811
0.00002312823299918 0.00000000030287029 -0.00000000272986847
0.00002389355383531 0.00000000032324608 -0.00000000291352208
0.00002466414556806 0.00000000034443233 -0.00000000310448070
0.00002544004449901 0.00000000036644390 -0.00000000330287812
0.00002622128717973 0.00000000038929585 -0.00000000350885021
0.00002700791041356 0.00000000041300350 -0.00000000372253494
0.00002779995125730 0.00000000043758239 -0.00000000394407244
0.00002859744702296 0.00000000046304830 -0.00000000417360499
0.00002940043527952 0.00000000048941726 -0.00000000441127706
0.00003020895385472 0.00000000051670556 -0.00000000465723536
0.00003102304083682 0.00000000054492972 -0.00000000491162887
0.00003184273457640 0.00000000057410652 -0.00000000517460886
0.00003266807368816 0.00000000060425300 -0.00000000544632894
0.00003349909705276 0.00000000063538647 -0.00000000572694506
0.00003433584381862 0.00000000066752450 -0.00000000601661558
0.00003517835340380 0.00000000070068493 -0.00000000631550131
0.00003602666549782 0.00000000073488587 -0.00000000662376550
0.00003688082006357 0.00000000077014571 -0.00000000694157392
0.00003774085733916 0.00000000080648313 -0.00000000726909488
0.00003860681783982 0.00000000084391708 -0.00000000760649926
0.00003947874235983 0.00000000088246681 -0.00000000795396055
0.00004035667197442 0.00000000092215187 -0.00000000831165492
0.00004124064804171 0.00000000096299210 -0.00000000867976119
0.00004213071220466 0.00000000100500764 -0.00000000905846093
0.00004302690639304 0.00000000104821895 -0.00000000944793850
0.00004392927282539 0.00000000109264678 -0.00000000984838102
0.00004483785401101 0.00000000113831223 -0.00000001025997851
0.00004575269275200 0.00000000118523668 -0.00000001068292385
0.00004667383214520 0.00000000123344186 -0.00000001111741286
0.00004760131558430 0.00000000128294983 -0.00000001156364433
0.00004853518676184 0.00000000133378299 -0.00000001202182008
0.00004947548967128 0.00000000138596405 -0.00000001249214499
0.00005042226860905 0.00000000143951610 -0.00000001297482704
0.00005137556817669 0.00000000149446256 -0.00000001347007735
0.00005233543328290 0.00000000155082720 -0.00000001397811026
0.00005330190914567 0.00000000160863418 -0.00000001449914333
0.00005427504129443 0.00000000166790799 -0.00000001503339743
0.00005525487557217 0.00000000172867350 -0.00000001558109674
0.00005624145813759 0.00000000179095596 -0.00000001614246886
0.00005723483546734 0.00000000185478101 -0.00000001671774478
0.00005823505435811 0.00000000192017466 -0.00000001730715901
0.00005924216192892 0.00000000198716331 -0.00000001791094958
0.00006025620562330 0.00000000205577378 -0.00000001852935808
0.00006127723321152 0.00000000212603328 -0.00000001916262977
0.00006230529279288 0.00000000219796942 -0.00000001981101359
0.00006334043279791 0.00000000227161023 -0.00000002047476219
0.00006438270199072 0.00000000234698417 -0.00000002115413206
0.00006543214947126 0.00000000242412012 -0.00000002184938351
0.00006648882467762 0.00000000250304740 -0.00000002256078076
0.00006755277738841 0.00000000258379576 -0.00000002328859198
0.00006862405772505 0.00000000266639540 -0.00000002403308937
0.00006970271615417 0.00000000275087696 -0.00000002479454921
0.00007078880348996 0.00000000283727157 -0.00000002557325189
0.00007188237089658 0.00000000292561078 -0.00000002636948201
0.00007298346989057 0.00000000301592666 -0.00000002718352843
0.00007409215234328 0.00000000310825173 -0.00000002801568429
0.00007520847048328 0.00000000320261900 -0.00000002886624715
0.00007633247689889 0.00000000329906196 -0.00000002973551896
0.00007746422454057 0.00000000339761463 -0.00000003062380621
0.00007860376672349 0.00000000349831150 -0.00000003153141994
0.00007975115712999 0.00000000360118762 -0.00000003245867582
0.00008090644981215 0.00000000370627851 -0.00000003340589422
0.00008206969919430 0.00000000381362025 -0.00000003437340028
0.00008324096007561 0.00000000392324945 -0.00000003536152396
0.00008442028763265 0.00000000403520327 -0.00000003637060013
0.00008560773742201 0.00000000414951940 -0.00000003740096863
0.00008680336538291 0.00000000426623612 -0.00000003845297435
0.00008800722783983 0.00000000438539224 -0.00000003952696729
0.00008921938150515 0.00000000450702719 -0.00000004062330264
0.00009043988348186 0.00000000463118095 -0.00000004174234084
0.00009166879126623 0.00000000475789410 -0.00000004288444770
0.00009290616275050 0.00000000488720783 -0.00000004404999440
0.00009415205622562 0.00000000501916392 -0.00000004523935765
0.00009540653038403 0.00000000515380480 -0.00000004645291971
0.00009666964432236 0.00000000529117350 -0.00000004769106848
0.00009794145754428 0.00000000543131369 -0.00000004895419762
0.00009922202996325 0.00000000557426970 -0.00000005024270658
0.00010051142190536 0.00000000572008648 -0.00000005155700071
0.00010180969411221 0.00000000586880969 -0.00000005289749133
0.00010311690774369 0.00000000602048561 -0.00000005426459583
0.00010443312438095 0.00000000617516126 -0.00000005565873775
0.00010575840602925 0.00000000633288431 -0.00000005708034688
0.00010709281512086 0.00000000649370314 -0.00000005852985931
0.00010843641451808 0.00000000665766685 -0.00000006000771757
0.00010978926751612 0.00000000682482525 -0.00000006151437068
0.00011115143784613 0.00000000699522891 -0.00000006305027428
0.00011252298967817 0.00000000716892911 -0.00000006461589069
0.00011390398762428 0.00000000734597790 -0.00000006621168902
0.00011529449674147 0.00000000752642809 -0.00000006783814528
0.00011669458253481 0.00000000771033326 -0.00000006949574244
0.00011810431096053 0.00000000789774779 -0.00000007118497058
0.00011952374842909 0.00000000808872685 -0.00000007290632694
0.00012095296180836 0.00000000828332641 -0.00000007466031608
0.00012239201842671 0.00000000848160327 -0.00000007644744991
0.00012384098607623 0.00000000868361505 -0.00000007826824786
0.00012529993301590 0.00000000888942024 -0.00000008012323697
0.00012676892797482 0.00000000909907816 -0.00000008201295195
0.00012824804015542 0.00000000931264899 -0.00000008393793537
0.00012973733923676 0.00000000953019382 -0.00000008589873772
0.00013123689537777 0.00000000975177462 -0.00000008789591752
0.00013274677922061 0.00000000997745425 -0.00000008993004145
0.00013426706189393 0.00000001020729651 -0.00000009200168447
0.00013579781501627 0.00000001044136611 -0.00000009411142992
0.00013733911069942 0.00000001067972872 -0.00000009625986968
0.00013889102155182 0.00000001092245096 -0.00000009844760421
0.00014045362068197 0.00000001116960043 -0.00000010067524275
0.00014202698170187 0.00000001142124570 -0.00000010294340343
0.00014361117873053 0.00000001167745635 -0.00000010525271335
0.00014520628639740 0.00000001193830297 -0.00000010760380875
0.00014681237984592 0.00000001220385717 -0.00000010999733515
0.00014842953473709 0.00000001247419161 -0.00000011243394744
0.00015005782725295 0.00000001274938002 -0.00000011491431003
0.00015169733410024 0.00000001302949717 -0.00000011743909699
0.00015334813251402 0.00000001331461893 -0.00000012000899220
0.00015501030026123 0.00000001360482229 -0.00000012262468946
0.00015668391564445 0.00000001390018533 -0.00000012528689264
0.00015836905750551 0.00000001420078729 -0.00000012799631584
0.00016006580522926 0.00000001450670853 -0.00000013075368351
0.00016177423874727 0.00000001481803061 -0.00000013355973062
0.00016349443854163 0.00000001513483623 -0.00000013641520277
0.00016522648564871 0.00000001545720934 -0.00000013932085640
0.00016697046166299 0.00000001578523506 -0.00000014227745889
0.00016872644874093 0.00000001611899976 -0.00000014528578874
0.00017049452960478 0.00000001645859108 -0.00000014834663572
0.00017227478754653 0.00000001680409790 -0.00000015146080104
0.00017406730643183 0.00000001715561040 -0.00000015462909748
0.00017587217070391 0.00000001751322005 -0.00000015785234961
0.00017768946538756 0.00000001787701967 -0.00000016113139389
0.00017951927609319 0.00000001824710340 -0.00000016446707889
0.00018136168902080 0.00000001862356675 -0.00000016786026545
0.00018321679096405 0.00000001900650659 -0.00000017131182682
0.00018508466931440 0.00000001939602123 -0.00000017482264887
0.00018696541206516 0.00000001979221035 -0.00000017839363027
0.00018885910781567 0.00000002019517511 -0.00000018202568266
0.00019076584577548 0.00000002060501810 -0.00000018571973080
0.00019268571576853 0.00000002102184341 -0.00000018947671283
0.00019461880823741 0.00000002144575661 -0.00000019329758040
0.00019656521424759 0.00000002187686482 -0.00000019718329886
0.00019852502549171 0.00000002231527668 -0.00000020113484748
0.00020049833429394 0.00000002276110240 -0.00000020515321966
0.00020248523361429 0.00000002321445378 -0.00000020923942308
0.00020448581705300 0.00000002367544424 -0.00000021339447992
0.00020650017885496 0.00000002414418880 -0.00000021761942710
0.00020852841391413 0.00000002462080418 -0.00000022191531643
0.00021057061777803 0.00000002510540874 -0.00000022628321487
0.00021262688665221 0.00000002559812256 -0.00000023072420471
0.00021469731740485 0.00000002609906744 -0.00000023523938381
0.00021678200757123 0.00000002660836695 -0.00000023982986579
0.00021888105535840 0.00000002712614639 -0.00000024449678029
0.00022099455964977 0.00000002765253292 -0.00000024924127317
0.00022312262000977 0.00000002818765548 -0.00000025406450672
0.00022526533668857 0.00000002873164487 -0.00000025896765995
0.00022742281062675 0.00000002928463378 -0.00000026395192876
0.00022959514346012 0.00000002984675680 -0.00000026901852624
0.00023178243752444 0.00000003041815044 -0.00000027416868285
0.00023398479586029 0.00000003099895318 -0.00000027940364672
0.00023620232221791 0.00000003158930547 -0.00000028472468384
0.00023843512106208 0.00000003218934980 -0.00000029013307839
0.00024068329757706 0.00000003279923067 -0.00000029563013290
0.00024294695767150 0.00000003341909467 -0.00000030121716860
0.00024522620798350 0.00000003404909049 -0.00000030689552562
0.00024752115588558 0.00000003468936893 -0.00000031266656328
0.00024983190948974 0.00000003534008296 -0.00000031853166036
0.00025215857765257 0.00000003600138776 -0.00000032449221538
0.00025450126998040 0.00000003667344069 -0.00000033054964683
0.00025686009683441 0.00000003735640139 -0.00000033670539355
0.00025923516933586 0.00000003805043177 -0.00000034296091489
0.00026162659937133 0.00000003875569606 -0.00000034931769112
0.00026403449959799 0.00000003947236084 -0.00000035577722362
0.00026645898344887 0.00000004020059506 -0.00000036234103525
0.00026890016513825 0.00000004094057009 -0.00000036901067063
0.00027135815966704 0.00000004169245975 -0.00000037578769641
0.00027383308282816 0.00000004245644033 -0.00000038267370164
0.00027632505121202 0.00000004323269066 -0.00000038967029805
0.00027883418221200 0.00000004402139210 -0.00000039677912036
0.00028136059403001 0.00000004482272861 -0.00000040400182663
0.00028390440568202 0.00000004563688676 -0.00000041134009855
0.00028646573700369 0.00000004646405581 -0.00000041879564183
0.00028904470865600 0.00000004730442768 -0.00000042637018648
0.00029164144213096 0.00000004815819705 -0.00000043406548718
0.00029425605975730 0.00000004902556138 -0.00000044188332361
0.00029688868470626 0.00000004990672093 -0.00000044982550081
0.00029953944099738 0.00000005080187881 -0.00000045789384957
0.00030220845350433 0.00000005171124105 -0.00000046609022670
0.00030489584796083 0.00000005263501657 -0.00000047441651550
0.00030760175096652 0.00000005357341730 -0.00000048287462607
0.00031032628999299 0.00000005452665819 -0.00000049146649568
0.00031306959338972 0.00000005549495721 -0.00000050019408920
0.00031583179039017 0.00000005647853547 -0.00000050905939944
0.00031861301111784 0.00000005747761721 -0.00000051806444756
0.00032141338659243 0.00000005849242986 -0.00000052721128346
0.00032423304873599 0.00000005952320408 -0.00000053650198622
0.00032707213037912 0.00000006057017382 -0.00000054593866443
0.00032993076526727 0.00000006163357636 -0.00000055552345670
0.00033280908806701 0.00000006271365232 -0.00000056525853201
0.00033570723437240 0.00000006381064578 -0.00000057514609014
0.00033862534071132 0.00000006492480425 -0.00000058518836215
0.00034156354455197 0.00000006605637879 -0.00000059538761077
0.00034452198430932 0.00000006720562400 -0.00000060574613088
0.00034750079935162 0.00000006837279811 -0.00000061626624991
0.00035050013000696 0.00000006955816300 -0.00000062695032835
0.00035352011756991 0.00000007076198427 -0.00000063780076019
0.00035656090430816 0.00000007198453131 -0.00000064881997339
0.00035962263346922 0.00000007322607731 -0.00000066001043033
0.00036270544928716 0.00000007448689933 -0.00000067137462834
0.00036580949698943 0.00000007576727838 -0.00000068291510018
0.00036893492280368 0.00000007706749944 -0.00000069463441448
0.00037208187396465 0.00000007838785154 -0.00000070653517632
0.00037525049872113 0.00000007972862780 -0.00000071862002769
0.00037844094634289 0.00000008109012548 -0.00000073089164801
0.00038165336712778 0.00000008247264609 -0.00000074335275469
0.00038488791240876 0.00000008387649536 -0.00000075600610361
0.00038814473456106 0.00000008530198341 -0.00000076885448969
0.00039142398700932 0.00000008674942469 -0.00000078190074745
0.00039472582423487 0.00000008821913815 -0.00000079514775151
0.00039805040178297 0.00000008971144723 -0.00000080859841722
0.00040139787627014 0.00000009122667996 -0.00000082225570115
0.00040476840539154 0.00000009276516900 -0.00000083612260176
0.00040816214792842 0.00000009432725173 -0.00000085020215991
0.00041157926375558 0.00000009591327030 -0.00000086449745946
0.00041501991384890 0.00000009752357169 -0.00000087901162794
0.00041848426029293 0.00000009915850779 -0.00000089374783706
0.00042197246628852 0.00000010081843548 -0.00000090870930341
0.00042548469616053 0.00000010250371667 -0.00000092389928904
0.00042902111536552 0.00000010421471840 -0.00000093932110212
0.00043258189049963 0.00000010595181287 -0.00000095497809757
0.00043616718930631 0.00000010771537757 -0.00000097087367772
0.00043977718068435 0.00000010950579530 -0.00000098701129298
0.00044341203469574 0.00000011132345430 -0.00000100339444248
0.00044707192257372 0.00000011316874826 -0.00000102002667478
0.00045075701673086 0.00000011504207644 -0.00000103691158858
0.00045446749076714 0.00000011694384374 -0.00000105405283337
0.00045820351947816 0.00000011887446078 -0.00000107145411016
0.00046196527886340 0.00000012083434398 -0.00000108911917221
0.00046575294613442 0.00000012282391561 -0.00000110705182577
0.00046956669972332 0.00000012484360394 -0.00000112525593077
0.00047340671929107 0.00000012689384326 -0.00000114373540163
0.00047727318573598 0.00000012897507397 -0.00000116249420797
0.00048116628120228 0.00000013108774272 -0.00000118153637543
0.00048508618908861 0.00000013323230243 -0.00000120086598640
0.00048903309405675 0.00000013540921242 -0.00000122048718086
0.00049300718204025 0.00000013761893848 -0.00000124040415714
0.00049700864025323 0.00000013986195298 -0.00000126062117278
0.00050103765719918 0.00000014213873492 -0.00000128114254532
0.00050509442267985 0.00000014444977009 -0.00000130197265314
0.00050917912780418 0.00000014679555109 -0.00000132311593634
0.00051329196499732 0.00000014917657748 -0.00000134457689756
0.00051743312800967 0.00000015159335585 -0.00000136636010289
0.00052160281192606 0.00000015404639993 -0.00000138847018273
0.00052580121317485 0.00000015653623069 -0.00000141091183269
0.00053002852953727 0.00000015906337642 -0.00000143368981452
0.00053428496015669 0.00000016162837286 -0.00000145680895701
0.00053857070554804 0.00000016423176331 -0.00000148027415691
0.00054288596760719 0.00000016687409868 -0.00000150409037995
0.00054723094962053 0.00000016955593766 -0.00000152826266171
0.00055160585627451 0.00000017227784680 -0.00000155279610864
0.00055601089366530 0.00000017504040061 -0.00000157769589907
0.00056044626930847 0.00000017784418170 -0.00000160296728417
0.00056491219214880 0.00000018068978086 -0.00000162861558899
0.00056940887257012 0.00000018357779720 -0.00000165464621347
0.00057393652240518 0.00000018650883826 -0.00000168106463350
0.00057849535494568 0.00000018948352011 -0.00000170787640199
0.00058308558495229 0.00000019250246750 -0.00000173508714992
0.00058770742866478 0.00000019556631394 -0.00000176270258744
0.00059236110381219 0.00000019867570187 -0.00000179072850496
0.00059704682962311 0.00000020183128275 -0.00000181917077429
0.00060176482683598 0.00000020503371719 -0.00000184803534977
0.00060651531770952 0.00000020828367508 -0.00000187732826939
0.00061129852603317 0.00000021158183575 -0.00000190705565601
0.00061611467713765 0.00000021492888804 -0.00000193722371849
0.00062096399790559 0.00000021832553049 -0.00000196783875293
0.00062584671678217 0.00000022177247144 -0.00000199890714385
0.00063076306378593 0.00000022527042919 -0.00000203043536543
0.00063571327051958 0.00000022882013211 -0.00000206242998280
0.00064069757018092 0.00000023242231881 -0.00000209489765324
0.00064571619757383 0.00000023607773826 -0.00000212784512752
0.00065076938911931 0.00000023978714997 -0.00000216127925116
0.00065585738286665 0.00000024355132407 -0.00000219520696580
0.00066098041850462 0.00000024737104153 -0.00000222963531046
0.00066613873737275 0.00000025124709428 -0.00000226457142300
0.00067133258247275 0.00000025518028535 -0.00000230002254140
0.00067656219847990 0.00000025917142903 -0.00000233599600521
0.00068182783175460 0.00000026322135105 -0.00000237249925695
0.00068712973035400 0.00000026733088872 -0.00000240953984353
0.00069246814404364 0.00000027150089110 -0.00000244712541774
0.00069784332430924 0.00000027573221914 -0.00000248526373969
0.00070325552436855 0.00000028002574588 -0.00000252396267829
0.00070870499918329 0.00000028438235659 -0.00000256323021283
0.00071419200547112 0.00000028880294897 -0.00000260307443445
0.00071971680171777 0.00000029328843328 -0.00000264350354773
0.00072527964818920 0.00000029783973256 -0.00000268452587225
0.00073088080694388 0.00000030245778279 -0.00000272614984422
0.00073652054184512 0.00000030714353305 -0.00000276838401808
0.00074219911857348 0.00000031189794573 -0.00000281123706813
0.00074791680463933 0.00000031672199671 -0.00000285471779026
0.00075367386939543 0.00000032161667553 -0.00000289883510355
0.00075947058404960 0.00000032658298561 -0.00000294359805208
0.00076530722167754 0.00000033162194441 -0.00000298901580659
0.00077118405723566 0.00000033673458366 -0.00000303509766630
0.00077710136757402 0.00000034192194953 -0.00000308185306065
0.00078305943144943 0.00000034718510283 -0.00000312929155117
0.00078905852953852 0.00000035252511925 -0.00000317742283325
0.00079509894445100 0.00000035794308952 -0.00000322625673804
0.00080118096074297 0.00000036344011965 -0.00000327580323435
0.00080730486493030 0.00000036901733113 -0.00000332607243054
0.00081347094550215 0.00000037467586115 -0.00000337707457646
0.00081967949293455 0.00000038041686284 -0.00000342882006544
0.00082593079970410 0.00000038624150542 -0.00000348131943626
0.00083222516030174 0.00000039215097452 -0.00000353458337520
0.00083856287124660 0.00000039814647233 -0.00000358862271807
0.00084494423109999 0.00000040422921788 -0.00000364344845230
0.00085136954047950 0.00000041040044725 -0.00000369907171903
0.00085783910207307 0.00000041666141380 -0.00000375550381527
0.00086435322065335 0.00000042301338845 -0.00000381275619607
0.00087091220309199 0.00000042945765987 -0.00000387084047670
0.00087751635837411 0.00000043599553476 -0.00000392976843487
0.00088416599761289 0.00000044262833811 -0.00000398955201302
0.00089086143406418 0.00000044935741341 -0.00000405020332059
0.00089760298314128 0.00000045618412298 -0.00000411173463633
0.00090439096242980 0.00000046310984814 -0.00000417415841069
0.00091122569170262 0.00000047013598955 -0.00000423748726816
0.00091810749293494 0.00000047726396743 -0.00000430173400973
0.00092503669031947 0.00000048449522189 -0.00000436691161533
0.00093201361028169 0.00000049183121312 -0.00000443303324629
0.00093903858149521 0.00000049927342176 -0.00000450011224791
0.00094611193489729 0.00000050682334911 -0.00000456816215197
0.00095323400370442 0.00000051448251747 -0.00000463719667937
0.00096040512342800 0.00000052225247040 -0.00000470722974271
0.00096762563189013 0.00000053013477304 -0.00000477827544898
0.00097489586923960 0.00000053813101238 -0.00000485034810226
0.00098221617796781 0.00000054624279759 -0.00000492346220644
0.00098958690292501 0.00000055447176032 -0.00000499763246804
0.00099700839133644 0.00000056281955499 -0.00000507287379897
0.00100448099281878 0.00000057128785916 -0.00000514920131943
0.00101200505939656 0.00000057987837379 -0.00000522663036076
0.00101958094551878 0.00000058859282361 -0.00000530517646841
0.00102720900807557 0.00000059743295743 -0.00000538485540492
0.00103488960641504 0.00000060640054846 -0.00000546568315288
0.00104262310236019 0.00000061549739471 -0.00000554767591805
0.00105040986022595 0.00000062472531925 -0.00000563085013244
0.00105825024683636 0.00000063408617061 -0.00000571522245742
0.00106614463154184 0.00000064358182313 -0.00000580080978694
0.00107409338623658 0.00000065321417732 -0.00000588762925078
0.00108209688537607 0.00000066298516020 -0.00000597569821777
0.00109015550599474 0.00000067289672569 -0.00000606503429914
0.00109826962772375 0.00000068295085497 -0.00000615565535189
0.00110643963280880 0.00000069314955687 -0.00000624757948221
0.00111466590612820 0.00000070349486826 -0.00000634082504890
0.00112294883521100 0.00000071398885441 -0.00000643541066693
0.00113128881025522 0.00000072463360942 -0.00000653135521096
0.00113968622414621 0.00000073543125659 -0.00000662867781897
0.00114814147247525 0.00000074638394886 -0.00000672739789589
0.00115665495355806 0.00000075749386917 -0.00000682753511734
0.00116522706845369 0.00000076876323094 -0.00000692910943336
0.00117385822098330 0.00000078019427842 -0.00000703214107222
0.00118254881774927 0.00000079178928721 -0.00000713665054432
0.00119129926815430 0.00000080355056460 -0.00000724265864604
0.00120010998442074 0.00000081548045007 -0.00000735018646379
0.00120898138160997 0.00000082758131572 -0.00000745925537798
0.00121791387764197 0.00000083985556673 -0.00000756988706710
0.00122690789331501 0.00000085230564180 -0.00000768210351191
0.00123596385232548 0.00000086493401364 -0.00000779592699956
0.00124508218128781 0.00000087774318941 -0.00000791138012791
0.00125426330975463 0.00000089073571124 -0.00000802848580982
0.00126350767023696 0.00000090391415669 -0.00000814726727750
0.00127281569822460 0.00000091728113923 -0.00000826774808696
0.00128218783220664 0.00000093083930876 -0.00000838995212252
0.00129162451369212 0.00000094459135212 -0.00000851390360134
0.00130112618723083 0.00000095853999359 -0.00000863962707806
0.00131069330043425 0.00000097268799539 -0.00000876714744946
0.00132032630399665 0.00000098703815826 -0.00000889648995922
0.00133002565171628 0.00000100159332193 -0.00000902768020275
0.00133979180051682 0.00000101635636571 -0.00000916074413204
0.00134962521046882 0.00000103133020903 -0.00000929570806063
0.00135952634481143 0.00000104651781198 -0.00000943259866863
0.00136949566997423 0.00000106192217587 -0.00000957144300778
0.00137953365559914 0.00000107754634385 -0.00000971226850663
0.00138964077456262 0.00000109339340142 -0.00000985510297576
0.00139981750299789 0.00000110946647707 -0.00000999997461308
0.00141006432031739 0.00000112576874287 -0.00001014691200921
0.00142038170923537 0.00000114230341505 -0.00001029594415292
0.00143077015579059 0.00000115907375462 -0.00001044710043666
0.00144123014936926 0.00000117608306802 -0.00001060041066214
0.00145176218272806 0.00000119333470772 -0.00001075590504604
0.00146236675201740 0.00000121083207285 -0.00001091361422576
0.00147304435680474 0.00000122857860989 -0.00001107356926522
0.00148379550009815 0.00000124657781329 -0.00001123580166082
0.00149462068837002 0.00000126483322614 -0.00001140034334743
0.00150552043158087 0.00000128334844087 -0.00001156722670443
0.00151649524320343 0.00000130212709990 -0.00001173648456195
0.00152754564024681 0.00000132117289635 -0.00001190815020706
0.00153867214328084 0.00000134048957475 -0.00001208225739012
0.00154987527646060 0.00000136008093174 -0.00001225884033123
0.00156115556755113 0.00000137995081679 -0.00001243793372672
0.00157251354795226 0.00000140010313296 -0.00001261957275577
0.00158394975272368 0.00000142054183761 -0.00001280379308709
0.00159546472061013 0.00000144127094317 -0.00001299063088573
0.00160705899406676 0.00000146229451790 -0.00001318012281993
0.00161873311928472 0.00000148361668667 -0.00001337230606815
0.00163048764621685 0.00000150524163172 -0.00001356721832609
0.00164232312860364 0.00000152717359351 -0.00001376489781389
0.00165424012399926 0.00000154941687147 -0.00001396538328341
0.00166623919379787 0.00000157197582483 -0.00001416871402557
0.00167832090326005 0.00000159485487349 -0.00001437492987786
0.00169048582153940 0.00000161805849880 -0.00001458407123191
0.00170273452170940 0.00000164159124447 -0.00001479617904116
0.00171506758079040 0.00000166545771738 -0.00001501129482864
0.00172748557977676 0.00000168966258851 -0.00001522946069491
0.00173998910366426 0.00000171421059379 -0.00001545071932602
0.00175257874147765 0.00000173910653500 -0.00001567511400167
0.00176525508629839 0.00000176435528071 -0.00001590268860338
0.00177801873529259 0.00000178996176719 -0.00001613348762291
0.00179087028973917 0.00000181593099936 -0.00001636755617065
0.00180381035505814 0.00000184226805170 -0.00001660493998424
0.00181683954083913 0.00000186897806928 -0.00001684568543726
0.00182995846087016 0.00000189606626868 -0.00001708983954801
0.00184316773316647 0.00000192353793901 -0.00001733744998849
0.00185646797999970 0.00000195139844294 -0.00001758856509344
0.00186985982792719 0.00000197965321764 -0.00001784323386954
0.00188334390782146 0.00000200830777591 -0.00001810150600470
0.00189692085489999 0.00000203736770714 -0.00001836343187752
0.00191059130875509 0.00000206683867845 -0.00001862906256687
0.00192435591338407 0.00000209672643572 -0.00001889844986156
0.00193821531721954 0.00000212703680467 -0.00001917164627023
0.00195217017315999 0.00000215777569201 -0.00001944870503129
0.00196622113860054 0.00000218894908654 -0.00001972968012305
0.00198036887546389 0.00000222056306029 -0.00002001462627396
0.00199461405023152 0.00000225262376966 -0.00002030359897301
0.00200895733397509 0.00000228513745661 -0.00002059665448031
0.00202339940238804 0.00000231811044984 -0.00002089384983769
0.00203794093581742 0.00000235154916598 -0.00002119524287962
0.00205258261929597 0.00000238546011083 -0.00002150089224414
0.00206732514257435 0.00000241984988058 -0.00002181085738403
0.00208216920015365 0.00000245472516305 -0.00002212519857807
0.00209711549131812 0.00000249009273899 -0.00002244397694249
0.00211216472016810 0.00000252595948337 -0.00002276725444260
0.00212731759565318 0.00000256233236663 -0.00002309509390454
0.00214257483160563 0.00000259921845608 -0.00002342755902717
0.00215793714677397 0.00000263662491718 -0.00002376471439425
0.00217340526485689 0.00000267455901493 -0.00002410662548661
0.00218897991453733 0.00000271302811525 -0.00002445335869463
0.00220466182951677 0.00000275203968637 -0.00002480498133082
0.00222045174854982 0.00000279160130023 -0.00002516156164261
0.00223635041547903 0.00000283172063397 -0.00002552316882531
0.00225235857926994 0.00000287240547133 -0.00002588987303520
0.00226847699404630 0.00000291366370415 -0.00002626174540291
0.00228470641912567 0.00000295550333388 -0.00002663885804685
0.00230104761905517 0.00000299793247308 -0.00002702128408693
0.00231750136364746 0.00000304095934696 -0.00002740909765845
0.00233406842801705 0.00000308459229496 -0.00002780237392611
0.00235074959261680 0.00000312883977231 -0.00002820118909835
0.00236754564327467 0.00000317371035165 -0.00002860562044172
0.00238445737123077 0.00000321921272463 -0.00002901574629562
0.00240148557317460 0.00000326535570361 -0.00002943164608708
0.00241863105128260 0.00000331214822326 -0.00002985340034590
0.00243589461325595 0.00000335959934234 -0.00003028109071989
0.00245327707235861 0.00000340771824534 -0.00003071479999034
0.00247077924745560 0.00000345651424426 -0.00003115461208776
0.00248840196305164 0.00000350599678038 -0.00003160061210776
0.00250614604932993 0.00000355617542603 -0.00003205288632721
0.00252401234219130 0.00000360705988644 -0.00003251152222060
0.00254200168329356 0.00000365866000153 -0.00003297660847662
0.00256011492009119 0.00000371098574782 -0.00003344823501497
0.00257835290587520 0.00000376404724030 -0.00003392649300343
0.00259671649981338 0.00000381785473435 -0.00003441147487512
0.00261520656699076 0.00000387241862769 -0.00003490327434605
0.00263382397845036 0.00000392774946236 -0.00003540198643286
0.00265256961123421 0.00000398385792668 -0.00003590770747087
0.00267144434842469 0.00000404075485733 -0.00003642053513230
0.00269044907918612 0.00000409845124137 -0.00003694056844481
0.00270958469880665 0.00000415695821832 -0.00003746790781025
0.00272885210874043 0.00000421628708230 -0.00003800265502372
0.00274825221665007 0.00000427644928414 -0.00003854491329283
0.00276778593644944 0.00000433745643357 -0.00003909478725730
0.00278745418834666 0.00000439932030141 -0.00003965238300874
0.00280725789888750 0.00000446205282179 -0.00004021780811081
0.00282719800099900 0.00000452566609447 -0.00004079117161954
0.00284727543403344 0.00000459017238703 -0.00004137258410406
0.00286749114381257 0.00000465558413730 -0.00004196215766752
0.00288784608267220 0.00000472191395566 -0.00004256000596831
0.00290834120950700 0.00000478917462742 -0.00004316624424163
0.00292897748981576 0.00000485737911528 -0.00004378098932131
0.00294975589574679 0.00000492654056177 -0.00004440435966195
0.00297067740614377 0.00000499667229173 -0.00004503647536132
0.00299174300659185 0.00000506778781485 -0.00004567745818318
0.00301295368946406 0.00000513990082821 -0.00004632743158030
0.00303431045396808 0.00000521302521890 -0.00004698652071784
0.00305581430619332 0.00000528717506663 -0.00004765485249708
0.00307746625915828 0.00000536236464642 -0.00004833255557946
0.00309926733285830 0.00000543860843125 -0.00004901976041091
0.00312121855431360 0.00000551592109489 -0.00004971659924659
0.00314332095761769 0.00000559431751460 -0.00005042320617595
0.00316557558398603 0.00000567381277397 -0.00005113971714806
0.00318798348180513 0.00000575442216580 -0.00005186626999743
0.00321054570668190 0.00000583616119497 -0.00005260300447005
0.00323326332149341 0.00000591904558139 -0.00005335006224989
0.00325613739643695 0.00000600309126297 -0.00005410758698572
0.00327916900908044 0.00000608831439865 -0.00005487572431829
0.00330235924441319 0.00000617473137143 -0.00005565462190792
0.00332570919489702 0.00000626235879151 -0.00005644442946246
0.00334921996051774 0.00000635121349941 -0.00005724529876561
0.00337289264883693 0.00000644131256916 -0.00005805738370567
0.00339672837504414 0.00000653267331155 -0.00005888084030470
0.00342072826200945 0.00000662531327739 -0.00005971582674800
0.00344489344033629 0.00000671925026084 -0.00006056250341407
0.00346922504841481 0.00000681450230276 -0.00006142103290499
0.00349372423247539 0.00000691108769417 -0.00006229158007720
0.00351839214664275 0.00000700902497965 -0.00006317431207264
0.00354322995299023 0.00000710833296092 -0.00006406939835047
0.00356823882159458 0.00000720903070034 -0.00006497701071908
0.00359341993059108 0.00000731113752455 -0.00006589732336862
0.00361877446622901 0.00000741467302810 -0.00006683051290398
0.00364430362292757 0.00000751965707721 -0.00006777675837819
0.00367000860333214 0.00000762610981347 -0.00006873624132631
0.00369589061837089 0.00000773405165769 -0.00006970914579979
0.00372195088731191 0.00000784350331374 -0.00007069565840128
0.00374819063782055 0.00000795448577251 -0.00007169596831995
0.00377461110601734 0.00000806702031582 -0.00007271026736726
0.00380121353653618 0.00000818112852050 -0.00007373875001328
0.00382799918258295 0.00000829683226244 -0.00007478161342349
0.00385496930599461 0.00000841415372076 -0.00007583905749604
0.00388212517729859 0.00000853311538197 -0.00007691128489958
0.00390946807577267 0.00000865374004426 -0.00007799850111162
0.00393699928950523 0.00000877605082177 -0.00007910091445740
0.00396472011545594 0.00000890007114902 -0.00008021873614924
0.00399263185951686 0.00000902582478529 -0.00008135218032659
0.00402073583657394 0.00000915333581914 -0.00008250146409642
0.00404903337056898 0.00000928262867298 -0.00008366680757439
0.00407752579456202 0.00000941372810765 -0.00008484843392640
0.00410621445079408 0.00000954665922714 -0.00008604656941084
0.00413510069075045 0.00000968144748334 -0.00008726144342137
0.00416418587522431 0.00000981811868080 -0.00008849328853030
0.00419347137438088 0.00000995669898169 -0.00008974234053257
0.00422295856782194 0.00001009721491069 -0.00009100883849035
0.00425264884465081 0.00001023969336003 -0.00009229302477823
0.00428254360353781 0.00001038416159457 -0.00009359514512907
0.00431264425278616 0.00001053064725696 -0.00009491544868044
0.00434295221039828 0.00001067917837285 -0.00009625418802174
0.00437346890414265 0.00001082978335624 -0.00009761161924198
0.00440419577162101 0.00001098249101477 -0.00009898800197815
0.00443513426033611 0.00001113733055526 -0.00010038359946434
0.00446628582775994 0.00001129433158917 -0.00010179867858151
0.00449765194140230 0.00001145352413821 -0.00010323350990792
0.00452923407888002 0.00001161493864004 -0.00010468836777030
0.00456103372798652 0.00001177860595398 -0.00010616353029570
0.00459305238676189 0.00001194455736692 -0.00010765927946407
0.00462529156356352 0.00001211282459914 -0.00010917590116155
0.00465775277713708 0.00001228343981039 -0.00011071368523452
0.00469043755668813 0.00001245643560592 -0.00011227292554439
0.00472334744195411 0.00001263184504266 -0.00011385392002311
0.00475648398327694 0.00001280970163548 -0.00011545697072954
0.00478984874167595 0.00001299003936350 -0.00011708238390647
0.00482344328892152 0.00001317289267653 -0.00011873047003853
0.00485726920760908 0.00001335829650160 -0.00012040154391089
0.00489132809123367 0.00001354628624950 -0.00012209592466871
0.00492562154426498 0.00001373689782155 -0.00012381393587744
0.00496015118222299 0.00001393016761634 -0.00012555590558404
0.00499491863175403 0.00001412613253662 -0.00012732216637886
0.00502992553070742 0.00001432482999628 -0.00012911305545858
0.00506517352821265 0.00001452629792739 -0.00013092891468988
0.00510066428475703 0.00001473057478744 -0.00013277009067402
0.00513639947226393 0.00001493769956652 -0.00013463693481236
0.00517238077417156 0.00001514771179475 -0.00013652980337273
0.00520860988551227 0.00001536065154974 -0.00013844905755676
0.00524508851299234 0.00001557655946413 -0.00014039506356811
0.00528181837507249 0.00001579547673332 -0.00014236819268161
0.00531880120204874 0.00001601744512321 -0.00014436882131348
0.00535603873613397 0.00001624250697812 -0.00014639733109238
0.00539353273153997 0.00001647070522876 -0.00014845410893151
0.00543128495456009 0.00001670208340039 -0.00015053954710170
0.00546929718365248 0.00001693668562101 -0.00015265404330551
0.00550757120952378 0.00001717455662968 -0.00015479800075233
0.00554610883521359 0.00001741574178503 -0.00015697182823458
0.00558491187617932 0.00001766028707376 -0.00015917594020488
0.00562398216038176 0.00001790823911940 -0.00016141075685433
0.00566332152837118 0.00001815964519105 -0.00016367670419188
0.00570293183337404 0.00001841455321237 -0.00016597421412480
0.00574281494138029 0.00001867301177057 -0.00016830372454021
0.00578297273123128 0.00001893507012567 -0.00017066567938778
0.00582340709470825 0.00001920077821970 -0.00017306052876360
0.00586411993662146 0.00001947018668625 -0.00017548872899514
0.00590511317489996 0.00001974334685993 -0.00017795074272742
0.00594638874068188 0.00002002031078614 -0.00018044703901037
0.00598794857840543 0.00002030113123087 -0.00018297809338742
0.00602979464590051 0.00002058586169066 -0.00018554438798524
0.00607192891448094 0.00002087455640271 -0.00018814641160482
0.00611435336903731 0.00002116727035515 -0.00019078465981371
0.00615707000813049 0.00002146405929737 -0.00019345963503961
0.00620008084408578 0.00002176497975060 -0.00019617184666523
0.00624338790308773 0.00002207008901856 -0.00019892181112440
0.00628699322527555 0.00002237944519830 -0.00020171005199965
0.00633089886483926 0.00002269310719113 -0.00020453710012095
0.00637510689011644 0.00002301113471379 -0.00020740349366599
0.00641961938368965 0.00002333358830971 -0.00021030977826173
0.00646443844248456 0.00002366052936043 -0.00021325650708738
0.00650956617786875 0.00002399202009720 -0.00021624424097886
0.00655500471575113 0.00002432812361273 -0.00021927354853461
0.00660075619668212 0.00002466890387312 -0.00022234500622292
0.00664682277595447 0.00002501442572989 -0.00022545919849073
0.00669320662370483 0.00002536475493229 -0.00022861671787394
0.00673990992501593 0.00002571995813966 -0.00023181816510922
0.00678693488001954 0.00002608010293402 -0.00023506414924738
0.00683428370400013 0.00002644525783288 -0.00023835528776832
0.00688195862749922 0.00002681549230211 -0.00024169220669754
0.00692996189642044 0.00002719087676909 -0.00024507554072425
0.00697829577213536 0.00002757148263600 -0.00024850593332118
0.00702696253158998 0.00002795738229329 -0.00025198403686595
0.00707596446741206 0.00002834864913337 -0.00025551051276419
0.00712530388801904 0.00002874535756442 -0.00025908603157431
0.00717498311772688 0.00002914758302448 -0.00026271127313403
0.00722500449685944 0.00002955540199567 -0.00026638692668865
0.00727537038185885 0.00002996889201862 -0.00027011369102104
0.00732608314539645 0.00003038813170710 -0.00027389227458352
0.00737714517648455 0.00003081320076290 -0.00027772339563146
0.00742855888058902 0.00003124417999083 -0.00028160778235883
0.00748032667974261 0.00003168115131398 -0.00028554617303550
0.00753245101265898 0.00003212419778917 -0.00028953931614652
0.00758493433484768 0.00003257340362268 -0.00029358797053334
0.00763777911872974 0.00003302885418607 -0.00029769290553688
0.00769098785375419 0.00003349063603232 -0.00030185490114269
0.00774456304651533 0.00003395883691219 -0.00030607474812800
0.00779850722087083 0.00003443354579073 -0.00031035324821093
0.00785282291806056 0.00003491485286411 -0.00031469121420163
0.00790751269682637 0.00003540284957662 -0.00031908947015560
0.00796257913353260 0.00003589762863791 -0.00032354885152907
0.00801802482228748 0.00003639928404053 -0.00032807020533656
0.00807385237506527 0.00003690791107761 -0.00033265439031060
0.00813006442182937 0.00003742360636088 -0.00033730227706362
0.00818666361065620 0.00003794646783887 -0.00034201474825218
0.00824365260785992 0.00003847659481542 -0.00034679269874331
0.00830103409811806 0.00003901408796838 -0.00035163703578330
0.00835881078459801 0.00003955904936864 -0.00035654867916872
0.00841698538908430 0.00004011158249936 -0.00036152856141982
0.00847556065210689 0.00004067179227550 -0.00036657762795635
0.00853453933307024 0.00004123978506361 -0.00037169683727579
0.00859392421038329 0.00004181566870190 -0.00037688716113401
0.00865371808159037 0.00004239955252059 -0.00038214958472848
0.00871392376350298 0.00004299154736251 -0.00038748510688398
0.00877454409233250 0.00004359176560402 -0.00039289474024083
0.00883558192382376 0.00004420032117622 -0.00039837951144581
0.00889704013338961 0.00004481732958641 -0.00040394046134561
0.00895892161624638 0.00004544290793991 -0.00040957864518305
0.00902122928755021 0.00004607717496211 -0.00041529513279591
0.00908396608253449 0.00004672025102091 -0.00042109100881856
0.00914713495664801 0.00004737225814938 -0.00042696737288639
0.00921073888569427 0.00004803332006877 -0.00043292533984300
0.00927478086597164 0.00004870356221188 -0.00043896603995028
0.00933926391441452 0.00004938311174669 -0.00044509061910138
0.00940419106873544 0.00005007209760036 -0.00045130023903665
0.00946956538756820 0.00005077065048349 -0.00045759607756251
0.00953538995061192 0.00005147890291486 -0.00046397932877334
0.00960166785877617 0.00005219698924631 -0.00047045120327649
0.00966840223432696 0.00005292504568816 -0.00047701292842032
0.00973559622103396 0.00005366321033486 -0.00048366574852543
0.00980325298431847 0.00005441162319101 -0.00049041092511905
0.00987137571140260 0.00005517042619779 -0.00049724973717268
0.00993996761145943 0.00005593976325970 -0.00050418348134303
0.01000903191576417 0.00005671978027169 -0.00051121347221623
0.01007857187784633 0.00005751062514670 -0.00051834104255540
0.01014859077364310 0.00005831244784348 -0.00052556754355172
0.01021909190165358 0.00005912540039493 -0.00053289434507889
0.01029007858309422 0.00005994963693669 -0.00054032283595108
0.01036155416205525 0.00006078531373628 -0.00054785442418452
0.01043352200565821 0.00006163258922246 -0.00055549053726258
0.01050598550421464 0.00006249162401517 -0.00056323262240464
0.01057894807138568 0.00006336258095578 -0.00057108214683854
0.01065241314434297 0.00006424562513778 -0.00057904059807683
0.01072638418393055 0.00006514092393788 -0.00058710948419691
0.01080086467482788 0.00006604864704759 -0.00059529033412485
0.01087585812571401 0.00006696896650518 -0.00060358469792333
0.01095136806943289 0.00006790205672813 -0.00061199414708336
0.01102739806315972 0.00006884809454594 -0.00062052027482015
0.01110395168856863 0.00006980725923351 -0.00062916469637299
0.01118103255200134 0.00007077973254493 -0.00063792904930929
0.01125864428463708 0.00007176569874768 -0.00064681499383282
0.01133679054266361 0.00007276534465738 -0.00065582421309612
0.01141547500744952 0.00007377885967299 -0.00066495841351731
0.01149470138571760 0.00007480643581253 -0.00067421932510124
0.01157447340971946 0.00007584826774918 -0.00068360870176500
0.01165479483741141 0.00007690455284803 -0.00069312832166798
0.01173566945263146 0.00007797549120326 -0.00070277998754648
0.01181710106527750 0.00007906128567577 -0.00071256552705285
0.01189909351148690 0.00008016214193150 -0.00072248679309940
0.01198165065381718 0.00008127826848009 -0.00073254566420700
0.01206477638142790 0.00008240987671419 -0.00074274404485842
0.01214847461026398 0.00008355718094930 -0.00075308386585668
0.01223274928324013 0.00008472039846410 -0.00076356708468816
0.01231760437042657 0.00008589974954143 -0.00077419568589087
0.01240304386923608 0.00008709545750973 -0.00078497168142766
0.01248907180461233 0.00008830774878513 -0.00079589711106465
0.01257569222921947 0.00008953685291409 -0.00080697404275487
0.01266290922363301 0.00009078300261662 -0.00081820457302705
0.01275072689653214 0.00009204643383016 -0.00082959082737999
0.01283914938489322 0.00009332738575393 -0.00084113496068214
0.01292818085418463 0.00009462610089404 -0.00085283915757680
0.01301782549856311 0.00009594282510913 -0.00086470563289284
0.01310808754107126 0.00009727780765668 -0.00087673663206115
0.01319897123383649 0.00009863130123992 -0.00088893443153668
0.01329048085827137 0.00010000356205545 -0.00090130133922643
0.01338262072527526 0.00010139484984143 -0.00091383969492327
0.01347539517543749 0.00010280542792654 -0.00092655187074565
0.01356880857924170 0.00010423556327949 -0.00093944027158353
0.01366286533727186 0.00010568552655934 -0.00095250733555027
0.01375756988041951 0.00010715559216643 -0.00096575553444082
0.01385292667009247 0.00010864603829402 -0.00097918737419624
0.01394894019842510 0.00011015714698067 -0.00099280539537451
0.01404561498848984 0.00011168920416334 -0.00100661217362790
0.01414295559451028 0.00011324249973121 -0.00102061032018687
0.01424096660207578 0.00011481732758021 -0.00103480248235061
0.01433965262835744 0.00011641398566838 -0.00104919134398433
0.01443901832232557 0.00011803277607191 -0.00106377962602342
0.01453906836496878 0.00011967400504202 -0.00107857008698446
0.01463980746951446 0.00012133798306255 -0.00109356552348336
0.01474124038165079 0.00012302502490845 -0.00110876877076052
0.01484337187975032 0.00012473544970494 -0.00112418270321323
0.01494620677509509 0.00012646958098762 -0.00113981023493546
0.01504974991210328 0.00012822774676331 -0.00115565432026495
0.01515400616855738 0.00013001027957176 -0.00117171795433790
0.01525898045583403 0.00013181751654824 -0.00118800417365124
0.01536467771913538 0.00013364979948695 -0.00120451605663260
0.01547110293772201 0.00013550747490532 -0.00122125672421822
0.01557826112514755 0.00013739089410919 -0.00123822934043860
0.01568615732949484 0.00013930041325890 -0.00125543711301240
0.01579479663361371 0.00014123639343627 -0.00127288329394835
0.01590418415536049 0.00014319920071255 -0.00129057118015546
0.01601432504783903 0.00014518920621722 -0.00130850411406164
0.01612522449964356 0.00014720678620782 -0.00132668548424079
0.01623688773510297 0.00014925232214070 -0.00134511872604843
0.01634932001452705 0.00015132620074278 -0.00136380732226620
0.01646252663445428 0.00015342881408420 -0.00138275480375503
0.01657651292790123 0.00015556055965212 -0.00140196475011740
0.01669128426461396 0.00015772184042542 -0.00142144079036864
0.01680684605132086 0.00015991306495047 -0.00144118660361739
0.01692320373198737 0.00016213464741792 -0.00146120591975549
0.01704036278807250 0.00016438700774061 -0.00148150252015724
0.01715832873878701 0.00016667057163246 -0.00150208023838831
0.01727710714135337 0.00016898577068851 -0.00152294296092431
0.01739670359126766 0.00017133304246607 -0.00154409462787927
0.01751712372256306 0.00017371283056692 -0.00156553923374405
0.01763837320807536 0.00017612558472068 -0.00158728082813492
0.01776045775971008 0.00017857176086939 -0.00160932351655236
0.01788338312871166 0.00018105182125311 -0.00163167146115027
0.01800715510593438 0.00018356623449683 -0.00165432888151569
0.01813177952211507 0.00018611547569852 -0.00167730005545930
0.01825726224814788 0.00018870002651838 -0.00170058931981656
0.01838360919536085 0.00019132037526933 -0.00172420107126005
0.01851082631579428 0.00019397701700878 -0.00174813976712272
0.01863891960248128 0.00019667045363160 -0.00177240992623256
0.01876789508972999 0.00019940119396438 -0.00179701612975863
0.01889775885340782 0.00020216975386107 -0.00182196302206865
0.01902851701122779 0.00020497665629978 -0.00184725531159839
0.01916017572303663 0.00020782243148108 -0.00187289777173292
0.01929274119110504 0.00021070761692752 -0.00189889524169987
0.01942621966041975 0.00021363275758458 -0.00192525262747500
0.01956061741897786 0.00021659840592299 -0.00195197490270009
0.01969594079808299 0.00021960512204249 -0.00197906710961341
0.01983219617264347 0.00022265347377692 -0.00200653435999286
0.01996938996147281 0.00022574403680092 -0.00203438183611213
0.02010752862759195 0.00022887739473790 -0.00206261479170973
0.02024661867853376 0.00023205413926963 -0.00209123855297146
0.02038666666664964 0.00023527487024731 -0.00212025851952619
0.02052767918941817 0.00023854019580413 -0.00214968016545526
0.02066966288975585 0.00024185073246940 -0.00217950904031568
0.02081262445633016 0.00024520710528422 -0.00220975077017734
0.02095657062387454 0.00024860994791882 -0.00224041105867428
0.02110150817350574 0.00025205990279139 -0.00227149568807044
0.02124744393304316 0.00025555762118864 -0.00230301052033984
0.02139438477733065 0.00025910376338796 -0.00233496149826158
0.02154233762856028 0.00026269899878128 -0.00236735464652975
0.02169130945659838 0.00026634400600065 -0.00240019607287848
0.02184130727931404 0.00027003947304546 -0.00243349196922235
0.02199233816290960 0.00027378609741153 -0.00246724861281234
0.02214440922225352 0.00027758458622184 -0.00250147236740752
0.02229752762121561 0.00028143565635919 -0.00253616968446277
0.02245170057300452 0.00028534003460053 -0.00257134710433261
0.02260693534050743 0.00028929845775328 -0.00260701125749152
0.02276323923663236 0.00029331167279339 -0.00264316886577079
0.02292061962465255 0.00029738043700540 -0.00267982674361230
0.02307908391855340 0.00030150551812434 -0.00271699179933934
0.02323863958338165 0.00030568769447962 -0.00275467103644470
0.02339929413559715 0.00030992775514090 -0.00279287155489635
0.02356105514342692 0.00031422650006588 -0.00283160055246085
0.02372393022722160 0.00031858474025024 -0.00287086532604478
0.02388792705981457 0.00032300329787955 -0.00291067327305443
0.02405305336688331 0.00032748300648325 -0.00295103189277394
0.02421931692731334 0.00033202471109082 -0.00299194878776222
0.02438672557356476 0.00033662926838998 -0.00303343166526883
0.02455528719204117 0.00034129754688716 -0.00307548833866916
0.02472500972346112 0.00034603042707013 -0.00311812672891899
0.02489590116323235 0.00035082880157279 -0.00316135486602893
0.02506796956182830 0.00035569357534235 -0.00320518089055884
0.02524122302516745 0.00036062566580866 -0.00324961305513250
0.02541566971499507 0.00036562600305597 -0.00329465972597291
0.02559131784926784 0.00037069552999695 -0.00334032938445834
0.02576817570254092 0.00037583520254916 -0.00338663062869960
0.02594625160635771 0.00038104598981390 -0.00343357217513856
0.02612555394964243 0.00038632887425752 -0.00348116286016849
0.02630609117909530 0.00039168485189517 -0.00352941164177625
0.02648787179959031 0.00039711493247714 -0.00357832760120678
0.02667090437457610 0.00040262013967767 -0.00362791994465018
0.02685519752647922 0.00040820151128639 -0.00367819800495156
0.02704075993711031 0.00041386009940234 -0.00372917124334407
0.02722760034807320 0.00041959697063070 -0.00378084925120540
0.02741572756117663 0.00042541320628212 -0.00383324175183809
0.02760515043884895 0.00043130990257487 -0.00388635860227382
0.02779587790455549 0.00043728817083967 -0.00394020979510214
0.02798791894321911 0.00044334913772735 -0.00399480546032403
0.02818128260164339 0.00044949394541938 -0.00405015586723032
0.02837597798893873 0.00045572375184120 -0.00410627142630564
0.02857201427695161 0.00046203973087854 -0.00416316269115802
0.02876940070069660 0.00046844307259661 -0.00422084036047455
0.02896814655879134 0.00047493498346237 -0.00427931528000344
0.02916826121389472 0.00048151668656975 -0.00433859844456283
0.02936975409314790 0.00048818942186801 -0.00439870100007667
0.02957263468861828 0.00049495444639315 -0.00445963424563808
0.02977691255774686 0.00050181303450254 -0.00452140963560050
0.02998259732379836 0.00050876647811269 -0.00458403878169704
0.03018969867631460 0.00051581608694032 -0.00464753345518830
0.03039822637157088 0.00052296318874663 -0.00471190558903922
0.03060819023303571 0.00053020912958500 -0.00477716728012514
0.03081960015183355 0.00053755527405200 -0.00484333079146758
0.03103246608721064 0.00054500300554180 -0.00491040855450003
0.03124679806700435 0.00055255372650411 -0.00497841317136431
0.03146260618811551 0.00056020885870561 -0.00504735741723767
0.03167990061698394 0.00056796984349485 -0.00511725424269116
0.03189869159006760 0.00057583814207093 -0.00518811677607981
0.03211898941432467 0.00058381523575564 -0.00525995832596465
0.03234080446769906 0.00059190262626946 -0.00533279238356739
0.03256414719960946 0.00060010183601120 -0.00540663262525802
0.03278902813144147 0.00060841440834154 -0.00548149291507563
0.03301545785704333 0.00061684190787030 -0.00555738730728311
0.03324344704322482 0.00062538592074776 -0.00563433004895599
0.03347300643026002 0.00063404805495980 -0.00571233558260604
0.03370414683239309 0.00064282994062715 -0.00579141854883979
0.03393687913834766 0.00065173323030866 -0.00587159378905279
0.03417121431184000 0.00066075959930864 -0.00595287634815977
0.03440716339209538 0.00066991074598849 -0.00603528147736131
0.03464473749436801 0.00067918839208243 -0.00611882463694739
0.03488394781046485 0.00068859428301762 -0.00620352149913850
0.03512480560927281 0.00069813018823851 -0.00628938795096453
0.03536732223728946 0.00070779790153571 -0.00637644009718201
0.03561150911915772 0.00071759924137919 -0.00646469426323041
0.03585737775820400 0.00072753605125611 -0.00655416699822757
0.03610493973698011 0.00073761020001315 -0.00664487507800522
0.03635420671780883 0.00074782358220350 -0.00673683550818471
0.03660519044333343 0.00075817811843852 -0.00683006552729381
0.03685790273707081 0.00076867575574425 -0.00692458260992476
0.03711235550396835 0.00077931846792261 -0.00702040446993434
0.03736856073096499 0.00079010825591756 -0.00711754906368652
0.03762653048755576 0.00080104714818624 -0.00721603459333789
0.03788627692636030 0.00081213720107505 -0.00731587951016688
0.03814781228369551 0.00082338049920087 -0.00741710251794695
0.03841114888015196 0.00083477915583740 -0.00751972257636454
0.03867629912117412 0.00084633531330671 -0.00762375890448212
0.03894327549764499 0.00085805114337611 -0.00772923098424725
0.03921209058647443 0.00086992884766034 -0.00783615856404777
0.03948275705119166 0.00088197065802920 -0.00794456166231417
0.03975528764254173 0.00089417883702069 -0.00805446057116930
0.04002969519908633 0.00090655567825968 -0.00816587586012643
0.04030599264780860 0.00091910350688226 -0.00827882837983593
0.04058419300472190 0.00093182467996578 -0.00839333926588122
0.04086430937548322 0.00094472158696469 -0.00850942994262494
0.04114635495601049 0.00095779665015227 -0.00862712212710546
0.04143034303310408 0.00097105232506824 -0.00874643783298469
0.04171628698507298 0.00098449110097246 -0.00886739937454782
0.04200420028236487 0.00099811550130467 -0.00899002937075543
0.04229409648820062 0.00101192808415047 -0.00911435074934872
0.04258598925921348 0.00102593144271349 -0.00924038675100876
0.04287989234609223 0.00104012820579397 -0.00936816093356989
0.04317581959422907 0.00105452103827367 -0.00949769717628848
0.04347378494437166 0.00106911264160743 -0.00962901968416732
0.04377380243328013 0.00108390575432114 -0.00976215299233664
0.04407588619438821 0.00109890315251656 -0.00989712197049220
0.04438005045846889 0.00111410765038278 -0.01003395182739127
0.04468630955430507 0.00112952210071456 -0.01017266811540720
0.04499467790936444 0.00114514939543767 -0.01031329673514331
0.04530517005047906 0.00116099246614116 -0.01045586394010663
0.04561780060452988 0.00117705428461684 -0.01060039634144257
0.04593258429913571 0.00119333786340591 -0.01074692091273091
0.04624953596334689 0.00120984625635289 -0.01089546499484396
0.04656867052834411 0.00122658255916702 -0.01104605630086786
0.04689000302814165 0.00124354990999107 -0.01119872292108729
0.04721354860029565 0.00126075148997777 -0.01135349332803493
0.04753932248661712 0.00127819052387394 -0.01151039638160583
0.04786734003389014 0.00129587028061239 -0.01166946133423811
0.04819761669459478 0.00131379407391171 -0.01183071783616022
0.04853016802763484 0.00133196526288404 -0.01199419594070579
0.04886500969907115 0.00135038725265090 -0.01215992610969696
0.04920215748285936 0.00136906349496729 -0.01232793921889682
0.04954162726159295 0.00138799748885397 -0.01249826656353172
0.04988343502725170 0.00140719278123828 -0.01267093986388462
0.05022759688195493 0.00142665296760329 -0.01284599127095992
0.05057412903871987 0.00144638169264574 -0.01302345337222065
0.05092304782222574 0.00146638265094259 -0.01320335919739923
0.05127436966958262 0.00148665958762642 -0.01338574222438217
0.05162811113110581 0.00150721629906984 -0.01357063638516984
0.05198428887109539 0.00152805663357885 -0.01375807607191206
0.05234291966862144 0.00154918449209549 -0.01394809614302052
0.05270402041831444 0.00157060382890967 -0.01414073192935876
0.05306760813116093 0.00159231865238046 -0.01433601924051053
0.05343369993530521 0.00161433302566694 -0.01453399437112779
0.05380231307685603 0.00163665106746855 -0.01473469410735871
0.05417346492069896 0.00165927695277539 -0.01493815573335700
0.05454717295131468 0.00168221491362825 -0.01514441703787339
0.05492345477360246 0.00170546923988873 -0.01535351632092997
0.05530232811370946 0.00172904428001942 -0.01556549240057847
0.05568381081986596 0.00175294444187444 -0.01578038461974363
0.05606792086322609 0.00177717419350026 -0.01599823285315208
0.05645467633871443 0.00180173806394711 -0.01621907751434816
0.05684409546587828 0.00182664064409095 -0.01644295956279727
0.05723619658974628 0.00185188658746629 -0.01666992051107812
0.05763099818169241 0.00187748061110990 -0.01690000243216434
0.05802851884030608 0.00190342749641549 -0.01713324796679674
0.05842877729226850 0.00192973208999967 -0.01736970033094732
0.05883179239323479 0.00195639930457917 -0.01760940332337550
0.05923758312872209 0.00198343411985947 -0.01785240133327806
0.05964616861500417 0.00201084158343509 -0.01809873934803364
0.06005756810001192 0.00203862681170159 -0.01834846296104267
0.06047180096423987 0.00206679499077939 -0.01860161837966368
0.06088888672165952 0.00209535137744969 -0.01885825243324744
0.06130884502063842 0.00212430130010251 -0.01911841258126942
0.06173169564486587 0.00215365015969700 -0.01938214692156188
0.06215745851428463 0.00218340343073428 -0.01964950419864631
0.06258615368602982 0.00221356666224286 -0.01992053381216799
0.06301780135537340 0.00224414547877678 -0.02019528582543262
0.06345242185667553 0.00227514558142669 -0.02047381097404688
0.06389003566434281 0.00230657274884403 -0.02075616067466381
0.06433066339379256 0.00233843283827835 -0.02104238703383366
0.06477432580242388 0.00237073178662804 -0.02133254285696162
0.06522104379059587 0.00240347561150467 -0.02162668165737366
0.06567083840261197 0.00243667041231086 -0.02192485766549090
0.06612373082771117 0.00247032237133215 -0.02222712583811394
0.06657974240106661 0.00250443775484285 -0.02253354186781861
0.06703889460479043 0.00253902291422602 -0.02284416219246332
0.06750120906894577 0.00257408428710786 -0.02315904400480975
0.06796670757256559 0.00260962839850656 -0.02347824526225753
0.06843541204467901 0.00264566186199590 -0.02380182469669461
0.06890734456534416 0.00268219138088363 -0.02412984182446344
0.06938252736668807 0.00271922374940491 -0.02446235695644463
0.06986098283395459 0.00275676585393096 -0.02479943120825941
0.07034273350655847 0.00279482467419306 -0.02514112651059108
0.07082780207914721 0.00283340728452207 -0.02548750561962729
0.07131621140267042 0.00287252085510375 -0.02583863212762397
0.07180798448545608 0.00291217265324987 -0.02619457047359182
0.07230314449429440 0.00295237004468552 -0.02655538595410641
0.07280171475552941 0.00299312049485260 -0.02692114473424351
0.07330371875615763 0.00303443157022980 -0.02729191385863975
0.07380918014493468 0.00307631093966917 -0.02766776126268048
0.07431812273348896 0.00311876637574951 -0.02804875578381522
0.07483057049744396 0.00316180575614681 -0.02843496717300265
0.07534654757754738 0.00320543706502185 -0.02882646610628501
0.07586607828080817 0.00324966839442511 -0.02922332419649357
0.07638918708164215 0.00329450794571938 -0.02962561400508670
0.07691589862302453 0.00333996403102003 -0.03003340905412028
0.07744623771765087 0.00338604507465323 -0.03044678383835240
0.07798022934910616 0.00343275961463241 -0.03086581383748340
0.07851789867304167 0.00348011630415299 -0.03129057552853150
0.07905927101835979 0.00352812391310560 -0.03172114639834554
0.07960437188840763 0.00357679132960822 -0.03215760495625596
0.08015322696217819 0.00362612756155701 -0.03260003074686429
0.08070586209552016 0.00367614173819650 -0.03304850436297284
0.08126230332235576 0.00372684311170895 -0.03350310745865467
0.08182257685590748 0.00377824105882340 -0.03396392276246599
0.08238670908993284 0.00383034508244431 -0.03443103409080053
0.08295472659996748 0.00388316481330026 -0.03490452636138738
0.08352665614457758 0.00393671001161276 -0.03538448560693365
0.08410252466662016 0.00399099056878546 -0.03587099898891188
0.08468235929451211 0.00404601650911378 -0.03636415481149321
0.08526618734350867 0.00410179799151557 -0.03686404253562821
0.08585403631698994 0.00415834531128249 -0.03737075279327434
0.08644593390775629 0.00421566890185275 -0.03788437740177211
0.08704190799933344 0.00427377933660517 -0.03840500937837065
0.08764198666728568 0.00433268733067493 -0.03893274295490242
0.08824619818053861 0.00439240374279101 -0.03946767359260892
0.08885457100271059 0.00445293957713581 -0.04000989799711693
0.08946713379345408 0.00451430598522695 -0.04055951413356736
0.09008391540980545 0.00457651426782149 -0.04111662124189558
0.09070494490754430 0.00463957587684290 -0.04168131985226496
0.09133025154256254 0.00470350241733088 -0.04225371180065408
0.09195986477224254 0.00476830564941426 -0.04283390024459771
0.09259381425684444 0.00483399749030725 -0.04342198967908169
0.09323212986090400 0.00490059001632918 -0.04401808595259361
0.09387484165463919 0.00496809546494805 -0.04462229628332787
0.09452197991536644 0.00503652623684787 -0.04523472927554625
0.09517357512892761 0.00510589489802041 -0.04585549493609511
0.09582965799112571 0.00517621418188113 -0.04648470469107772
0.09649025940917109 0.00524749699140979 -0.04712247140268349
0.09715541050313714 0.00531975640131581 -0.04776890938617293
0.09782514260742688 0.00539300566022875 -0.04842413442702028
0.09849948727224871 0.00546725819291393 -0.04908826379821164
0.09917847626510250 0.00554252760251347 -0.04976141627769980
0.09986214157227666 0.00561882767281311 -0.05044371216601645
0.10055051540035467 0.00569617237053472 -0.05113527330403976
0.10124363017773205 0.00577457584765501 -0.05183622309091836
0.10194151855614454 0.00585405244375042 -0.05254668650215199
0.10264421341220598 0.00593461668836858 -0.05326679010782671
0.10335174784895693 0.00601628330342633 -0.05399666209100595
0.10406415519742446 0.00609906720563475 -0.05473643226627634
0.10478146901819221 0.00618298350895117 -0.05548623209844764
0.10550372310298135 0.00626804752705857 -0.05624619472140614
0.10623095147624222 0.00635427477587230 -0.05701645495712093
0.10696318839675767 0.00644168097607466 -0.05779714933480302
0.10770046835925672 0.00653028205567723 -0.05858841611021478
0.10844282609603929 0.00662009415261125 -0.05939039528512999
0.10919029657861286 0.00671113361734631 -0.06020322862694358
0.10994291501933974 0.00680341701553743 -0.06102705968842902
0.11070071687309559 0.00689696113070071 -0.06186203382764238
0.11146373783894017 0.00699178296691786 -0.06270829822797259
0.11223201386179885 0.00708789975156961 -0.06356600191833532
0.11300558113415557 0.00718532893809824 -0.06443529579350878
0.11378447609775848 0.00728408820879952 -0.06531633263461158
0.11456873544533624 0.00738419547764398 -0.06620926712971854
0.11535839612232673 0.00748566889312789 -0.06711425589461399
0.11615349532861717 0.00758852684115394 -0.06803145749367942
0.11695407052029710 0.00769278794794196 -0.06896103246091531
0.11776015941142259 0.00779847108296958 -0.06990314332109204
0.11857179997579269 0.00790559536194315 -0.07085795461102930
0.11938903044873875 0.00801418014979907 -0.07182563290100133
0.12021188932892556 0.00812424506373552 -0.07280634681626448
0.12104041538016444 0.00823580997627472 -0.07380026705870391
0.12187464763324013 0.00834889501835607 -0.07480756642859823
0.12271462538774915 0.00846352058246002 -0.07582841984649691
0.12356038821395075 0.00857970732576275 -0.07686300437520691
0.12441197595463170 0.00869747617332212 -0.07791149924188745
0.12526942872698282 0.00881684832129450 -0.07897408586024617
0.12613278692448912 0.00893784524018290 -0.08005094785283461
0.12700209121883205 0.00906048867811627 -0.08114227107343740
0.12787738256180636 0.00918480066416028 -0.08224824362955353
0.12875870218724889 0.00931080351165930 -0.08336905590496142
0.12964609161298060 0.00943851982160985 -0.08450490058236540
0.13053959264276330 0.00956797248606561 -0.08565597266611945
0.13143924736826845 0.00969918469157377 -0.08682246950501996
0.13234509817105980 0.00983217992264288 -0.08800459081516436
0.13325718772459053 0.00996698196524234 -0.08920253870287026
0.13417555899621331 0.01010361491033328 -0.09041651768764747
0.13510025524920402 0.01024210315743080 -0.09164673472521730
0.13603132004480051 0.01038247141819788 -0.09289339923057414
0.13696879724425431 0.01052474472007053 -0.09415672310108068
0.13791273101089702 0.01066894840991430 -0.09543692073959062
0.13886316581222044 0.01081510815771205 -0.09673420907759143
0.13982014642197194 0.01096324996028290 -0.09804880759836090
0.14078371792226346 0.01111340014503236 -0.09938093836012714
0.14175392570569484 0.01126558537373313 -0.10073082601922517
0.14273081547749294 0.01141983264633710 -0.10209869785324333
0.14371443325766448 0.01157616930481780 -0.10348478378414736
0.14470482538316343 0.01173462303704325 -0.10488931640137450
0.14570203851007471 0.01189522188067951 -0.10631253098489005
0.14670611961581190 0.01205799422712403 -0.10775466552819338
0.14771711600132961 0.01222296882546890 -0.10921596076126387
0.14873507529335270 0.01239017478649406 -0.11069666017343897
0.14976004544661942 0.01255964158668959 -0.11219701003620938
0.15079207474614068 0.01273139907230725 -0.11371725942592269
0.15183121180947412 0.01290547746344077 -0.11525766024638177
0.15287750558901539 0.01308190735813479 -0.11681846725132884
0.15393100537430371 0.01326071973652172 -0.11839993806679842
0.15499176079434338 0.01344194596498640 -0.12000233321332787
0.15605982181994271 0.01362561780035826 -0.12162591612801468
0.15713523876606758 0.01381176739413027 -0.12327095318640108
0.15821806229421123 0.01400042729670432 -0.12493771372417510
0.15930834341478184 0.01419163046166279 -0.12662647005867386
0.16040613348950503 0.01438541025006545 -0.12833749751016965
0.16151148423384307 0.01458180043477125 -0.13007107442292573
0.16262444771943196 0.01478083520478472 -0.13182748218600593
0.16374507637653393 0.01498254916962593 -0.13360700525381761
0.16487342299650756 0.01518697736372371 -0.13540993116637318
0.16600954073429422 0.01539415525083114 -0.13723655056925013
0.16715348311092296 0.01560411872846320 -0.13908715723323298
0.16830530401603144 0.01581690413235515 -0.14096204807361465
0.16946505771040399 0.01603254824094108 -0.14286152316913775
0.17063279882852889 0.01625108827985232 -0.14478588578055882
0.17180858238117150 0.01647256192643410 -0.14673544236880812
0.17299246375796537 0.01669700731427992 -0.14871050261272628
0.17418449873002248 0.01692446303778298 -0.15071137942635637
0.17538474345256003 0.01715496815670310 -0.15273838897576378
0.17659325446754551 0.01738856220074850 -0.15479185069536208
0.17781008870636109 0.01762528517417142 -0.15687208730372129
0.17903530349248506 0.01786517756037621 -0.15897942481882921
0.18026895654419256 0.01810828032653886 -0.16111419257278195
0.18151110597727393 0.01835463492823666 -0.16327672322587436
0.18276181030777353 0.01860428331408719 -0.16546735278006583
0.18402112845474572 0.01885726793039453 -0.16768642059178679
0.18528911974303014 0.01911363172580182 -0.16993426938405962
0.18656584390604733 0.01937341815594901 -0.17221124525790502
0.18785136108861214 0.01963667118813356 -0.17451769770299641
0.18914573184976669 0.01990343530597305 -0.17685397960753355
0.19044901716563412 0.02017375551406827 -0.17922044726730357
0.19176127843229071 0.02044767734266462 -0.18161746039388968
0.19308257746865756 0.02072524685231017 -0.18404538212199484
0.19441297651941386 0.02100651063850926 -0.18650457901584586
0.19575253825792849 0.02129151583636872 -0.18899542107463585
0.19710132578921277 0.02158031012523561 -0.19151828173696972
0.19845940265289264 0.02187294173332394 -0.19407353788426981
0.19982683282620289 0.02216945944232886 -0.19666156984310629
0.20120368072700057 0.02246991259202550 -0.19928276138640316
0.20259001121679915 0.02277435108485043 -0.20193749973348044
0.20398588960382499 0.02308282539046405 -0.20462617554889040
0.20539138164609347 0.02339538655029047 -0.20734918293999635
0.20680655355450628 0.02371208618203292 -0.21010691945325086
0.20823147199597156 0.02403297648416255 -0.21289978606912688
0.20966620409654391 0.02435811024037701 -0.21572818719564732
0.21111081744458601 0.02468754082402659 -0.21859253066046450
0.21256538009395401 0.02502132220250542 -0.22149322770144186
0.21402996056720233 0.02535950894160389 -0.22443069295567539
0.21550462785881241 0.02570215620982004 -0.22740534444690796
0.21698945143844184 0.02604931978262604 -0.23041760357127380
0.21848450125419838 0.02640105604668761 -0.23346789508132279
0.21998984773593447 0.02675742200403160 -0.23655664706825635
0.22150556179856454 0.02711847527615924 -0.23968429094231969
0.22303171484540685 0.02748427410810134 -0.24285126141128865
0.22456837877154651 0.02785487737241137 -0.24605799645698218
0.22611562596722207 0.02823034457309263 -0.24930493730973807
0.22767352932123661 0.02861073584945627 -0.25259252842078650
0.22924216222439106 0.02899611197990506 -0.25592121743244772
0.23082159857294077 0.02938653438563902 -0.25929145514608420
0.23241191277207801 0.02978206513427946 -0.26270369548774058
0.23401317973943619 0.03018276694340543 -0.26615839547138792
0.23562547490861963 0.03058870318399918 -0.26965601515970322
0.23724887423275626 0.03099993788379510 -0.27319701762230164
0.23888345418807699 0.03141653573052810 -0.27678186889134854
0.24052929177751764 0.03183856207507521 -0.28041103791445920
0.24218646453434586 0.03226608293448606 -0.28408499650481095
0.24385505052581510 0.03269916499489699 -0.28780421928838207
0.24553512835684130 0.03313787561432219 -0.29156918364822265
0.24722677717370542 0.03358228282531733 -0.29538036966567549
0.24893007666778313 0.03403245533750938 -0.29923826005844989
0.25064510707929838 0.03448846253998643 -0.30314334011546279
0.25237194920110279 0.03495037450354122 -0.30709609762833906
0.25411068438248285 0.03541826198276272 -0.31109702281947865
0.25586139453299134 0.03589219641796806 -0.31514660826659907
0.25762416212630668 0.03637224993696922 -0.31924534882363997
0.25939907020411690 0.03685849535666609 -0.32339374153791850
0.26118620238003326 0.03735100618446058 -0.32759228556345099
0.26298564284352799 0.03784985661948258 -0.33184148207031411
0.26479747636390111 0.03835512155362143 -0.33614183414993720
0.26662178829427297 0.03886687657235435 -0.34049384671621280
0.26845866457560524 0.03938519795536437 -0.34489802640231065
0.27030819174075138 0.03991016267693984 -0.34935488145307819
0.27217045691852998 0.04044184840614509 -0.35386492161289862
0.27404554783783092 0.04098033350675644 -0.35842865800888646
0.27593355283174942 0.04152569703695300 -0.36304660302931158
0.27783456084174468 0.04207801874875222 -0.36771927019708056
0.27974866142183086 0.04263737908718288 -0.37244717403819533
0.28167594474279772 0.04320385918918512 -0.37723082994502305
0.28361650159645529 0.04377754088222589 -0.38207075403424595
0.28557042339991229 0.04435850668262209 -0.38696746299935830
0.28753780219988456 0.04494683979356047 -0.39192147395757509
0.28951873067702744 0.04554262410280093 -0.39693330429098378
0.29151330215030596 0.04614594418005692 -0.40200347148182786
0.29352161058138737 0.04675688527403649 -0.40713249294174281
0.29554375057906923 0.04737553330913679 -0.41232088583480303
0.29757981740373779 0.04800197488177796 -0.41756916689424578
0.29962990697185221 0.04863629725636336 -0.42287785223267094
0.30169411586046524 0.04927858836085636 -0.42824745714560020
0.30377254131177361 0.04992893678195911 -0.43367849590821717
0.30586528123769657 0.05058743175987965 -0.43917148156510805
0.30797243422448944 0.05125416318267545 -0.44472692571286798
0.31009409953738992 0.05192922158015970 -0.45034533827537843
0.31223037712529061 0.05261269811735340 -0.45602722727158784
0.31438136762544966 0.05330468458747299 -0.46177309857562959
0.31654717236823277 0.05400527340443609 -0.46758345566909304
0.31872789338188390 0.05471455759486980 -0.47345879938526603
0.32092363339733304 0.05543263078960827 -0.47939962764517130
0.32313449585303744 0.05615958721466256 -0.48540643518521703
0.32536058489985120 0.05689552168164509 -0.49147971327625584
0.32760200540593343 0.05764052957763489 -0.49761994943388294
0.32985886296168992 0.05839470685446504 -0.50382762711978357
0.33213126388474412 0.05915815001741481 -0.51010322543390418
0.33441931522494717 0.05993095611328841 -0.51644721879729905
0.33672312476942301 0.06071322271786550 -0.52286007662542011
0.33904280104764212 0.06150504792269856 -0.52934226299165288
0.34137845333653621 0.06230653032124554 -0.53589423628091781
0.34373019166564794 0.06311776899431217 -0.54251644883312500
0.34609812682230995 0.06393886349478839 -0.54920934657624665
0.34848237035686874 0.06476991383165612 -0.55597336864886648
0.35088303458793546 0.06561102045324889 -0.56280894701191886
0.35330023260767901 0.06646228422974229 -0.56971650604948432
0.35573407828715525 0.06732380643485486 -0.57669646215837844
0.35818468628166800 0.06819568872673148 -0.58374922332633694
0.36065217203617167 0.06907803312799761 -0.59087518869859867
0.36313665179071219 0.06997094200495189 -0.59807474813266703
0.36563824258589855 0.07087451804587683 -0.60534828174101463
0.36815706226841882 0.07178886423844663 -0.61269615942154787
0.37069322949659317 0.07271408384620499 -0.62011874037562131
0.37324686374596050 0.07365028038408772 -0.62761637261333381
0.37581808531490823 0.07459755759296720 -0.63518939244596950
0.37840701533034138 0.07555601941319295 -0.64283812396532047
0.38101377575338496 0.07652576995709957 -0.65056287850967709
0.38363848938513134 0.07750691348045832 -0.65836395411631998
0.38628127987242716 0.07849955435284586 -0.66624163496024380
0.38894227171369411 0.07950379702689808 -0.67419619077896165
0.39162159026479615 0.08051974600642664 -0.68222787628313375
0.39431936174494664 0.08154750581336770 -0.69033693055287537
0.39703571324265036 0.08258718095353131 -0.69852357641945539
0.39977077272169265 0.08363887588112572 -0.70678801983229478
0.40252466902716960 0.08470269496202761 -0.71513044921099045
0.40529753189155343 0.08577874243576122 -0.72355103478219696
0.40808949194080635 0.08686712237616423 -0.73204992790118906
0.41090068070053642 0.08796793865070500 -0.74062726035792736
0.41373123060218814 0.08908129487841616 -0.74928314366740023
0.41658127498928715 0.09020729438642072 -0.75801766834416717
0.41945094812371697 0.09134604016500941 -0.76683090316081837
0.42234038519204559 0.09249763482124380 -0.77572289439029873
0.42524972231189667 0.09366218053104648 -0.78469366503189131
0.42817909653835690 0.09483977898974529 -0.79374321402069370
0.43112864587043542 0.09603053136104005 -0.80287151542052215
0.43409850925756621 0.09723453822435682 -0.81207851760006822
0.43708882660614989 0.09845189952054903 -0.82136414239216171
0.44009973878614655 0.09968271449591777 -0.83072828423613110
0.44313138763771442 0.10092708164451286 -0.84017080930306276
0.44618391597788670 0.10218509864867394 -0.84969155460391976
0.44925746760730267 0.10345686231778228 -0.85929032708046371
0.45235218731698318 0.10474246852518396 -0.86896690267890575
0.45546822089514793 0.10604201214324281 -0.87872102540619923
0.45860571513408505 0.10735558697649418 -0.88855240636902488
0.46176481783706874 0.10868328569285567 -0.89846072279541123
0.46494567782531782 0.11002519975285850 -0.90844561703897064
0.46814844494500796 0.11138141933686256 -0.91850669556580544
0.47137327007433427 0.11275203327021861 -0.92864352792413996
0.47462030513061321 0.11413712894633274 -0.93885564569666446
0.47788970307744211 0.11553679224760391 -0.94914254143575483
0.48118161793190767 0.11695110746418887 -0.95950366758161887
0.48449620477183586 0.11838015721055871 -0.96993843536349167
0.48783361974310091 0.11982402233980825 -0.98044621368405205
0.49119402006698276 0.12128278185568268 -0.99102632798723822
0.49457756404756831 0.12275651282227422 -1.00167805910961527
0.49798441107921515 0.12424529027136461 -1.01240064211557335
0.50141472165405510 0.12574918710735869 -1.02319326511658715
0.50486865736955655 0.12726827400978613 -1.03405506807482883
0.50834638093614049 0.12880261933332618 -1.04498514159146705
0.51184805618483975 0.13035228900531579 -1.05598252567995998
0.51537384807502007 0.13191734642071065 -1.06704620852479093
0.51892392270215304 0.13349785233446079 -1.07817512522603809
0.52249844730563633 0.13509386475125981 -1.08936815653020558
0.52609759027667324 0.13670543881263814 -1.10062412754789052
0.52972152116621019 0.13833262668136537 -1.11194180645878360
0.53337041069291669 0.13997547742312169 -1.12331990320455311
0.53704443075123121 0.14163403688541223 -1.13475706817032562
0.54074375441946221 0.14330834757368952 -1.14625189085538515
0.54446855596793509 0.14499844852464788 -1.15780289853377938
0.54821901086720481 0.14670437517666740 -1.16940855490569917
0.55199529579632578 0.14842615923737468 -1.18106725874038876
0.55579758865116813 0.15016382854828769 -1.19277734251145162
0.55962606855280195 0.15191740694652592 -1.20453707102554830
0.56348091585593751 0.15368691412355751 -1.21634464004543741
0.56736231215741650 0.15547236548095492 -1.22819817490839434
0.57127044030476937 0.15727377198314679 -1.24009572914116650
0.57520548440483177 0.15909114000713506 -1.25203528307261203
0.57916762983241210 0.16092447118916836 -1.26401474244525414
0.58315706323902683 0.16277376226834764 -1.27603193702708784
0.58717397256169712 0.16463900492715822 -1.28808461922502349
0.59121854703179433 0.16652018562890414 -1.30017046270135106
0.59529097718396295 0.16841728545205426 -1.31228706099487669
0.59939145486508971 0.17033027992146735 -1.32443192614818805
0.60352017324334362 0.17225913883651986 -1.33660248734285747
0.60767732681727959 0.17420382609611798 -1.34879608954427543
0.61186311142499428 0.17616429952059592 -1.36100999215796770
0.61607772425335505 0.17814051067051762 -1.37324136769934801
0.62032136384729264 0.18013240466237740 -1.38548730047893920
0.62459423011914772 0.18213991998122001 -1.39774478530510349
0.62889652435809140 0.18416298829019401 -1.41001072620656709
0.63322844923961197 0.18620153423705846 -1.42228193517700352
0.63759020883505479 0.18825547525766761 -1.43455513094402209
0.64198200862124022 0.19032472137646020 -1.44682693776514326
0.64640405549014601 0.19240917500399574 -1.45909388425328479
0.65085655775864737 0.19450873073156044 -1.47135240223445263
0.65533972517833383 0.19662327512290301 -1.48359882564048395
0.65985376894539371 0.19875268650314185 -1.49582938943971389
0.66439890171055649 0.20089683474489112 -1.50804022860856146
0.66897533758911365 0.20305558105168203 -1.52022737714720368
0.67358329217100954 0.20522877773873510 -1.53238676714254907
0.67822298253098967 0.20741626801115354 -1.54451422788183734
0.68289462723883121 0.20961788573962908 -1.55660548502036566
0.68759844636964218 0.21183345523373970 -1.56865615980691353
0.69233466151422274 0.21406279101292808 -1.58066176837051331
0.69710349578950681 0.21630569757527598 -1.59261772107244237
0.70190517384907669 0.21856196916417256 -1.60451932192734770
0.70673992189373802 0.22083138953299500 -1.61636176809750332
0.71160796768218526 0.22311373170793700 -1.62814014946446317
0.71650954054172245 0.22540875774910635 -1.63984944828229362
0.72144487137907043 0.22771621851004584 -1.65148453891687752
0.72641419269124807 0.23003585339583166 -1.66304018767578343
0.73141773857651804 0.23236739011989882 -1.67451105273332224
0.73645574474541731 0.23471054445978565 -1.68589168415558976
0.74152844853186650 0.23706502001197363 -1.69717652403037689
0.74663608890434163 0.23943050794600815 -1.70835990670689353
0.75177890647713608 0.24180668675812508 -1.71943605915046160
0.75695714352169929 0.24419322202458907 -1.73039910141739184
0.76217104397804170 0.24658976615497075 -1.74124304725531442
0.76742085346623079 0.24899595814561781 -1.75196180483446318
0.77270681929796636 0.25141142333356814 -1.76254917761541474
0.77802919048822172 0.25383577315116745 -1.77299886535887330
0.78338821776697964 0.25626860488168646 -1.78330446528328257
0.78878415359104803 0.25870950141622590 -1.79345947337604783
0.79421725215594319 0.26115803101221896 -1.80345728586420728
0.79968776940787090 0.26361374705386087 -1.81329120085060458
0.80519596305578611 0.26607618781480735 -1.82295442012153242
0.81074209258352603 0.26854487622348627 -1.83244005113192809
0.81632641926203720 0.27101931963141435 -1.84174110917432832
0.82194920616168921 0.27349900958489048 -1.85085051973771142
0.82761071816465814 0.27598342160047412 -1.85976112106246649
0.83331122197740892 0.27847201494468082 -1.86846566689774685
0.83905098614326490 0.28096423241832535 -1.87695682946745412
0.84483028105504709 0.28345950014596810 -1.88522720265109012
0.85064937896782500 0.28595722737095475 -1.89326930538576965
0.85650855401173109 0.28845680625652348 -1.90107558529553922
0.86240808220487908 0.29095761169351203 -1.90863842255423810
0.86834824146637202 0.29345900111518786 -1.91595013398799852
0.87432931162938499 0.29596031431974928 -1.92300297742337922
0.88035157445435230 0.29846087330108367 -1.92978915628716008
0.88641531364224579 0.30095998208836044 -1.93630082446357532
0.89252081484793000 0.30345692659507750 -1.94253009141468946
0.89866836569362407 0.30595097447819564 -1.94846902756950535
0.90485825578245527 0.30844137500801089 -1.95410966998714319
0.91109077671209349 0.31092735894943913 -1.95944402829927022
0.91736622208849117 0.31340813845541149 -1.96446409093674124
0.92368488753972133 0.31588290697309551 -1.96916183164516267
0.93004707072989290 0.31835083916367640 -1.97352921629376121
0.93645307137317935 0.32081109083646220 -1.97755820998171572
0.94290319124794220 0.32326279889809273 -1.98124078444572316
0.94939773421093754 0.32570508131764414 -1.98456892577219368
0.95593700621163524 0.32813703710846326 -1.98753464241710720
0.96252131530663754 0.33055774632756835 -1.99012997353611487
0.96915097167417996 0.33296627009347474 -1.99234699762697498
0.97582628762874912 0.33536165062333728 -1.99417784148595612
0.98254757763580092 0.33774291129031037 -1.99561468947925569
0.98931515832656336 0.34010905670203706 -1.99664979312991342
0.99612934851295887 0.34245907280122501 -1.99727548102009278
1.00299046920262747 0.34479192698925953 -1.99748416900791059
1.00989884361403748 0.34710656827382719 -1.99726837075731645
1.01685479719172500 0.34940192744155335 -1.99662070857874996
1.02385865762161421 0.35167691725665295 -1.99553392457751899
1.03091075484645822 0.35393043268662755 -1.99400089210601772
1.03801142108138866 0.35616135115604386 -1.99201462751496150
1.04516099082955427 0.35836853282943837 -1.98956830219795022
1.05235980089788472 0.36055082092442048 -1.98665525492263551
1.05960819041296261 0.36270704205604720 -1.98326900444072773
1.06690650083698868 0.36483600661353111 -1.97940326236805952
1.07425507598387227 0.36693650917039677 -1.97505194632469028
1.08165426203543413 0.36900732892915722 -1.97020919332393252
1.08910440755770344 0.37104723020161118 -1.96486937339790679
1.09660586351734346 0.37305496292586326 -1.95902710344594122
1.10415898329819151 0.37502926322115054 -1.95267726129079966
1.11176412271789449 0.37696885398157626 -1.94581499992635854
1.11942164004467637 0.37887244550982546 -1.93843576193885858
1.12713189601422270 0.38073873619194842 -1.93053529408241675
1.13489525384666146 0.38256641321425583 -1.92210966198795008
1.14271207926368090 0.38435415332339246 -1.91315526498303878
1.15058274050576292 0.38610062363060449 -1.90366885099867367
1.15850760834951960 0.38780448246120319 -1.89364753153716081
1.16648705612516523 0.38946438025021346 -1.88308879667371798
1.17452145973411026 0.39107896048514967 -1.87199053006257321
1.18261119766665646 0.39264686069682625 -1.86035102391663876
1.19075665101983330 0.39416671349908894 -1.84816899392792178
1.19895820351535809 0.39563714767829117 -1.83544359409408719
1.20721624151769702 0.39705678933329164 -1.82217443141474100
1.21553115405228396 0.39842426306671219 -1.80836158041899586
1.22390333282383090 0.39973819322811593 -1.79400559748420063
1.23233317223478811 0.40099720520971022 -1.77910753490361961
1.24082106940393033 0.40219992679511024 -1.76366895465907847
1.24936742418505098 0.40334498956161202 -1.74769194185272991
1.25797263918580571 0.40443103033635097 -1.73117911775009148
1.26663711978668481 0.40545669270662660 -1.71413365238479876
1.27536127416009770 0.40642062858457123 -1.69655927667369721
1.28414551328960691 0.40732149982624899 -1.67846029398900476
1.29299025098929765 0.40815797990514679 -1.65984159113271201
1.30189590392325605 0.40892875563990222 -1.64070864865670552
1.31086289162520631 0.40963252897599572 -1.62106755047042084
1.31989163651828068 0.41026801882097802 -1.60092499267647725
1.32898256393490533 0.41083396293267976 -1.58028829157334982
1.33813610213684386 0.41132911985968229 -1.55916539076274963
1.34735268233538008 0.41175227093317712 -1.53756486729837083
1.35663273871161705 0.41210222230915794 -1.51549593681168804
1.36597670843693786 0.41237780705972216 -1.49296845754949326
1.37538503169360782 0.41257788731205580 -1.46999293325737845
1.38485815169549564 0.41270135643348649 -1.44658051484291694
1.39439651470896098 0.41274714126076917 -1.42274300075187665
1.40400057007388401 0.41271420437156053 -1.39849283599099095
1.41367077022481880 0.41260154639579533 -1.37384310973102597
1.42340757071231394 0.41240820836445419 -1.34880755142426101
1.43321143022438102 0.41213327409294326 -1.32340052537146624
1.44308281060808552 0.41177587259606574 -1.29763702367461331
1.45302217689132229 0.41133518053127838 -1.27153265751277811
1.46302999730470673 0.41081042466665851 -1.24510364668088780
1.47310674330363889 0.41020088436970897 -1.21836680733280378
1.48325288959052193 0.40950589411283089 -1.19133953787306046
1.49346891413710736 0.40872484599099140 -1.16403980294463172
1.50375529820702170 0.40785719224678346 -1.13648611546333389
1.51411252637844407 0.40690244779775697 -1.10869751665367589
1.52454108656692022 0.40586019276056462 -1.08069355404532885
1.53504147004835301 0.40473007496611629 -1.05249425739418889
1.54561417148215696 0.40351181245959106 -1.02412011249764978
1.55625968893454147 0.40220519597879961 -0.99559203287972142
1.56697852390198511 0.40081009140401896 -0.96693132932802528
1.57777118133486671 0.39932644217205887 -0.93815967727206317
1.58863816966123794 0.39775427164695093 -0.90929908199991794
1.59958000081078100 0.39609368543926160 -0.88037184171872773
1.61059719023893511 0.39434487366566595 -0.85140050847345439
1.62169025695116265 0.39250811314003714 -0.82240784694810154
1.63285972352740405 0.39058376948691864 -0.79341679118361153
1.64410611614670854 0.38857229916788122 -0.76445039925769698
1.65542996461200076 0.38647425141089403 -0.73553180598347601
1.66683180237505080 0.38429027003245531 -0.70668417369564740
1.67831216656161164 0.38202109514188726 -0.67793064120596047
1.68987159799670472 0.37966756471684121 -0.64929427102309412
1.70151064123010665 0.37723061603870756 -0.62079799494579035
1.71322984456201199 0.37471128697631467 -0.59246455815283172
1.72502976006884090 0.37211071710598570 -0.56431646192847640
1.73691094362927045 0.36943014865571450 -0.53637590517723832
1.74887395495040243 0.36667092726098038 -0.50866472489826853
1.76091935759413643 0.36383450251944327 -0.48120433580558380
1.77304771900373059 0.36092242833155974 -0.45401566929729659
1.78525961053051230 0.35793636301397791 -0.42711911199401381
1.79755560746080478 0.35487806917238768 -0.40053444408347350
1.80993628904303661 0.35174941332041032 -0.37428077772601726
1.82240223851501071 0.34855236523103661 -0.34837649579270213
1.83495404313138932 0.34528899700706611 -0.32283919122489313
1.84759229419136894 0.34196148185704628 -0.29768560732134997
1.86031758706651473 0.33857209256327730 -0.27293157927544676
1.87313052122882051 0.33512319962856502 -0.24859197730118865
1.88603170027895439 0.33161726908860695 -0.22468065170247686
1.89902173197467894 0.32805685997717154 -0.20121038025484292
1.91210122825948781 0.32444462143152647 -0.17819281828266506
1.92527080529144534 0.32078328942601136 -0.15563845182779243
1.93853108347219338 0.31707568312213846 -0.13355655431703403
1.95188268747618587 0.31332470082415548 -0.11195514714581832
1.96532624628012798 0.30953331552970142 -0.09084096460381731
1.97886239319258661 0.30570457006594337 -0.07021942357474022
1.99249176588383281 0.30184157180243565 -0.05009459844665026
2.00621500641589323 0.29794748693292838 -0.03046920167119722
2.02003276127277731 0.29402553431944400 -0.01134457040951395
2.03394568139093934 0.29007897889311901 0.00727934030118178
2.04795442218995793 0.28611112460764337 0.02540395743271390
2.06205964360338356 0.28212530694259763 0.04303208248519300
2.07626201010985856 0.27812488495551202 0.06016787623654236
2.09056219076439209 0.27411323288325218 0.07681683533559808
2.10496085922989185 0.27009373129512376 0.09298576037386648
2.11945869380890795 0.26606975780211278 0.10868271509672771
2.13405637747556742 0.26204467732881509 0.12391697644527680
2.14875459790775691 0.25802183195685657 0.13869897515536844
2.16355404751953095 0.25400453035106180 0.15304022668050568
2.17845542349370769 0.24999603678220389 0.16695325225064214
2.19345942781472392 0.24599955976286517 0.18045148992979992
2.20856676730171486 0.24201824031583768 0.19354919559158940
2.22377815364179110 0.23805513989751526 0.20626133379352959
2.23909430342357307 0.23411322800185974 0.21860345859870367
2.25451593817096496 0.23019536947386129 0.23059158446642058
2.27004378437711551 0.22630431156485337 0.24224204741246932
2.28567857353866044 0.22244267076558036 0.25357135672420733
2.30142104219018861 0.21861291945664868 0.26459603760572215
2.31727193193891834 0.21481737241978774 0.27533246522370786
2.33323198949964450 0.21105817325723933 0.28579669072532149
2.34930196672992908 0.20733728077062111 0.29600425990448320
2.36548262066549286 0.20365645535468974 0.30597002530277251
2.38177471355589265 0.20001724546554078 0.31570795264477136
2.39817901290044277 0.19642097422700161 0.32523092262454395
2.41469629148434395 0.19286872624317186 0.33455052917961786
2.43132732741510260 0.18936133468925756 0.34367687551046566
2.44807290415919843 0.18589936875705634 0.35261836922607237
2.46493381057896288 0.18248312153558480 0.36138151811898839
2.48191084096977521 0.17911259841137142 0.36997072819515026
2.49900479509745121 0.17578750607693278 0.37838810570336578
2.51621647823593220 0.17250724223970335 0.38663326502577022
2.53354670120523284 0.16927104842386032 0.39470359852624398
2.55099628040961113 0.16607859543837095 0.40259644744805562
2.56856603787604332 0.16292967986516999 0.41030936691504238
2.58625680129295965 0.15982408856315702 0.41783990979105673
2.60406940404921050 0.15676159907104753 0.42518562734903875
2.62200468527333941 0.15374198000045952 0.43234407002437714
2.64006348987312522 0.15076499141926461 0.43931278825374920
2.65824666857535963 0.14783038522524172 0.44608933340056989
2.67655507796593595 0.14493790551007488 0.45267125876810643
2.69498958053021731 0.14208728891374969 0.45905612070127239
2.71355104469363706 0.13927826496941398 0.46524147977805308
2.73224034486262513 0.13651055643876636 0.47122490209142370
2.75105836146581328 0.13378387963805408 0.47700396062258488
2.77000598099548245 0.13109794475476533 0.48257623670626021
2.78908409604933905 0.12845245615510628 0.48793932158871800
2.80829360537257955 0.12584711268236240 0.49309081807912519
2.82763541390019668 0.12328160794625484 0.49802834229477394
2.84711043279962883 0.12075563060340012 0.50274952550062224
2.86671957951369549 0.11826886462899769 0.50725201604355308
2.88646377780378760 0.11582098957987448 0.51153348138167642
2.90634395779340204 0.11341168084901905 0.51559161020891442
2.92636105601196883 0.11104060991174960 0.51942411467507466
2.94651601543894071 0.10870744456366822 0.52302873270154504
2.96680978554825137 0.10641184915055452 0.52640323039267223
2.98724332235300905 0.10415348479036896 0.52954540454287291
3.00781758845055025 0.10193200958753489 0.53245308523943702
3.02853355306780125 0.09974707883968091 0.53512413856097885
3.04939219210690604 0.09759834523703369 0.53755646937145762
3.07039448819121263 0.09548545905465364 0.53974802420963819
3.09154143071158360 0.09340806833771803 0.54169679427387907
3.11283401587297037 0.09136581908006371 0.54340081850212341
3.13427324674135965 0.08935835539620406 0.54485818674694764
3.15586013329104409 0.08738531968704608 0.54606704304555509
3.17759569245216467 0.08544635279954005 0.54702558898462550
3.19948094815863815 0.08354109418049538 0.54773208715992383
3.22151693139640605 0.08166918202480715 0.54818486473063988
3.24370468025197134 0.07983025341834121 0.54838231706845697
3.26604523996131801 0.07802394447572672 0.54832291150137813
3.28853966295916722 0.07624989047331159 0.54800519115239676
3.31118900892852341 0.07450772597753931 0.54742777887315597
3.33399434485060953 0.07279708496900258 0.54658938127275281
3.35695674505515118 0.07111760096243333 0.54548879284191643
3.38007729127094736 0.06946890712288793 0.54412490017282111
3.40335707267685450 0.06785063637838061 0.54249668627479508
3.42679718595310590 0.06626242152921882 0.54060323498622875
3.45039873533294417 0.06470389535428872 0.53844373548297730
3.47416283265465609 0.06317469071453066 0.53601748688350837
3.49809059741397022 0.06167444065384028 0.53332390295102428
3.52218315681675032 0.06020277849762223 0.53036251689271385
3.54644164583214483 0.05875933794922206 0.52713298625615668
3.57086720724601214 0.05734375318437512 0.52363509792280705
3.59546099171477529 0.05595565894407248 0.51986877319826108
3.62022415781964479 0.05459469062569366 0.51583407299882444
3.64515787212116038 0.05326048437277442 0.51153120313377309
3.67026330921416610 0.05195267716379367 0.50696051968112954
3.69554165178316163 0.05067090689950569 0.50212253445839394
3.72099409065798081 0.04941481248957493 0.49701792058328231
3.74662182486990636 0.04818403393828328 0.49164751812209179
3.77242606170817796 0.04697821242928378 0.48601233982704634
3.79840801677682238 0.04579699040987070 0.48011357695260543
3.82456891405194277 0.04464001167449424 0.47395260515204046
3.85090998593939648 0.04350692144767999 0.46753099044828977
3.87743247333281227 0.04239736646635631 0.46085049527039501
3.90413762567206657 0.04131099506159638 0.45391308455287921
3.93102670100216622 0.04024745723976621 0.44672093188836753
3.95810096603246819 0.03920640476305617 0.43927642572583703
3.98536169619637626 0.03818749122935677 0.43158217560491607
4.01281017571144627 0.03719037215142949 0.42364101841573465
4.04044769763983957 0.03621470503531090 0.41545602467267317
4.06827556394925782 0.03526014945787554 0.40703050478913438
4.09629508557430455 0.03432636714347508 0.39836801533924071
4.12450758247818960 0.03341302203956290 0.38947236529107215
4.15291438371494248 0.03251978039120308 0.38034762219470353
4.18151682749203335 0.03164631081435929 0.37099811830696688
4.21031626123337333 0.03079228436785286 0.36142845663346290
4.23931404164284142 0.02995737462387391 0.35164351686691581
4.26851153476814815 0.02914125773692973 0.34164846119956654
4.29791011606521067 0.02834361251110915 0.33144873998582525
4.32751117046297207 0.02756412046554421 0.32105009722998573
4.35731609242859541 0.02680246589794968 0.31045857587236281
4.38732628603318098 0.02605833594612161 0.29968052284578117
4.41754316501793021 0.02533142064728024 0.28872259387295329
4.44796815286070313 0.02462141299514541 0.27759175797392033
4.47860268284309537 0.02392800899463601 0.26629530165138260
4.50944819811798503 0.02325090771409127 0.25484083272048508
4.54050615177746941 0.02258981133491730 0.24323628374840395
4.57177800692133918 0.02194442519856797 0.23148991506791566
4.60326523672603471 0.02131445785077712 0.21961031732807906
4.63496932451398713 0.02069962108296709 0.20760641354418097
4.66689176382352855 0.02009962997076523 0.19548746060820410
4.69903405847926958 0.01951420290957044 0.18326305022032746
4.73139772266289604 0.01894306164711988 0.17094310920132094
4.76398428098452786 0.01838593131301492 0.15853789914517488
4.79679526855455585 0.01784254044517615 0.14605801537094554
4.82983223105592252 0.01731262101320612 0.13351438513257449
4.86309672481695010 0.01679590843864872 0.12091826504537610
4.89659031688469248 0.01629214161214418 0.10828123768800021
4.93031458509869847 0.01580106290748914 0.09561520733896454
4.96427111816537092 0.01532241819262067 0.08293239480731128
4.99846151573283315 0.01485595683755343 0.07024533131760777
5.03288738846622596 0.01440143171930990 0.05756685141036182
5.06755035812365673 0.01395859922389155 0.04491008481996882
5.10245205763253029 0.01352721924535067 0.03228844729356881
5.13759413116650521 0.01310705518202962 0.01971563031564316
5.17297823422297665 0.01269787393004473 0.00720558970484835
5.20860603370100783 0.01229944587410011 -0.00522746694854723
5.24447920797988143 0.01191154487572421 -0.01756909403418372
5.28059944699819717 0.01153394825903027 -0.02980462288936873
5.31696845233342508 0.01116643679410848 -0.04191917800787869
5.35358793728209381 0.01080879467816392 -0.05389769451193086
5.39045962694052694 0.01046080951452008 -0.06572493690658662
5.42758525828605887 0.01012227228961335 -0.07738551913279133
5.46496658025888138 0.00979297734810718 -0.08886392593201506
5.50260535384447369 0.00947272236625884 -0.10014453553204253
5.54050335215649259 0.00916130832367441 -0.11121164365987411
5.57866236052033670 0.00885853947358886 -0.12204948888393614
5.61708417655727565 0.00856422331180980 -0.13264227928388631
5.65577061026908012 0.00827817054446355 -0.14297422044222188
5.69472348412331364 0.00800019505468103 -0.15302954474766262
5.73394463313921854 0.00773011386836021 -0.16279254199590384
5.77343590497410020 0.00746774711913911 -0.17224759126880596
5.81319916001040049 0.00721291801271048 -0.18137919406840222
5.85323627144336545 0.00696545279060529 -0.19017200867729128
5.89354912536922804 0.00672518069356817 -0.19861088571201146
5.93413962087409441 0.00649193392464209 -0.20668090483086898
5.97500967012343231 0.00626554761207445 -0.21436741255243491
6.01616119845208175 0.00604585977215038 -0.22165606113550626
6.05759614445503924 0.00583271127205203 -0.22853284846574501
6.09931646007870754 0.00562594579283617 -0.23498415888849175
6.14132411071287976 0.00542540979261442 -0.24099680492134137
6.18362107528336136 0.00523095247001335 -0.24655806977401742
6.22620934634512757 0.00504242572798375 -0.25165575059685635
6.26909093017622254 0.00485968413802037 -0.25627820237279908
6.31226784687230946 0.00468258490484589 -0.26041438236122566
6.35574213044176251 0.00451098783160518 -0.26405389499522269
6.39951582890152437 0.00434475528560780 -0.26718703712693992
6.44359100437361665 0.00418375216464986 -0.26980484350861633
6.48796973318221504 0.00402784586393887 -0.27189913238960406
6.53265410595150353 0.00387690624363831 -0.27346255110229256
6.57764622770418317 0.00373080559704223 -0.27448862150229963
6.62294821796058031 0.00358941861938419 -0.27497178512060083
6.66856221083852052 0.00345262237727874 -0.27490744787746491
6.71449035515390236 0.00332029627878874 -0.27429202420017074
6.76073481452185465 0.00319232204410692 -0.27312298037853044
6.80729776745870030 0.00306858367683547 -0.27139887698421916
6.85418140748460925 0.00294896743584404 -0.26911941017192798
6.90138794322687321 0.00283336180768283 -0.26628545167237844
6.94891959852397711 0.00272165747952458 -0.26289908727933403
6.99677861253040323 0.00261374731260699 -0.25896365362498458
7.04496723982204198 0.00250952631614503 -0.25448377303049169
7.09348775050243230 0.00240889162168108 -0.24946538621111813
7.14234243030975069 0.00231174245783964 -0.24391578260832564
7.19153358072439097 0.00221798012545289 -0.23784362811454995
7.24106351907749612 0.00212750797302262 -0.23125898995011029
7.29093457866002304 0.00204023137248459 -0.22417335844603301
7.34114910883271410 0.00195605769524114 -0.21659966548144702
7.39170947513679444 0.00187489628842881 -0.20855229931983618
7.44261805940534860 0.00179665845138868 -0.20004711558483471
7.49387725987554987 0.00172125741230779 -0.19110144411354932
7.54548949130168989 0.00164860830500194 -0.18173409142370828
7.59745718506884682 0.00157862814581098 -0.17196533853035834
7.64978278930746658 0.00151123581057990 -0.16181693384846596
7.70246876900873456 0.00144635201170042 -0.15131208091977996
7.75551760614061170 0.00138389927518977 -0.14047542070576038
7.80893179976480489 0.00132380191778521 -0.12933300819340657
7.86271386615452528 0.00126598602403497 -0.11791228306757007
7.91686633891295788 0.00121037942336803 -0.10624203421191228
7.97139176909264169 0.00115691166712744 -0.09435235781119730
8.02629272531570415 0.00110551400555383 -0.08227460884023483
8.08157179389476887 0.00105611936470754 -0.07004134573961358
8.13723157895484306 0.00100866232332027 -0.05768626809551086
8.19327470255603352 0.00096307908956848 -0.04524414716046583
8.24970380481698484 0.00091930747776308 -0.03275074907415020
8.30652154403929366 0.00087728688495157 -0.02024275066797481
8.36373059683278619 0.00083695826743058 -0.00775764776493519
8.42133365824150992 0.00079826411716835 0.00466634408349992
8.47933344187075200 0.00076114843813838 0.01699039644833781
8.53773268001491026 0.00072555672256670 0.02917518245043499
8.59653412378610682 0.00069143592709708 0.04118099871356860
8.65574054324390119 0.00065873444887918 0.05296789475011696
8.71535472752569795 0.00062740210158635 0.06449580964084400
8.77537948497815989 0.00059739009137066 0.07572471582182011
8.83581764328957142 0.00056865099276364 0.08661476974005101
8.89667204962294100 0.00054113872453247 0.09712646908498961
8.95794557075018716 0.00051480852550177 0.10722081624586118
9.01964109318722329 0.00048961693035209 0.11685948758478572
9.08176152332984898 0.00046552174540687 0.12600500805317727
9.14430978759071600 0.00044248202441999 0.13462093061404196
9.20728883253723041 0.00042045804437664 0.14267201986583655
9.27070162503026651 0.00039941128132053 0.15012443919475196
9.33455115236398569 0.00037930438622091 0.15694594071197965
9.39884042240660378 0.00036010116089280 0.16310605716109175
9.46357246374199690 0.00034176653398430 0.16857629490851914
9.52875032581242287 0.00032426653704478 0.17333032705772095
9.59437707906221782 0.00030756828068768 0.17734418565554305
9.66045581508235429 0.00029163993086187 0.18059645188802109
9.72698964675612210 0.00027645068524514 0.18306844309312648
9.79398170840582871 0.00026197074977347 0.18474439535038192
9.86143515594034170 0.00024817131531936 0.18561164034261696
9.92935316700382486 0.00023502453453249 0.18566077512416759
9.99773894112547623 0.00022250349885535 0.18488582337343340
10.06659569987014713 0.00021058221572656 0.18328438665674945
10.13592668699016741 0.00019923558598398 0.18085778418595488
10.20573516857819385 0.00018843938147943 0.17761117951485667
10.27602443322096626 0.00017817022291643 0.17355369259099046
10.34679779215434792 0.00016840555792194 0.16869849555973160
10.41805857941921332 0.00015912363936257 0.16306289070901914
10.48981015201854206 0.00015030350391541 0.15666836894577904
10.56205589007563006 0.00014192495090298 0.14954064721072741
10.63479919699321208 0.00013396852140145 0.14170968326767913
10.70804349961384183 0.00012641547763055 0.13320966634788278
10.78179224838138772 0.00011924778263349 0.12407898219033761
10.85604891750345935 0.00011244808025415 0.11436015109653409
10.93081700511513965 0.00010599967541879 0.10409973771357112
11.00610003344382370 0.00009988651472860 0.09334823137405987
11.08190154897503987 0.00009409316736926 0.08215989595541759
11.15822512261957122 0.00008860480634268 0.07059258837578435
11.23507434988173870 0.00008340719002620 0.05870754501944223
11.31245285102866305 0.00007848664406334 0.04656913558167664
11.39036427126086970 0.00007383004359027 0.03424458404172844
11.46881228088406779 0.00006942479580123 0.02180365671288928
11.54780057548193817 0.00006525882285594 0.00931831758068398
11.62733287609027499 0.00006132054513138 -0.00313764857697327
11.70741292937236366 0.00005759886481989 -0.01548904449048198
11.78804450779532864 0.00005408314987521 -0.02765969900035689
11.86923140980793434 0.00005076321830729 -0.03957293449979453
11.95097746001958150 0.00004762932282680 -0.05115206140080737
12.03328650938034805 0.00004467213583924 -0.06232089743562720
12.11616243536247062 0.00004188273478865 -0.07300430922217546
12.19960914214307124 0.00003925258785020 -0.08312877313054046
12.28363056078792503 0.00003677353997070 -0.09262295208984229
12.36823064943682482 0.00003443779925573 -0.10141828457528310
12.45341339348988541 0.00003223792370161 -0.10944958161770596
12.53918280579536493 0.00003016680827019 -0.11665562728713041
12.62554292683876156 0.00002821767230411 -0.12297977772249578
12.71249782493303115 0.00002638404727994 -0.12837055341757839
12.80005159641030055 0.00002465976489603 -0.13278221913352048
12.88820836581490603 0.00002303894549213 -0.13617534549775884
12.97697228609757403 0.00002151598679700 -0.13851734607380251
13.06634753881110811 0.00002008555300051 -0.13978298345299692
13.15633833430746158 0.00001874256414615 -0.13995483773509099
13.24694891193594515 0.00001748218583970 -0.13902373063615786
13.33818354024298891 0.00001629981926995 -0.13698909839736359
13.43004651717330766 0.00001519109153652 -0.13385930667338453
13.52254217027224570 0.00001415184628044 -0.12965190066192578
13.61567485688968482 0.00001317813461231 -0.12439378390255379
13.70944896438540361 0.00001226620633313 -0.11812131943033459
13.80386891033561803 0.00001141250144264 -0.11088034732343567
13.89893914274114195 0.00001061364192982 -0.10272611313913031
13.99466414023702043 0.00000986642384028 -0.09372310229397349
14.09104841230335481 0.00000916780961491 -0.08394477611471711
14.18809649947781004 0.00000851492069440 -0.07347320606908106
14.28581297356959823 0.00000790503038384 -0.06239860358076860
14.38420243787468600 0.00000733555697187 -0.05081874384053821
14.48326952739274454 0.00000680405709852 -0.03883828314248165
14.58301890904555620 0.00000630821936609 -0.02656797049782474
14.68345528189669658 0.00000584585818719 -0.01412375560142251
14.78458337737311012 0.00000541490786415 -0.00162579664036930
14.88640795948781026 0.00000501341689411 0.01080262707082663
14.98893382506439842 0.00000463954249372 0.02303629108130205
15.09216580396309659 0.00000429154533799 0.03494928225900997
15.19610875930813876 0.00000396778450716 0.04641632589894180
15.30076758771692269 0.00000366671263612 0.05731417201110125
15.40614721953078536 0.00000338687126047 0.06752302766269376
15.51225261904708930 0.00000312688635368 0.07692802063253550
15.61908878475316698 0.00000288546404962 0.08542067808312778
15.72666074956188353 0.00000266138654485 0.09290040249748541
15.83497358104856190 0.00000245350817534 0.09927592579582095
15.94403238168977666 0.00000226075166188 0.10446672137531275
16.05384228910383726 0.00000208210451911 0.10840435283932147
16.16440847629262834 0.00000191661562252 0.11103373743612044
16.27573615188538625 0.00000176339192851 0.11231430174710672
16.38783056038416674 0.00000162159534206 0.11222100698569147
16.50069698241071947 0.00000149043972725 0.11074522142443358
16.61434073495536978 0.00000136918805532 0.10789541799123804
16.72876717162753124 0.00000125714968566 0.10369767599442525
16.84398168290777775 0.00000115367777480 0.09819596727612019
16.95998969640185550 0.00000105816680873 0.09145220887383972
17.07679667709644278 0.00000097005025396 0.08354606650565431
17.19440812761645176 0.00000088879832282 0.07457449589226588
17.31282958848430553 0.00000081391584867 0.06465101208930646
17.43206663838105897 0.00000074494026657 0.05390468061578595
17.55212489440898693 0.00000068143969547 0.04247882821073620
17.67301001235643199 0.00000062301111758 0.03052947549989791
17.79472768696403406 0.00000056927865116 0.01822349866658124
17.91728365219310604 0.00000051989191276 0.00573653234239848
18.04068368149582469 0.00000047452446520 -0.00674936870111597
18.16493358808703462 0.00000043287234756 -0.01904828594801578
18.29003922521819092 0.00000039465268374 -0.03097318290250068
18.41600648645320959 0.00000035960236611 -0.04233880592577079
18.54284130594588476 0.00000032747681090 -0.05296470041105235
18.67054965871956540 0.00000029804878213 -0.06267829739064472
18.79913756094870436 0.00000027110728089 -0.07131802089491227
18.92861107024209844 0.00000024645649711 -0.07873636214682213
19.05897628592832760 0.00000022391482070 -0.08480286312081729
19.19023934934321218 0.00000020331390937 -0.08940694926703646
19.32240644411890074 0.00000018449781041 -0.09246054944502903
19.45548379647529202 0.00000016732213374 -0.09390044046377133
19.58947767551343233 0.00000015165327376 -0.09369025421630729
19.72439439351064294 0.00000013736767754 -0.09182208734336794
19.86024030621799952 0.00000012435115703 -0.08831765675829821
19.99702181315981875 0.00000011249824306 -0.08322894928993139
20.13474535793495690 0.00000010171157891 -0.07663832019720591
20.27341742852043538 0.00000009190135143 -0.06865800339316704
20.41304455757720504 0.00000008298475772 -0.05942900586316831
20.55363332275766908 0.00000007488550543 -0.04911936990774930
20.69519034701566085 0.00000006753334491 -0.03792179937489094
20.83772229891854622 0.00000006086363139 -0.02605065981120782
20.98123589296111646 0.00000005481691566 -0.01373837724916086
21.12573788988219903 0.00000004933856140 -0.00123127589878277
21.27123509698287762 0.00000004437838801 0.01121508898142919
21.41773436844730227 0.00000003989033708 0.02334103065632637
21.56524260566567719 0.00000003583216145 0.03488817475170355
21.71376675755915642 0.00000003216513536 0.04560514412758614
21.86331382090732234 0.00000002885378447 0.05525336772192146
22.01389084067788815 0.00000002586563458 0.06361288417628880
22.16550491035836856 0.00000002317097792 0.07048800114853139
22.31816317229034397 0.00000002074265589 0.07571266402771668
22.47187281800605874 0.00000001855585728 0.07915538377648278
22.62664108856695222 0.00000001658793095 0.08072357328059074
22.78247527490490754 0.00000001481821210 0.08036714527701945
22.93938271816583452 0.00000001322786124 0.07808123297834381
23.09737081005526349 0.00000001179971501 0.07390790713741506
23.25644699318666753 0.00000001051814813 0.06793678061509931
23.41661876143221122 0.00000000936894570 0.06030441350687184
23.57789366027551736 0.00000000833918517 0.05119245838593679
23.74027928716727942 0.00000000741712735 0.04082451590459910
23.90378329188323292 0.00000000659211580 0.02946170536367964
24.06841337688434734 0.00000000585448401 0.01739699223626928
24.23417729767975004 0.00000000519547039 0.00494835416370097
24.40108286319222586 0.00000000460713767 -0.00754909239709468
24.56913793612584485 0.00000000408230446 -0.01975184208916191
24.73835043333644990 0.00000000361447346 -0.03131742511702598
24.90872832620479116 0.00000000319777506 -0.04191427550498537
25.08027964101170326 0.00000000282690769 -0.05123173345852070
25.25301245931659011 0.00000000249708774 -0.05898997437170776
25.42693491833779973 0.00000000220400226 -0.06494941939385604
25.60205521133612194 0.00000000194376570 -0.06891944207849945
25.77838158800087243 0.00000000171288028 -0.07076589034787162
25.95592235483826826 0.00000000150819981 -0.07041738074195142
26.13468587556286593 0.00000000132689657 -0.06786962739297274
26.31468057149170292 0.00000000116643114 -0.06318798170442740
26.49591492194075215 0.00000000102452484 -0.05650775956823131
26.67839746462448147 0.00000000089913463 -0.04803224855776694
26.86213679605822335 0.00000000078843025 -0.03802832315549289
27.04714157196285029 0.00000000069077340 -0.02681962175958390
27.23342050767267608 0.00000000060469886 -0.01477752523129092
27.42098237854617082 0.00000000052889729 -0.00230985830864989
27.60983602037906337 0.00000000046219961 0.01015216078513912
27.79999032982073714 0.00000000040356291 0.02216850235754440
27.99145426479347520 0.00000000035205759 0.03330594086289054
28.18423684491418513 0.00000000030685580 0.04315418921127503
28.37834715191940305 0.00000000026722092 0.05134196441578871
28.57379433009332814 0.00000000023249808 0.05755235541540935
28.77058758669825522 0.00000000020210562 0.06153684337742064
28.96873619240848896 0.00000000017552734 0.06312732908959076
29.16824948174722820 0.00000000015230558 0.06224555420849148
29.36913685352597270 0.00000000013203490 0.05890936451459972
29.57140777128746478 0.00000000011435647 0.05323535431091116
29.77507176375166154 0.00000000009895302 0.04543755071713401
29.98013842526423645 0.00000000008554426 0.03582194241905564
30.18661741624899619 0.00000000007388280 0.02477682545802445
30.39451846366259957 0.00000000006375050 0.01275912336747567
30.60385136145291085 0.00000000005495520 0.00027703338490711
30.81462597102058965 0.00000000004732777 -0.01213045372604294
31.02685222168328139 0.00000000004071949 -0.02391642489868923
31.24054011114357010 0.00000000003499974 -0.03455040197444353
31.45569970596010023 0.00000000003005389 -0.04354313861667659
31.67234114202147310 0.00000000002578141 -0.05047070805398782
31.89047462502390218 0.00000000002209428 -0.05499667817874922
32.11011043095216166 0.00000000001891549 -0.05689117183231436
32.33125890656335599 0.00000000001617768 -0.05604567318281974
32.55393046987445160 0.00000000001382207 -0.05248256914779316
32.77813561065330106 0.00000000001179737 -0.04635860783687253
33.00388489091239563 0.00000000001005887 -0.03796171036815591
33.23118894540665735 0.00000000000856766 -0.02770088062029607
33.46005848213456346 0.00000000000728988 -0.01608930801163406
33.69050428284223386 0.00000000000619615 -0.00372113590160217
33.92253720353155444 0.00000000000526093 0.00875724608563017
34.15616817497173940 0.00000000000446210 0.02068015512933589
34.39140820321391345 0.00000000000378050 0.03139824722717850
34.62826837010977243 0.00000000000319954 0.04031498646255580
34.86675983383382516 0.00000000000270492 0.04692191811768396
35.10689382940867631 0.00000000000228425 0.05083062463514556
35.34868166923443766 0.00000000000192687 0.05179927644334029
35.59213474362190510 0.00000000000162359 0.04975185402463184
35.83726452132862050 0.00000000000136652 0.04478841684771286
36.08408255009970134 0.00000000000114885 0.03718522400961943
36.33260045721140585 0.00000000000096476 0.02738405651127464
36.58282995001901128 0.00000000000080924 0.01597072839754502
36.83478281650860708 0.00000000000067800 0.00364347076967332
37.08847092585194360 0.00000000000056739 -0.00882741188771769
37.34390622896582812 0.00000000000047428 -0.02064652656835519
37.60110075907528682 0.00000000000039597 -0.03104432332486412
37.86006663228003788 0.00000000000033021 -0.03932880135562047
38.12081604812546942 0.00000000000027503 -0.04493451774134478
38.38336129017754672 0.00000000000022880 -0.04746536009843087
38.64771472660106610 0.00000000000019012 -0.04672765004051803
38.91388881074252026 0.00000000000015778 -0.04275065922578513
39.18189608171694260 0.00000000000013078 -0.03579229342135373
39.45174916499820483 0.00000000000010827 -0.02632848231769491
39.72346077301400413 0.00000000000008952 -0.01502636814973974
39.99704370574492174 0.00000000000007392 -0.00270151366995473
40.27251085132701292 0.00000000000006097 0.00973765097264809
40.54987518665913626 0.00000000000005022 0.02135539034856142
40.82914977801451073 0.00000000000004131 0.03125950900012748
41.11034778165581827 0.00000000000003394 0.03867223774065709
41.39348244445520209 0.00000000000002785 0.04299550894987397
41.67856710451849267 0.00000000000002282 0.04386496965494816
41.96561519181314992 0.00000000000001868 0.04118758392327018
42.25464022880114356 0.00000000000001527 0.03515865721264580
42.54565583107618920 0.00000000000001246 0.02625554709517652
42.83867570800463653 0.00000000000001016 0.01520712760044623
43.13371366337192114 0.00000000000000827 0.00294012551881282
43.43078359603229188 0.00000000000000672 -0.00949441377750066
43.72989950056381758 0.00000000000000546 -0.02100923398307626
44.03107546792784888 0.00000000000000442 -0.03057651343169772
44.33432568613240932 0.00000000000000358 -0.03732277209377038
44.63966444090076635 0.00000000000000289 -0.04061419170933166
44.94710611634466346 0.00000000000000234 -0.04012372531138342
45.25666519564148160 0.00000000000000188 -0.03587245550488454
45.56835626171672260 0.00000000000000152 -0.02823958609204290
45.88219399793127451 0.00000000000000122 -0.01793811398834286
46.19819318877259207 0.00000000000000098 -0.00595643382185897
46.51636872055146199 0.00000000000000078 0.00653039843686245
46.83673558210352894 0.00000000000000063 0.01827261036738035
47.15930886549484313 0.00000000000000050 0.02807076552982518
47.48410376673314204 0.00000000000000040 0.03490165808090599
47.81113558648395667 0.00000000000000032 0.03803174597241760
48.14041973079085324 0.00000000000000025 0.03710514164008435
48.47197171180150121 0.00000000000000020 0.03219497086535970
48.80580714849863710 0.00000000000000016 0.02381012415068215
49.14194176743541220 0.00000000000000013 0.01285384170134068
49.48039140347642473 0.00000000000000010 0.00053580570551590
49.82117200054399575 0.00000000000000008 -0.01175506956876928
50.16429961236871549 0.00000000000000006 -0.02260478859239358
50.50979040324599367 0.00000000000000005 -0.03073884439440491
50.85766064879778270 0.00000000000000004 -0.03517815362244223
51.20792673673872031 0.00000000000000003 -0.03536692342369235
51.56060516764880930 0.00000000000000002 -0.03125474217324074
51.91571255575011179 0.00000000000000002 -0.02332034769265566
52.27326562968973178 0.00000000000000001 -0.01252964256975876
52.63328123332806285 0.00000000000000001 -0.00022979243188065
52.99577632653188175 0.00000000000000001 0.01201106111691543
53.36076798597342474 0.00000000000000001 0.02260072269484142
53.72827340593521939 0.00000000000000001 0.03013266135449917
54.09830989911951349 0.00000000000000000 0.03358084369061769
54.47089489746409896 0.00000000000000000 0.03245211817027205
54.84604595296382712 0.00000000000000000 0.02687232137707857
55.22378073849689883 0.00000000000000000 0.01758984161126298
55.60411704865762061 0.00000000000000000 0.00589097011411889
55.98707280059507951 0.00000000000000000 -0.00656623775120480
56.37266603485656447 0.00000000000000000 -0.01798033957663505
56.76091491623769514 0.00000000000000000 -0.02666709153847852
57.15183773463848382 0.00000000000000000 -0.03131502798615726
57.54545290592436402 0.00000000000000000 -0.03119672833172169
57.94177897279396205 0.00000000000000000 -0.02630033522507634
58.34083460565301493 0.00000000000000000 -0.01735573419827576
58.74263860349324062 0.00000000000000000 -0.00574466446175452
59.14720989477827118 0.00000000000000000 0.00669800517241375
59.55456753833561123 0.00000000000000000 0.01796619176695703
59.96473072425391138 0.00000000000000000 0.02620626291580400
60.37771877478727589 0.00000000000000000 0.03003079510897021
60.79355114526580195 0.00000000000000000 0.02876850124623418
61.21224742501138394 0.00000000000000000 0.02260331624589494
61.63382733826140480 0.00000000000000000 0.01257146859449851
62.05831074509711698 0.00000000000000000 0.00040822191617002
62.48571764237959769 0.00000000000000000 -0.01173758406536465
62.91606816469209207 0.00000000000000000 -0.02167753926091134
63.34938258528783450 0.00000000000000000 -0.02758283696764133
63.78568131704546573 0.00000000000000000 -0.02833566904493811
64.22498491343100113 0.00000000000000000 -0.02376339807400659
64.66731406946533411 0.00000000000000000 -0.01470333179262414
65.11268962269959104 0.00000000000000000 -0.00287500491924825
65.56113255419701602 0.00000000000000000 0.00942684925675791
66.01266398952071768 0.00000000000000000 0.01976824528593483
66.46730519972919637 0.00000000000000000 0.02606103724928222
66.92507760237876369 0.00000000000000000 0.02700029433299304
67.38600276253178833 0.00000000000000000 0.02236029251113660
67.85010239377291441 0.00000000000000000 0.01307802097182553
68.31739835923238502 0.00000000000000000 0.00109322009102873
68.78791267261519238 0.00000000000000000 -0.01103547658602366
69.26166749923855548 0.00000000000000000 -0.02066794942280915
69.73868515707637528 0.00000000000000000 -0.02566358830907225
70.21898811780998528 0.00000000000000000 -0.02487769536590233
70.70259900788697394 0.00000000000000000 -0.01845475312066981
71.18954060958763819 0.00000000000000000 -0.00783818406850308
71.67983586209734881 0.00000000000000000 0.00452314997396157
72.17350786258761275 0.00000000000000000 0.01572062391414670
72.67057986730449670 0.00000000000000000 0.02306778016821869
73.17107529266338872 0.00000000000000000 0.02476042148472498
73.67501771635303953 0.00000000000000000 0.02035021075150339
74.18243087844544448 0.00000000000000000 0.01090157155740562
74.69333868251453623 0.00000000000000000 -0.00122742047049977
75.20776519676272187 0.00000000000000000 -0.01294678660012327
75.72573465515387170 0.00000000000000000 -0.02121340735189838
76.24727145855528931 0.00000000000000000 -0.02383407763142452
76.77240017588772503 0.00000000000000000 -0.02007903938159817
77.30114554528189785 0.00000000000000000 -0.01092769223535761
77.83353247524428298 0.00000000000000000 0.00114366447908651
78.36958604583098520 0.00000000000000000 0.01280079539247936
78.90933150982831989 0.00000000000000000 0.02076251996336569
79.45279429394295789 0.00000000000000000 0.02273919024617766
80.00000000000002842 0.00000000000000000 0.01812769966139634
