0.00000000000000000 0.00095341445797496 -0.01504705288943614
0.00000060603270582 0.00341295747273174 -0.05386417958187290
0.00000121623926342 0.00531496809734102 -0.08388219391327853
0.00000183064841884 0.00689332538371206 -0.10879221195535874
0.00000244928911611 0.00829530764375720 -0.13091861338745778
0.00000307219049857 0.00958159244939191 -0.15121904149655865
0.00000369938191031 0.01078335637546243 -0.17018556433007173
0.00000433089289749 0.01192030215178736 -0.18812911117246425
0.00000496675320978 0.01300551362894821 -0.20525617870829529
0.00000560699280172 0.01404817277798366 -0.22171167609375475
0.00000625164183417 0.01505506502141521 -0.23760269225903197
0.00000690073067572 0.01603139203980183 -0.25301132109478575
0.00000755428990408 0.01698123617182519 -0.26800199086382476
0.00000821235030760 0.01790787834843219 -0.28262648192878631
0.00000887494288662 0.01881400494534617 -0.29692719126336820
0.00000954209885504 0.01970184948549906 -0.31093936883064494
0.00001021384964169 0.02057329385671873 -0.32469271501585967
0.00001089022689190 0.02142994200881559 -0.33821254372684789
0.00001157126246890 0.02227317481140743 -0.35152064817087858
0.00001225698845539 0.02310419167719031 -0.36463595776146629
0.00001294743715505 0.02392404266071193 -0.37757504470791436
0.00001364264109400 0.02473365357634543 -0.39035252043256330
0.00001434263302241 0.02553384591153099 -0.40298134984592926
0.00001504744591597 0.02632535279947855 -0.41547310343145383
0.00001575711297752 0.02710883196722352 -0.42783816159463833
0.00001647166763854 0.02788487633297164 -0.44008588191275733
0.00001719114356077 0.02865402275570902 -0.45222473722321443
0.00001791557463778 0.02941675931734261 -0.46426243055196947
0.00001864499499659 0.03017353142827721 -0.47620599147317705
0.00001937943899923 0.03092474698140174 -0.48806185745060460
0.00002011894124442 0.03167078073021385 -0.49983594293422312
0.00002086353656913 0.03241197802962315 -0.51153369839844720
0.00002161326005029 0.03314865804959194 -0.52316016106057239
0.00002236814700639 0.03388111654990865 -0.53471999867290931
0.00002312823299918 0.03460962828739000 -0.54621754751381901
0.00002389355383531 0.03533444911348400 -0.55765684549258399
0.00002466414556806 0.03605581780971939 -0.56904166111690946
0.00002544004449901 0.03677395770006919 -0.58037551893963013
0.00002622128717973 0.03748907807258297 -0.59166172199525013
0.00002700791041356 0.03820137543722857 -0.60290337165150376
0.00002779995125730 0.03891103464248995 -0.61410338523176977
0.00002859744702296 0.03961822986968272 -0.62526451170759756
0.00002940043527952 0.04032312552100648 -0.63638934571416361
0.00003020895385472 0.04102587701492557 -0.64748034010316069
0.00003102304083682 0.04172663150045883 -0.65853981721589050
0.00003184273457640 0.04242552850028309 -0.66956997903287951
0.00003266807368816 0.04312270049115387 -0.68057291633421602
0.00003349909705276 0.04381827342897014 -0.69155061698624942
0.00003433584381862 0.04451236722481654 -0.70250497345460461
0.00003517835340380 0.04520509617747649 -0.71343778963020643
0.00003602666549782 0.04589656936719533 -0.72435078704374489
0.00003688082006357 0.04658689101486353 -0.73524561053439241
0.00003774085733916 0.04727616081026904 -0.74612383343035993
0.00003860681783982 0.04796447421262066 -0.75698696229183060
0.00003947874235983 0.04865192272615931 -0.76783644126072215
0.00004035667197442 0.04933859415334091 -0.77867365605648120
0.00004124064804171 0.05002457282778791 -0.78949993765258075
0.00004213071220466 0.05070993982895471 -0.80031656566442066
0.00004302690639304 0.05139477318023641 -0.81112477147592810
0.00004392927282539 0.05207914803205789 -0.82192574112911398
0.00004483785401101 0.05276313683131657 -0.83272061799825936
0.00004575269275200 0.05344680947840387 -0.84351050526806581
0.00004667383214520 0.05413023347290381 -0.85429646823310612
0.00004760131558430 0.05481347404895332 -0.86507953643411328
0.00004853518676184 0.05549659430114939 -0.87586070564507768
0.00004947548967128 0.05617965530179984 -0.88664093972372660
0.00005042226860905 0.05686271621023611 -0.89742117233672636
0.00005137556817669 0.05754583437483738 -0.90820230856984840
0.00005233543328290 0.05822906542835266 -0.91898522643236946
0.00005330190914567 0.05891246337705331 -0.92977077826409582
0.00005427504129443 0.05959608068419865 -0.94055979205263851
0.00005525487557217 0.06027996834825317 -0.95135307266785474
0.00005624145813759 0.06096417597625462 -0.96215140301976299
0.00005723483546734 0.06164875185269703 -0.97295554514566995
0.00005823505435811 0.06233374300426030 -0.98376624123174883
0.00005924216192892 0.06301919526068968 -0.99458421457385315
0.00006025620562330 0.06370515331210284 -1.00541017048195247
0.00006127723321152 0.06439166076297820 -1.01624479713218752
0.00006230529279288 0.06507876018305800 -1.02708876637023550
0.00006334043279791 0.06576649315537955 -1.03794273446935104
0.00006438270199072 0.06645490032163172 -1.04880734284619148
0.00006543214947126 0.06714402142501709 -1.05968321873727978
0.00006648882467762 0.06783389535078653 -1.07057097583873073
0.00006755277738841 0.06852456016460019 -1.08147121491167053
0.00006862405772505 0.06921605314885575 -1.09238452435558187
0.00006970271615417 0.06990841083711605 -1.10331148075164576
0.00007078880348996 0.07060166904675619 -1.11425264937798807
0.00007188237089658 0.07129586290994286 -1.12520858469860063
0.00007298346989057 0.07199102690304926 -1.13617983082757568
0.00007409215234328 0.07268719487460251 -1.14716692197018078
0.00007520847048328 0.07338440007185225 -1.15817038284216456
0.00007633247689889 0.07408267516604394 -1.16919072906863319
0.00007746422454057 0.07478205227647396 -1.18022846756368804
0.00007860376672349 0.07548256299339794 -1.19128409689197334
0.00007975115712999 0.07618423839985974 -1.20235810761318529
0.00008090644981215 0.07688710909250307 -1.21345098261052575
0.00008206969919430 0.07759120520142379 -1.22456319740401720
0.00008324096007561 0.07829655640911741 -1.23569522044953395
0.00008442028763265 0.07900319196857224 -1.24684751342435574
0.00008560773742201 0.07971114072055555 -1.25802053149997994
0.00008680336538291 0.08042043111013701 -1.26921472360289855
0.00008800722783983 0.08113109120249108 -1.28043053266399443
0.00008921938150515 0.08184314869801683 -1.29166839585716797
0.00009043988348186 0.08255663094681165 -1.30292874482776222
0.00009166879126623 0.08327156496253320 -1.31421200591133780
0.00009290616275050 0.08398797743568157 -1.32551860034329128
0.00009415205622562 0.08470589474633122 -1.33684894445979796
0.00009540653038403 0.08542534297634158 -1.34820344989051777
0.00009666964432236 0.08614634792107263 -1.35958252374349864
0.00009794145754428 0.08686893510063021 -1.37098656878264635
0.00009922202996325 0.08759312977066507 -1.38241598359816198
0.00010051142190536 0.08831895693274709 -1.39387116277026957
0.00010180969411221 0.08904644134433640 -1.40535249702657983
0.00010311690774369 0.08977560752837027 -1.41686037339339643
0.00010443312438095 0.09050647978248463 -1.42839517534124871
0.00010575840602925 0.09123908218788811 -1.43995728292494540
0.00010709281512086 0.09197343861790436 -1.45154707291839147
0.00010843641451808 0.09270957274619894 -1.46316491894442580
0.00010978926751612 0.09344750805470527 -1.47481119159990959
0.00011115143784613 0.09418726784126340 -1.48648625857628547
0.00011252298967817 0.09492887522698522 -1.49819048477581518
0.00011390398762428 0.09567235316335837 -1.50992423242369522
0.00011529449674147 0.09641772443910074 -1.52168786117623411
0.00011669458253481 0.09716501168677651 -1.53348172822527284
0.00011810431096053 0.09791423738918512 -1.54530618839901157
0.00011952374842909 0.09866542388553221 -1.55716159425940348
0.00012095296180836 0.09941859337739280 -1.56904829619626707
0.00012239201842671 0.10017376793447579 -1.58096664251825914
0.00012384098607623 0.10093096950019792 -1.59291697954085087
0.00012529993301590 0.10169021989707580 -1.60489965167141868
0.00012676892797482 0.10245154083194351 -1.61691500149159362
0.00012824804015542 0.10321495390100352 -1.62896336983697498
0.00012973733923676 0.10398048059471746 -1.64104509587431524
0.00013123689537777 0.10474814230254373 -1.65316051717629442
0.00013274677922061 0.10551796031752832 -1.66530996979396839
0.00013426706189393 0.10628995584075510 -1.67749378832700624
0.00013579781501627 0.10706414998566013 -1.68971230599178157
0.00013733911069942 0.10784056378221778 -1.70196585468743256
0.00013889102155182 0.10861921818100137 -1.71425476505995422
0.00014045362068197 0.10940013405712500 -1.72657936656440514
0.00014202698170187 0.11018333221407078 -1.73893998752531154
0.00014361117873053 0.11096883338740597 -1.75133695519532862
0.00014520628639740 0.11175665824839430 -1.76377059581223783
0.00014681237984592 0.11254682740750567 -1.77624123465433659
0.00014842953473709 0.11333936141782867 -1.78874919609429361
0.00015005782725295 0.11413428077838826 -1.80129480365151307
0.00015169733410024 0.11493160593737431 -1.81387838004308244
0.00015334813251402 0.11573135729528217 -1.82650024723334092
0.00015501030026123 0.11653355520797036 -1.83916072648213547
0.00015668391564445 0.11733821998963771 -1.85186013839180630
0.00015836905750551 0.11814537191572272 -1.86459880295294300
0.00016006580522926 0.11895503122572879 -1.87737703958897661
0.00016177423874727 0.11976721812597702 -1.89019516719962000
0.00016349443854163 0.12058195279229043 -1.90305350420323505
0.00016522648564871 0.12139925537261108 -1.91595236857813167
0.00016697046166299 0.12221914598955283 -1.92889207790285844
0.00016872644874093 0.12304164474289256 -1.94187294939551824
0.00017049452960478 0.12386677171200081 -1.95489529995212874
0.00017227478754653 0.12469454695821551 -1.96795944618408725
0.00017406730643183 0.12552499052715962 -1.98106570445474173
0.00017587217070391 0.12635812245100528 -1.99421439091512864
0.00017768946538756 0.12719396275068542 -2.00740582153887814
0.00017951927609319 0.12803253143805640 -2.02064031215633788
0.00018136168902080 0.12887384851801131 -2.03391817848793055
0.00018321679096405 0.12971793399054690 -2.04723973617677579
0.00018508466931440 0.13056480785278529 -2.06060530082058913
0.00018696541206516 0.13141449010095205 -2.07401518800290807
0.00018885910781567 0.13226700073231185 -2.08746971332363485
0.00019076584577548 0.13312235974706346 -2.10096919242894797
0.00019268571576853 0.13398058715019542 -2.11451394104058243
0.00019461880823741 0.13484170295330267 -2.12810427498450405
0.00019656521424759 0.13570572717636706 -2.14174051021901102
0.00019852502549171 0.13657267984950167 -2.15542296286225410
0.00020049833429394 0.13744258101466039 -2.16915194921922616
0.00020248523361429 0.13831545072731369 -2.18292778580820546
0.00020448581705300 0.13919130905809213 -2.19675078938669133
0.00020650017885496 0.14007017609439812 -2.21062127697684518
0.00020852841391413 0.14095207194198739 -2.22453956589044255
0.00021057061777803 0.14183701672651985 -2.23850597375335436
0.00021262688665221 0.14272503059508274 -2.25252081852958286
0.00021469731740485 0.14361613371768514 -2.26658441854484760
0.00021678200757123 0.14451034628872539 -2.28069709250974384
0.00021888105535840 0.14540768852843267 -2.29485915954249320
0.00022099455964977 0.14630818068428211 -2.30907093919127515
0.00022312262000977 0.14721184303238602 -2.32333275145618590
0.00022526533668857 0.14811869587885995 -2.33764491681079534
0.00022742281062675 0.14902875956116635 -2.35200775622335145
0.00022959514346012 0.14994205444943429 -2.36642159117761031
0.00023178243752444 0.15085860094775769 -2.38088674369332276
0.00023398479586029 0.15177841949547191 -2.39540353634637748
0.00023620232221791 0.15270153056840904 -2.40997229228861798
0.00023843512106208 0.15362795468013241 -2.42459333526732213
0.00024068329757706 0.15455771238315197 -2.43926698964438149
0.00024294695767150 0.15549082427011990 -2.45399358041516980
0.00024522620798350 0.15642731097500651 -2.46877343322710363
0.00024752115588558 0.15736719317425921 -2.48360687439792960
0.00024983190948974 0.15831049158794205 -2.49849423093370904
0.00025215857765257 0.15925722698085837 -2.51343583054653408
0.00025450126998040 0.16020742016365627 -2.52843200167197546
0.00025686009683441 0.16116109199391765 -2.54348307348626657
0.00025923516933586 0.16211826337722995 -2.55858937592321878
0.00026162659937133 0.16307895526824315 -2.57375123969089969
0.00026403449959799 0.16404318867171019 -2.58896899628805777
0.00026645898344887 0.16501098464351302 -2.60424297802030846
0.00026890016513825 0.16598236429167298 -2.61957351801608462
0.00027135815966704 0.16695734877734730 -2.63496095024235499
0.00027383308282816 0.16793595931581085 -2.65040560952012516
0.00027632505121202 0.16891821717742422 -2.66590783153971245
0.00027883418221200 0.16990414368858819 -2.68146795287580586
0.00028136059403001 0.17089376023268454 -2.69708631100231511
0.00028390440568202 0.17188708825100424 -2.71276324430701843
0.00028646573700369 0.17288414924366224 -2.72849909210599995
0.00028904470865600 0.17388496477050036 -2.74429419465789470
0.00029164144213096 0.17488955645197721 -2.76014889317793477
0.00029425605975730 0.17589794597004638 -2.77606352985180926
0.00029688868470626 0.17691015506902258 -2.79203844784932897
0.00029953944099738 0.17792620555643660 -2.80807399133792135
0.00030220845350433 0.17894611930387794 -2.82417050549592430
0.00030489584796083 0.17996991824782696 -2.84032833652572503
0.00030760175096652 0.18099762439047581 -2.85654783166670301
0.00031032628999299 0.18202925980053813 -2.87282933920802108
0.00031306959338972 0.18306484661404865 -2.88917320850123405
0.00031583179039017 0.18410440703515174 -2.90557978997273469
0.00031861301111784 0.18514796333688008 -2.92204943513604443
0.00032141338659243 0.18619553786192253 -2.93858249660392712
0.00032423304873599 0.18724715302338296 -2.95517932810036310
0.00032707213037912 0.18830283130552786 -2.97184028447235127
0.00032993076526727 0.18936259526452545 -2.98856572170156642
0.00033280908806701 0.19042646752917447 -3.00535599691586564
0.00033570723437240 0.19149447080162385 -3.02221146840063737
0.00033862534071132 0.19256662785808223 -3.03913249561000542
0.00034156354455197 0.19364296154951965 -3.05611943917789652
0.00034452198430932 0.19472349480235862 -3.07317266092894803
0.00034750079935162 0.19580825061915713 -3.09029252388928244
0.00035050013000696 0.19689725207928291 -3.10747939229715042
0.00035352011756991 0.19799052233957748 -3.12473363161340467
0.00035656090430816 0.19908808463501296 -3.14205560853187116
0.00035962263346922 0.20018996227933955 -3.15944569098956185
0.00036270544928716 0.20129617866572486 -3.17690424817675732
0.00036580949698943 0.20240675726738383 -3.19443165054696099
0.00036893492280368 0.20352172163820151 -3.21202826982670775
0.00037208187396465 0.20464109541334646 -3.22969447902525975
0.00037525049872113 0.20576490230987649 -3.24743065244415208
0.00037844094634289 0.20689316612733596 -3.26523716568662570
0.00038165336712778 0.20802591074834464 -3.28311439566691510
0.00038488791240876 0.20916316013917932 -3.30106272061942363
0.00038814473456106 0.21030493835034611 -3.31908252010775673
0.00039142398700932 0.21145126951714621 -3.33717417503364944
0.00039472582423487 0.21260217786023208 -3.35533806764573850
0.00039805040178297 0.21375768768615699 -3.37357458154823631
0.00040139787627014 0.21491782338791621 -3.39188410170946630
0.00040476840539154 0.21608260944548002 -3.41026701447027758
0.00040816214792842 0.21725207042631922 -3.42872370755233380
0.00041157926375558 0.21842623098592259 -3.44725457006627645
0.00041501991384890 0.21960511586830678 -3.46585999251977084
0.00041848426029293 0.22078874990651837 -3.48454036682542867
0.00042197246628852 0.22197715802312767 -3.50329608630859601
0.00042548469616053 0.22317036523071521 -3.52212754571502940
0.00042902111536552 0.22436839663235020 -3.54103514121844709
0.00043258189049963 0.22557127742206148 -3.56001927042795385
0.00043616718930631 0.22677903288530021 -3.57908033239535017
0.00043977718068435 0.22799168839939513 -3.59821872762230299
0.00044341203469574 0.22920926943399977 -3.61743485806740761
0.00044707192257372 0.23043180155153176 -3.63672912715311636
0.00045075701673086 0.23165931040760476 -3.65610193977255493
0.00045446749076714 0.23289182175145165 -3.67555370229619482
0.00045820351947816 0.23412936142634061 -3.69508482257842186
0.00046196527886340 0.23537195536998262 -3.71469570996395637
0.00046575294613442 0.23661962961493166 -3.73438677529417884
0.00046956669972332 0.23787241028897607 -3.75415843091328849
0.00047340671929107 0.23913032361552214 -3.77401109067436735
0.00047727318573598 0.24039339591397033 -3.79394516994530662
0.00048116628120228 0.24166165360008174 -3.81396108561458913
0.00048508618908861 0.24293512318633809 -3.83405925609696840
0.00048903309405675 0.24421383128229185 -3.85424010133899442
0.00049300718204025 0.24549780459490944 -3.87450404282441729
0.00049700864025323 0.24678706992890490 -3.89485150357945509
0.00050103765719918 0.24808165418706565 -3.91528290817793767
0.00050509442267985 0.24938158437056943 -3.93579868274629741
0.00050917912780418 0.25068688757929308 -3.95639925496843947
0.00051329196499732 0.25199759101211167 -3.97708505409046564
0.00051743312800967 0.25331372196719054 -3.99785651092526706
0.00052160281192606 0.25463530784226607 -4.01871405785696556
0.00052580121317485 0.25596237613491968 -4.03965812884522979
0.00053002852953727 0.25729495444284178 -4.06068915942942610
0.00053428496015669 0.25863307046408618 -4.08180758673264865
0.00053857070554804 0.25997675199731662 -4.10301384946559189
0.00054288596760719 0.26132602694204221 -4.12430838793026844
0.00054723094962053 0.26268092329884452 -4.14569164402358936
0.00055160585627451 0.26404146916959514 -4.16716406124078897
0.00055601089366530 0.26540769275766307 -4.18872608467869689
0.00056044626930847 0.26677962236811226 -4.21037816103885376
0.00056491219214880 0.26815728640788972 -4.23212073863046889
0.00056940887257012 0.26954071338600316 -4.25395426737322779
0.00057393652240518 0.27092993191368847 -4.27587919879992384
0.00057849535494568 0.27232497070456757 -4.29789598605894696
0.00058308558495229 0.27372585857479415 -4.32000508391658045
0.00058770742866478 0.27513262444319098 -4.34220694875916458
0.00059236110381219 0.27654529733137484 -4.36450203859506125
0.00059704682962311 0.27796390636387119 -4.38689081305645345
0.00060176482683598 0.27938848076821771 -4.40937373340099104
0.00060651531770952 0.28081904987505718 -4.43195126251323046
0.00061129852603317 0.28225564311821760 -4.45462386490590667
0.00061611467713765 0.28369829003478270 -4.47739200672104065
0.00062096399790559 0.28514702026514904 -4.50025615573083204
0.00062584671678217 0.28660186355307260 -4.52321678133838923
0.00063076306378593 0.28806284974570279 -4.54627435457826046
0.00063571327051958 0.28953000879360347 -4.56942934811676782
0.00064069757018092 0.29100337075076371 -4.59268223625215644
0.00064571619757383 0.29248296577459365 -4.61603349491453319
0.00065076938911931 0.29396882412590947 -4.63948360166562512
0.00065585738286665 0.29546097616890404 -4.66303303569830518
0.00066098041850462 0.29695945237110538 -4.68668227783593760
0.00066613873737275 0.29846428330332148 -4.71043181053148796
0.00067133258247275 0.29997549963957193 -4.73428211786645292
0.00067656219847990 0.30149313215700452 -4.75823368554953152
0.00068182783175460 0.30301721173580043 -4.78228700091511527
0.00068712973035400 0.30454776935906203 -4.80644255292152689
0.00069246814404364 0.30608483611268961 -4.83070083214905033
0.00069784332430924 0.30762844318524107 -4.85506233079772720
0.00070325552436855 0.30917862186777761 -4.87952754268490185
0.00070870499918329 0.31073540355369555 -4.90409696324256039
0.00071419200547112 0.31229881973854007 -4.92877108951439435
0.00071971680171777 0.31386890201980672 -4.95355042015265390
0.00072527964818920 0.31544568209672519 -4.97843545541472832
0.00073088080694388 0.31702919177002725 -5.00342669715947608
0.00073652054184512 0.31861946294169913 -5.02852464884330885
0.00074219911857348 0.32021652761471731 -5.05372981551602152
0.00074791680463933 0.32182041789276639 -5.07904270381632017
0.00075367386939543 0.32343116597994254 -5.10446382196713877
0.00075947058404960 0.32504880418043580 -5.12999367977062626
0.00076530722167754 0.32667336489819970 -5.15563278860291163
0.00077118405723566 0.32830488063659918 -5.18138166140854040
0.00077710136757402 0.32994338399804124 -5.20724081269465167
0.00078305943144943 0.33158890768358928 -5.23321075852486217
0.00078905852953852 0.33324148449255597 -5.25929201651284561
0.00079509894445100 0.33490114732207982 -5.28548510581564024
0.00080118096074297 0.33656792916668055 -5.31179054712662246
0.00080730486493030 0.33824186311779569 -5.33820886266817496
0.00081347094550215 0.33992298236329782 -5.36474057618407674
0.00081967949293455 0.34161132018699142 -5.39138621293153530
0.00082593079970410 0.34330690996808855 -5.41814629967291683
0.00083222516030174 0.34500978518066550 -5.44502136466714770
0.00083856287124660 0.34671997939309596 -5.47201193766077232
0.00084494423109999 0.34843752626746594 -5.49911854987869919
0.00085136954047950 0.35016245955896458 -5.52634173401458018
0.00085783910207307 0.35189481311525356 -5.55368202422085044
0.00086435322065335 0.35363462087581499 -5.58113995609842384
0.00087091220309199 0.35538191687127491 -5.60871606668600808
0.00087751635837411 0.35713673522270650 -5.63641089444909493
0.00088416599761289 0.35889911014090753 -5.66422497926854707
0.00089086143406418 0.36066907592565395 -5.69215886242881020
0.00089760298314128 0.36244666696493250 -5.72021308660578409
0.00090439096242980 0.36423191773414559 -5.74838819585426730
0.00091122569170262 0.36602486279529212 -5.77668473559501994
0.00091810749293494 0.36782553679612540 -5.80510325260144988
0.00092503669031947 0.36963397446928187 -5.83364429498587000
0.00093201361028169 0.37145021063138761 -5.86230841218536813
0.00093903858149521 0.37327428018213638 -5.89109615494725158
0.00094611193489729 0.37510621810334061 -5.92000807531405648
0.00095323400370442 0.37694605945795845 -5.94904472660817873
0.00096040512342800 0.37879383938908856 -5.97820666341599871
0.00096762563189013 0.38064959311894203 -6.00749444157164625
0.00097489586923960 0.38251335594778324 -6.03690861814025848
0.00098221617796781 0.38438516325284161 -6.06644975140081044
0.00098958690292501 0.38626505048719678 -6.09611840082849099
0.00099700839133644 0.38815305317863258 -6.12591512707661945
0.00100448099281878 0.39004920692846051 -6.15584049195803829
0.00101200505939656 0.39195354741031574 -6.18589505842612564
0.00101958094551878 0.39386611036891850 -6.21607939055521541
0.00102720900807557 0.39578693161880779 -6.24639405352059995
0.00103488960641504 0.39771604704304198 -6.27683961357801046
0.00104262310236019 0.39965349259186633 -6.30741663804257602
0.00105040986022595 0.40159930428135032 -6.33812569526729597
0.00105825024683636 0.40355351819199003 -6.36896735462096952
0.00106614463154184 0.40551617046727845 -6.39994218646561475
0.00107409338623658 0.40748729731224126 -6.43105076213335458
0.00108209688537607 0.40946693499193770 -6.46229365390272115
0.00109015550599474 0.41145511982992838 -6.49367143497448041
0.00109826962772375 0.41345188820670653 -6.52518467944683245
0.00110643963280880 0.41545727655809261 -6.55683396229008597
0.00111466590612820 0.41747132137359566 -6.58861985932075545
0.00112294883521100 0.41949405919473343 -6.62054294717504810
0.00113128881025522 0.42152552661332049 -6.65260380328181800
0.00113968622414621 0.42356576026971471 -6.68480300583487352
0.00114814147247525 0.42561479685102566 -6.71714113376470046
0.00115665495355806 0.42767267308928730 -6.74961876670958283
0.00116522706845369 0.42973942575958762 -6.78223648498607545
0.00117385822098330 0.43181509167816118 -6.81499486955888578
0.00118254881774927 0.43389970770043995 -6.84789450201009231
0.00119129926815430 0.43599331071906366 -6.88093596450770306
0.00120010998442074 0.43809593766184901 -6.91411983977361277
0.00120898138160997 0.44020762548971643 -6.94744671105084510
0.00121791387764197 0.44232841119457400 -6.98091716207014734
0.00122690789331501 0.44445833179715988 -7.01453177701591013
0.00123596385232548 0.44659742434483929 -7.04829114049137662
0.00124508218128781 0.44874572590935868 -7.08219583748318460
0.00125426330975463 0.45090327358455456 -7.11624645332517769
0.00126350767023696 0.45307010448401602 -7.15044357366149796
0.00127281569822460 0.45524625573870409 -7.18478778440899291
0.00128218783220664 0.45743176449452122 -7.21927967171882301
0.00129162451369212 0.45962666790983636 -7.25391982193739082
0.00130112618723083 0.46183100315296161 -7.28870882156648303
0.00131069330043425 0.46404480739957865 -7.32364725722264431
0.00132032630399665 0.46626811783012023 -7.35873571559581219
0.00133002565171628 0.46850097162709825 -7.39397478340713477
0.00133979180051682 0.47074340597238379 -7.42936504736601400
0.00134962521046882 0.47299545804443682 -7.46490709412634779
0.00135952634481143 0.47525716501548215 -7.50060151024196209
0.00136949566997423 0.47752856404863625 -7.53644888212121611
0.00137953365559914 0.47980969229498049 -7.57244979598079038
0.00138964077456262 0.48210058689057833 -7.60860483779859376
0.00139981750299789 0.48440128495344464 -7.64491459326589329
0.00141006432031739 0.48671182358045362 -7.68137964773848747
0.00142038170923537 0.48903223984419619 -7.71800058618709439
0.00143077015579059 0.49136257078978018 -7.75477799314681437
0.00144123014936926 0.49370285343157289 -7.79171245266567691
0.00145176218272806 0.49605312474988766 -7.82880454825234828
0.00146236675201740 0.49841342168761277 -7.86605486282287281
0.00147304435680474 0.50078378114677857 -7.90346397864648331
0.00148379550009815 0.50316423998507154 -7.94103247729053319
0.00149462068837002 0.50555483501228105 -7.97876093956440968
0.00150552043158087 0.50795560298669085 -8.01664994546253595
0.00151649524320343 0.51036658061140727 -8.05470007410639255
0.00152754564024681 0.51278780453062389 -8.09291190368554325
0.00153867214328084 0.51521931132582610 -8.13128601139768925
0.00154987527646060 0.51766113751192921 -8.16982297338769925
0.00156115556755113 0.52011331953335560 -8.20852336468564658
0.00157251354795226 0.52257589376004354 -8.24738775914379829
0.00158394975272368 0.52504889648339148 -8.28641672937257212
0.00159546472061013 0.52753236391213709 -8.32561084667545792
0.00160705899406676 0.53002633216816752 -8.36497068098286078
0.00161873311928472 0.53253083728226103 -8.40449680078484995
0.00163048764621685 0.53504591518976208 -8.44418977306288809
0.00164232312860364 0.53757160172618446 -8.48405016322036865
0.00165424012399926 0.54010793262274670 -8.52407853501214241
0.00166623919379787 0.54265494350183352 -8.56427545047283978
0.00167832090326005 0.54521266987238715 -8.60464146984409339
0.00169048582153940 0.54778114712522596 -8.64517715150062749
0.00170273452170940 0.55036041052828832 -8.68588305187513754
0.00171506758079040 0.55295049522180451 -8.72675972538206857
0.00172748557977676 0.55555143621339120 -8.76780772434014999
0.00173998910366426 0.55816326837307073 -8.80902759889372788
0.00175257874147765 0.56078602642821518 -8.85041989693294973
0.00176525508629839 0.56341974495841107 -8.89198516401267192
0.00177801873529259 0.56606445839024577 -8.93372394327012032
0.00179087028973917 0.56872020099201737 -8.97563677534136595
0.00180381035505814 0.57138700686836041 -9.01772419827646132
0.00181683954083913 0.57406490995479442 -9.05998674745335997
0.00182995846087016 0.57675394401218993 -9.10242495549051078
0.00184316773316647 0.57945414262114925 -9.14503935215815567
0.00185646797999970 0.58216553917630809 -9.18783046428833750
0.00186985982792719 0.58488816688055101 -9.23079881568354388
0.00188334390782146 0.58762205873914042 -9.27394492702402040
0.00189692085489999 0.59036724755376291 -9.31726931577374806
0.00191059130875509 0.59312376591648497 -9.36077249608499429
0.00192435591338407 0.59589164620362522 -9.40445497870156366
0.00193821531721954 0.59867092056953497 -9.44831727086057960
0.00195217017315999 0.60146162094028888 -9.49235987619286448
0.00196622113860054 0.60426377900728967 -9.53658329462193777
0.00198036887546389 0.60707742622077665 -9.58098802226152912
0.00199461405023152 0.60990259378324552 -9.62557455131165796
0.00200895733397509 0.61273931264277370 -9.67034336995324750
0.00202339940238804 0.61558761348625157 -9.71529496224122546
0.00203794093581742 0.61844752673252046 -9.76042980799619109
0.00205258261929597 0.62131908252541368 -9.80574838269449778
0.00206732514257435 0.62420231072670107 -9.85125115735687729
0.00208216920015365 0.62709724090893781 -9.89693859843548296
0.00209711549131812 0.63000390234821113 -9.94281116769937334
0.00211216472016810 0.63292232401679116 -9.98886932211847167
0.00212731759565318 0.63585253457568203 -10.03511351374591598
0.00214257483160563 0.63879456236706655 -10.08154418959878207
0.00215793714677397 0.64174843540665660 -10.12816179153726459
0.00217340526485689 0.64471418137593250 -10.17496675614215640
0.00218897991453733 0.64769182761428545 -10.22195951459075580
0.00220466182951677 0.65068140111105088 -10.26914049253106143
0.00222045174854982 0.65368292849743648 -10.31651010995432038
0.00223635041547903 0.65669643603834493 -10.36406878106590668
0.00225235857926994 0.65972194962408826 -10.41181691415446764
0.00226847699404630 0.66275949476199336 -10.45975491145937575
0.00228470641912567 0.66580909656789822 -10.50788316903645025
0.00230104761905517 0.66887077975753650 -10.55620207662191667
0.00231750136364746 0.67194456863781460 -10.60471201749463610
0.00233406842801705 0.67503048709797075 -10.65341336833653862
0.00235074959261680 0.67812855860062426 -10.70230649909125198
0.00236754564327467 0.68123880617271060 -10.75139177282098046
0.00238445737123077 0.68436125239629952 -10.80066954556149206
0.00240148557317460 0.68749591939929933 -10.85014016617534161
0.00241863105128260 0.69064282884604145 -10.89980397620319685
0.00243589461325595 0.69380200192774744 -10.94966130971329754
0.00245327707235861 0.69697345935288102 -10.99971249314909372
0.00247077924745560 0.70015722133737246 -11.04995784517490520
0.00248840196305164 0.70335330759473080 -11.10039767651974785
0.00250614604932993 0.70656173732602701 -11.15103228981919692
0.00252401234219130 0.70978252920975815 -11.20186197945528939
0.00254200168329356 0.71301570139158754 -11.25288703139454860
0.00256011492009119 0.71626127147395957 -11.30410772302396438
0.00257835290587520 0.71951925650558779 -11.35552432298500136
0.00259671649981338 0.72278967297082042 -11.40713709100568529
0.00261520656699076 0.72607253677887251 -11.45894627773053820
0.00263382397845036 0.72936786325293523 -11.51095212454863237
0.00265256961123421 0.73267566711915311 -11.56315486341950560
0.00267144434842469 0.73599596249547028 -11.61555471669703010
0.00269044907918612 0.73932876288034877 -11.66815189695127053
0.00270958469880665 0.74267408114135025 -11.72094660678817135
0.00272885210874043 0.74603192950358899 -11.77393903866721203
0.00274825221665007 0.74940231953804926 -11.82712937471693238
0.00276778593644944 0.75278526214976549 -11.88051778654825874
0.00278745418834666 0.75618076756587249 -11.93410443506581586
0.00280725789888750 0.75958884532351245 -11.98788947027697205
0.00282719800099900 0.76300950425760905 -12.04187303109875451
0.00284727543403344 0.76644275248850247 -12.09605524516259756
0.00286749114381257 0.76988859740944138 -12.15043622861682415
0.00288784608267220 0.77334704567394152 -12.20501608592702247
0.00290834120950700 0.77681810318299838 -12.25979490967410257
0.00292897748981576 0.78030177507215703 -12.31477278035011125
0.00294975589574679 0.78379806569844579 -12.36994976615191000
0.00297067740614377 0.78730697862715737 -12.42532592277241399
0.00299174300659185 0.79082851661849374 -12.48090129318969232
0.00301295368946406 0.79436268161406265 -12.53667590745371463
0.00303431045396808 0.79790947472322427 -12.59264978247078304
0.00305581430619332 0.80146889620929884 -12.64882292178568690
0.00307746625915828 0.80504094547562122 -12.70519531536149138
0.00309926733285830 0.80862562105144786 -12.76176693935697770
0.00312121855431360 0.81222292057771650 -12.81853775590178479
0.00314332095761769 0.81583284079265239 -12.87550771286908002
0.00316557558398603 0.81945537751722974 -12.93267674364599351
0.00318798348180513 0.82309052564047680 -12.99004476690152288
0.00321054570668190 0.82673827910462905 -13.04761168635209856
0.00323326332149341 0.83039863089013244 -13.10537739052476169
0.00325613739643695 0.83407157300049162 -13.16334175251786220
0.00327916900908044 0.83775709644696339 -13.22150462975935881
0.00330235924441319 0.84145519123309653 -13.27986586376266587
0.00332570919489702 0.84516584633911518 -13.33842527988002225
0.00334921996051774 0.84888904970614665 -13.39718268705343007
0.00337289264883693 0.85262478822029308 -13.45613787756310842
0.00339672837504414 0.85637304769654310 -13.51529062677341742
0.00342072826200945 0.86013381286253077 -13.57464069287637187
0.00344489344033629 0.86390706734212908 -13.63418781663256496
0.00346922504841481 0.86769279363889185 -13.69393172110965118
0.00349372423247539 0.87149097311933066 -13.75387211141826960
0.00351839214664275 0.87530158599603247 -13.81400867444544112
0.00354322995299023 0.87912461131062203 -13.87434107858545218
0.00356823882159458 0.88296002691655384 -13.93486897346815567
0.00359341993059108 0.88680780946175308 -13.99559198968479556
0.00361877446622901 0.89066793437108638 -14.05650973851119723
0.00364430362292757 0.89454037582867452 -14.11762181162841223
0.00367000860333214 0.89842510676004361 -14.17892778084084782
0.00369589061837089 0.90232209881410974 -14.24042719779178157
0.00372195088731191 0.90623132234500237 -14.30211959367626662
0.00374819063782055 0.91015274639372590 -14.36400447895154464
0.00377461110601734 0.91408633866965328 -14.42608134304475520
0.00380121353653618 0.91803206553185990 -14.48834965405817243
0.00382799918258295 0.92198989197029246 -14.55080885847177541
0.00385496930599461 0.92595978158676895 -14.61345838084321436
0.00388212517729859 0.92994169657582193 -14.67629762350525091
0.00390946807577267 0.93393559770537049 -14.73932596626049474
0.00393699928950523 0.93794144429723048 -14.80254276607363906
0.00396472011545594 0.94195919420746177 -14.86594735676105827
0.00399263185951686 0.94598880380654493 -14.92953904867772685
0.00402073583657394 0.95003022795940018 -14.99331712840168152
0.00404903337056898 0.95408342000523816 -15.05728085841577268
0.00407752579456202 0.95814833173724323 -15.12142947678681537
0.00410621445079408 0.96222491338210148 -15.18576219684224959
0.00413510069075045 0.96631311357935268 -15.25027820684406343
0.00416418587522431 0.97041287936058851 -15.31497666966023274
0.00419347137438088 0.97452415612848142 -15.37985672243353719
0.00422295856782194 0.97864688763565066 -15.44491747624775790
0.00425264884465081 0.98278101596336742 -15.51015801579136877
0.00428254360353781 0.98692648150009399 -15.57557739901859328
0.00431264425278616 0.99108322291986439 -15.64117465680794261
0.00434295221039828 0.99525117716050104 -15.70694879261817611
0.00437346890414265 0.99943027940166729 -15.77289878214168617
0.00440419577162101 1.00362046304276653 -15.83902357295541741
0.00443513426033611 1.00782165968067527 -15.90532208416918003
0.00446628582775994 1.01203379908731717 -15.97179320607147268
0.00449765194140230 1.01625680918708183 -16.03843579977283795
0.00452923407888002 1.02049061603408164 -16.10524869684661553
0.00456103372798652 1.02473514378925534 -16.17223069896735055
0.00459305238676189 1.02899031469731095 -16.23938057754662623
0.00462529156356352 1.03325604906351831 -16.30669707336646823
0.00465775277713708 1.03753226523034381 -16.37417889621038469
0.00469043755668813 1.04181887955393182 -16.44182472449182342
0.00472334744195411 1.04611580638043900 -16.50963320488043351
0.00475648398327694 1.05042295802220798 -16.57760295192572642
0.00478984874167595 1.05474024473380390 -16.64573254767859112
0.00482344328892152 1.05906757468789126 -16.71402054131025139
0.00485726920760908 1.06340485395096862 -16.78246544872902746
0.00489132809123367 1.06775198645896219 -16.85106575219482039
0.00492562154426498 1.07210887399266497 -16.91981989993119484
0.00496015118222299 1.07647541615304232 -16.98872630573531595
0.00499491863175403 1.08085151033639137 -17.05778334858561607
0.00502992553070742 1.08523705170936902 -17.12698937224732276
0.00506517352821265 1.08963193318386931 -17.19634268487565976
0.00510066428475703 1.09403604539177812 -17.26584155861711167
0.00513639947226393 1.09844927665959013 -17.33548422920844345
0.00517238077417156 1.10287151298288899 -17.40526889557366630
0.00520860988551227 1.10730263800070605 -17.47519371941895372
0.00524508851299234 1.11174253296974945 -17.54525682482563198
0.00528181837507249 1.11619107673850482 -17.61545629784104960
0.00531880120204874 1.12064814572121452 -17.68579018606758879
0.00535603873613397 1.12511361387174524 -17.75625649824986141
0.00539353273153997 1.12958735265732280 -17.82685320385983374
0.00543128495456009 1.13406923103216539 -17.89757823268032411
0.00546929718365248 1.13855911541099553 -17.96842947438663174
0.00550757120952378 1.14305686964245234 -18.03940477812652787
0.00554610883521359 1.14756235498238390 -18.11050195209837455
0.00558491187617932 1.15207543006704660 -18.18171876312779744
0.00562398216038176 1.15659595088620493 -18.25305293624271386
0.00566332152837118 1.16112377075612305 -18.32450215424675122
0.00570293183337404 1.16565874029247096 -18.39606405729121974
0.00574281494138029 1.17020070738314352 -18.46773624244574208
0.00578297273123128 1.17474951716098008 -18.53951626326735180
0.00582340709470825 1.17930501197641102 -18.61140162936834486
0.00586411993662146 1.18386703137002325 -18.68338980598293375
0.00590511317489996 1.18843541204504466 -18.75547821353255529
0.00594638874068188 1.19300998783975953 -18.82766422719014088
0.00598794857840543 1.19759058969985821 -18.89994517644329974
0.00602979464590051 1.20217704565072236 -18.97231834465651090
0.00607192891448094 1.20676918076964457 -19.04478096863223868
0.00611435336903731 1.21136681715800187 -19.11733023817138388
0.00615707000813049 1.21596977391337480 -19.18996329563279346
0.00620008084408578 1.22057786710161875 -19.26267723549205613
0.00624338790308773 1.22519090972889400 -19.33546910389966555
0.00628699322527555 1.22980871171367045 -19.40833589823868977
0.00633089886483926 1.23443107985868017 -19.48127456668177615
0.00637510689011644 1.23905781782286573 -19.55428200774786518
0.00641961938368965 1.24368872609329806 -19.62735506985860212
0.00646443844248456 1.24832360195707293 -19.70049055089437218
0.00650956617786875 1.25296223947321139 -19.77368519775030009
0.00655500471575113 1.25760442944454676 -19.84693570589214318
0.00660075619668212 1.26224995938961992 -19.92023871891225539
0.00664682277595447 1.26689861351457345 -19.99359082808555144
0.00669320662370483 1.27155017268507020 -20.06698857192584029
0.00673990992501593 1.27620441439822985 -20.14042843574243591
0.00678693488001954 1.28086111275458503 -20.21390685119710895
0.00683428370400013 1.28552003843008134 -20.28742019586164602
0.00688195862749922 1.29018095864811411 -20.36096479277610882
0.00692996189642044 1.29484363715160744 -20.43453691000762973
0.00697829577213536 1.29950783417515381 -20.50813276021024478
0.00702696253158998 1.30417330641721874 -20.58174850018573565
0.00707596446741206 1.30883980701239966 -20.65538023044528515
0.00712530388801904 1.31350708550377937 -20.72902399477265689
0.00717498311772688 1.31817488781534986 -20.80267577978848692
0.00722500449685944 1.32284295622454295 -20.87633151451623803
0.00727537038185885 1.32751102933484266 -20.94998706994945081
0.00732608314539645 1.33217884204852255 -21.02363825862095226
0.00737714517648455 1.33684612553949522 -21.09728083417387978
0.00742855888058902 1.34151260722628307 -21.17091049093450650
0.00748032667974261 1.34617801074512844 -21.24452286348742547
0.00753245101265898 1.35084205592325013 -21.31811352625288691
0.00758493433484768 1.35550445875224335 -21.39167799306647311
0.00763777911872974 1.36016493136164884 -21.46521171676148398
0.00769098785375419 1.36482318199269792 -21.53871008875395532
0.00774456304651533 1.36947891497222574 -21.61216843863046577
0.00779850722087083 1.37413183068678757 -21.68558203373912008
0.00785282291806056 1.37878162555697048 -21.75894607878355558
0.00790751269682637 1.38342799201192568 -21.83225571542048726
0.00796257913353260 1.38807061846410762 -21.90550602186045026
0.00801802482228748 1.39270918928426046 -21.97869201247256399
0.00807385237506527 1.39734338477664610 -22.05180863739296981
0.00813006442182937 1.40197288115452157 -22.12485078213725842
0.00818666361065620 1.40659735051588219 -22.19781326721718884
0.00824365260785992 1.41121646081950014 -22.27069084776184127
0.00830103409811806 1.41582987586122777 -22.34347821314320015
0.00835881078459801 1.42043725525061948 -22.41616998660657600
0.00841698538908430 1.42503825438786813 -22.48876072490611477
0.00847556065210689 1.42963252444105549 -22.56124491794516018
0.00853453933307024 1.43421971232375722 -22.63361698842228620
0.00859392421038329 1.43879946067298725 -22.70587129148268346
0.00865371808159037 1.44337140782751949 -22.77800211437543609
0.00871392376350298 1.44793518780657449 -22.85000367611664629
0.00877454409233250 1.45249043028890745 -22.92187012715882233
0.00883558192382376 1.45703676059230602 -22.99359554906677161
0.00889704013338961 1.46157379965349277 -23.06517395419987793
0.00895892161624638 1.46610116400847268 -23.13659928540139887
0.00902122928755021 1.47061846577333633 -23.20786541569496819
0.00908396608253449 1.47512531262550417 -23.27896614798800812
0.00914713495664801 1.47962130778546941 -23.34989521478311048
0.00921073888569427 1.48410604999903062 -23.42064627789706321
0.00927478086597164 1.48857913352001869 -23.49121292818773910
0.00933926391441452 1.49304014809356711 -23.56158868528948602
0.00940419106873544 1.49748867893991133 -23.63176699735698705
0.00946956538756820 1.50192430673875088 -23.70174124081790268
0.00953538995061192 1.50634660761417560 -23.77150472013445182
0.00960166785877617 1.51075515312018860 -23.84105066757444646
0.00966840223432696 1.51514951022683819 -23.91037224299189745
0.00973559622103396 1.51952924130695965 -23.97946253361729774
0.00980325298431847 1.52389390412357062 -24.04831455385814110
0.00987137571140260 1.52824305181792441 -24.11692124510996393
0.00993996761145943 1.53257623289822797 -24.18527547557774682
0.01000903191576417 1.53689299122906542 -24.25337004010853548
0.01007857187784633 1.54119286602153327 -24.32119766003528483
0.01014859077364310 1.54547539182409577 -24.38875098303210009
0.01021909190165358 1.54974009851420558 -24.45602258298146836
0.01029007858309422 1.55398651129067900 -24.52300495985355866
0.01036155416205525 1.55821415066687496 -24.58969053959810580
0.01043352200565821 1.56242253246466589 -24.65607167404877131
0.01050598550421464 1.56661116780924359 -24.72214064084084839
0.01057894807138568 1.57077956312478095 -24.78788964334230727
0.01065241314434297 1.57492722013094344 -24.85331081059840841
0.01072638418393055 1.57905363584030489 -24.91839619729045197
0.01080086467482788 1.58315830255667045 -24.98313778370899740
0.01087585812571401 1.58724070787431848 -25.04752747574153560
0.01095136806943289 1.59130033467820775 -25.11155710487534876
0.01102739806315972 1.59533666114515671 -25.17521842821587796
0.01110395168856863 1.59934916074600419 -25.23850312852042066
0.01118103255200134 1.60333730224880511 -25.30140281424828785
0.01125864428463708 1.60730054972305192 -25.36390901962715816
0.01133679054266361 1.61123836254497221 -25.42601320473638893
0.01141547500744952 1.61515019540389160 -25.48770675560714594
0.01149470138571760 1.61903549830971993 -25.54898098434036058
0.01157447340971946 1.62289371660156756 -25.60982712924245774
0.01165479483741141 1.62672429095750481 -25.67023635497918477
0.01173566945263146 1.63052665740550617 -25.73019975274816673
0.01181710106527750 1.63430024733560808 -25.78970834047054339
0.01189909351148690 1.63804448751326670 -25.84875306300171971
0.01198165065381718 1.64175880009398689 -25.90732479236208974
0.01206477638142790 1.64544260263922570 -25.96541432798791149
0.01214847461026398 1.64909530813357974 -26.02301239700247848
0.01223274928324013 1.65271632500331545 -26.08010965450851160
0.01231760437042657 1.65630505713623610 -26.13669668390171452
0.01240304386923608 1.65986090390293906 -26.19276399720617832
0.01248907180461233 1.66338326017945182 -26.24830203543173113
0.01257569222921947 1.66687151637131969 -26.30330116895403236
0.01266290922363301 1.67032505843913159 -26.35775169791763517
0.01275072689653214 1.67374326792552663 -26.41164385266218417
0.01283914938489322 1.67712552198370912 -26.46496779417267931
0.01292818085418463 1.68047119340750273 -26.51771361455388032
0.01301782549856311 1.68377965066294499 -26.56987133752921082
0.01310808754107126 1.68705025792148677 -26.62143091896487590
0.01319897123383649 1.69028237509480128 -26.67238224741953800
0.01329048085827137 1.69347535787122094 -26.72271514471962917
0.01338262072527526 1.69662855775385957 -26.77241936656139387
0.01347539517543749 1.69974132210041828 -26.82148460313941030
0.01356880857924170 1.70281299416472520 -26.86990047980266283
0.01366286533727186 1.70584291314001257 -26.91765655773794208
0.01375756988041951 1.70883041420398540 -26.96474233468163817
0.01385292667009247 1.71177482856569774 -27.01114724566010139
0.01394894019842510 1.71467548351425192 -27.05686066375876209
0.01404561498848984 1.71753170246937525 -27.10187190092097609
0.01414295559451028 1.72034280503388959 -27.14617020877678755
0.01424096660207578 1.72310810704808626 -27.18974477950177970
0.01433965262835744 1.72582692064606702 -27.23258474670704032
0.01443901832232557 1.72849855431406429 -27.27467918636034128
0.01453906836496878 1.73112231295075003 -27.31601711773884489
0.01463980746951446 1.73369749792959804 -27.35658750441423948
0.01474124038165079 1.73622340716330337 -27.39637925527034668
0.01484337187975032 1.73869933517029929 -27.43538122555395731
0.01494620677509509 1.74112457314338509 -27.47358221795897748
0.01504974991210328 1.74349840902051523 -27.51097098374480154
0.01515400616855738 1.74582012755776761 -27.54753622388907885
0.01525898045583403 1.74808901040450526 -27.58326659027519412
0.01536467771913538 1.75030433618078662 -27.61815068691528552
0.01547110293772201 1.75246538055704160 -27.65217707120909552
0.01557826112514755 1.75457141633602265 -27.68533425523877867
0.01568615732949484 1.75662171353708896 -27.71761070710060793
0.01579479663361371 1.75861553948283977 -27.74899485227382456
0.01590418415536049 1.76055215888810679 -27.77947507502677382
0.01601432504783903 1.76243083395136302 -27.80903971986126777
0.01612522449964356 1.76425082444854842 -27.83767709299518245
0.01623688773510297 1.76601138782936307 -27.86537546388400699
0.01634932001452705 1.76771177931602153 -27.89212306678138020
0.01646252663445428 1.76935125200452603 -27.91790810233945663
0.01657651292790123 1.77092905696847325 -27.94271873924929039
0.01669128426461396 1.77244444336539964 -27.96654311592137532
0.01680684605132086 1.77389665854571854 -27.98936934220723316
0.01692320373198737 1.77528494816426097 -28.01118550116215644
0.01704036278807250 1.77660855629442826 -28.03197965084913790
0.01715832873878701 1.77786672554499892 -28.05173982618503103
0.01727710714135337 1.77905869717960763 -28.07045404082872153
0.01739670359126766 1.78018371123889696 -28.08811028911175001
0.01751712372256306 1.78124100666539298 -28.10469654801188000
0.01763837320807536 1.78222982143108899 -28.12020077916968219
0.01776045775971008 1.78314939266779304 -28.13461093094863941
0.01788338312871166 1.78399895680020726 -28.14791494053863374
0.01800715510593438 1.78477774968180558 -28.16010073610354780
0.01813177952211507 1.78548500673349131 -28.17115623897304744
0.01825726224814788 1.78611996308504950 -28.18106936587840394
0.01838360919536085 1.78668185371942334 -28.18982803123304492
0.01851082631579428 1.78716991361981625 -28.19742014945783026
0.01863891960248128 1.78758337791961242 -28.20383363735100346
0.01876789508972999 1.78792148205515700 -28.20905641650318785
0.01889775885340782 1.78818346192138233 -28.21307641575765857
0.01902851701122779 1.78836855403027650 -28.21588157371543204
0.01916017572303663 1.78847599567222626 -28.21745984128590479
0.01929274119110504 1.78850502508021481 -28.21779918428269340
0.01942621966041975 1.78845488159689348 -28.21688758606490310
0.01956061741897786 1.78832480584450293 -28.21471305022355125
0.01969594079808299 1.78811403989767470 -28.21126360331356153
0.01983219617264347 1.78782182745909823 -28.20652729763114763
0.01996938996147281 1.78744741403803364 -28.20049221403620621
0.02010752862759195 1.78699004713170284 -28.19314646482034448
0.02024661867853376 1.78644897640952949 -28.18447819661990650
0.02038666666664964 1.78582345390022401 -28.17447559337417573
0.02052767918941817 1.78511273418172500 -28.16312687932871839
0.02066966288975585 1.78431607457398145 -28.15042032208375744
0.02081262445633016 1.78343273533456137 -28.13634423568731080
0.02095657062387454 1.78246197985710442 -28.12088698377329621
0.02110150817350574 1.78140307487258931 -28.10403698274441808
0.02124744393304316 1.78025529065343791 -28.08578270499969420
0.02139438477733065 1.77901790122041303 -28.06611268220655120
0.02154233762856028 1.77769018455235295 -28.04501550861762382
0.02169130945659838 1.77627142279870820 -28.02247984443205908
0.02184130727931404 1.77476090249488094 -27.99849441920123638
0.02199233816290960 1.77315791478038420 -27.97304803527912398
0.02214440922225352 1.77146175561981467 -27.94612957131725040
0.02229752762121561 1.76967172602662259 -27.91772798580399950
0.02245170057300452 1.76778713228971629 -27.88783232064881190
0.02260693534050743 1.76580728620289040 -27.85643170481117892
0.02276323923663236 1.76373150529706901 -27.82351535797420183
0.02292061962465255 1.76155911307541424 -27.78907259426363652
0.02307908391855340 1.75928943925126657 -27.75309282601179817
0.02323863958338165 1.75692181998897490 -27.71556556756720369
0.02339929413559715 1.75445559814758045 -27.67648043914957157
0.02356105514342692 1.75189012352741624 -27.63582717075101769
0.02372393022722160 1.74922475311962411 -27.59359560608339734
0.02388792705981457 1.74645885135858170 -27.54977570657195329
0.02405305336688331 1.74359179037730283 -27.50435755539596983
0.02421931692731334 1.74062295026580038 -27.45733136157643628
0.02438672557356476 1.73755171933243191 -27.40868746411106471
0.02455528719204117 1.73437749436825839 -27.35841633615696722
0.02472500972346112 1.73109968091443234 -27.30650858926146896
0.02489590116323235 1.72771769353261151 -27.25295497764085084
0.02506796956182830 1.72423095607844123 -27.19774640250776088
0.02524122302516745 1.72063890197809566 -27.14087391644707381
0.02541566971499507 1.71694097450790117 -27.08232872784074630
0.02559131784926784 1.71313662707702341 -27.02210220534110618
0.02576817570254092 1.70922532351325063 -26.96018588239338243
0.02594625160635771 1.70520653835185199 -26.89657146180689296
0.02612555394964243 1.70107975712749648 -26.83125082037481945
0.02630609117909530 1.69684447666923210 -26.76421601354251578
0.02648787179959031 1.69250020539851298 -26.69545928012413327
0.02667090437457610 1.68804646363021038 -26.62497304706663215
0.02685519752647922 1.68348278387663219 -26.55274993426144192
0.02704075993711031 1.67880871115447028 -26.47878275940258064
0.02722760034807320 1.67402380329464040 -26.40306454289076399
0.02741572756117663 1.66912763125497499 -26.32558851278261614
0.02760515043884895 1.66411977943569878 -26.24634810978422195
0.02779587790455549 1.65899984599762940 -26.16533699228774879
0.02798791894321911 1.65376744318301339 -26.08254904145007558
0.02818128260164339 1.64842219763894127 -25.99797836631220704
0.02837597798893873 1.64296375074324796 -25.91161930895827226
0.02857201427695161 1.63739175893278399 -25.82346644971215355
0.02876940070069660 1.63170589403399102 -25.73351461237069060
0.02896814655879134 1.62590584359565993 -25.64175886947156968
0.02916826121389472 1.61999131122374518 -25.54819454759398312
0.02936975409314790 1.61396201691814323 -25.45281723269045315
0.02957263468861828 1.60781769741130343 -25.35562277544780585
0.02977691255774686 1.60155810650851915 -25.25660729667499638
0.02998259732379836 1.59518301542980323 -25.15576719271603068
0.03018969867631460 1.58869221315317155 -25.05309914088552148
0.03039822637157088 1.58208550675922144 -24.94860010492475766
0.03060819023303571 1.57536272177682490 -24.84226734047569707
0.03081960015183355 1.56852370252980799 -24.73409840057069786
0.03103246608721064 1.56156831248445527 -24.62409114113557251
0.03124679806700435 1.55449643459765574 -24.51224372650291272
0.03146260618811551 1.54730797166555556 -24.39855463493369570
0.03167990061698394 1.54000284667253640 -24.28302266414424082
0.03189869159006760 1.53258100314033019 -24.16564693683551823
0.03211898941432467 1.52504240547712966 -24.04642690622265633
0.03234080446769906 1.51738703932649677 -23.92536236156142593
0.03256414719960946 1.50961491191587860 -23.80245343366874877
0.03278902813144147 1.50172605240457768 -23.67770060043485003
0.03301545785704333 1.49372051223096669 -23.55110469232364423
0.03324344704322482 1.48559836545878166 -23.42266689785876821
0.03347300643026002 1.47735970912227743 -23.29238876909191802
0.03370414683239309 1.46900466357009174 -23.16027222705096733
0.03393687913834766 1.46053337280760531 -23.02631956716448514
0.03417121431184000 1.45194600483759961 -22.89053346465966143
0.03440716339209538 1.44324275199904273 -22.75291697993078088
0.03464473749436801 1.43442383130379536 -22.61347356387511454
0.03488394781046485 1.42548948477103155 -22.47220706319289363
0.03512480560927281 1.41643997975920244 -22.32912172564860853
0.03536732223728946 1.40727560929533624 -22.18422220529048516
0.03561150911915772 1.39799669240145907 -22.03751356762466784
0.03585737775820400 1.38860357441797122 -21.88900129474146183
0.03610493973698011 1.37909662732375415 -21.73869129039010772
0.03635420671780883 1.36947625005282525 -21.58658988499918152
0.03660519044333343 1.35974286880731676 -21.43270384063918854
0.03685790273707081 1.34989693736660588 -21.27704035592439169
0.03711235550396835 1.33993893739237624 -21.11960707085060207
0.03736856073096499 1.32986937872939581 -20.96041207156542541
0.03762653048755576 1.31968879970183472 -20.79946389506818960
0.03788627692636030 1.30939776740489155 -20.63677153383591900
0.03814781228369551 1.29899687799152264 -20.47234444037205137
0.03841114888015196 1.28848675695407677 -20.30619253167478178
0.03867629912117412 1.27786805940061510 -20.13832619362159093
0.03894327549764499 1.26714147032569291 -19.96875628526635182
0.03921209058647443 1.25630770487541077 -19.79749414304603050
0.03948275705119166 1.24536750860649681 -19.62455158489311557
0.03975528764254173 1.23432165773921643 -19.44994091425068916
0.04002969519908633 1.22317095940387333 -19.27367492398622062
0.04030599264780860 1.21191625188069230 -19.09576690020094603
0.04058419300472190 1.20055840483286169 -18.91623062593112081
0.04086430937548322 1.18909831953248490 -18.73508038473739390
0.04114635495601049 1.17753692907924568 -18.55233096417894600
0.04143034303310408 1.16587519861153566 -18.36799765916864047
0.04171628698507298 1.15411412550980952 -18.18209627520535676
0.04200420028236487 1.14225473959195267 -17.99464313148004280
0.04229409648820062 1.13029810330041025 -17.80565506385163843
0.04258598925921348 1.11824531188083776 -17.61514942768891601
0.04287989234609223 1.10609749355204823 -17.42314410057482377
0.04317581959422907 1.09385580966700102 -17.22965748486913640
0.04347378494437166 1.08152145486460305 -17.03470851012584220
0.04377380243328013 1.06909565721205735 -16.83831663536112799
0.04407588619438821 1.05657967833753741 -16.64050185116829184
0.04438005045846889 1.04397481355292920 -16.44128468167560086
0.04468630955430507 1.03128239196638294 -16.24068618634298389
0.04499467790936444 1.01850377658444335 -16.03872796159385317
0.04530517005047906 1.00564036440350102 -15.83543214227792539
0.04561780060452988 0.99269358649029937 -15.63082140296098643
0.04593258429913571 0.97966490805126794 -15.42491895903776999
0.04624953596334689 0.96655582849041499 -15.21774856766379536
0.04656867052834411 0.95336788145552132 -15.00933452850206073
0.04689000302814165 0.94010263487239543 -14.79970168428079091
0.04721354860029565 0.92676169096692185 -14.58887542115790659
0.04753932248661712 0.91334668627465732 -14.37688166888841401
0.04786734003389014 0.89985929163770739 -14.16374690079035759
0.04819761669459478 0.88630121218864333 -13.94949813350564227
0.04853016802763484 0.87267418732119906 -13.73416292655139515
0.04886500969907115 0.85897999064748276 -13.51776938165788167
0.04920215748285936 0.84522042994146840 -13.30034614188903674
0.04954162726159295 0.83139734706850499 -13.08192239054153738
0.04988343502725170 0.81751261790058338 -12.86252784981828334
0.05022759688195493 0.80356815221712863 -12.64219277927250573
0.05057412903871987 0.78956589359105822 -12.42094797401844808
0.05092304782222574 0.77550781925985202 -12.19882476270458049
0.05127436966958262 0.76139593998140409 -11.97585500524558988
0.05162811113110581 0.74723229987440332 -11.75207109030919206
0.05198428887109539 0.73301897624300416 -11.52750593255396616
0.05234291966862144 0.71875807938554570 -11.30219296961427133
0.05270402041831444 0.70445175238709079 -11.07616615882870192
0.05306760813116093 0.69010217089554904 -10.84945997370827442
0.05343369993530521 0.67571154288115065 -10.62210940014055538
0.05380231307685603 0.66128210837905366 -10.39414993232641216
0.05417346492069896 0.64681613921485992 -10.16561756844563824
0.05454717295131468 0.63231593871281722 -9.93654880604800539
0.05492345477360246 0.61778384138650688 -9.70698063716646153
0.05530232811370946 0.60322221261179920 -9.47695054314905683
0.05568381081986596 0.58863344828187603 -9.24649648920632927
0.05606792086322609 0.57401997444412722 -9.01565691867109464
0.05645467633871443 0.55938424691872657 -8.78447074696749652
0.05684409546587828 0.54472875089870432 -8.55297735528640679
0.05723619658974628 0.53005600053132940 -8.32121658396420472
0.05763099818169241 0.51536853848064457 -8.08922872556229144
0.05802851884030608 0.50066893547097568 -7.85705451764465135
0.05842877729226850 0.48595978981126037 -7.62473513525084101
0.05883179239323479 0.47124372690005295 -7.39231218306212590
0.05923758312872209 0.45652339871105807 -7.15982768725841190
0.05964616861500417 0.44180148325905799 -6.92732408706377356
0.06005756810001192 0.42708068404611538 -6.69484422597867379
0.06047180096423987 0.41236372948793321 -6.46243134269693975
0.06088888672165952 0.39765337232026238 -6.23012906170574343
0.06130884502063842 0.38295238898526829 -5.99798138356712585
0.06173169564486587 0.36826357899776463 -5.76603267487956117
0.06215745851428463 0.35358976429124378 -5.53432765791839998
0.06258615368602982 0.33893378854363387 -5.30291139995405114
0.06301780135537340 0.32429851648273605 -5.07182930224710926
0.06345242185667553 0.30968683317129669 -4.84112708871965225
0.06389003566434281 0.29510164327168442 -4.61085079430221079
0.06433066339379256 0.28054587029015793 -4.38104675295612012
0.06477432580242388 0.26602245580071843 -4.15176158537111650
0.06522104379059587 0.25153435864855356 -3.92304218633822810
0.06567083840261197 0.23708455413309779 -3.69493571179832259
0.06612373082771117 0.22267603317074383 -3.46748956556680721
0.06657974240106661 0.20831180143725200 -3.24075138573514732
0.06703889460479043 0.19399487848992578 -3.01476903075027414
0.06750120906894577 0.17972829686962960 -2.78959056517301507
0.06796670757256559 0.16551510118274410 -2.56526424511700224
0.06843541204467901 0.15135834716316635 -2.34183850336971666
0.06890734456534416 0.13726110071448389 -2.11936193419766239
0.06938252736668807 0.12322643693246224 -1.89788327783782962
0.06986098283395459 0.10925743910800410 -1.67745140467788723
0.07034273350655847 0.09535719771075861 -1.45811529912791027
0.07082780207914721 0.08152880935357282 -1.23992404318660721
0.07131621140267042 0.06777537573799779 -1.02292679970537703
0.07180798448545608 0.05410000258108128 -0.80717279535381548
0.07230314449429440 0.04050579852369701 -0.59271130329057931
0.07280171475552941 0.02699587402068096 -0.37959162554384945
0.07330371875615763 0.01357334021306708 -0.16786307510596793
0.07380918014493468 0.00024130778273423 0.04242504225285375
0.07431812273348896 -0.01299711421020007 0.25122344644649280
0.07483057049744396 -0.02613881950688185 0.45848290180492446
0.07534654757754738 -0.03918070584573750 0.66415423607028978
0.07586607828080817 -0.05211967617460036 0.86818835965065666
0.07638918708164215 -0.06495263987851649 1.07053628512469801
0.07691589862302453 -0.07767651402277531 1.27114914699013282
0.07744623771765087 -0.09028822461068330 1.46997822164835057
0.07798022934910616 -0.10278470785557350 1.66697494761721821
0.07851789867304167 -0.11516291146651743 1.86209094596366875
0.07905927101835979 -0.12741979594717870 2.05527804094723443
0.07960437188840763 -0.13955233590722108 2.24648828086525487
0.08015322696217819 -0.15155752138565828 2.43567395909010997
0.08070586209552016 -0.16343235918550639 2.62278763528838432
0.08126230332235576 -0.17517387421907607 2.80778215681150289
0.08182257685590748 -0.18677911086321555 2.99061068024697763
0.08238670908993284 -0.19824513432379792 3.17122669311909267
0.08295472659996748 -0.20956903200872271 3.34958403572752283
0.08352665614457758 -0.22074791490868304 3.52563692311205168
0.08410252466662016 -0.23177891898493980 3.69933996713141466
0.08468235929451211 -0.24265920656332718 3.87064819864402532
0.08526618734350867 -0.25338596773370542 4.03951708977817336
0.08585403631698994 -0.26395642175407630 4.20590257627933983
0.08644593390775629 -0.27436781845857083 4.36976107992211471
0.08704190799933344 -0.28461743966851943 4.53104953097424357
0.08764198666728568 -0.29470260060583198 4.68972539070059469
0.08824619818053861 -0.30462065130791088 4.84574667389478364
0.08885457100271059 -0.31436897804334840 4.99907197142660031
0.08946713379345408 -0.32394500472766552 5.14966047279348693
0.09008391540980545 -0.33334619433838203 5.29747198866487956
0.09070494490754430 -0.34257005032872195 5.44246697340833130
0.09133025154256254 -0.35161411803928666 5.58460654758693487
0.09195986477224254 -0.36047598610705889 5.72385252041787673
0.09259381425684444 -0.36915328787112595 5.86016741218249226
0.09323212986090400 -0.37764370277453196 5.99351447657844361
0.09387484165463919 -0.38594495776170945 6.12385772300527442
0.09452197991536644 -0.39405482867095382 6.25116193877487358
0.09517357512892761 -0.40197114162142689 6.37539271123860463
0.09582965799112571 -0.40969177439420507 6.49651644982346710
0.09649025940917109 -0.41721465780689010 6.61450040796951377
0.09715541050313714 -0.42453777708131740 6.72931270496119893
0.09782514260742688 -0.43165917320389274 6.84092234764506379
0.09849948727224871 -0.43857694427809818 6.94929925202645826
0.09917847626510250 -0.44528924686868077 7.05441426473750433
0.09986214157227666 -0.45179429733702348 7.15623918436824002
0.10055051540035467 -0.45809037316717366 7.25474678265255868
0.10124363017773205 -0.46417581428195681 7.34991082549973029
0.10194151855614454 -0.47004902434854684 7.44170609386144033
0.10264421341220598 -0.47570847207281691 7.53010840442348606
0.10335174784895693 -0.48115269248170428 7.61509463010982124
0.10406415519742446 -0.48638028819274093 7.69664272038540531
0.10478146901819221 -0.49138993066981013 7.77473172134277934
0.10550372310298135 -0.49618036146408168 7.84934179555560352
0.10623095147624222 -0.50075039343896566 7.92045424168062695
0.10696318839675767 -0.50509891197781354 7.98805151378777456
0.10770046835925672 -0.50922487617298928 8.05211724039637566
0.10844282609603929 -0.51312731999482208 8.11263624319373733
0.10919029657861286 -0.51680535343885314 8.16959455541080537
0.10994291501933974 -0.52025816364972000 8.22297943982842305
0.11070071687309559 -0.52348501601994879 8.27277940638672149
0.11146373783894017 -0.52648525526188472 8.31898422936931503
0.11223201386179885 -0.52925830645097827 8.36158496413402474
0.11300558113415557 -0.53180367603864842 8.40057396336167095
0.11378447609775848 -0.53412095283296412 8.43594489279502291
0.11456873544533624 -0.53620980894545700 8.46769274644089975
0.11535839612232673 -0.53807000070242383 8.49581386120936699
0.11615349532861717 -0.53970136951918157 8.52030593096535860
0.11695407052029710 -0.54110384273581091 8.54116801996952013
0.11776015941142259 -0.54227743441304566 8.55840057568665813
0.11857179997579269 -0.54322224608704384 8.57200544094166794
0.11938903044873875 -0.54393846748187991 8.58198586540430597
0.12021188932892556 -0.54442637717868747 8.58834651638562896
0.12104041538016444 -0.54468634324045540 8.59109348893008828
0.12187464763324013 -0.54471882379154068 8.59023431518818192
0.12271462538774915 -0.54452436755102918 8.58577797305565227
0.12356038821395075 -0.54410361431910370 8.57773489406566547
0.12441197595463170 -0.54345729541561094 8.56611697052085397
0.12526942872698282 -0.54258623407004614 8.55093756185261000
0.12613278692448912 -0.54149134576218194 8.53221150019505536
0.12700209121883205 -0.54017363851257805 8.50995509516132564
0.12787738256180636 -0.53863421312220683 8.48418613780969011
0.12875870218724889 -0.53687426336044541 8.45492390378742975
0.12964609161298060 -0.53489507610068532 8.42218915564016513
0.13053959264276330 -0.53269803140280569 8.38600414427449614
0.13143924736826845 -0.53028460254179399 8.34639260956217655
0.13234509817105980 -0.52765635598179217 8.30337978007417021
0.13325718772459053 -0.52481495129487643 8.25699237193319391
0.13417555899621331 -0.52176214102391194 8.20725858677404396
0.13510025524920402 -0.51849977048885199 8.15420810880136493
0.13603132004480051 -0.51502977753588453 8.09787210093505294
0.13696879724425431 -0.51135419222888878 8.03828320003442975
0.13791273101089702 -0.50747513648269127 7.97547551119277554
0.13886316581222044 -0.50339482363767984 7.90948460109482632
0.13982014642197194 -0.49911555797536566 7.84034749043044066
0.14078371792226346 -0.49463973417456181 7.76810264535875561
0.14175392570569484 -0.48996983670788202 7.69278996801780313
0.14273081547749294 -0.48510843917831931 7.61445078607542492
0.14371443325766448 -0.48005820359573270 7.53312784131834245
0.14470482538316343 -0.47482187959311173 7.44886527727693526
0.14570203851007471 -0.46940230358253587 7.36170862588407982
0.14670611961581190 -0.46380239785081234 7.27170479316735285
0.14771711600132961 -0.45802516959481604 7.17890204397456522
0.14873507529335270 -0.45207370989659562 7.08334998573330310
0.14976004544661942 -0.44595119263837352 6.98509955124604698
0.15079207474614068 -0.43966087335759735 6.88420298052299273
0.15183121180947412 -0.43320608804225191 6.78071380165546511
0.15287750558901539 -0.42659025186667449 6.67468681073339631
0.15393100537430371 -0.41981685786817213 6.56617805081117023
0.15499176079434338 -0.41288947556476624 6.45524478992660544
0.15605982181994271 -0.40581174951443144 6.34194549817848507
0.15713523876606758 -0.39858739781624702 6.22633982386886231
0.15821806229421123 -0.39122021055390477 6.10848856871678514
0.15930834341478184 -0.38371404818205918 5.98845366215075270
0.16040613348950503 -0.37607283985605555 5.86629813468800076
0.16151148423384307 -0.36830058170559865 5.74208609040914553
0.16262444771943196 -0.36040133505296740 5.61588267853743250
0.16374507637653393 -0.35237922457643095 5.48775406413257905
0.16487342299650756 -0.34423843641954993 5.35776739790970957
0.16600954073429422 -0.33598321624709865 5.22599078519468829
0.16715348311092296 -0.32761786724837783 5.09249325402772168
0.16830530401603144 -0.31914674808874355 4.95734472242794411
0.16946505771040399 -0.31057427081021111 4.82061596483234744
0.17063279882852889 -0.30190489868204134 4.68237857772306931
0.17180858238117150 -0.29314314400227121 4.54270494445802342
0.17299246375796537 -0.28429356585118876 4.40166819932045428
0.17418449873002248 -0.27536076779780411 4.25934219080379073
0.17538474345256003 -0.26634939556042420 4.11580144414913729
0.17659325446754551 -0.25726413462248243 3.97112112315340582
0.17781008870636109 -0.24810970780482944 3.82537699126698749
0.17903530349248506 -0.23889087279574719 3.67864537200079145
0.18026895654419256 -0.22961241963999793 3.53100310866324119
0.18151110597727393 -0.22027916818827911 3.38252752344881680
0.18276181030777353 -0.21089596550850429 3.23329637590051400
0.18402112845474572 -0.20146768326039544 3.08338782076963902
0.18528911974303014 -0.19199921503492087 2.93288036529715779
0.18656584390604733 -0.18249547366017013 2.78185282594177163
0.18785136108861214 -0.17296138847532014 2.63038428458085294
0.18914573184976669 -0.16340190257439588 2.47855404421124970
0.19044901716563412 -0.15382197002158735 2.32644158417783720
0.19176127843229071 -0.14422655303994247 2.17412651495871012
0.19308257746865756 -0.13462061917530588 2.02168853253667491
0.19441297651941386 -0.12500913843742686 1.86920737238760659
0.19575253825792849 -0.11539708042021476 1.71676276311711806
0.19710132578921277 -0.10578941140316631 1.56443437977774136
0.19845940265289264 -0.09619109143603970 1.41230179689966717
0.19982683282620289 -0.08660707140889545 1.26044444126880961
0.20120368072700057 -0.07704229010967102 1.10894154448675386
0.20259001121679915 -0.06750167127149746 0.95787209534781714
0.20398588960382499 -0.05799012061200826 0.80731479206916201
0.20539138164609347 -0.04851252286693396 0.65734799441060687
0.20680655355450628 -0.03907373882031398 0.50804967572142445
0.20823147199597156 -0.02967860233369952 0.35949737495213024
0.20966620409654391 -0.02033191737676437 0.21176814866996857
0.21111081744458601 -0.01103845506178415 0.06493852311755398
0.21256538009395401 -0.00180295068449343 -0.08091555364506620
0.21402996056720233 0.00736989922611586 -0.22571875947375911
0.21550462785881241 0.01647543984643200 -0.36939644570690799
0.21698945143844184 0.02550906098260602 -0.51187468452198370
0.21848450125419838 0.03446619997791099 -0.65308031603752459
0.21998984773593447 0.04334234460022244 -0.79294099511453608
0.22150556179856454 0.05213303590666521 -0.93138523780969928
0.22303171484540685 0.06083387108236133 -1.06834246743098027
0.22456837877154651 0.06944050625009331 -1.20374306014427557
0.22611562596722207 0.07794865924756458 -1.33751839007761597
0.22767352932123661 0.08635411236880115 -1.46960087386720839
0.22924216222439106 0.09465271506609763 -1.59992401458736766
0.23082159857294077 0.10284038660876940 -1.72842244500414410
0.23241191277207801 0.11091311869484115 -1.85503197009035503
0.23401317973943619 0.11886697801168877 -1.97968960873798250
0.23562547490861963 0.12669810874156068 -2.10233363460249345
0.23724887423275626 0.13440273500785524 -2.22290361601291231
0.23888345418807699 0.14197716325802642 -2.34134045488149800
0.24052929177751764 0.14941778457905150 -2.45758642454793330
0.24218646453434586 0.15672107694152426 -2.57158520649515010
0.24385505052581510 0.16388360736865329 -2.68328192587741610
0.24553512835684130 0.17090203402676094 -2.79262318580651758
0.24722677717370542 0.17777310823428849 -2.89955710034847502
0.24893007666778313 0.18449367638683511 -3.00403332619168095
0.25064510707929838 0.19106068179639793 -3.10600309295761212
0.25237194920110279 0.19747116644371634 -3.20541923213707403
0.25411068438248285 0.20372227264347528 -3.30223620464851386
0.25586139453299134 0.20981124462306716 -3.39641012702998912
0.25762416212630668 0.21573543001663079 -3.48789879629255894
0.25939907020411690 0.22149228127717158 -3.57666171348001694
0.26118620238003326 0.22707935701066864 -3.66266010599725345
0.26298564284352799 0.23249432323717134 -3.74585694878674857
0.26479747636390111 0.23773495458489544 -3.82621698444838110
0.26662178829427297 0.24279913542420620 -3.90370674241128102
0.26845866457560524 0.24768486094899775 -3.97829455727586812
0.27030819174075138 0.25239023821327194 -4.04995058644826145
0.27217045691852998 0.25691348713057022 -4.11864682718627328
0.27404554783783092 0.26125294144318650 -4.18435713316392377
0.27593355283174942 0.26540704966677431 -4.24705723063985907
0.27783456084174468 0.26937437601397385 -4.30672473428282654
0.27974866142183086 0.27315360129808092 -4.36333916266546673
0.28167594474279772 0.27674352381470374 -4.41688195338842338
0.28361650159645529 0.28014306019599061 -4.46733647774327380
0.28557042339991229 0.28335124622863372 -4.51468805476923674
0.28753780219988456 0.28636723762382532 -4.55892396451096538
0.28951873067702744 0.28919031072495677 -4.60003346024751103
0.29151330215030596 0.29181986313735309 -4.63800777943970477
0.29352161058138737 0.29425541426398560 -4.67284015313863588
0.29554375057906923 0.29649660573181952 -4.70452581361039268
0.29757981740373779 0.29854320169526394 -4.73306199996189925
0.29962990697185221 0.30039508900579825 -4.75844796159499950
0.30169411586046524 0.30205227723997791 -4.78068495936621041
0.30377254131177361 0.30351489858138536 -4.79977626438332194
0.30586528123769657 0.30478320755532728 -4.81572715442152788
0.30797243422448944 0.30585758061795054 -4.82854490798728264
0.31009409953738992 0.30673851560381732 -4.83823879609534124
0.31223037712529061 0.30742663103772011 -4.84482007185170538
0.31438136762544966 0.30792266531762613 -4.84830195795235497
0.31654717236823277 0.30822747577621623 -4.84869963221625788
0.31872789338188390 0.30834203762857210 -4.84603021127215339
0.32092363339733304 0.30826744281328144 -4.84031273251368788
0.32313449585303744 0.30800489873372522 -4.83156813442907929
0.32536058489985120 0.30755572690563782 -4.81981923540062418
0.32760200540593343 0.30692136151626997 -4.80509071105701491
0.32985886296168992 0.30610334789974636 -4.78740907024966145
0.33213126388474412 0.30510334093247798 -4.76680262971253299
0.33441931522494717 0.30392310335181538 -4.74330148745432023
0.33672312476942301 0.30256450400054941 -4.71693749492261016
0.33904280104764212 0.30102951599936600 -4.68774422797189327
0.34137845333653621 0.29932021484892862 -4.65575695666048794
0.34373019166564794 0.29743877646295930 -4.62101261389680662
0.34609812682230995 0.29538747513344954 -4.58354976295177163
0.34848237035686874 0.29316868142897345 -4.54340856385179670
0.35088303458793546 0.29078486002703324 -4.50063073866631935
0.35330023260767901 0.28823856748135124 -4.45525953570376831
0.35573407828715525 0.28553244992512256 -4.40733969263157555
0.35818468628166800 0.28266924071137339 -4.35691739853813953
0.36065217203617167 0.27965175799174707 -4.30404025495754716
0.36313665179071219 0.27648290223527672 -4.24875723588172161
0.36563824258589855 0.27316565368894957 -4.19111864678875268
0.36815706226841882 0.26970306978212205 -4.13117608272014269
0.37069322949659317 0.26609828247712214 -4.06898238544427304
0.37324686374596050 0.26235449556863716 -4.00459159974746459
0.37581808531490823 0.25847498193471607 -3.93805892889781406
0.37840701533034138 0.25446308074245710 -3.86944068933065477
0.38101377575338496 0.25032219461164162 -3.79879426460763181
0.38363848938513134 0.24605578673973694 -3.72617805870383645
0.38628127987242716 0.24166737799183630 -3.65165144867973845
0.38894227171369411 0.23716054395920633 -3.57527473679623853
0.39162159026479615 0.23253891199017554 -3.49710910213210813
0.39431936174494664 0.22780615819714875 -3.41721655176389216
0.39703571324265036 0.22296600444354828 -3.33565987156850197
0.39977077272169265 0.21802221531445956 -3.25250257670837994
0.40252466902716960 0.21297859507473962 -3.16780886185874433
0.40529753189155343 0.20783898461829253 -3.08164355123554667
0.40808949194080635 0.20260725841213825 -2.99407204848152553
0.41090068070053642 0.19728732143883351 -2.90516028646661706
0.41373123060218814 0.19188310614070581 -2.81497467705749438
0.41658127498928715 0.18639856936925503 -2.72358206090922161
0.41945094812371697 0.18083768934298422 -2.63104965733062324
0.42234038519204559 0.17520446261679418 -2.53744501427291302
0.42524972231189667 0.16950290106597218 -2.44283595848949675
0.42817909653835690 0.16373702888768782 -2.34729054591304021
0.43112864587043542 0.15791087962278361 -2.25087701229391079
0.43409850925756621 0.15202849320053990 -2.15366372414241081
0.43708882660614989 0.14609391300897426 -2.05571913001539874
0.44009973878614655 0.14011118299311673 -1.95711171218599578
0.44313138763771442 0.13408434478359266 -1.85790993873343968
0.44618391597788670 0.12801743485773737 -1.75818221608842218
0.44925746760730267 0.12191448173534844 -1.65799684206748998
0.45235218731698318 0.11577950321108597 -1.55742195942857986
0.45546822089514793 0.10961650362542560 -1.45652550997815577
0.45860571513408505 0.10342947117596611 -1.35537518925886480
0.46176481783706874 0.09722237527080237 -1.25403840184522464
0.46494567782531782 0.09099916392558213 -1.15258221727346788
0.46814844494500796 0.08476376120577085 -1.05107332663026631
0.47137327007433427 0.07852006471556933 -0.94957799982383384
0.47462030513061321 0.07227194313484603 -0.84816204355970359
0.47788970307744211 0.06602323380536380 -0.74689076004223631
0.48118161793190767 0.05977774036751134 -0.64582890642189905
0.48449620477183586 0.05353923044867704 -0.54504065500727916
0.48783361974310091 0.04731143340433262 -0.44458955425978658
0.49119402006698276 0.04109803811283391 -0.34453849058810693
0.49457756404756831 0.03490269082488338 -0.24494965095856888
0.49798441107921515 0.02872899306853966 -0.14588448633674897
0.50141472165405510 0.02258049961060814 -0.04740367597487732
0.50486865736955655 0.01646071647519102 0.05043290744115266
0.50834638093614049 0.01037309902012802 0.14756623177205444
0.51184805618483975 0.00432105007201149 0.24393813852025173
0.51537384807502007 -0.00169208187958636 0.33949137502799720
0.51892392270215304 -0.00766300442807818 0.43416962576729312
0.52249844730563633 -0.01358848293546454 0.52791754271098579
0.52609759027667324 -0.01946534215706153 0.62068077477495909
0.52972152116621019 -0.02529046780487807 0.71240599632189672
0.53337041069291669 -0.03106080804920692 0.80304093471765070
0.53704443075123121 -0.03677337495802973 0.89253439693172854
0.54074375441946221 -0.04242524587387438 0.98083629517397930
0.54446855596793509 -0.04801356472780063 1.06789767156009607
0.54821901086720481 -0.05353554329022422 1.15367072179901831
0.55199529579632578 -0.05898846235832889 1.23810881789590876
0.55579758865116813 -0.06436967287985235 1.32116652986490779
0.55962606855280195 -0.06967659701306650 1.40279964644635946
0.56348091585593751 -0.07490672912281247 1.48296519482379474
0.56736231215741650 -0.08005763671248603 1.56162145933649588
0.57127044030476937 -0.08512696129190454 1.63872799918396517
0.57520548440483177 -0.09011241918102347 1.71424566511918797
0.57916762983241210 -0.09501180224950682 1.78813661512812661
0.58315706323902683 -0.09982297859218636 1.86036432909332539
0.58717397256169712 -0.10454389314047934 1.93089362244004614
0.59121854703179433 -0.10917256820986768 1.99969065876385366
0.59529097718396295 -0.11370710398356269 2.06672296143889200
0.59939145486508971 -0.11814567893251669 2.13195942420666285
0.60352017324334362 -0.12248655017195713 2.19537032074536187
0.60767732681727959 -0.12672805375464691 2.25692731322023787
0.61186311142499428 -0.13086860490109545 2.31660345981582783
0.61607772425335505 -0.13490669816695616 2.37437322125107819
0.62032136384729264 -0.13884090754787032 2.43021246627881515
0.62459423011914772 -0.14266988652203255 2.48409847617130142
0.62889652435809140 -0.14639236803076663 2.53600994819391223
0.63322844923961197 -0.15000716439742481 2.58592699806940240
0.63759020883505479 -0.15351316718495003 2.63383116143583340
0.64198200862124022 -0.15690934699245923 2.67970539430154586
0.64640405549014601 -0.16019475319128787 2.72353407250213575
0.65085655775864737 -0.16336851360087312 2.76530299016338521
0.65533972517833383 -0.16642983410508563 2.80499935717821147
0.65985376894539371 -0.16937799820960708 2.84261179570551281
0.66439890171055649 -0.17221236654094718 2.87813033569890431
0.66897533758911365 -0.17493237628810052 2.91154640948027055
0.67358329217100954 -0.17753754058765023 2.94285284536982594
0.67822298253098967 -0.18002744785349631 2.97204386039069623
0.68289462723883121 -0.18240176105259798 2.99911505206954621
0.68759844636964218 -0.18466021692815537 3.02406338935530483
0.69233466151422274 -0.18680262517205157 3.04688720268455793
0.69710349578950681 -0.18882886754852624 3.06758617322442317
0.70190517384907669 -0.19073889697133251 3.08616132132822907
0.70673992189373802 -0.19253273653688049 3.10261499424300702
0.71160796768218526 -0.19421047851610346 3.11695085311132702
0.71650954054172245 -0.19577228330802851 3.12917385931349878
0.72144487137907043 -0.19721837835821954 3.13929026019862256
0.72641419269124807 -0.19854905704543777 3.14730757425520524
0.73141773857651804 -0.19976467753998078 3.15323457577326538
0.73645574474541731 -0.20086566163721864 3.15708127904993452
0.74152844853186650 -0.20185249356984797 3.15885892218984221
0.74663608890434163 -0.20272571880231716 3.15857995054962393
0.75177890647713608 -0.20348594281071677 3.15625799987252309
0.75695714352169929 -0.20413382985122297 3.15190787915495685
0.76217104397804170 -0.20467010171988784 3.14554555328152308
0.76742085346623079 -0.20509553650621129 3.13718812545849612
0.77270681929796636 -0.20541096734252681 3.12685381946907359
0.77802919048822172 -0.20561728115079006 3.11456196176608024
0.78338821776697964 -0.20571541738787019 3.10033296341003650
0.78878415359104803 -0.20570636678997847 3.08418830185302140
0.79421725215594319 -0.20559117011639458 3.06615050256148836
0.79968776940787090 -0.20537091689219805 3.04624312046444068
0.80519596305578611 -0.20504674414933100 3.02449072120782336
0.81074209258352603 -0.20461983516497359 3.00091886219137560
0.81632641926203720 -0.20409141819594478 2.97555407336071776
0.82194920616168921 -0.20346276520766049 2.94842383772557826
0.82761071816465814 -0.20273519059608006 2.91955657157451753
0.83331122197740892 -0.20191004990104236 2.88898160435701579
0.83905098614326490 -0.20098873850946072 2.85672915820596085
0.84483028105504709 -0.19997269034697868 2.82283032707658199
0.85064937896782500 -0.19886337655686720 2.78731705548164710
0.85650855401173109 -0.19766230416520691 2.75022211680762707
0.86240808220487908 -0.19637101473165627 2.71157909120130824
0.86834824146637202 -0.19499108298541887 2.67142234302181203
0.87432931162938499 -0.19352411544633466 2.62978699785825709
0.88035157445435230 -0.19197174903131509 2.58670891911833101
0.88641531364224579 -0.19033564964664748 2.54222468419797076
0.89252081484793000 -0.18861751076696723 2.49637156024674001
0.89866836569362407 -0.18681905200193089 2.44918747954722660
0.90485825578245527 -0.18494201765185025 2.40071101453021107
0.91109077671209349 -0.18298817525372260 2.35098135245002782
0.91736622208849117 -0.18095931411923477 2.30003826974660930
0.92368488753972133 -0.17885724386643523 2.24792210612233090
0.93004707072989290 -0.17668379294685421 2.19467373836292312
0.93645307137317935 -0.17444080716989285 2.14033455393217320
0.94290319124794220 -0.17213014822634184 2.08494642437055999
0.94939773421093754 -0.16975369221289699 2.02855167852784657
0.95593700621163524 -0.16731332815951880 1.97119307565923130
0.96252131530663754 -0.16481095656146957 1.91291377841424848
0.96915097167417996 -0.16224848791782609 1.85375732574686869
0.97582628762874912 -0.15962784127821206 1.79376760577438232
0.98254757763580092 -0.15695094279945893 1.73298882861184955
0.98931515832656336 -0.15421972431384648 1.67146549920795651
0.99612934851295887 -0.15143612191051498 1.60924239020706494
1.00299046920262747 -0.14860207453159260 1.54636451486136428
1.00989884361403748 -0.14571952258452506 1.48287710001601836
1.01685479719172500 -0.14279040657203085 1.41882555918914011
1.02385865762161421 -0.13981666574106427 1.35425546576757139
1.03091075484645822 -0.13680023675210001 1.28921252633831807
1.03801142108138866 -0.13374305237000819 1.22374255417459565
1.04516099082955427 -0.13064704017773482 1.15789144289443913
1.05235980089788472 -0.12751412131394349 1.09170514030875099
1.05960819041296261 -0.12434620923572690 1.02522962247474725
1.06690650083698868 -0.12114520850744366 0.95851086796968343
1.07425507598387227 -0.11791301361667583 0.89159483239868831
1.08165426203543413 -0.11465150781825489 0.82452742314949357
1.08910440755770344 -0.11136256200724795 0.75735447440578241
1.09660586351734346 -0.10804803362173561 0.69012172242973346
1.10415898329819151 -0.10470976557616156 0.62287478112327010
1.11176412271789449 -0.10134958522597676 0.55565911787638556
1.11942164004467637 -0.09796930336423831 0.48852002970975245
1.12713189601422270 -0.09457071325076941 0.42150261971770137
1.13489525384666146 -0.09115558967442859 0.35465177381650159
1.14271207926368090 -0.08772568804897148 0.28801213780169527
1.15058274050576292 -0.08428274354293487 0.22162809471711156
1.15850760834951960 -0.08082847024391265 0.15554374253703732
1.16648705612516523 -0.07736456035753003 0.08980287216187291
1.17452145973411026 -0.07389268344136882 0.02444894572650374
1.18261119766665646 -0.07041448567403749 -0.04047492478048890
1.19075665101983330 -0.06693158915951895 -0.10492599858972854
1.19895820351535809 -0.06344559126687715 -0.16886192692004715
1.20721624151769702 -0.05995806400534749 -0.23224077344860286
1.21553115405228396 -0.05647055343477882 -0.29502103448809552
1.22390333282383090 -0.05298457911134814 -0.35716165887801848
1.23233317223478811 -0.04950163356841224 -0.41862206759776949
1.24082106940393033 -0.04602318183231559 -0.47936217311031654
1.24936742418505098 -0.04255066097292434 -0.53934239844592180
1.25797263918580571 -0.03908547968861042 -0.59852369603618405
1.26663711978668481 -0.03562901792536684 -0.65686756630939291
1.27536127416009770 -0.03218262652969222 -0.71433607605883132
1.28414551328960691 -0.02874762693484391 -0.77089187659629066
1.29299025098929765 -0.02532531088001897 -0.82649822170359388
1.30189590392325605 -0.02191694016198881 -0.88111898539546241
1.31086289162520631 -0.01852374641867748 -0.93471867950745435
1.31989163651828068 -0.01514693094414194 -0.98726247112311782
1.32898256393490533 -0.01178766453438371 -1.03871619985483954
1.33813610213684386 -0.00844708736339147 -1.08904639499307709
1.34735268233538008 -0.00512630888878972 -1.13822029253892132
1.35663273871161705 -0.00182640778644381 -1.18620585213506358
1.36597670843693786 0.00145156808665068 -1.23297177391028367
1.37538503169360782 0.00470660170188634 -1.27848751525261872
1.38485815169549564 0.00793770684168105 -1.32272330752633982
1.39439651470896098 0.01114392805596116 -1.36565017274766642
1.40400057007388401 0.01432434059323426 -1.40723994023410959
1.41367077022481880 0.01747805030700304 -1.44746526324147173
1.42340757071231394 0.02060419353829948 -1.48629963560411227
1.43321143022438102 0.02370193697510870 -1.52371740839066527
1.44308281060808552 0.02677047748945783 -1.55969380658877421
1.45302217689132229 0.02980904195299717 -1.59420494583352412
1.46302999730470673 0.03281688703183275 -1.62722784918864449
1.47310674330363889 0.03579329896144146 -1.65874046399477693
1.48325288959052193 0.03873759330247856 -1.68872167879479163
1.49346891413710736 0.04164911467825846 -1.71715134034474870
1.50375529820702170 0.04452723649474808 -1.74401027072131587
1.51411252637844407 0.04737136064386394 -1.76928028453252617
1.52454108656692022 0.05018091719088697 -1.79294420623921824
1.53504147004835301 0.05295536404679640 -1.81498588759280222
1.54561417148215696 0.05569418662632319 -1.83539022519387474
1.55625968893454147 0.05839689749251951 -1.85414317817494179
1.56697852390198511 0.06106303598863138 -1.87123178600893603
1.57777118133486671 0.06369216785805783 -1.88664418644386811
1.58863816966123794 0.06628388485317208 -1.90036963356231969
1.59958000081078100 0.06883780433376922 -1.91239851596275434
1.61059719023893511 0.07135356885589768 -1.92272237505792609
1.62169025695116265 0.07383084575182240 -1.93133392348383692
1.63285972352740405 0.07626932670185377 -1.93822706361064423
1.64410611614670854 0.07866872729876649 -1.94339690614497762
1.65542996461200076 0.08102878660552343 -1.94683978881102115
1.66683180237505080 0.08334926670699930 -1.94855329509538255
1.67831216656161164 0.08562995225639304 -1.94853627303858490
1.68987159799670472 0.08787065001700098 -1.94678885405359847
1.70151064123010665 0.09007118840000608 -1.94331247174926580
1.71322984456201199 0.09223141699892698 -1.93810988073399071
1.72502976006884090 0.09435120612135545 -1.93118517537239409
1.73691094362927045 0.09643044631858938 -1.92254380846478412
1.74887395495040243 0.09846904791376153 -1.91219260981662220
1.76091935759413643 0.10046694052903758 -1.90013980466208676
1.77304771900373059 0.10242407261244686 -1.88639503190293500
1.78525961053051230 0.10434041096489126 -1.87096936212080234
1.79755560746080478 0.10621594026785570 -1.85387531531782668
1.80993628904303661 0.10805066261232980 -1.83512687833736643
1.82240223851501071 0.10984459702943367 -1.81473952191328047
1.83495404313138932 0.11159777902321565 -1.79273021729282034
1.84759229419136894 0.11331026010607818 -1.76911745237485230
1.86031758706651473 0.11498210733726820 -1.74392124730168518
1.87313052122882051 0.11661340286484394 -1.71716316943917668
1.88603170027895439 0.11820424347151923 -1.68886634767637411
1.89902173197467894 0.11975474012476257 -1.65905548597233232
1.91210122825948781 0.12126501753150629 -1.62775687607408481
1.92527080529144534 0.12273521369788917 -1.59499840932736836
1.93853108347219338 0.12416547949375634 -1.56080958748896292
1.95188268747618587 0.12555597822385345 -1.52522153247592418
1.96532624628012798 0.12690688520409546 -1.48826699493467718
1.97886239319258661 0.12821838734347032 -1.44998036154333176
1.99249176588383281 0.12949068273388470 -1.41039766097304797
2.00621500641589323 0.13072398024466830 -1.36955656836414552
2.02003276127277731 0.13191849912510106 -1.32749640825426374
2.03394568139093934 0.13307446861422029 -1.28425815583605907
2.04795442218995793 0.13419212755668122 -1.23988443641955381
2.06205964360338356 0.13527172402680301 -1.19441952300805165
2.07626201010985856 0.13631351495974234 -1.14790933185703636
2.09056219076439209 0.13731776579031826 -1.10040141590142126
2.10496085922989185 0.13828475009951854 -1.05194495592832560
2.11945869380890795 0.13921474926877961 -1.00259074937110149
2.13405637747556742 0.14010805214211647 -0.95239119659812765
2.14875459790775691 0.14096495469615264 -0.90140028456788834
2.16355404751953095 0.14178575971809473 -0.84967356772026037
2.17845542349370769 0.14257077649167968 -0.79726814597255280
2.19345942781472392 0.14332032049110288 -0.74424263968773785
2.20856676730171486 0.14403471308292851 -0.69065716148165746
2.22377815364179110 0.14471428123596849 -0.63657328473562080
2.23909430342357307 0.14535935723910048 -0.58205400868084478
2.25451593817096496 0.14597027842698507 -0.52716371992168820
2.27004378437711551 0.14654738691363578 -0.47196815026557182
2.28567857353866044 0.14709102933377224 -0.41653433072886276
2.30142104219018861 0.14760155659188740 -0.36093054158997656
2.31727193193891834 0.14807932361894610 -0.30522625836342698
2.33323198949964450 0.14852468913661665 -0.24949209357161653
2.34930196672992908 0.14893801542893501 -0.19379973419486496
2.36548262066549286 0.14931966812129085 -0.13822187468451100
2.38177471355589265 0.14967001596661020 -0.08283214542893461
2.39817901290044277 0.14998943063860656 -0.02770503656810706
2.41469629148434395 0.15027828653196651 0.02708418294123409
2.43132732741510260 0.15053696056931853 0.08145955110040183
2.44807290415919843 0.15076583201483584 0.13534450356607125
2.46493381057896288 0.15096528229431475 0.18866196934362664
2.48191084096977521 0.15113569482155623 0.24133447154021936
2.49900479509745121 0.15127745483088487 0.29328423323044256
2.51621647823593220 0.15139094921561794 0.34443328847577659
2.53354670120523284 0.15147656637230214 0.39470359852624398
2.55099628040961113 0.15153469605052700 0.44401717321898093
2.56856603787604332 0.15156572920811237 0.49229619757362914
2.58625680129295965 0.15157005787146827 0.53946316356862367
2.60406940404921050 0.15154807500091938 0.58544100706550906
2.62200468527333941 0.15150017436077404 0.63015324983034871
2.64006348987312522 0.15142675039392009 0.67352414658213478
2.65824666857535963 0.15132819810072315 0.71547883697778836
2.67655507796593595 0.15120491292199240 0.75594350242184893
2.69498958053021731 0.15105729062578033 0.79484552756635285
2.71355104469363706 0.15088572719777912 0.83211366634263217
2.73224034486262513 0.15069061873506398 0.86767821234180564
2.75105836146581328 0.15047236134293829 0.90147117333469895
2.77000598099548245 0.15023135103463112 0.93342644969476107
2.78908409604933905 0.14996798363358799 0.96348001645921466
2.80829360537257955 0.14968265467810021 0.99157010873437634
2.82763541390019668 0.14937575932801767 1.01763741012071218
2.84711043279962883 0.14904769227327838 1.04162524380179011
2.86671957951369549 0.14869884764400115 1.06347976590906446
2.88646377780378760 0.14832961892188121 1.08315016074127635
2.90634395779340204 0.14794039885262933 1.10058883738327862
2.92636105601196883 0.14753157935920197 1.11575162723451871
2.94651601543894071 0.14710355145557460 1.12859798192213190
2.96680978554825137 0.14665670516080800 1.13909117103781621
2.98724332235300905 0.14619142941317784 1.14719847910157680
3.00781758845055025 0.14570811198413089 1.15289140111891064
3.02853355306780125 0.14520713939185317 1.15614583606152332
3.04939219210690604 0.14468889681424393 1.15694227756511636
3.07039448819121263 0.14415376800109805 1.15526600110138578
3.09154143071158360 0.14360213518531958 1.15110724684540355
3.11283401587297037 0.14303437899300911 1.14446139742410580
3.13427324674135965 0.14245087835227643 1.13532914969681009
3.15586013329104409 0.14185201040065970 1.12371667968497180
3.17759569245216467 0.14123815039105411 1.10963579973578863
3.19948094815863815 0.14060967159606907 1.09310410697300964
3.22151693139640605 0.13996694521076791 1.07414512205887092
3.24370468025197134 0.13931034025376807 1.05278841726347916
3.26604523996131801 0.13864022346670332 1.02906973281257108
3.28853966295916722 0.13795695921208523 1.00303108046178679
3.31118900892852341 0.13726090936963004 0.97472083322558356
3.33399434485060953 0.13655243323114352 0.94419380017200727
3.35695674505515118 0.13583188739409213 0.91151128518122226
3.38007729127094736 0.13509962565402123 0.87674112855618613
3.40335707267685450 0.13435599889600511 0.83995773036848886
3.42679718595310590 0.13360135498535214 0.80124205442174645
3.45039873533294417 0.13283603865781554 0.76068161171918736
3.47416283265465609 0.13206039140958584 0.71837042233174653
3.49809059741397022 0.13127475138737157 0.67440895457851535
3.52218315681675032 0.13047945327890390 0.62890404045315973
3.54644164583214483 0.12967482820421330 0.58196876625832406
3.57086720724601214 0.12886120360806277 0.53372233744568420
3.59546099171477529 0.12803890315392599 0.48428991670243093
3.62022415781964479 0.12720824661992505 0.43380243437620386
3.64515787212116038 0.12636954979719045 0.38239637039033175
3.67026330921416610 0.12552312439080493 0.33021350686881951
3.69554165178316163 0.12466927792448322 0.27740065077192422
3.72099409065798081 0.12380831364867342 0.22410932592541738
3.74662182486990636 0.12294053045250986 0.17049543392907504
3.77242606170817796 0.12206622278110864 0.11671888353903760
3.79840801677682238 0.12118568055702471 0.06294318823228315
3.82456891405194277 0.12029918910763296 0.00933503180100269
3.85090998593939648 0.11940702909857713 -0.04393619803978160
3.87743247333281227 0.11850947647291384 -0.09669890789205314
3.90413762567206657 0.11760680239728956 -0.14877982845477711
3.93102670100216622 0.11669927321493047 -0.20000457536118996
3.95810096603246819 0.11578715040596377 -0.25019824039918076
3.98536169619637626 0.11487069055532656 -0.29918601223898822
4.01281017571144627 0.11395014532853262 -0.34679382557867400
4.04044769763983957 0.11302576145553100 -0.39284903739269572
4.06827556394925782 0.11209778072285076 -0.43718112873270093
4.09629508557430455 0.11116643997419494 -0.47962243028300600
4.12450758247818960 0.11023197111961013 -0.52000886961675141
4.15291438371494248 0.10929460115331255 -0.55818073783326705
4.18151682749203335 0.10835455218021822 -0.59398347298381604
4.21031626123337333 0.10741204145118392 -0.62726845741271731
4.23931404164284142 0.10646728140691830 -0.65789382585525358
4.26851153476814815 0.10552047973049168 -0.68572528084437856
4.29791011606521067 0.10457183940832149 -0.71063691168666565
4.32751117046297207 0.10362155879947568 -0.73251201297630908
4.35731609242859541 0.10266983171309585 -0.75124389832636085
4.38732628603318098 0.10171684749369639 -0.76673670471116662
4.41754316501793021 0.10076279111406093 -0.77890618253583299
4.44796815286070313 0.09980784327541987 -0.78768046628027966
4.47860268284309537 0.09885218051454940 -0.79300082031001307
4.50944819811798503 0.09789597531740084 -0.79482235420657144
4.54050615177746941 0.09693939623883503 -0.79311470175099330
4.57177800692133918 0.09598260802799759 -0.78786265749727658
4.60326523672603471 0.09502577175884334 -0.77906676470356484
4.63496932451398713 0.09406904496529063 -0.76674384825059128
4.66689176382352855 0.09311258178045068 -0.75092748607382420
4.69903405847926958 0.09215653307935910 -0.73166841257214588
4.73139772266289604 0.09120104662461191 -0.70903484743591105
4.76398428098452786 0.09024626721428422 -0.68311274336525540
4.79679526855455585 0.08929233683149623 -0.65400594622995234
4.82983223105592252 0.08833939479497671 -0.62183626135916403
4.86309672481695010 0.08738757790995839 -0.58674341984730904
4.89659031688469248 0.08643702061873546 -0.54888493902506785
4.93031458509869847 0.08548785515020940 -0.50843587157608083
4.96427111816537092 0.08454021166774393 -0.46558843818364376
4.99846151573283315 0.08359421841465660 -0.42055153907105347
5.03288738846622596 0.08265000185668243 -0.37355014035685485
5.06755035812365673 0.08170768682074989 -0.32482453178443299
5.10245205763253029 0.08076739662943326 -0.27462945310600301
5.13759413116650521 0.07982925323045652 -0.22323308720500126
5.17297823422297665 0.07889337732065192 -0.17091591892866556
5.20860603370100783 0.07795988846380483 -0.11796945957363396
5.24447920797988143 0.07702890520184326 -0.06469483802031845
5.28059944699819717 0.07610054515887045 -0.01140126064427987
5.31696845233342508 0.07517492513757809 0.04159565665866261
5.35358793728209381 0.07425216120761673 0.09397567971689565
5.39045962694052694 0.07333236878555016 0.14541586463477099
5.42758525828605887 0.07241566270606946 0.19559257628531784
5.46496658025888138 0.07150215728419046 0.24418360792348295
5.50260535384447369 0.07059196636821591 0.29087039160527101
5.54050335215649259 0.06968520338329939 0.33534028757516382
5.57866236052033670 0.06878198136550150 0.37728893924518481
5.61708417655727565 0.06788241298628975 0.41642267884827305
5.65577061026908012 0.06698661056749199 0.45246096732196450
5.69472348412331364 0.06609468608676725 0.48513885048295557
5.73394463313921854 0.06520675117371824 0.51420941210762128
5.77343590497410020 0.06432291709682579 0.53944620315791403
5.81319916001040049 0.06344329474143524 0.56064562510749061
5.85323627144336545 0.06256799457908052 0.57762924415185435
5.89354912536922804 0.06169712662847986 0.59024601205203031
5.93413962087409441 0.06083080040857927 0.59837436848801762
5.97500967012343231 0.05996912488406611 0.60192419911080919
6.01616119845208175 0.05911220840381204 0.60083862300523916
6.05759614445503924 0.05826015863273552 0.59509558303551013
6.09931646007870754 0.05741308247760967 0.58470921256613351
6.14132411071287976 0.05657108600735962 0.56973095235738658
6.18362107528336136 0.05573427436841889 0.55025039204997794
6.22620934634512757 0.05490275169572839 0.52639581160035676
6.26909093017622254 0.05407662101997097 0.49833439932631618
6.31226784687230946 0.05325598417164307 0.46627212489027031
6.35574213044176251 0.05244094168256673 0.43045324759985953
6.39951582890152437 0.05163159268544028 0.39115944285417648
6.44359100437361665 0.05082803481202169 0.34870853241679850
6.48796973318221504 0.05003036409052806 0.30345280745726316
6.53265410595150353 0.04923867484281796 0.25577693696892467
6.57764622770418317 0.04845305958190802 0.20609545823598549
6.62294821796058031 0.04767360891032563 0.15484985047227481
6.66856221083852052 0.04690041141991712 0.10250519756876286
6.71449035515390236 0.04613355359342938 0.04954645103830276
6.76073481452185465 0.04537311970841670 -0.00352569030060704
6.80729776745870030 0.04461919174388037 -0.05619926164752596
6.85418140748460925 0.04387184929003107 -0.10795584637933260
6.90138794322687321 0.04313116946153678 -0.15827568880850632
6.94891959852397711 0.04239722681458379 -0.20664306516211833
6.99677861253040323 0.04167009326804863 -0.25255186626212761
7.04496723982204198 0.04094983802904512 -0.29551133933345630
7.09348775050243230 0.04023652752307662 -0.33505193049361115
7.14234243030975069 0.03953022532899345 -0.37073116388836935
7.19153358072439097 0.03883099211892305 -0.40213948824114204
7.24106351907749612 0.03813888560330868 -0.42890601689376384
7.29093457866002304 0.03745396048116504 -0.45070408335315615
7.34114910883271410 0.03677626839562770 -0.46725653104403914
7.39170947513679444 0.03610585789484803 -0.47834065352691357
7.44261805940534860 0.03544277439825894 -0.48379269999644808
7.49387725987554987 0.03478706016821088 -0.48351186054922940
7.54548949130168989 0.03413875428695563 -0.47746364661744872
7.59745718506884682 0.03349789263893466 -0.46568258421450526
7.64978278930746658 0.03286450789830620 -0.44827414132695803
7.70246876900873456 0.03223862952162957 -0.42541581599827710
7.75551760614061170 0.03162028374560745 -0.39735731844971034
7.80893179976480489 0.03100949358977070 -0.36441978901821614
7.86271386615452528 0.03040627886397801 -0.32699400378298704
7.91686633891295788 0.02981065618059002 -0.28553753149543459
7.97139176909264169 0.02922263897116616 -0.24057081878707290
8.02629272531570415 0.02864223750752367 -0.19267219553644238
8.08157179389476887 0.02806945892699096 -0.14247180862449427
8.13723157895484306 0.02750430726167887 -0.09064450995336287
8.19327470255603352 0.02694678347158960 -0.03790174336111405
8.24970380481698484 0.02639688548137853 0.01501750529244188
8.30652154403929366 0.02585460822057956 0.06735661033642548
8.36373059683278619 0.02531994366710385 0.11835195570392285
8.42133365824150992 0.02479288089382019 0.16724420595113909
8.47933344187075200 0.02427340611802391 0.21329005321681171
8.53773268001491026 0.02376150275360234 0.25577427526744290
8.59653412378610682 0.02325715146570663 0.29402192191573978
8.65574054324390119 0.02276033022773932 0.32741043105798195
8.71535472752569795 0.02227101438047214 0.35538146185222425
8.77537948497815989 0.02178917669310914 0.37745222166275488
8.83581764328957142 0.02131478742611491 0.39322605583451453
8.89667204962294100 0.02084781439563155 0.40240206562760139
8.95794557075018716 0.02038822303931136 0.40478352020289760
9.01964109318722329 0.01993597648339748 0.40028483383040581
9.08176152332984898 0.01949103561088993 0.38893688986064562
9.14430978759071600 0.01905335913063821 0.37089050875269519
9.20728883253723041 0.01862290364720825 0.34641787879787134
9.27070162503026651 0.01819962373137660 0.31591179521826018
9.33455115236398569 0.01778347199110969 0.27988258603629840
9.39884042240660378 0.01737439914289233 0.23895264135164476
9.46357246374199690 0.01697235408327542 0.19384850612169932
9.52875032581242287 0.01657728396051788 0.14539054475891491
9.59437707906221782 0.01618913424620421 0.09448023819893510
9.66045581508235429 0.01580784880672505 0.04208522975149292
9.72698964675612210 0.01543336997451278 -0.01077770596181564
9.79398170840582871 0.01506563861893117 -0.06306153750727764
9.86143515594034170 0.01470459421672306 -0.11370940206845165
9.92935316700382486 0.01435017492192536 -0.16167623187164931
9.99773894112547623 0.01400231763516665 -0.20595117745030708
10.06659569987014713 0.01366095807226792 -0.24558037426528451
10.13592668699016741 0.01332603083207172 -0.27968955653222327
10.20573516857819385 0.01299746946343053 -0.30750598788802497
10.27602443322096626 0.01267520653129040 -0.32837915452042554
10.34679779215434792 0.01235917368180982 -0.34179965427523967
10.41805857941921332 0.01204930170645952 -0.34741571659731757
10.48981015201854206 0.01174552060505278 -0.34504680430690071
10.56205589007563006 0.01144775964766029 -0.33469378025160135
10.63479919699321208 0.01115594743536837 -0.31654517056248044
10.70804349961384183 0.01087001195984268 -0.29097912193974285
10.78179224838138772 0.01058988066166404 -0.25856073299823940
10.85604891750345935 0.01031548048740677 -0.22003453859713146
10.93081700511513965 0.01004673794543313 -0.17631204007924201
11.00610003344382370 0.00978357916038135 -0.12845430167132074
11.08190154897503987 0.00952592992632825 -0.07764977154354974
11.15822512261957122 0.00927371575860975 -0.02518763216911691
11.23507434988173870 0.00902686194428664 0.02757286496775472
11.31245285102866305 0.00878529359124530 0.07923647478670454
11.39036427126086970 0.00854893567592583 0.12840869275391062
11.46881228088406779 0.00831771308967263 0.17373426018962260
11.54780057548193817 0.00809155068370546 0.21393643206912094
11.62733287609027499 0.00787037331271039 0.24785589808142039
11.70741292937236366 0.00765410587705304 0.27448817312243212
11.78804450779532864 0.00744267336361839 0.29301807628499632
11.86923140980793434 0.00723600088528309 0.30285084200786427
11.95097746001958150 0.00703401371902829 0.30363709934616717
12.03328650938034805 0.00683663734270284 0.29529213982697050
12.11616243536247062 0.00664379747044791 0.27800771317882000
12.19960914214307124 0.00645542008679580 0.25225573958420033
12.28363056078792503 0.00627143147945727 0.21878277201231558
12.36823064943682482 0.00609175827081243 0.17859604929905465
12.45341339348988541 0.00591632744812220 0.13293965545574543
12.53918280579536493 0.00574506639247747 0.08326183726331500
12.62554292683876156 0.00557790290650504 0.03117385348083191
12.71249782493303115 0.00541476524084965 -0.02159901485528463
12.80005159641030055 0.00525558211945242 -0.07327257876029097
12.88820836581490603 0.00510028276364681 -0.12206364387980433
12.97697228609757403 0.00494879691509390 -0.16625287337200390
13.06634753881110811 0.00480105485757912 -0.20424837805803997
13.15633833430746158 0.00465698743769338 -0.23464774890571599
13.24694891193594515 0.00451652608442179 -0.25629608003344456
13.33818354024298891 0.00437960282766353 -0.26833750626197567
13.43004651717330766 0.00424615031570694 -0.27025784567047523
13.52254217027224570 0.00411610183168386 -0.26191610868947685
13.61567485688968482 0.00398939130902771 -0.24356291570058075
13.70944896438540361 0.00386595334595977 -0.21584425373592833
13.80386891033561803 0.00374572321902838 -0.17978949408069847
13.89893914274114195 0.00362863689572564 -0.13678317532589687
13.99466414023702043 0.00351463104620626 -0.08852071409436009
14.09104841230335481 0.00340364305413340 -0.03694891618217955
14.18809649947781004 0.00329561102667584 0.01580710300622239
14.28581297356959823 0.00319047380368106 0.06752824979965280
14.38420243787468600 0.00308817096604858 0.11599400766627774
14.48326952739274454 0.00298864284332750 0.15907957880853585
14.58301890904555620 0.00289183052056243 0.19485348041482231
14.68345528189669658 0.00279767584441135 0.22167112342248727
14.78458337737311012 0.00270612142855876 0.23825974716029083
14.88640795948781026 0.00261711065844751 0.24379014229567095
14.98893382506439842 0.00253058769535188 0.23793088663287415
15.09216580396309659 0.00244649747981468 0.22088135300106809
15.19610875930813876 0.00236478573447035 0.19338052337607742
15.30076758771692269 0.00228539896627599 0.15668964281289652
15.40614721953078536 0.00220828446817180 0.11254794083117090
15.51225261904708930 0.00213339032019189 0.06310199228883823
15.61908878475316698 0.00206066539004624 0.01081072642633415
15.72666074956188353 0.00199005933319399 -0.04167044862203204
15.83497358104856190 0.00192152259242800 -0.09162153794401434
15.94403238168977666 0.00185500639699009 -0.13639974424349893
16.05384228910383726 0.00179046276123592 -0.17358399583435988
16.16440847629262834 0.00172784448286817 -0.20111436191902390
16.27573615188538625 0.00166710514075610 -0.21741818339100058
16.38783056038416674 0.00160819909235927 -0.22151488459977361
16.50069698241071947 0.00155108147077266 -0.21309206090377192
16.61434073495536978 0.00149570818141001 -0.19254657169452644
16.72876717162753124 0.00144203589834187 -0.16098599153621898
16.84398168290777775 0.00139002206030420 -0.12018783215305863
16.95998969640185550 0.00133962486639317 -0.07251635952741302
17.07679667709644278 0.00129080327146124 -0.02079947409649754
17.19440812761645176 0.00124351698122915 0.03182915118611082
17.31282958848430553 0.00119772644712817 0.08211484302227254
17.43206663838105897 0.00115339286088635 0.12688341806169162
17.55212489440898693 0.00111047814887229 0.16324730642121146
17.67301001235643199 0.00106894496620944 0.18880297862842008
17.79472768696403406 0.00102875669067348 0.20180595213201727
17.91728365219310604 0.00098987741638516 0.20130993905175451
18.04068368149582469 0.00095227194731025 0.18725839198514382
18.16493358808703462 0.00091590579057829 0.16051921998427260
18.29003922521819092 0.00088074514963112 0.12285638741751592
18.41600648645320959 0.00084675691721181 0.07683659624241976
18.54284130594588476 0.00081390866820473 0.02567369369739755
18.67054965871956540 0.00078216865233631 -0.02698166704045032
18.79913756094870436 0.00075150578674666 -0.07729488101158516
18.92861107024209844 0.00072188964844107 -0.12152633576234184
19.05897628592832760 0.00069329046663059 -0.15631677914198358
19.19023934934321218 0.00066567911497041 -0.17895698863143494
19.32240644411890074 0.00063902710370445 -0.18762074592773065
19.45548379647529202 0.00061330657172432 -0.18153823422975407
19.58947767551343233 0.00058849027855037 -0.16109401762556519
19.72439439351064294 0.00056455159624263 -0.12783576430915677
19.86024030621799952 0.00054146450124871 -0.08438771138685316
19.99702181315981875 0.00051920356619581 -0.03427009610967986
20.13474535793495690 0.00049774395163364 0.01836597070449164
20.27341742852043538 0.00047706139773463 0.06907059961699014
20.41304455757720504 0.00045713221595797 0.11346932333076999
20.55363332275766908 0.00043793328068335 0.14764884525639727
20.69519034701566085 0.00041944202082027 0.16852036895286920
20.83772229891854622 0.00040163641139871 0.17412598060643852
20.98123589296111646 0.00038449496514632 0.16385619973415227
21.12573788988219903 0.00036799672405765 0.13855274469929008
21.27123509698287762 0.00035212125096018 0.10047954694772621
21.41773436844730227 0.00033684862108219 0.05315652298142835
21.56524260566567719 0.00032215941362703 0.00106368555713082
21.71376675755915642 0.00030803470335831 -0.05076331743121409
21.86331382090732234 0.00029445605220033 -0.09721255507752775
22.01389084067788815 0.00028140550085798 -0.13360611096975503
22.16550491035836856 0.00026886556045992 -0.15619077967070197
22.31816317229034397 0.00025681920422916 -0.16255685809788559
22.47187281800605874 0.00024524985918454 -0.15193576398865999
22.62664108856695222 0.00023414139787678 -0.12533830097584278
22.78247527490490754 0.00022347813016251 -0.08550679666109122
22.93938271816583452 0.00021324479501956 -0.03667605488838580
23.09737081005526349 0.00020342655240672 0.01584275040440353
23.25644699318666753 0.00019400897517116 0.06621925403854008
23.41661876143221122 0.00018497804100546 0.10874715919022436
23.57789366027551736 0.00017632012445868 0.13850431271182270
23.74027928716727942 0.00016802198902882 0.15195312930013252
23.90378329188323292 0.00016007077903272 0.14740530749692501
24.06841337688434734 0.00015245401052166 0.12528752232176554
24.23417729767975004 0.00014515958031727 0.08816229999399007
24.40108286319222586 0.00013817569279330 0.04048537638384092
24.56913793612584485 0.00013149099018783 -0.01188493545968370
24.73835043333644990 0.00012509436891541 -0.06238032424918471
24.90872832620479116 0.00011897513208029 -0.10453941197504485
25.08027964101170326 0.00011312286820889 -0.13285050573947227
25.25301245931659011 0.00010752748834316 -0.14350957066479914
25.42693491833779973 0.00010217921904579 -0.13498601783550845
25.60205521133612194 0.00009706859466149 -0.10830725451219177
25.77838158800087243 0.00009218644954812 -0.06700498726546841
25.95592235483826826 0.00008752391058200 -0.01671023578279567
26.13468587556286593 0.00008307238995055 0.03556911600830477
26.31468057149170292 0.00007882357816548 0.08240150074459186
26.49591492194075215 0.00007476943723800 0.11699266460607770
26.67839746462448147 0.00007090219398048 0.13420426308702166
26.86213679605822335 0.00006721433341592 0.13137415359906474
27.04714157196285029 0.00006369859228621 0.10880183655541950
27.23342050767267608 0.00006034795265541 0.06980333140770997
27.42098237854617082 0.00005715563560645 0.02030010222106382
27.60983602037906337 0.00005411509503120 -0.03202199154459090
27.79999032982073714 0.00005122001151403 -0.07887571847379544
27.99145426479347520 0.00004846428630925 -0.11268861440044364
28.18423684491418513 0.00004584203541310 -0.12786510159260644
28.37834715191940305 0.00004334758373068 -0.12178064371167925
28.57379433009332814 0.00004097545933827 -0.09532315231223792
28.77058758669825522 0.00003872038784153 -0.05286070069791741
28.96873619240848896 0.00003657728682982 -0.00160549399079223
29.16824948174722820 0.00003454126042700 0.04955144120696874
29.36913685352597270 0.00003260759393892 0.09155978879841589
29.57140777128746478 0.00003077174859774 0.11683088580032920
29.77507176375166154 0.00002902935640314 0.12066926375564863
29.98013842526423645 0.00002737621506064 0.10223710251231641
30.18661741624899619 0.00002580828301668 0.06484104323578709
30.39451846366259957 0.00002432167459073 0.01544462313145535
30.60385136145291085 0.00002291265520408 -0.03654735638663885
30.81462597102058965 0.00002157763670510 -0.08103934299497417
31.02685222168328139 0.00002031317279089 -0.10921578491768305
31.24054011114357010 0.00001911595452484 -0.11534891921632837
31.45569970596010023 0.00001798280594975 -0.09806457408848929
31.67234114202147310 0.00001691067979627 -0.06077122576239127
31.89047462502390218 0.00001589665328594 -0.01110960666348705
32.11011043095216166 0.00001493792402851 0.04051986714411813
32.33125890656335599 0.00001403180601285 0.08309202852189615
32.55393046987445160 0.00001317572569091 0.10732922192762585
32.77813561065330106 0.00001236721815402 0.10780087426384306
33.00388489091239563 0.00001160392340081 0.08426296937802351
33.23118894540665735 0.00001088358269606 0.04188630489229866
33.46005848213456346 0.00001020403501962 -0.00974745381476627
33.69050428284223386 0.00000956321360456 -0.05872350883506671
33.92253720353155444 0.00000895914256369 -0.09352016338200426
34.15616817497173940 0.00000838993360357 -0.10577002776998339
34.39140820321391345 0.00000785378282493 -0.09238764695313360
34.62826837010977243 0.00000734896760866 -0.05650087297136065
34.86675983383382516 0.00000687384358623 -0.00688019353332769
35.10689382940867631 0.00000642684169351 0.04408181653534738
35.34868166923443766 0.00000600646530692 0.08341200972447430
35.59213474362190510 0.00000561128746077 0.10089177300647183
35.83726452132862050 0.00000523994814460 0.09182587099990362
36.08408255009970134 0.00000489115167947 0.05847178481697599
36.33260045721140585 0.00000456366417182 0.00966123979565493
36.58282995001901128 0.00000425631104380 -0.04139283160074623
36.83478281650860708 0.00000396797463881 -0.08060573517490097
37.08847092585194360 0.00000369759190095 -0.09693960345039401
37.34390622896582812 0.00000344415212707 -0.08563852428958940
37.60110075907528682 0.00000320669479021 -0.04980353676377521
37.86006663228003788 0.00000298430743301 0.00025489707192332
38.12081604812546942 0.00000277612362989 0.04982990787662022
38.38336129017754672 0.00000258132101642 0.08408206046796886
38.64771472660106610 0.00000239911938490 0.09254214755152504
38.91388881074252026 0.00000222877884433 0.07247615989244956
39.18189608171694260 0.00000206959804388 0.02998977709466841
39.45174916499820483 0.00000192091245806 -0.02161503765046362
39.72346077301400413 0.00000178209273256 -0.06586912237363397
39.99704370574492174 0.00000165254308908 -0.08838198993581621
40.27251085132701292 0.00000153169978804 -0.08164533937319692
40.54987518665913626 0.00000141902964759 -0.04775967027580352
40.82914977801451073 0.00000131402861767 0.00196612329710740
41.11034778165581827 0.00000121622040765 0.05059288911117524
41.39348244445520209 0.00000112515516621 0.08125177842882930
41.67856710451849267 0.00000104040821218 0.08308227674072312
41.96561519181314992 0.00000096157881510 0.05529748549605818
42.25464022880114356 0.00000088828902280 0.00779036916389881
42.54565583107618920 0.00000082018253868 -0.04214905135897273
42.83867570800463653 0.00000075692364027 -0.07601598366732575
43.13371366337192114 0.00000069819614645 -0.08101317729277349
43.43078359603229188 0.00000064370242393 -0.05511044652225908
43.72989950056381758 0.00000059316243751 -0.00816969353240226
44.03107546792784888 0.00000054631283995 0.04154075125320373
44.33432568613240932 0.00000050290610111 0.07432970007369565
44.63966444090076635 0.00000046270967483 0.07695618238219332
44.94710611634466346 0.00000042550520247 0.04822736583962423
45.25666519564148160 0.00000039108775186 -0.00013179150810611
45.56835626171672260 0.00000035926509050 -0.04798199769469567
45.88219399793127451 0.00000032985699184 -0.07504859661125406
46.19819318877259207 0.00000030269457348 -0.06963102906161996
46.51636872055146199 0.00000027761966616 -0.03396460455097066
46.83673558210352894 0.00000025448421248 0.01633530447759354
47.15930886549484313 0.00000023314969419 0.05884517973739562
47.48410376673314204 0.00000021348658716 0.07428784866570162
47.81113558648395667 0.00000019537384273 0.05548357619284518
48.14041973079085324 0.00000017869839469 0.01106195004358869
48.47197171180150121 0.00000016335469072 -0.03812674820161103
48.80580714849863710 0.00000014924424748 -0.06860674506887847
49.14194176743541220 0.00000013627522821 -0.06556892577999665
49.48039140347642473 0.00000012436204213 -0.03040211294177801
49.82117200054399575 0.00000011342496463 0.01950999232645744
50.16429961236871549 0.00000010338977733 0.05907154084798648
50.50979040324599367 0.00000009418742738 0.06806322909506164
50.85766064879778270 0.00000008575370491 0.04175405273819582
51.20792673673872031 0.00000007802893802 -0.00615680597770820
51.56060516764880930 0.00000007095770448 -0.05027619159286357
51.91571255575011179 0.00000006448855933 -0.06685012442257400
52.27326562968973178 0.00000005857377784 -0.04677798855792567
52.63328123332806285 0.00000005316911284 -0.00107549135307992
52.99577632653188175 0.00000004823356600 0.04471290775470637
53.36076798597342474 0.00000004372917232 0.06460082612167423
53.72827340593521939 0.00000003962079711 0.04710415872400914
54.09830989911951349 0.00000003587594495 0.00235727999977619
54.47089489746409896 0.00000003246458005 -0.04325594934302571
54.84604595296382712 0.00000002935895736 -0.06243921752217770
55.22378073849689883 0.00000002653346392 -0.04352400449106742
55.60411704865762061 0.00000002396446998 0.00191120569965760
55.98707280059507951 0.00000002163018930 0.04560039645555528
56.37266603485656447 0.00000001951054821 0.05997140022334111
56.76091491623769514 0.00000001758706290 0.03580981754775509
57.15183773463848382 0.00000001584272459 -0.01125426749337163
57.54545290592436402 0.00000001426189204 -0.05032824819458164
57.94177897279396205 0.00000001283019109 -0.05540686672116985
58.34083460565301493 0.00000001153442079 -0.02305434027991440
58.74263860349324062 0.00000001036246573 0.02462893132232220
59.14720989477827118 0.00000000930321429 0.05462467735762185
59.55456753833561123 0.00000000834648233 0.04588502026359413
59.96473072425391138 0.00000000748294222 0.00463178669461676
60.37771877478727589 0.00000000670405661 -0.03939733373991920
60.79355114526580195 0.00000000600201692 -0.05404866388102957
61.21224742501138394 0.00000000536968611 -0.02849604570505328
61.63382733826140480 0.00000000480054550 0.01807080573690590
62.05831074509711698 0.00000000428864541 0.05024573844377029
62.48571764237959769 0.00000000382855936 0.04326210347520698
62.91606816469209207 0.00000000341534160 0.00261022929452923
63.34938258528783450 0.00000000304448780 -0.03951877474494703
63.78568131704546573 0.00000000271189861 -0.04935436888647773
64.22498491343100113 0.00000000241384600 -0.01894964344675447
64.66731406946533411 0.00000000214694212 0.02660844447641195
65.11268962269959104 0.00000000190811056 0.04928824011869633
65.56113255419701602 0.00000000169455977 0.02994955464658611
66.01266398952071768 0.00000000150375864 -0.01476714721270150
66.46730519972919637 0.00000000133341391 -0.04598441895944395
66.92507760237876369 0.00000000118144941 -0.03624964858754345
67.38600276253178833 0.00000000104598698 0.00568006183998494
67.85010239377291441 0.00000000092532887 0.04183786036476586
68.31739835923238502 0.00000000081794162 0.03910207074259008
68.78791267261519238 0.00000000072244127 0.00008432807169821
69.26166749923855548 0.00000000063757974 -0.03842201193986604
69.73868515707637528 0.00000000056223240 -0.03967939284984726
70.21898811780998528 0.00000000049538669 -0.00253535802423072
70.70259900788697394 0.00000000043613165 0.03653896602263283
71.18954060958763819 0.00000000038364845 0.03871825599419748
71.67983586209734881 0.00000000033720162 0.00185931642050581
72.17350786258761275 0.00000000029613114 -0.03636170699057804
72.67057986730449670 0.00000000025984519 -0.03639180920001333
73.17107529266338872 0.00000000022781355 0.00176807177522586
73.67501771635303953 0.00000000019956158 0.03751687381185848
74.18243087844544448 0.00000000017466477 0.03231930456039700
74.69333868251453623 0.00000000015274377 -0.00814441081581679
75.20776519676272187 0.00000000013345988 -0.03905905364123478
75.72573465515387170 0.00000000011651094 -0.02569641962570511
76.24727145855528931 0.00000000010162768 0.01678112371474027
76.77240017588772503 0.00000000008857049 0.03938688684356949
77.30114554528189785 0.00000000007712509 0.01561905068115500
77.83353247524428298 0.00000000006710420 -0.02644998842511168
78.36958604583098520 0.00000000005833395 -0.03627025515261846
78.90933150982831989 0.00000000005066344 -0.00172744186460302
79.45279429394295789 0.00000000004396092 0.03467487965270252
80.00000000000002842 0.00000000003810966 0.02729623453454556
