0.00000000000000000 -0.00000000000002952 -0.00000000000000717
0.00000060603270582 -0.00000000000224116 -0.00000000000103720
0.00000121623926342 -0.00000000000902120 -0.00000000000417703
0.00000183064841884 -0.00000000002043832 -0.00000000000946296
0.00000244928911611 -0.00000000003658123 -0.00000000001693774
0.00000307219049857 -0.00000000005755865 -0.00000000002665054
0.00000369938191031 -0.00000000008346095 -0.00000000003864284
0.00000433089289749 -0.00000000011438780 -0.00000000005296164
0.00000496675320978 -0.00000000015043592 -0.00000000006965293
0.00000560699280172 -0.00000000019172567 -0.00000000008877018
0.00000625164183417 -0.00000000023834424 -0.00000000011035524
0.00000690073067572 -0.00000000029040580 -0.00000000013446020
0.00000755428990408 -0.00000000034802091 -0.00000000016113579
0.00000821235030760 -0.00000000041129386 -0.00000000019043179
0.00000887494288662 -0.00000000048034168 -0.00000000022240143
0.00000954209885504 -0.00000000055527198 -0.00000000025709444
0.00001021384964169 -0.00000000063620120 -0.00000000029456625
0.00001089022689190 -0.00000000072325540 -0.00000000033487182
0.00001157126246890 -0.00000000081654392 -0.00000000037806483
0.00001225698845539 -0.00000000091618941 -0.00000000042420149
0.00001294743715505 -0.00000000102231761 -0.00000000047333974
0.00001364264109400 -0.00000000113504705 -0.00000000052553448
0.00001434263302241 -0.00000000125451387 -0.00000000058084834
0.00001504744591597 -0.00000000138083820 -0.00000000063933795
0.00001575711297752 -0.00000000151415677 -0.00000000070106504
0.00001647166763854 -0.00000000165459341 -0.00000000076608857
0.00001719114356077 -0.00000000180229850 -0.00000000083447679
0.00001791557463778 -0.00000000195739661 -0.00000000090628779
0.00001864499499659 -0.00000000212002765 -0.00000000098158762
0.00001937943899923 -0.00000000229033849 -0.00000000106044217
0.00002011894124442 -0.00000000246847043 -0.00000000114291804
0.00002086353656913 -0.00000000265456450 -0.00000000122908124
0.00002161326005029 -0.00000000284877134 -0.00000000131900058
0.00002236814700639 -0.00000000305124558 -0.00000000141274722
0.00002312823299918 -0.00000000326213737 -0.00000000151039140
0.00002389355383531 -0.00000000348159624 -0.00000000161200306
0.00002466414556806 -0.00000000370978945 -0.00000000171765809
0.00002544004449901 -0.00000000394687043 -0.00000000182742829
0.00002622128717973 -0.00000000419300279 -0.00000000194138888
0.00002700791041356 -0.00000000444835207 -0.00000000205961704
0.00002779995125730 -0.00000000471308750 -0.00000000218219143
0.00002859744702296 -0.00000000498737010 -0.00000000230918683
0.00002940043527952 -0.00000000527138476 -0.00000000244068738
0.00003020895385472 -0.00000000556529833 -0.00000000257677134
0.00003102304083682 -0.00000000586929382 -0.00000000271752347
0.00003184273457640 -0.00000000618355101 -0.00000000286302621
0.00003266807368816 -0.00000000650825117 -0.00000000301336426
0.00003349909705276 -0.00000000684358299 -0.00000000316862579
0.00003433584381862 -0.00000000718973327 -0.00000000332889556
0.00003517835340380 -0.00000000754689340 -0.00000000349426334
0.00003602666549782 -0.00000000791526267 -0.00000000366482135
0.00003688082006357 -0.00000000829503626 -0.00000000384065862
0.00003774085733916 -0.00000000868641695 -0.00000000402187068
0.00003860681783982 -0.00000000908961007 -0.00000000420855152
0.00003947874235983 -0.00000000950481889 -0.00000000440079603
0.00004035667197442 -0.00000000993225637 -0.00000000459870221
0.00004124064804171 -0.00000001037213516 -0.00000000480236946
0.00004213071220466 -0.00000001082467581 -0.00000000501189816
0.00004302690639304 -0.00000001129009144 -0.00000000522738925
0.00004392927282539 -0.00000001176861278 -0.00000000544894784
0.00004483785401101 -0.00000001226046505 -0.00000000567667886
0.00004575269275200 -0.00000001276587702 -0.00000000591068760
0.00004667383214520 -0.00000001328508100 -0.00000000615108272
0.00004760131558430 -0.00000001381831529 -0.00000000639797454
0.00004853518676184 -0.00000001436582710 -0.00000000665147602
0.00004947548967128 -0.00000001492785740 -0.00000000691170022
0.00005042226860905 -0.00000001550465213 -0.00000000717875965
0.00005137556817669 -0.00000001609646498 -0.00000000745277282
0.00005233543328290 -0.00000001670355502 -0.00000000773385992
0.00005330190914567 -0.00000001732617974 -0.00000000802213866
0.00005427504129443 -0.00000001796460255 -0.00000000831773291
0.00005525487557217 -0.00000001861908943 -0.00000000862076537
0.00005624145813759 -0.00000001928991936 -0.00000000893136385
0.00005723483546734 -0.00000001997736070 -0.00000000924965379
0.00005823505435811 -0.00000002068170377 -0.00000000957576896
0.00005924216192892 -0.00000002140321689 -0.00000000990983520
0.00006025620562330 -0.00000002214220313 -0.00000001025199029
0.00006127723321152 -0.00000002289894985 -0.00000001060236876
0.00006230529279288 -0.00000002367375595 -0.00000001096110976
0.00006334043279791 -0.00000002446691991 -0.00000001132835046
0.00006438270199072 -0.00000002527875282 -0.00000001170423468
0.00006543214947126 -0.00000002610956422 -0.00000001208890554
0.00006648882467762 -0.00000002695967111 -0.00000001248251088
0.00006755277738841 -0.00000002782938949 -0.00000001288519681
0.00006862405772505 -0.00000002871905002 -0.00000001329711521
0.00006970271615417 -0.00000002962897693 -0.00000001371841806
0.00007078880348996 -0.00000003055951221 -0.00000001414926175
0.00007188237089658 -0.00000003151099088 -0.00000001458980300
0.00007298346989057 -0.00000003248375922 -0.00000001504020114
0.00007409215234328 -0.00000003347816954 -0.00000001550061995
0.00007520847048328 -0.00000003449457346 -0.00000001597122185
0.00007633247689889 -0.00000003553333289 -0.00000001645217564
0.00007746422454057 -0.00000003659481923 -0.00000001694365032
0.00007860376672349 -0.00000003767940055 -0.00000001744581868
0.00007975115712999 -0.00000003878745254 -0.00000001795885422
0.00008090644981215 -0.00000003991935944 -0.00000001848293459
0.00008206969919430 -0.00000004107550823 -0.00000001901823944
0.00008324096007561 -0.00000004225629802 -0.00000001956495269
0.00008442028763265 -0.00000004346212033 -0.00000002012325754
0.00008560773742201 -0.00000004469339121 -0.00000002069334373
0.00008680336538291 -0.00000004595051583 -0.00000002127540130
0.00008800722783983 -0.00000004723391467 -0.00000002186962381
0.00008921938150515 -0.00000004854401662 -0.00000002247620917
0.00009043988348186 -0.00000004988124066 -0.00000002309535381
0.00009166879126623 -0.00000005124603641 -0.00000002372726337
0.00009290616275050 -0.00000005263884127 -0.00000002437214077
0.00009415205622562 -0.00000005406010771 -0.00000002503019708
0.00009540653038403 -0.00000005551028400 -0.00000002570163962
0.00009666964432236 -0.00000005698984934 -0.00000002638668766
0.00009794145754428 -0.00000005849926069 -0.00000002708555546
0.00009922202996325 -0.00000006003900223 -0.00000002779846686
0.00010051142190536 -0.00000006160955863 -0.00000002852564448
0.00010180969411221 -0.00000006321141757 -0.00000002926731625
0.00010311690774369 -0.00000006484507888 -0.00000003002371260
0.00010443312438095 -0.00000006651104920 -0.00000003079506801
0.00010575840602925 -0.00000006820984220 -0.00000003158162096
0.00010709281512086 -0.00000006994198108 -0.00000003238361292
0.00010843641451808 -0.00000007170799290 -0.00000003320128832
0.00010978926751612 -0.00000007350841039 -0.00000003403489438
0.00011115143784613 -0.00000007534378493 -0.00000003488468490
0.00011252298967817 -0.00000007721466181 -0.00000003575091438
0.00011390398762428 -0.00000007912161039 -0.00000003663384369
0.00011529449674147 -0.00000008106519331 -0.00000003753373590
0.00011669458253481 -0.00000008304598832 -0.00000003845085721
0.00011810431096053 -0.00000008506457886 -0.00000003938547882
0.00011952374842909 -0.00000008712156654 -0.00000004033787743
0.00012095296180836 -0.00000008921754823 -0.00000004130833137
0.00012239201842671 -0.00000009135313407 -0.00000004229712269
0.00012384098607623 -0.00000009352895210 -0.00000004330454075
0.00012529993301590 -0.00000009574562488 -0.00000004433087539
0.00012676892797482 -0.00000009800379421 -0.00000004537642349
0.00012824804015542 -0.00000010030410975 -0.00000004644148508
0.00012973733923676 -0.00000010264723055 -0.00000004752636557
0.00013123689537777 -0.00000010503381644 -0.00000004863137203
0.00013274677922061 -0.00000010746455483 -0.00000004975681959
0.00013426706189393 -0.00000010994012655 -0.00000005090302613
0.00013579781501627 -0.00000011246122817 -0.00000005207031336
0.00013733911069942 -0.00000011502856985 -0.00000005325900985
0.00013889102155182 -0.00000011764286689 -0.00000005446944807
0.00014045362068197 -0.00000012030485054 -0.00000005570196388
0.00014202698170187 -0.00000012301525428 -0.00000005695689987
0.00014361117873053 -0.00000012577483174 -0.00000005823460304
0.00014520628639740 -0.00000012858434335 -0.00000005953542602
0.00014681237984592 -0.00000013144455858 -0.00000006085972467
0.00014842953473709 -0.00000013435625925 -0.00000006220786190
0.00015005782725295 -0.00000013732024363 -0.00000006358020678
0.00015169733410024 -0.00000014033731382 -0.00000006497713005
0.00015334813251402 -0.00000014340828231 -0.00000006639901083
0.00015501030026123 -0.00000014653398900 -0.00000006784623328
0.00015668391564445 -0.00000014971526636 -0.00000006931918671
0.00015836905750551 -0.00000015295297024 -0.00000007081826618
0.00016006580522926 -0.00000015624797084 -0.00000007234387262
0.00016177423874727 -0.00000015960114045 -0.00000007389641284
0.00016349443854163 -0.00000016301336944 -0.00000007547629837
0.00016522648564871 -0.00000016648556400 -0.00000007708394895
0.00016697046166299 -0.00000017001864376 -0.00000007871978868
0.00016872644874093 -0.00000017361353710 -0.00000008038424877
0.00017049452960478 -0.00000017727118492 -0.00000008207776480
0.00017227478754653 -0.00000018099255089 -0.00000008380078205
0.00017406730643183 -0.00000018477859782 -0.00000008555374774
0.00017587217070391 -0.00000018863032148 -0.00000008733712135
0.00017768946538756 -0.00000019254871062 -0.00000008915136251
0.00017951927609319 -0.00000019653478568 -0.00000009099694220
0.00018136168902080 -0.00000020058957366 -0.00000009287433649
0.00018321679096405 -0.00000020471411702 -0.00000009478402894
0.00018508466931440 -0.00000020890947942 -0.00000009672650923
0.00018696541206516 -0.00000021317672681 -0.00000009870227486
0.00018885910781567 -0.00000021751695361 -0.00000010071182948
0.00019076584577548 -0.00000022193126492 -0.00000010275568599
0.00019268571576853 -0.00000022642078169 -0.00000010483436286
0.00019461880823741 -0.00000023098664240 -0.00000010694838760
0.00019656521424759 -0.00000023562999337 -0.00000010909829072
0.00019852502549171 -0.00000024035201524 -0.00000011128461844
0.00020049833429394 -0.00000024515388941 -0.00000011350791825
0.00020248523361429 -0.00000025003681734 -0.00000011576874726
0.00020448581705300 -0.00000025500202703 -0.00000011806767303
0.00020650017885496 -0.00000026005075018 -0.00000012040526644
0.00020852841391413 -0.00000026518424804 -0.00000012278211141
0.00021057061777803 -0.00000027040379676 -0.00000012519879856
0.00021262688665221 -0.00000027571069241 -0.00000012765592609
0.00021469731740485 -0.00000028110623708 -0.00000013015410002
0.00021678200757123 -0.00000028659176875 -0.00000013269393825
0.00021888105535840 -0.00000029216863450 -0.00000013527606574
0.00022099455964977 -0.00000029783820703 -0.00000013790111618
0.00022312262000977 -0.00000030360187263 -0.00000014056973202
0.00022526533668857 -0.00000030946103903 -0.00000014328256672
0.00022742281062675 -0.00000031541713903 -0.00000014604028184
0.00022959514346012 -0.00000032147161693 -0.00000014884354622
0.00023178243752444 -0.00000032762595125 -0.00000015169304430
0.00023398479586029 -0.00000033388162315 -0.00000015458946351
0.00023620232221791 -0.00000034024015189 -0.00000015753350573
0.00023843512106208 -0.00000034670307625 -0.00000016052588310
0.00024068329757706 -0.00000035327194063 -0.00000016356731200
0.00024294695767150 -0.00000035994833281 -0.00000016665852751
0.00024522620798350 -0.00000036673385285 -0.00000016980026951
0.00024752115588558 -0.00000037363012493 -0.00000017299329035
0.00024983190948974 -0.00000038063879618 -0.00000017623835260
0.00025215857765257 -0.00000038776153524 -0.00000017953622999
0.00025450126998040 -0.00000039500003943 -0.00000018288770735
0.00025686009683441 -0.00000040235603365 -0.00000018629358187
0.00025923516933586 -0.00000040983125097 -0.00000018975465852
0.00026162659937133 -0.00000041742746906 -0.00000019327175896
0.00026403449959799 -0.00000042514647656 -0.00000019684571214
0.00026645898344887 -0.00000043299009666 -0.00000020047736240
0.00026890016513825 -0.00000044096017428 -0.00000020416756249
0.00027135815966704 -0.00000044905858159 -0.00000020791718021
0.00027383308282816 -0.00000045728721774 -0.00000021172709399
0.00027632505121202 -0.00000046564800251 -0.00000021559819497
0.00027883418221200 -0.00000047414290175 -0.00000021953139087
0.00028136059403001 -0.00000048277388416 -0.00000022352759502
0.00028390440568202 -0.00000049154297203 -0.00000022758774208
0.00028646573700369 -0.00000050045219175 -0.00000023171277148
0.00028904470865600 -0.00000050950361556 -0.00000023590364288
0.00029164144213096 -0.00000051869934369 -0.00000024016132655
0.00029425605975730 -0.00000052804149623 -0.00000024448680745
0.00029688868470626 -0.00000053753223461 -0.00000024888108393
0.00029953944099738 -0.00000054717374332 -0.00000025334516878
0.00030220845350433 -0.00000055696824652 -0.00000025788009031
0.00030489584796083 -0.00000056691799378 -0.00000026248689074
0.00030760175096652 -0.00000057702526264 -0.00000026716662518
0.00031032628999299 -0.00000058729236574 -0.00000027192036431
0.00031306959338972 -0.00000059772166314 -0.00000027674919964
0.00031583179039017 -0.00000060831552867 -0.00000028165423124
0.00031861301111784 -0.00000061907637152 -0.00000028663657566
0.00032141338659243 -0.00000063000665253 -0.00000029169736985
0.00032423304873599 -0.00000064110885116 -0.00000029683776379
0.00032707213037912 -0.00000065238548891 -0.00000030205892366
0.00032993076526727 -0.00000066383911904 -0.00000030736203270
0.00033280908806701 -0.00000067547233565 -0.00000031274829068
0.00033570723437240 -0.00000068728776014 -0.00000031821891391
0.00033862534071132 -0.00000069928807068 -0.00000032377513885
0.00034156354455197 -0.00000071147596285 -0.00000032941821604
0.00034452198430932 -0.00000072385418190 -0.00000033514941602
0.00034750079935162 -0.00000073642550460 -0.00000034097002454
0.00035050013000696 -0.00000074919276109 -0.00000034688135114
0.00035352011756991 -0.00000076215880095 -0.00000035288471655
0.00035656090430816 -0.00000077532653445 -0.00000035898146684
0.00035962263346922 -0.00000078869889906 -0.00000036517296241
0.00036270544928716 -0.00000080227888484 -0.00000037146058866
0.00036580949698943 -0.00000081606950953 -0.00000037784574156
0.00036893492280368 -0.00000083007385112 -0.00000038432984707
0.00037208187396465 -0.00000084429501343 -0.00000039091434277
0.00037525049872113 -0.00000085873616110 -0.00000039760069319
0.00037844094634289 -0.00000087340049646 -0.00000040439038005
0.00038165336712778 -0.00000088829126379 -0.00000041128490729
0.00038488791240876 -0.00000090341175113 -0.00000041828579657
0.00038814473456106 -0.00000091876531125 -0.00000042539459869
0.00039142398700932 -0.00000093435531917 -0.00000043261287885
0.00039472582423487 -0.00000095018521642 -0.00000043994222954
0.00039805040178297 -0.00000096625848626 -0.00000044738426282
0.00040139787627014 -0.00000098257865726 -0.00000045494061342
0.00040476840539154 -0.00000099914931971 -0.00000046261294365
0.00040816214792842 -0.00000101597409790 -0.00000047040293095
0.00041157926375558 -0.00000103305668757 -0.00000047831228659
0.00041501991384890 -0.00000105040082009 -0.00000048634273863
0.00041848426029293 -0.00000106801028344 -0.00000049449604073
0.00042197246628852 -0.00000108588892890 -0.00000050277397522
0.00042548469616053 -0.00000110404064821 -0.00000051117834575
0.00042902111536552 -0.00000112246939915 -0.00000051971098286
0.00043258189049963 -0.00000114117918556 -0.00000052837374161
0.00043616718930631 -0.00000116017407537 -0.00000053716850564
0.00043977718068435 -0.00000117945819119 -0.00000054609718305
0.00044341203469574 -0.00000119903571785 -0.00000055516171156
0.00044707192257372 -0.00000121891089270 -0.00000056436405366
0.00045075701673086 -0.00000123908801600 -0.00000057370619954
0.00045446749076714 -0.00000125957145069 -0.00000058319016987
0.00045820351947816 -0.00000128036561522 -0.00000059281801041
0.00046196527886340 -0.00000130147500076 -0.00000060259179982
0.00046575294613442 -0.00000132290415198 -0.00000061251364322
0.00046956669972332 -0.00000134465768132 -0.00000062258567630
0.00047340671929107 -0.00000136674026936 -0.00000063281006476
0.00047727318573598 -0.00000138915665184 -0.00000064318900398
0.00048116628120228 -0.00000141191164720 -0.00000065372472308
0.00048508618908861 -0.00000143501013609 -0.00000066441948124
0.00048903309405675 -0.00000145845705578 -0.00000067527556522
0.00049300718204025 -0.00000148225743169 -0.00000068629530228
0.00049700864025323 -0.00000150641635125 -0.00000069748104698
0.00050103765719918 -0.00000153093896562 -0.00000070883518521
0.00050509442267985 -0.00000155583051386 -0.00000072036014275
0.00050917912780418 -0.00000158109629930 -0.00000073205837443
0.00051329196499732 -0.00000160674170514 -0.00000074393237266
0.00051743312800967 -0.00000163277218398 -0.00000075598466287
0.00052160281192606 -0.00000165919327397 -0.00000076821780795
0.00052580121317485 -0.00000168601057769 -0.00000078063440408
0.00053002852953727 -0.00000171322979639 -0.00000079323708840
0.00053428496015669 -0.00000174085669204 -0.00000080602853039
0.00053857070554804 -0.00000176889712203 -0.00000081901144146
0.00054288596760719 -0.00000179735701402 -0.00000083218856700
0.00054723094962053 -0.00000182624239249 -0.00000084556269442
0.00055160585627451 -0.00000185555935423 -0.00000085913664867
0.00055601089366530 -0.00000188531408577 -0.00000087291329414
0.00056044626930847 -0.00000191551286997 -0.00000088689553780
0.00056491219214880 -0.00000194616206291 -0.00000090108632420
0.00056940887257012 -0.00000197726811957 -0.00000091548864156
0.00057393652240518 -0.00000200883758382 -0.00000093010551966
0.00057849535494568 -0.00000204087709026 -0.00000094494003165
0.00058308558495229 -0.00000207339337029 -0.00000095999529218
0.00058770742866478 -0.00000210639324731 -0.00000097527446159
0.00059236110381219 -0.00000213988363921 -0.00000099078074221
0.00059704682962311 -0.00000217387155963 -0.00000100651738300
0.00060176482683598 -0.00000220836412880 -0.00000102248767922
0.00060651531770952 -0.00000224336856261 -0.00000103869497210
0.00061129852603317 -0.00000227889216869 -0.00000105514264644
0.00061611467713765 -0.00000231494237888 -0.00000107183414099
0.00062096399790559 -0.00000235152670945 -0.00000108877293721
0.00062584671678217 -0.00000238865279314 -0.00000110596256887
0.00063076306378593 -0.00000242632836088 -0.00000112340661555
0.00063571327051958 -0.00000246456126605 -0.00000114110871366
0.00064069757018092 -0.00000250335945508 -0.00000115907254201
0.00064571619757383 -0.00000254273100609 -0.00000117730183970
0.00065076938911931 -0.00000258268408666 -0.00000119580039176
0.00065585738286665 -0.00000262322699982 -0.00000121457203887
0.00066098041850462 -0.00000266436816026 -0.00000123362067841
0.00066613873737275 -0.00000270611608718 -0.00000125295025642
0.00067133258247275 -0.00000274847943620 -0.00000127256477801
0.00067656219847990 -0.00000279146697688 -0.00000129246830533
0.00068182783175460 -0.00000283508760221 -0.00000131266495535
0.00068712973035400 -0.00000287935033045 -0.00000133315890321
0.00069246814404364 -0.00000292426431173 -0.00000135395438583
0.00069784332430924 -0.00000296983881283 -0.00000137505569324
0.00070325552436855 -0.00000301608323864 -0.00000139646718030
0.00070870499918329 -0.00000306300712683 -0.00000141819326454
0.00071419200547112 -0.00000311062014067 -0.00000144023841769
0.00071971680171777 -0.00000315893208495 -0.00000146260718097
0.00072527964818920 -0.00000320795290862 -0.00000148530416057
0.00073088080694388 -0.00000325769269093 -0.00000150833402228
0.00073652054184512 -0.00000330816164621 -0.00000153170149672
0.00074219911857348 -0.00000335937014877 -0.00000155541138610
0.00074791680463933 -0.00000341132870165 -0.00000157946855496
0.00075367386939543 -0.00000346404796965 -0.00000160387794037
0.00075947058404960 -0.00000351753875824 -0.00000162864454427
0.00076530722167754 -0.00000357181202820 -0.00000165377344326
0.00077118405723566 -0.00000362687888757 -0.00000167926977899
0.00077710136757402 -0.00000368275060750 -0.00000170513877105
0.00078305943144943 -0.00000373943861272 -0.00000173138570943
0.00078905852953852 -0.00000379695449112 -0.00000175801595780
0.00079509894445100 -0.00000385530998477 -0.00000178503495483
0.00080118096074297 -0.00000391451701068 -0.00000181244821737
0.00080730486493030 -0.00000397458764941 -0.00000184026133771
0.00081347094550215 -0.00000403553414427 -0.00000186847998709
0.00081967949293455 -0.00000409736892344 -0.00000189710991710
0.00082593079970410 -0.00000416010457117 -0.00000192615695622
0.00083222516030174 -0.00000422375386327 -0.00000195562701882
0.00083856287124660 -0.00000428832974083 -0.00000198552609821
0.00084494423109999 -0.00000435384534869 -0.00000201586027790
0.00085136954047950 -0.00000442031398660 -0.00000204663571730
0.00085783910207307 -0.00000448774915713 -0.00000207785866817
0.00086435322065335 -0.00000455616455164 -0.00000210953547033
0.00087091220309199 -0.00000462557404373 -0.00000214167254714
0.00087751635837411 -0.00000469599171803 -0.00000217427641852
0.00088416599761289 -0.00000476743183763 -0.00000220735368929
0.00089086143406418 -0.00000483990887765 -0.00000224091106147
0.00089760298314128 -0.00000491343750750 -0.00000227495532761
0.00090439096242980 -0.00000498803260522 -0.00000230949337547
0.00091122569170262 -0.00000506370925618 -0.00000234453219108
0.00091810749293494 -0.00000514048276179 -0.00000238007885735
0.00092503669031947 -0.00000521836862870 -0.00000241614055491
0.00093201361028169 -0.00000529738258431 -0.00000245272456646
0.00093903858149521 -0.00000537754057740 -0.00000248983827481
0.00094611193489729 -0.00000545885878081 -0.00000252748916742
0.00095323400370442 -0.00000554135358226 -0.00000256568483510
0.00096040512342800 -0.00000562504161725 -0.00000260443297809
0.00096762563189013 -0.00000570993973548 -0.00000264374139872
0.00097489586923960 -0.00000579606503457 -0.00000268361801152
0.00098221617796781 -0.00000588343484602 -0.00000272407084349
0.00098958690292501 -0.00000597206674245 -0.00000276510802935
0.00099700839133644 -0.00000606197854504 -0.00000280673782061
0.00100448099281878 -0.00000615318831521 -0.00000284896858054
0.00101200505939656 -0.00000624571437811 -0.00000289180879419
0.00101958094551878 -0.00000633957531672 -0.00000293526706386
0.00102720900807557 -0.00000643478995935 -0.00000297935210834
0.00103488960641504 -0.00000653137740496 -0.00000302407277057
0.00104262310236019 -0.00000662935701973 -0.00000306943801748
0.00105040986022595 -0.00000672874844350 -0.00000311545694114
0.00105825024683636 -0.00000682957157962 -0.00000316213875966
0.00106614463154184 -0.00000693184662266 -0.00000320949282046
0.00107409338623658 -0.00000703559403900 -0.00000325752860070
0.00108209688537607 -0.00000714083458064 -0.00000330625570862
0.00109015550599474 -0.00000724758929993 -0.00000335568389187
0.00109826962772375 -0.00000735587952737 -0.00000340582302660
0.00110643963280880 -0.00000746572690779 -0.00000345668313424
0.00111466590612820 -0.00000757715337530 -0.00000350827437044
0.00112294883521100 -0.00000769018117222 -0.00000356060703501
0.00113128881025522 -0.00000780483285922 -0.00000361369157058
0.00113968622414621 -0.00000792113129700 -0.00000366753856471
0.00114814147247525 -0.00000803909968077 -0.00000372215875645
0.00115665495355806 -0.00000815876152661 -0.00000377756303150
0.00116522706845369 -0.00000828014066229 -0.00000383376242567
0.00117385822098330 -0.00000840326126613 -0.00000389076813273
0.00118254881774927 -0.00000852814785275 -0.00000394859150207
0.00119129926815430 -0.00000865482526079 -0.00000400724403569
0.00120010998442074 -0.00000878331870190 -0.00000406673740477
0.00120898138160997 -0.00000891365371700 -0.00000412708343624
0.00121791387764197 -0.00000904585621068 -0.00000418829412450
0.00122690789331501 -0.00000917995245371 -0.00000425038163242
0.00123596385232548 -0.00000931596907560 -0.00000431335829025
0.00124508218128781 -0.00000945393308554 -0.00000437723660190
0.00125426330975463 -0.00000959387185444 -0.00000444202924226
0.00126350767023696 -0.00000973581315293 -0.00000450774906861
0.00127281569822460 -0.00000987978512824 -0.00000457440911250
0.00128218783220664 -0.00001002581631450 -0.00000464202258697
0.00129162451369212 -0.00001017393565769 -0.00000471060289385
0.00130112618723083 -0.00001032417249902 -0.00000478016361737
0.00131069330043425 -0.00001047655659108 -0.00000485071853475
0.00132032630399665 -0.00001063111809002 -0.00000492228160731
0.00133002565171628 -0.00001078788759803 -0.00000499486700367
0.00133979180051682 -0.00001094689611167 -0.00000506848907709
0.00134962521046882 -0.00001110817508420 -0.00000514316238915
0.00135952634481143 -0.00001127175639259 -0.00000521890170051
0.00136949566997423 -0.00001143767236412 -0.00000529572197821
0.00137953365559914 -0.00001160595577813 -0.00000537363839954
0.00138964077456262 -0.00001177663986351 -0.00000545266635001
0.00139981750299789 -0.00001194975831795 -0.00000553282143123
0.00141006432031739 -0.00001212534530858 -0.00000561411946327
0.00142038170923537 -0.00001230343547364 -0.00000569657648315
0.00143077015579059 -0.00001248406393553 -0.00000578020875498
0.00144123014936926 -0.00001266726631049 -0.00000586503276668
0.00145176218272806 -0.00001285307870220 -0.00000595106523704
0.00146236675201740 -0.00001304153772245 -0.00000603832311526
0.00147304435680474 -0.00001323268049667 -0.00000612682359146
0.00148379550009815 -0.00001342654465451 -0.00000621658409059
0.00149462068837002 -0.00001362316836325 -0.00000630762228163
0.00150552043158087 -0.00001382259031358 -0.00000639995608008
0.00151649524320343 -0.00001402484973173 -0.00000649360364802
0.00152754564024681 -0.00001422998640465 -0.00000658858340688
0.00153867214328084 -0.00001443804065485 -0.00000668491402561
0.00154987527646060 -0.00001464905338037 -0.00000678261444107
0.00156115556755113 -0.00001486306603753 -0.00000688170384847
0.00157251354795226 -0.00001508012066593 -0.00000698220171236
0.00158394975272368 -0.00001530025989292 -0.00000708412776816
0.00159546472061013 -0.00001552352692791 -0.00000718750202313
0.00160705899406676 -0.00001574996559274 -0.00000729234476689
0.00161873311928472 -0.00001597962031389 -0.00000739867657081
0.00163048764621685 -0.00001621253613640 -0.00000750651828874
0.00164232312860364 -0.00001644875873386 -0.00000761589106932
0.00165424012399926 -0.00001668833440556 -0.00000772681635019
0.00166623919379787 -0.00001693131011924 -0.00000783931587646
0.00167832090326005 -0.00001717773346154 -0.00000795341168168
0.00169048582153940 -0.00001742765271196 -0.00000806912611923
0.00170273452170940 -0.00001768111680201 -0.00000818648184590
0.00171506758079040 -0.00001793817535740 -0.00000830550183715
0.00172748557977676 -0.00001819887867962 -0.00000842620938546
0.00173998910366426 -0.00001846327778198 -0.00000854862810787
0.00175257874147765 -0.00001873142438034 -0.00000867278195137
0.00176525508629839 -0.00001900337091380 -0.00000879869519387
0.00177801873529259 -0.00001927917054464 -0.00000892639245159
0.00179087028973917 -0.00001955887718249 -0.00000905589868460
0.00180381035505814 -0.00001984254547937 -0.00000918723919737
0.00181683954083913 -0.00002013023085754 -0.00000932043964984
0.00182995846087016 -0.00002042198949195 -0.00000945552605401
0.00184316773316647 -0.00002071787835774 -0.00000959252478721
0.00185646797999970 -0.00002101795520804 -0.00000973146259103
0.00186985982792719 -0.00002132227860876 -0.00000987236658172
0.00188334390782146 -0.00002163090793233 -0.00001001526424949
0.00189692085489999 -0.00002194390338209 -0.00001016018346854
0.00191059130875509 -0.00002226132599265 -0.00001030715249978
0.00192435591338407 -0.00002258323765530 -0.00001045619999737
0.00193821531721954 -0.00002290970110659 -0.00001060735501158
0.00195217017315999 -0.00002324077997546 -0.00001076064700011
0.00196622113860054 -0.00002357653875959 -0.00001091610582838
0.00198036887546389 -0.00002391704285739 -0.00001107376177552
0.00199461405023152 -0.00002426235857560 -0.00001123364554285
0.00200895733397509 -0.00002461255314799 -0.00001139578825940
0.00202339940238804 -0.00002496769473418 -0.00001156022148365
0.00203794093581742 -0.00002532785244372 -0.00001172697721503
0.00205258261929597 -0.00002569309634707 -0.00001189608789648
0.00206732514257435 -0.00002606349749320 -0.00001206758642389
0.00208216920015365 -0.00002643912790851 -0.00001224150614662
0.00209711549131812 -0.00002682006062537 -0.00001241788087925
0.00211216472016810 -0.00002720636969638 -0.00001259674490844
0.00212731759565318 -0.00002759813018658 -0.00001277813299117
0.00214257483160563 -0.00002799541822052 -0.00001296208037305
0.00215793714677397 -0.00002839831097809 -0.00001314862278763
0.00217340526485689 -0.00002880688669619 -0.00001333779646277
0.00218897991453733 -0.00002922122471668 -0.00001352963813259
0.00220466182951677 -0.00002964140547003 -0.00001372418503744
0.00222045174854982 -0.00003006751051363 -0.00001392147493924
0.00223635041547903 -0.00003049962253742 -0.00001412154612356
0.00225235857926994 -0.00003093782536474 -0.00001432443740369
0.00226847699404630 -0.00003138220400324 -0.00001453018813667
0.00228470641912567 -0.00003183284463040 -0.00001473883822397
0.00230104761905517 -0.00003228983462355 -0.00001495042812363
0.00231750136364746 -0.00003275326256289 -0.00001516499884880
0.00233406842801705 -0.00003322321828177 -0.00001538259199138
0.00235074959261680 -0.00003369979283395 -0.00001560324971216
0.00236754564327467 -0.00003418307855751 -0.00001582701476404
0.00238445737123077 -0.00003467316906519 -0.00001605393049185
0.00240148557317460 -0.00003517015926210 -0.00001628404083585
0.00241863105128260 -0.00003567414539026 -0.00001651739035756
0.00243589461325595 -0.00003618522500428 -0.00001675402422720
0.00245327707235861 -0.00003670349703272 -0.00001699398824823
0.00247077924745560 -0.00003722906176676 -0.00001723732885757
0.00248840196305164 -0.00003776202089240 -0.00001748409313641
0.00250614604932993 -0.00003830247750535 -0.00001773432882041
0.00252401234219130 -0.00003885053613814 -0.00001798808430738
0.00254200168329356 -0.00003940630277316 -0.00001824540866894
0.00256011492009119 -0.00003996988485508 -0.00001850635165349
0.00257835290587520 -0.00004054139132544 -0.00001877096370288
0.00259671649981338 -0.00004112093264028 -0.00001903929595922
0.00261520656699076 -0.00004170862078656 -0.00001931140027355
0.00263382397845036 -0.00004230456930984 -0.00001958732921806
0.00265256961123421 -0.00004290889332138 -0.00001986713609213
0.00267144434842469 -0.00004352170953635 -0.00002015087493497
0.00269044907918612 -0.00004414313629667 -0.00002043860053987
0.00270958469880665 -0.00004477329357000 -0.00002073036845468
0.00272885210874043 -0.00004541230299391 -0.00002102623499976
0.00274825221665007 -0.00004606028790563 -0.00002132625728053
0.00276778593644944 -0.00004671737334335 -0.00002163049319042
0.00278745418834666 -0.00004738368608773 -0.00002193900143014
0.00280725789888750 -0.00004805935465942 -0.00002225184150954
0.00282719800099900 -0.00004874450938463 -0.00002256907376872
0.00284727543403344 -0.00004943928239111 -0.00002289075938434
0.00286749114381257 -0.00005014380763617 -0.00002321696038010
0.00288784608267220 -0.00005085822093034 -0.00002354773964075
0.00290834120950700 -0.00005158265998048 -0.00002388316092306
0.00292897748981576 -0.00005231726440260 -0.00002422328887218
0.00294975589574679 -0.00005306217573223 -0.00002456818902209
0.00297067740614377 -0.00005381753749219 -0.00002491792782426
0.00299174300659185 -0.00005458349517663 -0.00002527257264537
0.00301295368946406 -0.00005536019631533 -0.00002563219179216
0.00303431045396808 -0.00005614779046895 -0.00002599685451479
0.00305581430619332 -0.00005694642928226 -0.00002636663102568
0.00307746625915828 -0.00005775626649391 -0.00002674159250884
0.00309926733285830 -0.00005857745798928 -0.00002712181114068
0.00312121855431360 -0.00005941016180092 -0.00002750736009268
0.00314332095761769 -0.00006025453816062 -0.00002789831355470
0.00316557558398603 -0.00006111074952158 -0.00002829474674417
0.00318798348180513 -0.00006197896059307 -0.00002869673592421
0.00321054570668190 -0.00006285933836102 -0.00002910435841165
0.00323326332149341 -0.00006375205213746 -0.00002951769259843
0.00325613739643695 -0.00006465727356648 -0.00002993681796192
0.00327916900908044 -0.00006557517668685 -0.00003036181508166
0.00330235924441319 -0.00006650593794418 -0.00003079276565655
0.00332570919489702 -0.00006744973623343 -0.00003122975251562
0.00334921996051774 -0.00006840675292794 -0.00003167285963798
0.00337289264883693 -0.00006937717191784 -0.00003212217216849
0.00339672837504414 -0.00007036117963590 -0.00003257777642777
0.00342072826200945 -0.00007135896511647 -0.00003303975994114
0.00344489344033629 -0.00007237071999610 -0.00003350821143936
0.00346922504841481 -0.00007339663857332 -0.00003398322088620
0.00349372423247539 -0.00007443691785541 -0.00003446487949754
0.00351839214664275 -0.00007549175755363 -0.00003495327974411
0.00354322995299023 -0.00007656136017070 -0.00003544851538827
0.00356823882159458 -0.00007764593100843 -0.00003595068148637
0.00359341993059108 -0.00007874567821165 -0.00003645987441442
0.00361877446622901 -0.00007986081281825 -0.00003697619188542
0.00364430362292757 -0.00008099154878118 -0.00003749973296350
0.00367000860333214 -0.00008213810302951 -0.00003803059808949
0.00369589061837089 -0.00008330069549079 -0.00003856888909419
0.00372195088731191 -0.00008447954915329 -0.00003911470922398
0.00374819063782055 -0.00008567489007566 -0.00003966816314984
0.00377461110601734 -0.00008688694746948 -0.00004022935699811
0.00380121353653618 -0.00008811595371210 -0.00004079839836520
0.00382799918258295 -0.00008936214440661 -0.00004137539633837
0.00385496930599461 -0.00009062575841864 -0.00004196046151733
0.00388212517729859 -0.00009190703793039 -0.00004255370603541
0.00390946807577267 -0.00009320622846436 -0.00004315524357481
0.00393699928950523 -0.00009452357896374 -0.00004376518940124
0.00396472011545594 -0.00009585934181706 -0.00004438366037320
0.00399263185951686 -0.00009721377290237 -0.00004501077496845
0.00402073583657394 -0.00009858713165303 -0.00004564665330886
0.00404903337056898 -0.00009997968108908 -0.00004629141717764
0.00407752579456202 -0.00010139168788782 -0.00004694519005037
0.00410621445079408 -0.00010282342240465 -0.00004760809710779
0.00413510069075045 -0.00010427515875677 -0.00004828026527116
0.00416418587522431 -0.00010574717484697 -0.00004896182321515
0.00419347137438088 -0.00010723975244367 -0.00004965290140210
0.00422295856782194 -0.00010875317720310 -0.00005035363209727
0.00425264884465081 -0.00011028773874806 -0.00005106414940310
0.00428254360353781 -0.00011184373071348 -0.00005178458927653
0.00431264425278616 -0.00011342145080299 -0.00005251508956132
0.00434295221039828 -0.00011502120084662 -0.00005325579000967
0.00437346890414265 -0.00011664328684668 -0.00005400683230753
0.00440419577162101 -0.00011828801905480 -0.00005476836010787
0.00443513426033611 -0.00011995571201499 -0.00005554051905226
0.00446628582775994 -0.00012164668463486 -0.00005632345679798
0.00449765194140230 -0.00012336126023492 -0.00005711732305265
0.00452923407888002 -0.00012509976661050 -0.00005792226959091
0.00456103372798652 -0.00012686253611075 -0.00005873845029797
0.00459305238676189 -0.00012864990567453 -0.00005956602118338
0.00462529156356352 -0.00013046221691901 -0.00006040514042390
0.00465775277713708 -0.00013229981618516 -0.00006125596838342
0.00469043755668813 -0.00013416305461978 -0.00006211866764897
0.00472334744195411 -0.00013605228822510 -0.00006299340305880
0.00475648398327694 -0.00013796787794027 -0.00006388034173549
0.00478984874167595 -0.00013991018969721 -0.00006477965311420
0.00482344328892152 -0.00014187959450124 -0.00006569150897933
0.00485726920760908 -0.00014387646849939 -0.00006661608349519
0.00489132809123367 -0.00014590119304208 -0.00006755355323535
0.00492562154426498 -0.00014795415476398 -0.00006850409722217
0.00496015118222299 -0.00015003574565323 -0.00006946789695542
0.00499491863175403 -0.00015214636312829 -0.00007044513644807
0.00502992553070742 -0.00015428641010761 -0.00007143600226331
0.00506517352821265 -0.00015645629509787 -0.00007244068354820
0.00510066428475703 -0.00015865643225165 -0.00007345937206676
0.00513639947226393 -0.00016088724146702 -0.00007449226224155
0.00517238077417156 -0.00016314914845856 -0.00007553955118934
0.00520860988551227 -0.00016544258481698 -0.00007660143874826
0.00524508851299234 -0.00016776798813265 -0.00007767812753403
0.00528181837507249 -0.00017012580204267 -0.00007876982296177
0.00531880120204874 -0.00017251647632460 -0.00007987673329190
0.00535603873613397 -0.00017494046699674 -0.00008099906967111
0.00539353273153997 -0.00017739823638089 -0.00008213704616821
0.00543128495456009 -0.00017989025320278 -0.00008329087981528
0.00546929718365248 -0.00018241699267551 -0.00008446079065091
0.00550757120952378 -0.00018497893660741 -0.00008564700176353
0.00554610883521359 -0.00018757657345176 -0.00008684973932233
0.00558491187617932 -0.00019021039844285 -0.00008806923263411
0.00562398216038176 -0.00019288091366771 -0.00008930571418111
0.00566332152837118 -0.00019558862816225 -0.00009055941965986
0.00570293183337404 -0.00019833405801553 -0.00009183058803632
0.00574281494138029 -0.00020111772645569 -0.00009311946157991
0.00578297273123128 -0.00020394016395268 -0.00009442628591455
0.00582340709470825 -0.00020680190832109 -0.00009575131006584
0.00586411993662146 -0.00020970350483278 -0.00009709478650899
0.00590511317489996 -0.00021264550629143 -0.00009845697121122
0.00594638874068188 -0.00021562847316450 -0.00009983812368667
0.00598794857840543 -0.00021865297367224 -0.00010123850703788
0.00602979464590051 -0.00022171958389617 -0.00010265838801159
0.00607192891448094 -0.00022482888790281 -0.00010409803704774
0.00611435336903731 -0.00022798147784053 -0.00010555772833089
0.00615707000813049 -0.00023117795404892 -0.00010703773983785
0.00620008084408578 -0.00023441892518287 -0.00010853835339738
0.00624338790308773 -0.00023770500831522 -0.00011005985473425
0.00628699322527555 -0.00024103682906975 -0.00011160253353412
0.00633089886483926 -0.00024441502171764 -0.00011316668348773
0.00637510689011644 -0.00024784022931972 -0.00011475260235363
0.00641961938368965 -0.00025131310383225 -0.00011636059201072
0.00646443844248456 -0.00025483430623039 -0.00011799095851481
0.00650956617786875 -0.00025840450664671 -0.00011964401216109
0.00655500471575113 -0.00026202438448311 -0.00012132006753797
0.00660075619668212 -0.00026569462853555 -0.00012301944358408
0.00664682277595447 -0.00026941593715202 -0.00012474246365915
0.00669320662370483 -0.00027318901832828 -0.00012648945559462
0.00673990992501593 -0.00027701458986190 -0.00012826075175778
0.00678693488001954 -0.00028089337949125 -0.00013005668911738
0.00683428370400013 -0.00028482612501387 -0.00013187760930619
0.00688195862749922 -0.00028881357444515 -0.00013372385868358
0.00692996189642044 -0.00029285648614788 -0.00013559578840178
0.00697829577213536 -0.00029695562898251 -0.00013749375447492
0.00702696253158998 -0.00030111178243917 -0.00013941811783993
0.00707596446741206 -0.00030532573681013 -0.00014136924443300
0.00712530388801904 -0.00030959829330383 -0.00014334750524978
0.00717498311772688 -0.00031393026422959 -0.00014535327642325
0.00722500449685944 -0.00031832247312984 -0.00014738693928913
0.00727537038185885 -0.00032277575494068 -0.00014944888045919
0.00732608314539645 -0.00032729095615703 -0.00015153949189734
0.00737714517648455 -0.00033186893497529 -0.00015365917098892
0.00742855888058902 -0.00033651056147265 -0.00015580832061779
0.00748032667974261 -0.00034121671776059 -0.00015798734924238
0.00753245101265898 -0.00034598829816410 -0.00016019667097628
0.00758493433484768 -0.00035082620936330 -0.00016243670565504
0.00763777911872974 -0.00035573137059967 -0.00016470787893170
0.00769098785375419 -0.00036070471381767 -0.00016701062234059
0.00774456304651533 -0.00036574718386380 -0.00016934537339224
0.00779850722087083 -0.00037085973865143 -0.00017171257564704
0.00785282291806056 -0.00037604334934674 -0.00017411267880414
0.00790751269682637 -0.00038129900054552 -0.00017654613878014
0.00796257913353260 -0.00038662769047052 -0.00017901341780360
0.00801802482228748 -0.00039203043115053 -0.00018151498449602
0.00807385237506527 -0.00039750824860754 -0.00018405131395946
0.00813006442182937 -0.00040306218306586 -0.00018662288787258
0.00818666361065620 -0.00040869328913052 -0.00018923019457426
0.00824365260785992 -0.00041440263599912 -0.00019187372916035
0.00830103409811806 -0.00042019130764778 -0.00019455399357224
0.00835881078459801 -0.00042606040305798 -0.00019727149669768
0.00841698538908430 -0.00043201103640798 -0.00020002675446528
0.00847556065210689 -0.00043804433727801 -0.00020282028993497
0.00853453933307024 -0.00044416145088059 -0.00020565263340644
0.00859392421038329 -0.00045036353826346 -0.00020852432251086
0.00865371808159037 -0.00045665177653424 -0.00021143590231882
0.00871392376350298 -0.00046302735906768 -0.00021438792543633
0.00877454409233250 -0.00046949149576392 -0.00021738095211761
0.00883558192382376 -0.00047604541323357 -0.00022041555036069
0.00889704013338961 -0.00048269035506593 -0.00022349229602195
0.00895892161624638 -0.00048942758203416 -0.00022661177292119
0.00902122928755021 -0.00049625837236072 -0.00022977457295584
0.00908396608253449 -0.00050318402192949 -0.00023298129620323
0.00914713495664801 -0.00051020584456280 -0.00023623255104697
0.00921073888569427 -0.00051732517222466 -0.00023952895427755
0.00927478086597164 -0.00052454335531104 -0.00024287113121611
0.00933926391441452 -0.00053186176289737 -0.00024625971583822
0.00940419106873544 -0.00053928178297453 -0.00024969535087792
0.00946956538756820 -0.00054680482272845 -0.00025317868796056
0.00953538995061192 -0.00055443230881781 -0.00025671038772750
0.00960166785877617 -0.00056216568759878 -0.00026029111994724
0.00966840223432696 -0.00057000642544627 -0.00026392156365411
0.00973559622103396 -0.00057795600899519 -0.00026760240727103
0.00980325298431847 -0.00058601594544368 -0.00027133434873994
0.00987137571140260 -0.00059418776281982 -0.00027511809565353
0.00993996761145943 -0.00060247301028689 -0.00027895436538935
0.01000903191576417 -0.00061087325840375 -0.00028284388523967
0.01007857187784633 -0.00061939009946855 -0.00028678739255889
0.01014859077364310 -0.00062802514776709 -0.00029078563489068
0.01021909190165358 -0.00063678003991766 -0.00029483937011729
0.01029007858309422 -0.00064565643514290 -0.00029894936659532
0.01036155416205525 -0.00065465601562649 -0.00030311640331033
0.01043352200565821 -0.00066378048678252 -0.00030734127001215
0.01050598550421464 -0.00067303157760611 -0.00031162476736908
0.01057894807138568 -0.00068241104100060 -0.00031596770712399
0.01065241314434297 -0.00069192065407850 -0.00032037091223317
0.01072638418393055 -0.00070156221852558 -0.00032483521703355
0.01080086467482788 -0.00071133756093417 -0.00032936146739790
0.01087585812571401 -0.00072124853313147 -0.00033395052088833
0.01095136806943289 -0.00073129701254613 -0.00033860324692312
0.01102739806315972 -0.00074148490255030 -0.00034332052693727
0.01110395168856863 -0.00075181413281611 -0.00034810325454954
0.01118103255200134 -0.00076228665969060 -0.00035295233573143
0.01125864428463708 -0.00077290446655264 -0.00035786868897615
0.01133679054266361 -0.00078366956419192 -0.00036285324547347
0.01141547500744952 -0.00079458399118628 -0.00036790694928300
0.01149470138571760 -0.00080564981427793 -0.00037303075751078
0.01157447340971946 -0.00081686912876936 -0.00037822564049265
0.01165479483741141 -0.00082824405892258 -0.00038349258197599
0.01173566945263146 -0.00083977675834239 -0.00038883257930134
0.01181710106527750 -0.00085146941039285 -0.00039424664359528
0.01189909351148690 -0.00086332422860890 -0.00039973579995557
0.01198165065381718 -0.00087534345710429 -0.00040530108764812
0.01206477638142790 -0.00088752937100252 -0.00041094356029999
0.01214847461026398 -0.00089988427685227 -0.00041666428609757
0.01223274928324013 -0.00091241051307490 -0.00042246434798944
0.01231760437042657 -0.00092511045039547 -0.00042834484388577
0.01240304386923608 -0.00093798649228998 -0.00043430688687263
0.01248907180461233 -0.00095104107543801 -0.00044035160541256
0.01257569222921947 -0.00096427667017746 -0.00044648014356123
0.01266290922363301 -0.00097769578096872 -0.00045269366118081
0.01275072689653214 -0.00099130094687543 -0.00045899333416246
0.01283914938489322 -0.00100509474202810 -0.00046538035464121
0.01292818085418463 -0.00101907977610728 -0.00047185593122125
0.01301782549856311 -0.00103325869485023 -0.00047842128920806
0.01310808754107126 -0.00104763418052718 -0.00048507767083349
0.01319897123383649 -0.00106220895245572 -0.00049182633549012
0.01329048085827137 -0.00107698576751481 -0.00049866855996970
0.01338262072527526 -0.00109196742065479 -0.00050560563870274
0.01347539517543749 -0.00110715674542466 -0.00051263888400026
0.01356880857924170 -0.00112255661450644 -0.00051976962630016
0.01366286533727186 -0.00113816994024921 -0.00052699921442118
0.01375756988041951 -0.00115399967522324 -0.00053432901581083
0.01385292667009247 -0.00117004881276753 -0.00054176041680615
0.01394894019842510 -0.00118632038755148 -0.00054929482289103
0.01404561498848984 -0.00120281747615433 -0.00055693365896438
0.01414295559451028 -0.00121954319761805 -0.00056467836960002
0.01424096660207578 -0.00123650071407059 -0.00057253041933030
0.01433965262835744 -0.00125369323128977 -0.00058049129291057
0.01443901832232557 -0.00127112399930439 -0.00058856249559980
0.01453906836496878 -0.00128879631302115 -0.00059674555344692
0.01463980746951446 -0.00130671351283629 -0.00060504201357523
0.01474124038165079 -0.00132487898524319 -0.00061345344446939
0.01484337187975032 -0.00134329616351084 -0.00062198143627993
0.01494620677509509 -0.00136196852827090 -0.00063062760110729
0.01504974991210328 -0.00138089960822406 -0.00063939357331885
0.01515400616855738 -0.00140009298075763 -0.00064828100984293
0.01525898045583403 -0.00141955227265583 -0.00065729159049187
0.01536467771913538 -0.00143928116074406 -0.00066642701826537
0.01547110293772201 -0.00145928337259939 -0.00067568901967995
0.01557826112514755 -0.00147956268724137 -0.00068507934508526
0.01568615732949484 -0.00150012293584479 -0.00069459976899719
0.01579479663361371 -0.00152096800245510 -0.00070425209043063
0.01590418415536049 -0.00154210182470733 -0.00071403813323177
0.01601432504783903 -0.00156352839458825 -0.00072395974642941
0.01612522449964356 -0.00158525175915385 -0.00073401880457186
0.01623688773510297 -0.00160727602130650 -0.00074421720808336
0.01634932001452705 -0.00162960534056004 -0.00075455688362307
0.01646252663445428 -0.00165224393381086 -0.00076503978443671
0.01657651292790123 -0.00167519607613675 -0.00077566789073493
0.01669128426461396 -0.00169846610159987 -0.00078644321005672
0.01680684605132086 -0.00172205840404797 -0.00079736777764779
0.01692320373198737 -0.00174597743792887 -0.00080844365683907
0.01704036278807250 -0.00177022771916068 -0.00081967293944116
0.01715832873878701 -0.00179481382593005 -0.00083105774612709
0.01727710714135337 -0.00181974039957488 -0.00084260022683248
0.01739670359126766 -0.00184501214545689 -0.00085430256116252
0.01751712372256306 -0.00187063383382544 -0.00086616695879662
0.01763837320807536 -0.00189661030072674 -0.00087819565990354
0.01776045775971008 -0.00192294644889157 -0.00089039093555872
0.01788338312871166 -0.00194964724865577 -0.00090275508816848
0.01800715510593438 -0.00197671773890297 -0.00091529045190935
0.01813177952211507 -0.00200416302799261 -0.00092799939315541
0.01825726224814788 -0.00203198829472434 -0.00094088431092809
0.01838360919536085 -0.00206019878928692 -0.00095394763733779
0.01851082631579428 -0.00208879983426421 -0.00096719183804719
0.01863891960248128 -0.00211779682561509 -0.00098061941272749
0.01876789508972999 -0.00214719523368457 -0.00099423289552796
0.01889775885340782 -0.00217700060422657 -0.00100803485555118
0.01902851701122779 -0.00220721855943952 -0.00102202789732958
0.01916017572303663 -0.00223785479900935 -0.00103621466131660
0.01929274119110504 -0.00226891510118921 -0.00105059782437905
0.01942621966041975 -0.00230040532386251 -0.00106518010029846
0.01956061741897786 -0.00233233140563797 -0.00107996424027357
0.01969594079808299 -0.00236469936697205 -0.00109495303344421
0.01983219617264347 -0.00239751531127997 -0.00111014930740475
0.01996938996147281 -0.00243078542607081 -0.00112555592873491
0.02010752862759195 -0.00246451598411593 -0.00114117580353629
0.02024661867853376 -0.00249871334460325 -0.00115701187797323
0.02038666666664964 -0.00253338395433475 -0.00117306713882587
0.02052767918941817 -0.00256853434892693 -0.00118934461404789
0.02066966288975585 -0.00260417115401714 -0.00120584737332737
0.02081262445633016 -0.00264030108651964 -0.00122257852866904
0.02095657062387454 -0.00267693095585641 -0.00123954123496586
0.02110150817350574 -0.00271406766524014 -0.00125673869059225
0.02124744393304316 -0.00275171821295077 -0.00127417413800395
0.02139438477733065 -0.00278988969364274 -0.00129185086433748
0.02154233762856028 -0.00282858929967331 -0.00130977220202787
0.02169130945659838 -0.00286782432242807 -0.00132794152942809
0.02184130727931404 -0.00290760215368929 -0.00134636227144161
0.02199233816290960 -0.00294793028699676 -0.00136503790015494
0.02214440922225352 -0.00298881631907309 -0.00138397193549845
0.02229752762121561 -0.00303026795119668 -0.00140316794588608
0.02245170057300452 -0.00307229299066662 -0.00142262954889232
0.02260693534050743 -0.00311489935223846 -0.00144236041192505
0.02276323923663236 -0.00315809505959555 -0.00146236425290031
0.02292061962465255 -0.00320188824685084 -0.00148264484094899
0.02307908391855340 -0.00324628716004909 -0.00150320599710694
0.02323863958338165 -0.00329130015870004 -0.00152405159503374
0.02339929413559715 -0.00333693571734732 -0.00154518556173262
0.02356105514342692 -0.00338320242711514 -0.00156661187827970
0.02372393022722160 -0.00343010899731713 -0.00158833458056569
0.02388792705981457 -0.00347766425708367 -0.00161035776004987
0.02405305336688331 -0.00352587715698602 -0.00163268556451886
0.02421931692731334 -0.00357475677070250 -0.00165532219886045
0.02438672557356476 -0.00362431229670023 -0.00167827192584196
0.02455528719204117 -0.00367455305994839 -0.00170153906690951
0.02472500972346112 -0.00372548851363669 -0.00172512800298362
0.02489590116323235 -0.00377712824093884 -0.00174904317528285
0.02506796956182830 -0.00382948195676658 -0.00177328908613800
0.02524122302516745 -0.00388255950961497 -0.00179787029984316
0.02541566971499507 -0.00393637088333818 -0.00182279144349266
0.02559131784926784 -0.00399092619902879 -0.00184805720784287
0.02576817570254092 -0.00404623571687496 -0.00187367234818646
0.02594625160635771 -0.00410230983807316 -0.00189964168523247
0.02612555394964243 -0.00415915910675188 -0.00192597010600543
0.02630609117909530 -0.00421679421190450 -0.00195266256474525
0.02648787179959031 -0.00427522598938787 -0.00197972408383255
0.02667090437457610 -0.00433446542392670 -0.00200715975472187
0.02685519752647922 -0.00439452365112923 -0.00203497473888093
0.02704075993711031 -0.00445541195954827 -0.00206317426874726
0.02722760034807320 -0.00451714179277261 -0.00209176364870351
0.02741572756117663 -0.00457972475154514 -0.00212074825605850
0.02760515043884895 -0.00464317259590557 -0.00215013354204462
0.02779587790455549 -0.00470749724733208 -0.00217992503282069
0.02798791894321911 -0.00477271079098804 -0.00221012833050776
0.02818128260164339 -0.00483882547791610 -0.00224074911421498
0.02837597798893873 -0.00490585372731639 -0.00227179314109980
0.02857201427695161 -0.00497380812882509 -0.00230326624742637
0.02876940070069660 -0.00504270144484409 -0.00233517434965072
0.02896814655879134 -0.00511254661288435 -0.00236752344551102
0.02916826121389472 -0.00518335674795966 -0.00240031961514177
0.02936975409314790 -0.00525514514499088 -0.00243356902219083
0.02957263468861828 -0.00532792528125926 -0.00246727791496683
0.02977691255774686 -0.00540171081888186 -0.00250145262758451
0.02998259732379836 -0.00547651560734034 -0.00253609958114707
0.03018969867631460 -0.00555235368599948 -0.00257122528491668
0.03039822637157088 -0.00562923928671302 -0.00260683633752738
0.03060819023303571 -0.00570718683642428 -0.00264293942819955
0.03081960015183355 -0.00578621095983424 -0.00267954133797561
0.03103246608721064 -0.00586632648205671 -0.00271664894096520
0.03124679806700435 -0.00594754843137266 -0.00275426920562010
0.03146260618811551 -0.00602989204196989 -0.00279240919601413
0.03167990061698394 -0.00611337275673228 -0.00283107607314523
0.03189869159006760 -0.00619800623008812 -0.00287027709625582
0.03211898941432467 -0.00628380833086443 -0.00291001962416950
0.03234080446769906 -0.00637079514519663 -0.00295031111664233
0.03256414719960946 -0.00645898297948885 -0.00299115913574340
0.03278902813144147 -0.00654838836337493 -0.00303257134723561
0.03301545785704333 -0.00663902805275939 -0.00307455552199351
0.03324344704322482 -0.00673091903288451 -0.00311711953743094
0.03347300643026002 -0.00682407852141247 -0.00316027137894141
0.03370414683239309 -0.00691852397159363 -0.00320401914137104
0.03393687913834766 -0.00701427307546259 -0.00324837103051110
0.03417121431184000 -0.00711134376703886 -0.00329333536459030
0.03440716339209538 -0.00720975422561095 -0.00333892057580767
0.03464473749436801 -0.00730952287906979 -0.00338513521188500
0.03488394781046485 -0.00741066840724141 -0.00343198793762290
0.03512480560927281 -0.00751320974532016 -0.00347948753650045
0.03536732223728946 -0.00761716608728181 -0.00352764291227344
0.03561150911915772 -0.00772255688940724 -0.00357646309061095
0.03585737775820400 -0.00782940187380923 -0.00362595722074765
0.03610493973698011 -0.00793772103202965 -0.00367613457715664
0.03635420671780883 -0.00804753462865223 -0.00372700456124333
0.03660519044333343 -0.00815886320502008 -0.00377857670307204
0.03685790273707081 -0.00827172758291993 -0.00383086066309479
0.03711235550396835 -0.00838614886840220 -0.00388386623392829
0.03736856073096499 -0.00850214845557945 -0.00393760334213423
0.03762653048755576 -0.00861974803052055 -0.00399208205003167
0.03788627692636030 -0.00873896957518494 -0.00404731255753845
0.03814781228369551 -0.00885983537138724 -0.00410330520402380
0.03841114888015196 -0.00898236800483260 -0.00416007047019173
0.03867629912117412 -0.00910659036921907 -0.00421761897999931
0.03894327549764499 -0.00923252567034475 -0.00427596150257879
0.03921209058647443 -0.00936019743033881 -0.00433510895420738
0.03948275705119166 -0.00948962949187136 -0.00439507240028615
0.03975528764254173 -0.00962084602248329 -0.00445586305735567
0.04002969519908633 -0.00975387151892087 -0.00451749229512817
0.04030599264780860 -0.00988873081157963 -0.00457997163856154
0.04058419300472190 -0.01002544906893609 -0.00464331276993805
0.04086430937548322 -0.01016405180212017 -0.00470752753099955
0.04114635495601049 -0.01030456486946527 -0.00477262792507645
0.04143034303310408 -0.01044701448118556 -0.00483862611927920
0.04171628698507298 -0.01059142720406697 -0.00490553444668838
0.04200420028236487 -0.01073782996623931 -0.00497336540859711
0.04229409648820062 -0.01088625006200306 -0.00504213167676444
0.04258598925921348 -0.01103671515672854 -0.00511184609571062
0.04287989234609223 -0.01118925329180001 -0.00518252168503565
0.04317581959422907 -0.01134389288965474 -0.00525417164177396
0.04347378494437166 -0.01150066275882746 -0.00532680934276598
0.04377380243328013 -0.01165959209914720 -0.00540044834708489
0.04407588619438821 -0.01182071050690019 -0.00547510239846390
0.04438005045846889 -0.01198404798016130 -0.00555078542778701
0.04468630955430507 -0.01214963492409429 -0.00562751155558609
0.04499467790936444 -0.01231750215640914 -0.00570529509458372
0.04530517005047906 -0.01248768091280354 -0.00578415055226229
0.04561780060452988 -0.01266020285256802 -0.00586409263348082
0.04593258429913571 -0.01283510006416939 -0.00594513624310018
0.04624953596334689 -0.01301240507096531 -0.00602729648866606
0.04656867052834411 -0.01319215083697798 -0.00611058868311371
0.04689000302814165 -0.01337437077272023 -0.00619502834751029
0.04721354860029565 -0.01355909874112446 -0.00628063121383084
0.04753932248661712 -0.01374636906352573 -0.00636741322777907
0.04786734003389014 -0.01393621652574197 -0.00645539055162981
0.04819761669459478 -0.01412867638419317 -0.00654457956711687
0.04853016802763484 -0.01432378437213817 -0.00663499687835715
0.04886500969907115 -0.01452157670596471 -0.00672665931481121
0.04920215748285936 -0.01472209009157711 -0.00681958393428067
0.04954162726159295 -0.01492536173083412 -0.00691378802594496
0.04988343502725170 -0.01513142932808784 -0.00700928911343077
0.05022759688195493 -0.01534033109683724 -0.00710610495794203
0.05057412903871987 -0.01555210576636747 -0.00720425356138909
0.05092304782222574 -0.01576679258859743 -0.00730375316961011
0.05127436966958262 -0.01598443134489612 -0.00740462227557658
0.05162811113110581 -0.01620506235306760 -0.00750687962269328
0.05198428887109539 -0.01642872647438303 -0.00761054420809770
0.05234291966862144 -0.01665546512069473 -0.00771563528602573
0.05270402041831444 -0.01688532026167652 -0.00782217237121108
0.05306760813116093 -0.01711833443209173 -0.00793017524232400
0.05343369993530521 -0.01735455073921415 -0.00803966394546365
0.05380231307685603 -0.01759401287029570 -0.00815065879768127
0.05417346492069896 -0.01783676510015179 -0.00826318039056549
0.05454717295131468 -0.01808285229881128 -0.00837724959384475
0.05492345477360246 -0.01833231993930180 -0.00849288755906734
0.05530232811370946 -0.01858521410546964 -0.00861011572329670
0.05568381081986596 -0.01884158149997429 -0.00872895581288207
0.05606792086322609 -0.01910146945228830 -0.00884942984724579
0.05645467633871443 -0.01936492592687454 -0.00897156014274347
0.05684409546587828 -0.01963199953141007 -0.00909536931655427
0.05723619658974628 -0.01990273952512688 -0.00922088029063006
0.05763099818169241 -0.02017719582727206 -0.00934811629569021
0.05802851884030608 -0.02045541902561246 -0.00947710087525595
0.05842877729226850 -0.02073746038512047 -0.00960785788975637
0.05883179239323479 -0.02102337185667771 -0.00974041152065529
0.05923758312872209 -0.02131320608597199 -0.00987478627466225
0.05964616861500417 -0.02160701642240643 -0.01001100698796063
0.06005756810001192 -0.02190485692819024 -0.01014909883051297
0.06047180096423987 -0.02220678238748980 -0.01028908731040675
0.06088888672165952 -0.02251284831572357 -0.01043099827825863
0.06130884502063842 -0.02282311096892868 -0.01057485793166492
0.06173169564486587 -0.02313762735326205 -0.01072069281971434
0.06215745851428463 -0.02345645523459266 -0.01086852984754066
0.06258615368602982 -0.02377965314824477 -0.01101839628095711
0.06301780135537340 -0.02410728040879969 -0.01117031975111163
0.06345242185667553 -0.02443939712005484 -0.01132432825922959
0.06389003566434281 -0.02477606418507189 -0.01148045018139239
0.06433066339379256 -0.02511734331634919 -0.01163871427337902
0.06477432580242388 -0.02546329704612331 -0.01179914967557188
0.06522104379059587 -0.02581398873675232 -0.01196178591790680
0.06567083840261197 -0.02616948259126481 -0.01212665292489679
0.06612373082771117 -0.02652984366398085 -0.01229378102070599
0.06657974240106661 -0.02689513787129837 -0.01246320093428268
0.06703889460479043 -0.02726543200255994 -0.01263494380455817
0.06750120906894577 -0.02764079373105757 -0.01280904118569876
0.06796670757256559 -0.02802129162518486 -0.01298552505243063
0.06843541204467901 -0.02840699515966988 -0.01316442780541551
0.06890734456534416 -0.02879797472696030 -0.01334578227669175
0.06938252736668807 -0.02919430164873305 -0.01352962173518339
0.06986098283395459 -0.02959604818750585 -0.01371597989226248
0.07034273350655847 -0.03000328755841082 -0.01390489090738650
0.07082780207914721 -0.03041609394108276 -0.01409638939379715
0.07131621140267042 -0.03083454249165723 -0.01429051042427388
0.07180798448545608 -0.03125870935493141 -0.01448728953697141
0.07230314449429440 -0.03168867167662838 -0.01468676274130598
0.07280171475552941 -0.03212450761580567 -0.01488896652392014
0.07330371875615763 -0.03256629635738812 -0.01509393785470541
0.07380918014493468 -0.03301411812485474 -0.01530171419290271
0.07431812273348896 -0.03346805419303078 -0.01551233349326349
0.07483057049744396 -0.03392818690101909 -0.01572583421227668
0.07534654757754738 -0.03439459966528870 -0.01594225531447518
0.07586607828080817 -0.03486737699287626 -0.01616163627880390
0.07638918708164215 -0.03534660449474077 -0.01638401710506291
0.07691589862302453 -0.03583236889922607 -0.01660943832041084
0.07744623771765087 -0.03632475806569606 -0.01683794098595520
0.07798022934910616 -0.03682386099830367 -0.01706956670340352
0.07851789867304167 -0.03732976785984882 -0.01730435762178260
0.07905927101835979 -0.03784256998584792 -0.01754235644424361
0.07960437188840763 -0.03836235989870346 -0.01778360643493217
0.08015322696217819 -0.03888923132200799 -0.01802815142592573
0.08070586209552016 -0.03942327919500393 -0.01827603582425812
0.08126230332235576 -0.03996459968718287 -0.01852730461900495
0.08182257685590748 -0.04051329021301700 -0.01878200338845551
0.08238670908993284 -0.04106944944683258 -0.01904017830734400
0.08295472659996748 -0.04163317733785520 -0.01930187615418114
0.08352665614457758 -0.04220457512533810 -0.01956714431862735
0.08410252466662016 -0.04278374535388611 -0.01983603080897299
0.08468235929451211 -0.04337079188889481 -0.02010858425967640
0.08526618734350867 -0.04396581993214380 -0.02038485393898734
0.08585403631698994 -0.04456893603751039 -0.02066488975663752
0.08644593390775629 -0.04518024812686448 -0.02094874227162195
0.08704190799933344 -0.04579986550607673 -0.02123646270005011
0.08764198666728568 -0.04642789888115607 -0.02152810292306742
0.08824619818053861 -0.04706446037456791 -0.02182371549487064
0.08885457100271059 -0.04770966354167357 -0.02212335365078985
0.08946713379345408 -0.04836362338728846 -0.02242707131544994
0.09008391540980545 -0.04902645638244080 -0.02273492311101840
0.09070494490754430 -0.04969828048119299 -0.02304696436551731
0.09133025154256254 -0.05037921513766892 -0.02336325112123009
0.09195986477224254 -0.05106938132318017 -0.02368384014317311
0.09259381425684444 -0.05176890154352985 -0.02400878892766472
0.09323212986090400 -0.05247789985638714 -0.02433815571094212
0.09387484165463919 -0.05319650188888079 -0.02467199947789327
0.09452197991536644 -0.05392483485526308 -0.02501037997084084
0.09517357512892761 -0.05466302757474863 -0.02535335769841987
0.09582965799112571 -0.05541121048946453 -0.02570099394452802
0.09649025940917109 -0.05616951568254514 -0.02605335077735480
0.09715541050313714 -0.05693807689635258 -0.02641049105849214
0.09782514260742688 -0.05771702955082450 -0.02677247845211760
0.09849948727224871 -0.05850651076196783 -0.02713937743427011
0.09917847626510250 -0.05930665936044876 -0.02751125330218005
0.09986214157227666 -0.06011761591034347 -0.02788817218370173
0.10055051540035467 -0.06093952272796595 -0.02827020104680457
0.10124363017773205 -0.06177252390088910 -0.02865740770915810
0.10194151855614454 -0.06261676530698501 -0.02904986084776988
0.10264421341220598 -0.06347239463369722 -0.02944763000873146
0.10335174784895693 -0.06433956139731817 -0.02985078561700806
0.10406415519742446 -0.06521841696245495 -0.03025939898632516
0.10478146901819221 -0.06610911456157514 -0.03067354232912379
0.10550372310298135 -0.06701180931466112 -0.03109328876658020
0.10623095147624222 -0.06792665824896653 -0.03151871233871693
0.10696318839675767 -0.06885382031888794 -0.03194988801457180
0.10770046835925672 -0.06979345642590760 -0.03238689170243938
0.10844282609603929 -0.07074572943865633 -0.03282980026019237
0.10919029657861286 -0.07171080421305354 -0.03327869150566497
0.10994291501933974 -0.07268884761253493 -0.03373364422710658
0.11070071687309559 -0.07368002852837717 -0.03419473819370756
0.11146373783894017 -0.07468451790005520 -0.03466205416617919
0.11223201386179885 -0.07570248873574183 -0.03513567390741633
0.11300558113415557 -0.07673411613284210 -0.03561568019321815
0.11378447609775848 -0.07777957729856053 -0.03610215682305565
0.11456873544533624 -0.07883905157058499 -0.03659518863092396
0.11535839612232673 -0.07991272043781839 -0.03709486149624951
0.11615349532861717 -0.08100076756109383 -0.03760126235483387
0.11695407052029710 -0.08210337879403630 -0.03811447920988874
0.11776015941142259 -0.08322074220386613 -0.03863460114309457
0.11857179997579269 -0.08435304809230175 -0.03916171832573105
0.11938903044873875 -0.08550048901644666 -0.03969592202984985
0.12021188932892556 -0.08666325980973372 -0.04023730463950576
0.12104041538016444 -0.08784155760283519 -0.04078595966201846
0.12187464763324013 -0.08903558184460429 -0.04134198173929290
0.12271462538774915 -0.09024553432302113 -0.04190546665917959
0.12356038821395075 -0.09147161918612018 -0.04247651136687041
0.12441197595463170 -0.09271404296286904 -0.04305521397632723
0.12526942872698282 -0.09397301458408097 -0.04364167378176246
0.12613278692448912 -0.09524874540321597 -0.04423599126912536
0.12700209121883205 -0.09654144921722352 -0.04483826812764687
0.12787738256180636 -0.09785134228725351 -0.04544860726138152
0.12875870218724889 -0.09917864335933062 -0.04606711280078978
0.12964609161298060 -0.10052357368498004 -0.04669389011433214
0.13053959264276330 -0.10188635704172996 -0.04732904582008478
0.13143924736826845 -0.10326721975352671 -0.04797268779735476
0.13234509817105980 -0.10466639071106011 -0.04862492519831654
0.13325718772459053 -0.10608410139194865 -0.04928586845964429
0.13417555899621331 -0.10752058588080286 -0.04995562931414906
0.13510025524920402 -0.10897608088915949 -0.05063432080240952
0.13603132004480051 -0.11045082577521378 -0.05132205728439172
0.13696879724425431 -0.11194506256342406 -0.05201895445105705
0.13791273101089702 -0.11345903596392759 -0.05272512933595766
0.13886316581222044 -0.11499299339172328 -0.05344070032679497
0.13982014642197194 -0.11654718498567648 -0.05416578717696650
0.14078371792226346 -0.11812186362728669 -0.05490051101707032
0.14175392570569484 -0.11971728495918217 -0.05564499436636425
0.14273081547749294 -0.12133370740339065 -0.05639936114419324
0.14371443325766448 -0.12297139217930390 -0.05716373668135724
0.14470482538316343 -0.12463060332136185 -0.05793824773142705
0.14570203851007471 -0.12631160769638725 -0.05872302248198308
0.14670611961581190 -0.12801467502064900 -0.05951819056580904
0.14771711600132961 -0.12974007787650108 -0.06032388307198278
0.14873507529335270 -0.13148809172868561 -0.06114023255689617
0.14976004544661942 -0.13325899494023027 -0.06196737305518030
0.15079207474614068 -0.13505306878795020 -0.06280544009053717
0.15183121180947412 -0.13687059747746635 -0.06365457068644897
0.15287750558901539 -0.13871186815780329 -0.06451490337679071
0.15393100537430371 -0.14057717093546820 -0.06538657821630117
0.15499176079434338 -0.14246679888805347 -0.06626973679093573
0.15605982181994271 -0.14438104807728022 -0.06716452222807087
0.15713523876606758 -0.14632021756146746 -0.06807107920655146
0.15821806229421123 -0.14828460940746294 -0.06898955396659212
0.15930834341478184 -0.15027452870189026 -0.06992009431949085
0.16040613348950503 -0.15229028356181257 -0.07086284965717539
0.16151148423384307 -0.15433218514468428 -0.07181797096154832
0.16262444771943196 -0.15640054765760475 -0.07278561081363445
0.16374507637653393 -0.15849568836585612 -0.07376592340251242
0.16487342299650756 -0.16061792760063448 -0.07475906453401523
0.16600954073429422 -0.16276758876602368 -0.07576519163920349
0.16715348311092296 -0.16494499834510457 -0.07678446378257722
0.16830530401603144 -0.16715048590519313 -0.07781704167002798
0.16946505771040399 -0.16938438410219875 -0.07886308765651670
0.17063279882852889 -0.17164702868400222 -0.07992276575345562
0.17180858238117150 -0.17393875849286639 -0.08099624163578403
0.17299246375796537 -0.17625991546684985 -0.08208368264873769
0.17418449873002248 -0.17861084464011032 -0.08318525781426310
0.17538474345256003 -0.18099189414212949 -0.08430113783709767
0.17659325446754551 -0.18340341519579589 -0.08543149511047350
0.17781008870636109 -0.18584576211428680 -0.08657650372144890
0.17903530349248506 -0.18831929229669778 -0.08773633945582709
0.18026895654419256 -0.19082436622240936 -0.08891117980266518
0.18151110597727393 -0.19336134744410380 -0.09010120395834520
0.18276181030777353 -0.19593060257942771 -0.09130659283020007
0.18402112845474572 -0.19853250130116076 -0.09252752903964383
0.18528911974303014 -0.20116741632597457 -0.09376419692483440
0.18656584390604733 -0.20383572340157588 -0.09501678254280695
0.18785136108861214 -0.20653780129230614 -0.09628547367107394
0.18914573184976669 -0.20927403176308168 -0.09757045980868269
0.19044901716563412 -0.21204479956157637 -0.09887193217667281
0.19176127843229071 -0.21485049239869006 -0.10019008371795095
0.19308257746865756 -0.21769150092715106 -0.10152510909653568
0.19441297651941386 -0.22056821871822851 -0.10287720469614980
0.19575253825792849 -0.22348104223646664 -0.10424656861814241
0.19710132578921277 -0.22643037081242331 -0.10563340067871621
0.19845940265289264 -0.22941660661327032 -0.10703790240542219
0.19982683282620289 -0.23244015461124787 -0.10846027703290423
0.20120368072700057 -0.23550142254985901 -0.10990072949786797
0.20259001121679915 -0.23860082090778334 -0.11135946643323887
0.20398588960382499 -0.24173876286033122 -0.11283669616147571
0.20539138164609347 -0.24491566423849262 -0.11433262868702815
0.20680655355450628 -0.24813194348540299 -0.11584747568788949
0.20823147199597156 -0.25138802161016416 -0.11738145050621371
0.20966620409654391 -0.25468432213896358 -0.11893476813797797
0.21111081744458601 -0.25802127106337686 -0.12050764522164144
0.21256538009395401 -0.26139929678576995 -0.12210030002577452
0.21402996056720233 -0.26481883006173679 -0.12371295243562666
0.21550462785881241 -0.26828030393941144 -0.12534582393857874
0.21698945143844184 -0.27178415369563697 -0.12699913760846362
0.21848450125419838 -0.27533081676886734 -0.12867311808871149
0.21998984773593447 -0.27892073268863904 -0.13036799157426299
0.22150556179856454 -0.28255434300161392 -0.13208398579223807
0.22303171484540685 -0.28623209119401599 -0.13382132998129415
0.22456837877154651 -0.28995442261035254 -0.13558025486964914
0.22611562596722207 -0.29372178436837199 -0.13736099265171503
0.22767352932123661 -0.29753462527004787 -0.13916377696329885
0.22924216222439106 -0.30139339570857548 -0.14098884285533325
0.23082159857294077 -0.30529854757115865 -0.14283642676607178
0.23241191277207801 -0.30925053413757003 -0.14470676649172967
0.23401317973943619 -0.31324980997425145 -0.14660010115548291
0.23562547490861963 -0.31729683082392968 -0.14851667117481560
0.23724887423275626 -0.32139205349052280 -0.15045671822712248
0.23888345418807699 -0.32553593571929235 -0.15242048521356011
0.24052929177751764 -0.32972893607200982 -0.15440821622103779
0.24218646453434586 -0.33397151379708695 -0.15642015648234647
0.24385505052581510 -0.33826412869445455 -0.15845655233432659
0.24553512835684130 -0.34260724097509776 -0.16051765117404132
0.24722677717370542 -0.34700131111505450 -0.16260370141288530
0.24893007666778313 -0.35144679970374065 -0.16471495242856499
0.25064510707929838 -0.35594416728647388 -0.16685165451490211
0.25237194920110279 -0.36049387420097068 -0.16901405882937515
0.25411068438248285 -0.36509638040770970 -0.17120241733834737
0.25586139453299134 -0.36975214531397071 -0.17341698275991216
0.25762416212630668 -0.37446162759139895 -0.17565800850429153
0.25939907020411690 -0.37922528498687319 -0.17792574861169530
0.26118620238003326 -0.38404357412653489 -0.18022045768759440
0.26298564284352799 -0.38891695031282925 -0.18254239083533386
0.26479747636390111 -0.39384586731428556 -0.18489180358598550
0.26662178829427297 -0.39883077714792375 -0.18726895182538841
0.26845866457560524 -0.40387212985406401 -0.18967409171828656
0.27030819174075138 -0.40897037326333924 -0.19210747962949160
0.27217045691852998 -0.41412595275572567 -0.19456937204198041
0.27404554783783092 -0.41933931101135880 -0.19706002547184048
0.27593355283174942 -0.42461088775298994 -0.19957969638000411
0.27783456084174468 -0.42994111947974489 -0.20212864108063508
0.27974866142183086 -0.43533043919214953 -0.20470711564613847
0.28167594474279772 -0.44077927610802575 -0.20731537580865175
0.28361650159645529 -0.44628805536912453 -0.20995367685794755
0.28557042339991229 -0.45185719773829613 -0.21262227353566204
0.28753780219988456 -0.45748711928685587 -0.21532141992572784
0.28951873067702744 -0.46317823107202677 -0.21805136934093558
0.29151330215030596 -0.46893093880414621 -0.22081237420551142
0.29352161058138737 -0.47474564250341494 -0.22360468593361316
0.29554375057906923 -0.48062273614592493 -0.22642855480362992
0.29757981740373779 -0.48656260729876538 -0.22928422982821495
0.29962990697185221 -0.49256563674386444 -0.23217195861988424
0.30169411586046524 -0.49863219809038967 -0.23509198725212913
0.30377254131177361 -0.50476265737540216 -0.23804456011589992
0.30586528123769657 -0.51095737265246932 -0.24102991977134264
0.30797243422448944 -0.51721669356805533 -0.24404830679470546
0.31009409953738992 -0.52354096092529967 -0.24709995962025266
0.31223037712529061 -0.52993050623499804 -0.25018511437710711
0.31438136762544966 -0.53638565125344495 -0.25330400472087111
0.31654717236823277 -0.54290670750688275 -0.25645686165992071
0.31872789338188390 -0.54949397580224779 -0.25964391337623283
0.32092363339733304 -0.55614774572393766 -0.26286538504063356
0.32313449585303744 -0.56286829511628578 -0.26612149862232487
0.32536058489985120 -0.56965588955146040 -0.26941247269256674
0.32760200540593343 -0.57651078178246884 -0.27273852222237821
0.32985886296168992 -0.58343321118097580 -0.27609985837412720
0.33213126388474412 -0.59042340315960551 -0.27949668828686230
0.33441931522494717 -0.59748156857847290 -0.28292921485526817
0.33672312476942301 -0.60460790313553403 -0.28639763650207789
0.33904280104764212 -0.61180258674052812 -0.28990214694382077
0.34137845333653621 -0.61906578287215075 -0.29344293494975732
0.34373019166564794 -0.62639763791818326 -0.29702018409386455
0.34609812682230995 -0.63379828049813491 -0.30063407249969076
0.34848237035686874 -0.64126782076828004 -0.30428477257799325
0.35088303458793546 -0.64880634970854512 -0.30797245075694402
0.35330023260767901 -0.65641393839109463 -0.31169726720480440
0.35573407828715525 -0.66409063723018469 -0.31545937554488968
0.35818468628166800 -0.67183647521302259 -0.31925892256267835
0.36065217203617167 -0.67965145911124925 -0.32309604790491342
0.36313665179071219 -0.68753557267280330 -0.32697088377054778
0.36563824258589855 -0.69548877579374158 -0.33088355459335889
0.36815706226841882 -0.70351100366976427 -0.33483417671609755
0.37069322949659317 -0.71160216592712600 -0.33882285805600898
0.37324686374596050 -0.71976214573257258 -0.34284969776156393
0.37581808531490823 -0.72799079888201401 -0.34691478586024282
0.37840701533034138 -0.73628795286762760 -0.35101820289722829
0.38101377575338496 -0.74465340592307483 -0.35516001956483001
0.38363848938513134 -0.75308692604651550 -0.35934029632250264
0.38628127987242716 -0.76158825000114649 -0.36355908300729189
0.38894227171369411 -0.77015708229295965 -0.36781641843455370
0.39162159026479615 -0.77879309412542896 -0.37211232998879240
0.39431936174494664 -0.78749592233085697 -0.37644683320447253
0.39703571324265036 -0.79626516827808047 -0.38081993133662922
0.39977077272169265 -0.80510039675634049 -0.38523161492116015
0.40252466902716960 -0.81400113483496961 -0.38968186132462079
0.40529753189155343 -0.82296687069873786 -0.39417063428338994
0.40808949194080635 -0.83199705245856959 -0.39869788343206375
0.41090068070053642 -0.84109108693744694 -0.40326354382093216
0.41373123060218814 -0.85024833843125391 -0.40786753542239262
0.41658127498928715 -0.85946812744444623 -0.41250976262619132
0.41945094812371697 -0.86874972940024231 -0.41719011372332232
0.42234038519204559 -0.87809237332530843 -0.42190846037849716
0.42524972231189667 -0.88749524050873652 -0.42666465709104390
0.42817909653835690 -0.89695746313514457 -0.43145854064410710
0.43112864587043542 -0.90647812289190266 -0.43628992954206613
0.43409850925756621 -0.91605624955032228 -0.44115862343605206
0.43708882660614989 -0.92569081952075150 -0.44606440253744156
0.44009973878614655 -0.93538075438160451 -0.45100702701928580
0.44313138763771442 -0.94512491938226884 -0.45598623640555186
0.44618391597788670 -0.95492212191989589 -0.46100174894809748
0.44925746760730267 -0.96477110999018345 -0.46605326099134359
0.45235218731698318 -0.97467057061219409 -0.47114044632456453
0.45546822089514793 -0.98461912822731346 -0.47626295552173847
0.45860571513408505 -0.99461534307253197 -0.48142041526894780
0.46176481783706874 -1.00465770952823741 -0.48661242767928847
0.46494567782531782 -1.01474465444068107 -0.49183856959526001
0.46814844494500796 -1.02487453541948215 -0.49709839187866300
0.47137327007433427 -1.03504563911043790 -0.50239141868801329
0.47462030513061321 -1.04525617944394478 -0.50771714674346047
0.47788970307744211 -1.05550429585954952 -0.51307504457931374
0.48118161793190767 -1.06578805150699529 -0.51846455178419082
0.48449620477183586 -1.07610543142431458 -0.52388507822887775
0.48783361974310091 -1.08645434069352120 -0.52933600328199781
0.49119402006698276 -1.09683260257457027 -0.53481667501361163
0.49457756404756831 -1.10723795661819491 -0.54032640938684984
0.49798441107921515 -1.11766805675846959 -0.54586448943778376
0.50141472165405510 -1.12812046938584243 -0.55143016444366255
0.50486865736955655 -1.13859267140159259 -0.55702264907975751
0.50834638093614049 -1.14908204825464710 -0.56264112256502041
0.51184805618483975 -1.15958589196179540 -0.56828472779680950
0.51537384807502007 -1.17010139911248889 -0.57395257047497739
0.51892392270215304 -1.18062566885938081 -0.57964371821562255
0.52249844730563633 -1.19115570089590683 -0.58535719965483357
0.52609759027667324 -1.20168839342240030 -0.59109200354283231
0.52972152116621019 -1.21222054110210586 -0.59684707782888591
0.53337041069291669 -1.22274883300877413 -0.60262132873744934
0.53704443075123121 -1.23326985056751814 -0.60841361983600772
0.54074375441946221 -1.24378006549075804 -0.61422277109515189
0.54446855596793509 -1.25427583771113893 -0.62004755794141564
0.54821901086720481 -1.26475341331349367 -0.62588671030348764
0.55199529579632578 -1.27520892246809159 -0.63173891165246709
0.55579758865116813 -1.28563837736729569 -0.63760279803678266
0.55962606855280195 -1.29603767016826121 -0.64347695711258568
0.56348091585593751 -1.30640257094411960 -0.64935992717035751
0.56736231215741650 -1.31672872564640553 -0.65525019615857438
0.57127044030476937 -1.32701165408157684 -0.66114620070532581
0.57520548440483177 -1.33724674790468301 -0.66704632513884288
0.57916762983241210 -1.34742926863331869 -0.67294890050791167
0.58315706323902683 -1.35755434568522060 -0.67885220360326270
0.58717397256169712 -1.36761697444307062 -0.68475445598106288
0.59121854703179433 -1.37761201435011227 -0.69065382298967648
0.59529097718396295 -1.38753418704055420 -0.69654841280099045
0.59939145486508971 -1.39737807450874141 -0.70243627544760656
0.60352017324334362 -1.40713811732145522 -0.70831540186731834
0.60767732681727959 -1.41680861287770554 -0.71418372295634880
0.61186311142499428 -1.42638371372076089 -0.72003910863289189
0.61607772425335505 -1.43585742590728915 -0.72587936691261401
0.62032136384729264 -1.44522360743867728 -0.73170224299781750
0.62459423011914772 -1.45447596675993207 -0.73750541838208061
0.62889652435809140 -1.46360806133166110 -0.74328650997225598
0.63322844923961197 -1.47261329628101056 -0.74904306922984032
0.63759020883505479 -1.48148492313754199 -0.75477258133375114
0.64198200862124022 -1.49021603866039132 -0.76047246436671867
0.64640405549014601 -1.49879958376330991 -0.76614006852757677
0.65085655775864737 -1.50722834254432669 -0.77177267537178862
0.65533972517833383 -1.51549494142718233 -0.77736749708272990
0.65985376894539371 -1.52359184842196171 -0.78292167577632388
0.66439890171055649 -1.53151137251244696 -0.78843228284169242
0.66897533758911365 -1.53924566317828360 -0.79389631832069163
0.67358329217100954 -1.54678671006009005 -0.79931071032923284
0.67822298253098967 -1.55412634277611073 -0.80467231452345378
0.68289462723883121 -1.56125623089922749 -0.80997791361392124
0.68759844636964218 -1.56816788410347829 -0.81522421693116676
0.69233466151422274 -1.57485265248956163 -0.82040786004597321
0.69710349578950681 -1.58130172709910544 -0.82552540444798861
0.70190517384907669 -1.58750614062777773 -0.83057333728635652
0.70673992189373802 -1.59345676834767480 -0.83554807117616525
0.71160796768218526 -1.59914432924978067 -0.84044594407472772
0.71650954054172245 -1.60455938741748860 -0.84526321923173653
0.72144487137907043 -1.60969235364268393 -0.84999608521759162
0.72641419269124807 -1.61453348729608326 -0.85464065603424799
0.73141773857651804 -1.61907289846387936 -0.85919297131311856
0.73645574474541731 -1.62330055036316745 -0.86364899660472882
0.74152844853186650 -1.62720626204881680 -0.86800462376491427
0.74663608890434163 -1.63077971142487566 -0.87225567144253668
0.75177890647713608 -1.63401043857387651 -0.87639788567383436
0.75695714352169929 -1.63688784941777965 -0.88042694058867399
0.76217104397804170 -1.63940121972451580 -0.88433843923408006
0.76742085346623079 -1.64153969947447154 -0.88812791452062301
0.77270681929796636 -1.64329231760157590 -0.89179083029736195
0.77802919048822172 -1.64464798712381843 -0.89532258256114639
0.78338821776697964 -1.64559551067844589 -0.89871850080629823
0.78878415359104803 -1.64612358647726476 -0.90197384952077708
0.79421725215594319 -1.64622081469775949 -0.90508382983506164
0.79968776940787090 -1.64587570432593377 -0.90804358133016616
0.80519596305578611 -1.64507668046709421 -0.91084818401128353
0.81074209258352603 -1.64381209214080415 -0.91349266045367816
0.81632641926203720 -1.64207022057668794 -0.91597197812760578
0.82194920616168921 -1.63983928802758494 -0.91828105190908937
0.82761071816465814 -1.63710746711698207 -0.92041474678352830
0.83331122197740892 -1.63386289073752478 -0.92236788074918208
0.83905098614326490 -1.63009366251755372 -0.92413522792767044
0.84483028105504709 -1.62578786787266782 -0.92571152188869466
0.85064937896782500 -1.62093358565920864 -0.92709145919625302
0.85650855401173109 -1.61551890044658331 -0.92826970318366575
0.86240808220487908 -1.60953191542521523 -0.92924088796477122
0.86834824146637202 -1.60296076596670800 -0.92999962268866065
0.87432931162938499 -1.59579363385270034 -0.93054049604532829
0.88035157445435230 -1.58801876218857863 -0.93085808102961543
0.88641531364224579 -1.57962447101782066 -0.93094693997075784
0.89252081484793000 -1.57059917365252599 -0.93080162983483250
0.89866836569362407 -1.56093139373506373 -0.93041670780729091
0.90485825578245527 -1.55060978304533248 -0.92978673716268345
0.91109077671209349 -1.53962314006752776 -0.92890629342854869
0.91736622208849117 -1.52796042932954235 -0.92776997085027679
0.92368488753972133 -1.51561080152741123 -0.92637238916359654
0.93004707072989290 -1.50256361444638498 -0.92470820068109050
0.93645307137317935 -1.48880845468907475 -0.92277209769891277
0.94290319124794220 -1.47433516022022704 -0.92055882022959779
0.94939773421093754 -1.45913384373638899 -0.91806316406651300
0.95593700621163524 -1.44319491686744383 -0.91527998918516118
0.96252131530663754 -1.42650911521554424 -0.91220422848611660
0.96915097167417996 -1.40906752423553283 -0.90883089688395180
0.97582628762874912 -1.39086160595903174 -0.90515510074596794
0.98254757763580092 -1.37188322656276984 -0.90117204768405568
0.98931515832656336 -1.35212468477961512 -0.89687705670235252
0.99612934851295887 -1.33157874114865504 -0.89226556870275053
1.00299046920262747 -1.31023864809838875 -0.88733315734955476
1.00989884361403748 -1.28809818085466254 -0.88207554029386215
1.01685479719172500 -1.26515166916221267 -0.87648859075733487
1.02385865762161421 -1.24139402980606195 -0.87056834947420136
1.03091075484645822 -1.21682079991578584 -0.86431103698927969
1.03801142108138866 -1.19142817103259335 -0.85771306630881328
1.04516099082955427 -1.16521302391576720 -0.85077105589978164
1.05235980089788472 -1.13817296406126323 -0.84348184303212426
1.05960819041296261 -1.11030635790159016 -0.83584249745706229
1.06690650083698868 -1.08161236965196017 -0.82785033541333874
1.07425507598387227 -1.05209099876343259 -0.81950293395172724
1.08165426203543413 -1.02174311793922068 -0.81079814556663143
1.08910440755770344 -0.99057051166577614 -0.80173411312200760
1.09660586351734346 -0.95857591520500562 -0.79230928505704823
1.10415898329819151 -0.92576305398891723 -0.78252243085530315
1.11176412271789449 -0.89213668335264440 -0.77237265675902000
1.11942164004467637 -0.85770262853569956 -0.76185942170839505
1.12713189601422270 -0.82246782487571257 -0.75098255348338483
1.13489525384666146 -0.78644035811255686 -0.73974226502352103
1.14271207926368090 -0.74962950471418255 -0.72813917089878510
1.15058274050576292 -0.71204577212889364 -0.71617430390224834
1.15850760834951960 -0.67370093886188775 -0.70384913173267083
1.16648705612516523 -0.63460809426642006 -0.69116557373255150
1.17452145973411026 -0.59478167793274994 -0.67812601764447467
1.18261119766665646 -0.55423751855036307 -0.66473333634578524
1.19075665101983330 -0.51299287211080280 -0.65099090451860453
1.19895820351535809 -0.47106645931059066 -0.63690261520927638
1.20721624151769702 -0.42847850200548904 -0.62247289622823920
1.21553115405228396 -0.38525075855842983 -0.60770672633797684
1.22390333282383090 -0.34140655791546626 -0.59260965117364583
1.23233317223478811 -0.29697083223463833 -0.57718779883739557
1.24082106940393033 -0.25197014788419780 -0.56144789510411464
1.24936742418505098 -0.20643273461758493 -0.54539727817284733
1.25797263918580571 -0.16038851272320098 -0.52904391289445718
1.26663711978668481 -0.11386911793821690 -0.51239640440265743
1.27536127416009770 -0.06690792390658323 -0.49546401107189336
1.28414551328960691 -0.01954006195203399 -0.47825665672181783
1.29299025098929765 0.02819756207177726 -0.46078494198457204
1.30189590392325605 0.07626625410068263 -0.44306015474744842
1.31086289162520631 0.12462552160461346 -0.42509427957978474
1.31989163651828068 0.17323306702116648 -0.40690000604949833
1.32898256393490533 0.22204478514994658 -0.38849073583117827
1.33813610213684386 0.27101476478760239 -0.36988058850412631
1.34735268233538008 0.32009529489045663 -0.35108440593554263
1.35663273871161705 0.36923687555837215 -0.33211775514094188
1.36597670843693786 0.41838823414005760 -0.31299692951072522
1.37538503169360782 0.46749634676520235 -0.29373894828918995
1.38485815169549564 0.51650646561354363 -0.27436155418969543
1.39439651470896098 0.56536215223520070 -0.25488320902726241
1.40400057007388401 0.61400531723915819 -0.23532308724801776
1.41367077022481880 0.66237626666862282 -0.21570106723322807
1.42340757071231394 0.71041375538289853 -0.19603772025425209
1.43321143022438102 0.75805504776445065 -0.17635429695399954
1.44308281060808552 0.80523598606760960 -0.15667271123011034
1.45302217689132229 0.85189106672218240 -0.13701552139498727
1.46302999730470673 0.89795352489904046 -0.11740590848879451
1.47310674330363889 0.94335542763827074 -0.09786765162253701
1.48325288959052193 0.98802777583069912 -0.07842510023048795
1.49346891413710736 1.03190061533221189 -0.05910314311393012
1.50375529820702170 1.07490315747700138 -0.03992717416147798
1.51411252637844407 1.11696390923924294 -0.02092305463574739
1.52454108656692022 1.15801081327401989 -0.00211707192131547
1.53504147004835301 1.19797139804703856 0.01646410536501628
1.54561417148215696 1.23677293823783407 0.03479347599331810
1.55625968893454147 1.27434262557359390 0.05284375855235206
1.56697852390198511 1.31060775022013609 0.07058744776818435
1.57777118133486671 1.34549589282194870 0.08799687477284966
1.58863816966123794 1.37893512724538247 0.10504427137443942
1.59958000081078100 1.41085423403765176 0.12170183836681397
1.61059719023893511 1.44118292456861918 0.13794181790239310
1.62169025695116265 1.46985207577275734 0.15373656993536147
1.63285972352740405 1.49679397535531788 0.16905865272514717
1.64410611614670854 1.52194257726856641 0.18388090737077734
1.65542996461200076 1.54523376720167827 0.19817654632593662
1.66683180237505080 1.56660563776145345 0.21191924582233670
1.67831216656161164 1.58599877294950486 0.22508324210479183
1.68987159799670472 1.60335654146599538 0.23764343135571858
1.70151064123010665 1.61862539828975538 0.24957547315940290
1.71322984456201199 1.63175519389970702 0.26085589732713405
1.72502976006884090 1.64269949041321150 0.27146221387345210
1.73691094362927045 1.65141588382337146 0.28137302590130286
1.74887395495040243 1.65786633141913420 0.29056814511952228
1.76091935759413643 1.66201748337006960 0.29902870968038697
1.77304771900373059 1.66384101735158763 0.30673730398750315
1.78525961053051230 1.66331397497663858 0.31367808008542580
1.79755560746080478 1.66041909868698889 0.31983688020225243
1.80993628904303661 1.65514516764107333 0.32520135997484001
1.82240223851501071 1.64748733101694289 0.32976111184371021
1.83495404313138932 1.63744743702824236 0.33350778806117409
1.84759229419136894 1.62503435582909916 0.33643522271181875
1.86031758706651473 1.61026429436105878 0.33853955209964992
1.87313052122882051 1.59281994667509186 0.33979050300607477
1.88603170027895439 1.57240217269105931 0.34015723449520791
1.89902173197467894 1.54906739150098272 0.33963923426440712
1.91210122825948781 1.52288187712929268 0.33823927733799386
1.92527080529144534 1.49392191255340467 0.33596351839283706
1.93853108347219338 1.46227394996005522 0.33282157836137072
1.95188268747618587 1.42803471171827479 0.32882661867818863
1.96532624628012798 1.39131122276503749 0.32399540099482621
1.97886239319258661 1.35222088506811744 0.31834834284502811
1.99249176588383281 1.31089147534266415 0.31190955705478829
2.00621500641589323 1.26746107724675960 0.30470687477517122
2.02003276127277731 1.22207800234199460 0.29677185723389360
2.03394568139093934 1.17490065167017943 0.28813979050929089
2.04795442218995793 1.12609733015960289 0.27884966389871568
2.06205964360338356 1.07584600956750598 0.26894413075359158
2.07626201010985856 1.02433403777279874 0.25846945089086043
2.09056219076439209 0.97175779228379056 0.24747541371854634
2.10496085922989185 0.91832227590170445 0.23601524124827891
2.11945869380890795 0.86424065267904115 0.22414547022313056
2.13405637747556742 0.80973372246813413 0.21192581264568119
2.14875459790775691 0.75502933257603477 0.19941899406206517
2.16355404751953095 0.70036172526544260 0.18669056903552514
2.17845542349370769 0.64597082010202911 0.17380871333223044
2.19345942781472392 0.59210143044668806 0.16084399244316788
2.20856676730171486 0.53900241370384760 0.14786910617611776
2.22377815364179110 0.48692575528662729 0.13495860917392807
2.23909430342357307 0.43612558664985984 0.12218860735046054
2.25451593817096496 0.38685713814660672 0.10963643038004592
2.27004378437711551 0.33937562790814757 0.09738028053357353
2.28567857353866044 0.29393508843154559 0.08549885832451552
2.30142104219018861 0.25078713305661116 0.07407096560752587
2.31727193193891834 0.21017966505140667 0.06317508696408523
2.33323198949964450 0.17235553259902425 0.05288895041361984
2.34930196672992908 0.13755113356302434 0.04328906870038896
2.36548262066549286 0.10599497452903053 0.03445026262944928
2.38177471355589265 0.07790618927026903 0.02644516815807035
2.39817901290044277 0.05349302244045911 0.01934372918760316
2.41469629148434395 0.03295128498011493 0.01321267824768233
2.43132732741510260 0.01646278842500206 0.00811500751801984
2.44807290415919843 0.00419376600394092 0.00410943288814733
2.46493381057896288 -0.00370671087262410 0.00124985401451651
2.48191084096977521 -0.00710831141640886 -0.00041518640603032
2.49900479509745121 -0.00590100954026907 -0.00084304067113704
2.51621647823593220 0.00000000000000000 0.00000000000000000
2.53354670120523284 0.00000000000000000 0.00000000000000000
2.55099628040961113 0.00000000000000000 0.00000000000000000
2.56856603787604332 0.00000000000000000 0.00000000000000000
2.58625680129295965 0.00000000000000000 0.00000000000000000
2.60406940404921050 0.00000000000000000 0.00000000000000000
2.62200468527333941 0.00000000000000000 0.00000000000000000
2.64006348987312522 0.00000000000000000 0.00000000000000000
2.65824666857535963 0.00000000000000000 0.00000000000000000
2.67655507796593595 0.00000000000000000 0.00000000000000000
2.69498958053021731 0.00000000000000000 0.00000000000000000
2.71355104469363706 0.00000000000000000 0.00000000000000000
2.73224034486262513 0.00000000000000000 0.00000000000000000
2.75105836146581328 0.00000000000000000 0.00000000000000000
2.77000598099548245 0.00000000000000000 0.00000000000000000
2.78908409604933905 0.00000000000000000 0.00000000000000000
2.80829360537257955 0.00000000000000000 0.00000000000000000
2.82763541390019668 0.00000000000000000 0.00000000000000000
2.84711043279962883 0.00000000000000000 0.00000000000000000
2.86671957951369549 0.00000000000000000 0.00000000000000000
2.88646377780378760 0.00000000000000000 0.00000000000000000
2.90634395779340204 0.00000000000000000 0.00000000000000000
2.92636105601196883 0.00000000000000000 0.00000000000000000
2.94651601543894071 0.00000000000000000 0.00000000000000000
2.96680978554825137 0.00000000000000000 0.00000000000000000
2.98724332235300905 0.00000000000000000 0.00000000000000000
3.00781758845055025 0.00000000000000000 0.00000000000000000
3.02853355306780125 0.00000000000000000 0.00000000000000000
3.04939219210690604 0.00000000000000000 0.00000000000000000
3.07039448819121263 0.00000000000000000 0.00000000000000000
3.09154143071158360 0.00000000000000000 0.00000000000000000
3.11283401587297037 0.00000000000000000 0.00000000000000000
3.13427324674135965 0.00000000000000000 0.00000000000000000
3.15586013329104409 0.00000000000000000 0.00000000000000000
3.17759569245216467 0.00000000000000000 0.00000000000000000
3.19948094815863815 0.00000000000000000 0.00000000000000000
3.22151693139640605 0.00000000000000000 0.00000000000000000
3.24370468025197134 0.00000000000000000 0.00000000000000000
3.26604523996131801 0.00000000000000000 0.00000000000000000
3.28853966295916722 0.00000000000000000 0.00000000000000000
3.31118900892852341 0.00000000000000000 0.00000000000000000
3.33399434485060953 0.00000000000000000 0.00000000000000000
3.35695674505515118 0.00000000000000000 0.00000000000000000
3.38007729127094736 0.00000000000000000 0.00000000000000000
3.40335707267685450 0.00000000000000000 0.00000000000000000
3.42679718595310590 0.00000000000000000 0.00000000000000000
3.45039873533294417 0.00000000000000000 0.00000000000000000
3.47416283265465609 0.00000000000000000 0.00000000000000000
3.49809059741397022 0.00000000000000000 0.00000000000000000
3.52218315681675032 0.00000000000000000 0.00000000000000000
3.54644164583214483 0.00000000000000000 0.00000000000000000
3.57086720724601214 0.00000000000000000 0.00000000000000000
3.59546099171477529 0.00000000000000000 0.00000000000000000
3.62022415781964479 0.00000000000000000 0.00000000000000000
3.64515787212116038 0.00000000000000000 0.00000000000000000
3.67026330921416610 0.00000000000000000 0.00000000000000000
3.69554165178316163 0.00000000000000000 0.00000000000000000
3.72099409065798081 0.00000000000000000 0.00000000000000000
3.74662182486990636 0.00000000000000000 0.00000000000000000
3.77242606170817796 0.00000000000000000 0.00000000000000000
3.79840801677682238 0.00000000000000000 0.00000000000000000
3.82456891405194277 0.00000000000000000 0.00000000000000000
3.85090998593939648 0.00000000000000000 0.00000000000000000
3.87743247333281227 0.00000000000000000 0.00000000000000000
3.90413762567206657 0.00000000000000000 0.00000000000000000
3.93102670100216622 0.00000000000000000 0.00000000000000000
3.95810096603246819 0.00000000000000000 0.00000000000000000
3.98536169619637626 0.00000000000000000 0.00000000000000000
4.01281017571144627 0.00000000000000000 0.00000000000000000
4.04044769763983957 0.00000000000000000 0.00000000000000000
4.06827556394925782 0.00000000000000000 0.00000000000000000
4.09629508557430455 0.00000000000000000 0.00000000000000000
4.12450758247818960 0.00000000000000000 0.00000000000000000
4.15291438371494248 0.00000000000000000 0.00000000000000000
4.18151682749203335 0.00000000000000000 0.00000000000000000
4.21031626123337333 0.00000000000000000 0.00000000000000000
4.23931404164284142 0.00000000000000000 0.00000000000000000
4.26851153476814815 0.00000000000000000 0.00000000000000000
4.29791011606521067 0.00000000000000000 0.00000000000000000
4.32751117046297207 0.00000000000000000 0.00000000000000000
4.35731609242859541 0.00000000000000000 0.00000000000000000
4.38732628603318098 0.00000000000000000 0.00000000000000000
4.41754316501793021 0.00000000000000000 0.00000000000000000
4.44796815286070313 0.00000000000000000 0.00000000000000000
4.47860268284309537 0.00000000000000000 0.00000000000000000
4.50944819811798503 0.00000000000000000 0.00000000000000000
4.54050615177746941 0.00000000000000000 0.00000000000000000
4.57177800692133918 0.00000000000000000 0.00000000000000000
4.60326523672603471 0.00000000000000000 0.00000000000000000
4.63496932451398713 0.00000000000000000 0.00000000000000000
4.66689176382352855 0.00000000000000000 0.00000000000000000
4.69903405847926958 0.00000000000000000 0.00000000000000000
4.73139772266289604 0.00000000000000000 0.00000000000000000
4.76398428098452786 0.00000000000000000 0.00000000000000000
4.79679526855455585 0.00000000000000000 0.00000000000000000
4.82983223105592252 0.00000000000000000 0.00000000000000000
4.86309672481695010 0.00000000000000000 0.00000000000000000
4.89659031688469248 0.00000000000000000 0.00000000000000000
4.93031458509869847 0.00000000000000000 0.00000000000000000
4.96427111816537092 0.00000000000000000 0.00000000000000000
4.99846151573283315 0.00000000000000000 0.00000000000000000
5.03288738846622596 0.00000000000000000 0.00000000000000000
5.06755035812365673 0.00000000000000000 0.00000000000000000
5.10245205763253029 0.00000000000000000 0.00000000000000000
5.13759413116650521 0.00000000000000000 0.00000000000000000
5.17297823422297665 0.00000000000000000 0.00000000000000000
5.20860603370100783 0.00000000000000000 0.00000000000000000
5.24447920797988143 0.00000000000000000 0.00000000000000000
5.28059944699819717 0.00000000000000000 0.00000000000000000
5.31696845233342508 0.00000000000000000 0.00000000000000000
5.35358793728209381 0.00000000000000000 0.00000000000000000
5.39045962694052694 0.00000000000000000 0.00000000000000000
5.42758525828605887 0.00000000000000000 0.00000000000000000
5.46496658025888138 0.00000000000000000 0.00000000000000000
5.50260535384447369 0.00000000000000000 0.00000000000000000
5.54050335215649259 0.00000000000000000 0.00000000000000000
5.57866236052033670 0.00000000000000000 0.00000000000000000
5.61708417655727565 0.00000000000000000 0.00000000000000000
5.65577061026908012 0.00000000000000000 0.00000000000000000
5.69472348412331364 0.00000000000000000 0.00000000000000000
5.73394463313921854 0.00000000000000000 0.00000000000000000
5.77343590497410020 0.00000000000000000 0.00000000000000000
5.81319916001040049 0.00000000000000000 0.00000000000000000
5.85323627144336545 0.00000000000000000 0.00000000000000000
5.89354912536922804 0.00000000000000000 0.00000000000000000
5.93413962087409441 0.00000000000000000 0.00000000000000000
5.97500967012343231 0.00000000000000000 0.00000000000000000
6.01616119845208175 0.00000000000000000 0.00000000000000000
6.05759614445503924 0.00000000000000000 0.00000000000000000
6.09931646007870754 0.00000000000000000 0.00000000000000000
6.14132411071287976 0.00000000000000000 0.00000000000000000
6.18362107528336136 0.00000000000000000 0.00000000000000000
6.22620934634512757 0.00000000000000000 0.00000000000000000
6.26909093017622254 0.00000000000000000 0.00000000000000000
6.31226784687230946 0.00000000000000000 0.00000000000000000
6.35574213044176251 0.00000000000000000 0.00000000000000000
6.39951582890152437 0.00000000000000000 0.00000000000000000
6.44359100437361665 0.00000000000000000 0.00000000000000000
6.48796973318221504 0.00000000000000000 0.00000000000000000
6.53265410595150353 0.00000000000000000 0.00000000000000000
6.57764622770418317 0.00000000000000000 0.00000000000000000
6.62294821796058031 0.00000000000000000 0.00000000000000000
6.66856221083852052 0.00000000000000000 0.00000000000000000
6.71449035515390236 0.00000000000000000 0.00000000000000000
6.76073481452185465 0.00000000000000000 0.00000000000000000
6.80729776745870030 0.00000000000000000 0.00000000000000000
6.85418140748460925 0.00000000000000000 0.00000000000000000
6.90138794322687321 0.00000000000000000 0.00000000000000000
6.94891959852397711 0.00000000000000000 0.00000000000000000
6.99677861253040323 0.00000000000000000 0.00000000000000000
7.04496723982204198 0.00000000000000000 0.00000000000000000
7.09348775050243230 0.00000000000000000 0.00000000000000000
7.14234243030975069 0.00000000000000000 0.00000000000000000
7.19153358072439097 0.00000000000000000 0.00000000000000000
7.24106351907749612 0.00000000000000000 0.00000000000000000
7.29093457866002304 0.00000000000000000 0.00000000000000000
7.34114910883271410 0.00000000000000000 0.00000000000000000
7.39170947513679444 0.00000000000000000 0.00000000000000000
7.44261805940534860 0.00000000000000000 0.00000000000000000
7.49387725987554987 0.00000000000000000 0.00000000000000000
7.54548949130168989 0.00000000000000000 0.00000000000000000
7.59745718506884682 0.00000000000000000 0.00000000000000000
7.64978278930746658 0.00000000000000000 0.00000000000000000
7.70246876900873456 0.00000000000000000 0.00000000000000000
7.75551760614061170 0.00000000000000000 0.00000000000000000
7.80893179976480489 0.00000000000000000 0.00000000000000000
7.86271386615452528 0.00000000000000000 0.00000000000000000
7.91686633891295788 0.00000000000000000 0.00000000000000000
7.97139176909264169 0.00000000000000000 0.00000000000000000
8.02629272531570415 0.00000000000000000 0.00000000000000000
8.08157179389476887 0.00000000000000000 0.00000000000000000
8.13723157895484306 0.00000000000000000 0.00000000000000000
8.19327470255603352 0.00000000000000000 0.00000000000000000
8.24970380481698484 0.00000000000000000 0.00000000000000000
8.30652154403929366 0.00000000000000000 0.00000000000000000
8.36373059683278619 0.00000000000000000 0.00000000000000000
8.42133365824150992 0.00000000000000000 0.00000000000000000
8.47933344187075200 0.00000000000000000 0.00000000000000000
8.53773268001491026 0.00000000000000000 0.00000000000000000
8.59653412378610682 0.00000000000000000 0.00000000000000000
8.65574054324390119 0.00000000000000000 0.00000000000000000
8.71535472752569795 0.00000000000000000 0.00000000000000000
8.77537948497815989 0.00000000000000000 0.00000000000000000
8.83581764328957142 0.00000000000000000 0.00000000000000000
8.89667204962294100 0.00000000000000000 0.00000000000000000
8.95794557075018716 0.00000000000000000 0.00000000000000000
9.01964109318722329 0.00000000000000000 0.00000000000000000
9.08176152332984898 0.00000000000000000 0.00000000000000000
9.14430978759071600 0.00000000000000000 0.00000000000000000
9.20728883253723041 0.00000000000000000 0.00000000000000000
9.27070162503026651 0.00000000000000000 0.00000000000000000
9.33455115236398569 0.00000000000000000 0.00000000000000000
9.39884042240660378 0.00000000000000000 0.00000000000000000
9.46357246374199690 0.00000000000000000 0.00000000000000000
9.52875032581242287 0.00000000000000000 0.00000000000000000
9.59437707906221782 0.00000000000000000 0.00000000000000000
9.66045581508235429 0.00000000000000000 0.00000000000000000
9.72698964675612210 0.00000000000000000 0.00000000000000000
9.79398170840582871 0.00000000000000000 0.00000000000000000
9.86143515594034170 0.00000000000000000 0.00000000000000000
9.92935316700382486 0.00000000000000000 0.00000000000000000
9.99773894112547623 0.00000000000000000 0.00000000000000000
10.06659569987014713 0.00000000000000000 0.00000000000000000
10.13592668699016741 0.00000000000000000 0.00000000000000000
10.20573516857819385 0.00000000000000000 0.00000000000000000
10.27602443322096626 0.00000000000000000 0.00000000000000000
10.34679779215434792 0.00000000000000000 0.00000000000000000
10.41805857941921332 0.00000000000000000 0.00000000000000000
10.48981015201854206 0.00000000000000000 0.00000000000000000
10.56205589007563006 0.00000000000000000 0.00000000000000000
10.63479919699321208 0.00000000000000000 0.00000000000000000
10.70804349961384183 0.00000000000000000 0.00000000000000000
10.78179224838138772 0.00000000000000000 0.00000000000000000
10.85604891750345935 0.00000000000000000 0.00000000000000000
10.93081700511513965 0.00000000000000000 0.00000000000000000
11.00610003344382370 0.00000000000000000 0.00000000000000000
11.08190154897503987 0.00000000000000000 0.00000000000000000
11.15822512261957122 0.00000000000000000 0.00000000000000000
11.23507434988173870 0.00000000000000000 0.00000000000000000
11.31245285102866305 0.00000000000000000 0.00000000000000000
11.39036427126086970 0.00000000000000000 0.00000000000000000
11.46881228088406779 0.00000000000000000 0.00000000000000000
11.54780057548193817 0.00000000000000000 0.00000000000000000
11.62733287609027499 0.00000000000000000 0.00000000000000000
11.70741292937236366 0.00000000000000000 0.00000000000000000
11.78804450779532864 0.00000000000000000 0.00000000000000000
11.86923140980793434 0.00000000000000000 0.00000000000000000
11.95097746001958150 0.00000000000000000 0.00000000000000000
12.03328650938034805 0.00000000000000000 0.00000000000000000
12.11616243536247062 0.00000000000000000 0.00000000000000000
12.19960914214307124 0.00000000000000000 0.00000000000000000
12.28363056078792503 0.00000000000000000 0.00000000000000000
12.36823064943682482 0.00000000000000000 0.00000000000000000
12.45341339348988541 0.00000000000000000 0.00000000000000000
12.53918280579536493 0.00000000000000000 0.00000000000000000
12.62554292683876156 0.00000000000000000 0.00000000000000000
12.71249782493303115 0.00000000000000000 0.00000000000000000
12.80005159641030055 0.00000000000000000 0.00000000000000000
12.88820836581490603 0.00000000000000000 0.00000000000000000
12.97697228609757403 0.00000000000000000 0.00000000000000000
13.06634753881110811 0.00000000000000000 0.00000000000000000
13.15633833430746158 0.00000000000000000 0.00000000000000000
13.24694891193594515 0.00000000000000000 0.00000000000000000
13.33818354024298891 0.00000000000000000 0.00000000000000000
13.43004651717330766 0.00000000000000000 0.00000000000000000
13.52254217027224570 0.00000000000000000 0.00000000000000000
13.61567485688968482 0.00000000000000000 0.00000000000000000
13.70944896438540361 0.00000000000000000 0.00000000000000000
13.80386891033561803 0.00000000000000000 0.00000000000000000
13.89893914274114195 0.00000000000000000 0.00000000000000000
13.99466414023702043 0.00000000000000000 0.00000000000000000
14.09104841230335481 0.00000000000000000 0.00000000000000000
14.18809649947781004 0.00000000000000000 0.00000000000000000
14.28581297356959823 0.00000000000000000 0.00000000000000000
14.38420243787468600 0.00000000000000000 0.00000000000000000
14.48326952739274454 0.00000000000000000 0.00000000000000000
14.58301890904555620 0.00000000000000000 0.00000000000000000
14.68345528189669658 0.00000000000000000 0.00000000000000000
14.78458337737311012 0.00000000000000000 0.00000000000000000
14.88640795948781026 0.00000000000000000 0.00000000000000000
14.98893382506439842 0.00000000000000000 0.00000000000000000
15.09216580396309659 0.00000000000000000 0.00000000000000000
15.19610875930813876 0.00000000000000000 0.00000000000000000
15.30076758771692269 0.00000000000000000 0.00000000000000000
15.40614721953078536 0.00000000000000000 0.00000000000000000
15.51225261904708930 0.00000000000000000 0.00000000000000000
15.61908878475316698 0.00000000000000000 0.00000000000000000
15.72666074956188353 0.00000000000000000 0.00000000000000000
15.83497358104856190 0.00000000000000000 0.00000000000000000
15.94403238168977666 0.00000000000000000 0.00000000000000000
16.05384228910383726 0.00000000000000000 0.00000000000000000
16.16440847629262834 0.00000000000000000 0.00000000000000000
16.27573615188538625 0.00000000000000000 0.00000000000000000
16.38783056038416674 0.00000000000000000 0.00000000000000000
16.50069698241071947 0.00000000000000000 0.00000000000000000
16.61434073495536978 0.00000000000000000 0.00000000000000000
16.72876717162753124 0.00000000000000000 0.00000000000000000
16.84398168290777775 0.00000000000000000 0.00000000000000000
16.95998969640185550 0.00000000000000000 0.00000000000000000
17.07679667709644278 0.00000000000000000 0.00000000000000000
17.19440812761645176 0.00000000000000000 0.00000000000000000
17.31282958848430553 0.00000000000000000 0.00000000000000000
17.43206663838105897 0.00000000000000000 0.00000000000000000
17.55212489440898693 0.00000000000000000 0.00000000000000000
17.67301001235643199 0.00000000000000000 0.00000000000000000
17.79472768696403406 0.00000000000000000 0.00000000000000000
17.91728365219310604 0.00000000000000000 0.00000000000000000
18.04068368149582469 0.00000000000000000 0.00000000000000000
18.16493358808703462 0.00000000000000000 0.00000000000000000
18.29003922521819092 0.00000000000000000 0.00000000000000000
18.41600648645320959 0.00000000000000000 0.00000000000000000
18.54284130594588476 0.00000000000000000 0.00000000000000000
18.67054965871956540 0.00000000000000000 0.00000000000000000
18.79913756094870436 0.00000000000000000 0.00000000000000000
18.92861107024209844 0.00000000000000000 0.00000000000000000
19.05897628592832760 0.00000000000000000 0.00000000000000000
19.19023934934321218 0.00000000000000000 0.00000000000000000
19.32240644411890074 0.00000000000000000 0.00000000000000000
19.45548379647529202 0.00000000000000000 0.00000000000000000
19.58947767551343233 0.00000000000000000 0.00000000000000000
19.72439439351064294 0.00000000000000000 0.00000000000000000
19.86024030621799952 0.00000000000000000 0.00000000000000000
19.99702181315981875 0.00000000000000000 0.00000000000000000
20.13474535793495690 0.00000000000000000 0.00000000000000000
20.27341742852043538 0.00000000000000000 0.00000000000000000
20.41304455757720504 0.00000000000000000 0.00000000000000000
20.55363332275766908 0.00000000000000000 0.00000000000000000
20.69519034701566085 0.00000000000000000 0.00000000000000000
20.83772229891854622 0.00000000000000000 0.00000000000000000
20.98123589296111646 0.00000000000000000 0.00000000000000000
21.12573788988219903 0.00000000000000000 0.00000000000000000
21.27123509698287762 0.00000000000000000 0.00000000000000000
21.41773436844730227 0.00000000000000000 0.00000000000000000
21.56524260566567719 0.00000000000000000 0.00000000000000000
21.71376675755915642 0.00000000000000000 0.00000000000000000
21.86331382090732234 0.00000000000000000 0.00000000000000000
22.01389084067788815 0.00000000000000000 0.00000000000000000
22.16550491035836856 0.00000000000000000 0.00000000000000000
22.31816317229034397 0.00000000000000000 0.00000000000000000
22.47187281800605874 0.00000000000000000 0.00000000000000000
22.62664108856695222 0.00000000000000000 0.00000000000000000
22.78247527490490754 0.00000000000000000 0.00000000000000000
22.93938271816583452 0.00000000000000000 0.00000000000000000
23.09737081005526349 0.00000000000000000 0.00000000000000000
23.25644699318666753 0.00000000000000000 0.00000000000000000
23.41661876143221122 0.00000000000000000 0.00000000000000000
23.57789366027551736 0.00000000000000000 0.00000000000000000
23.74027928716727942 0.00000000000000000 0.00000000000000000
23.90378329188323292 0.00000000000000000 0.00000000000000000
24.06841337688434734 0.00000000000000000 0.00000000000000000
24.23417729767975004 0.00000000000000000 0.00000000000000000
24.40108286319222586 0.00000000000000000 0.00000000000000000
24.56913793612584485 0.00000000000000000 0.00000000000000000
24.73835043333644990 0.00000000000000000 0.00000000000000000
24.90872832620479116 0.00000000000000000 0.00000000000000000
25.08027964101170326 0.00000000000000000 0.00000000000000000
25.25301245931659011 0.00000000000000000 0.00000000000000000
25.42693491833779973 0.00000000000000000 0.00000000000000000
25.60205521133612194 0.00000000000000000 0.00000000000000000
25.77838158800087243 0.00000000000000000 0.00000000000000000
25.95592235483826826 0.00000000000000000 0.00000000000000000
26.13468587556286593 0.00000000000000000 0.00000000000000000
26.31468057149170292 0.00000000000000000 0.00000000000000000
26.49591492194075215 0.00000000000000000 0.00000000000000000
26.67839746462448147 0.00000000000000000 0.00000000000000000
26.86213679605822335 0.00000000000000000 0.00000000000000000
27.04714157196285029 0.00000000000000000 0.00000000000000000
27.23342050767267608 0.00000000000000000 0.00000000000000000
27.42098237854617082 0.00000000000000000 0.00000000000000000
27.60983602037906337 0.00000000000000000 0.00000000000000000
27.79999032982073714 0.00000000000000000 0.00000000000000000
27.99145426479347520 0.00000000000000000 0.00000000000000000
28.18423684491418513 0.00000000000000000 0.00000000000000000
28.37834715191940305 0.00000000000000000 0.00000000000000000
28.57379433009332814 0.00000000000000000 0.00000000000000000
28.77058758669825522 0.00000000000000000 0.00000000000000000
28.96873619240848896 0.00000000000000000 0.00000000000000000
29.16824948174722820 0.00000000000000000 0.00000000000000000
29.36913685352597270 0.00000000000000000 0.00000000000000000
29.57140777128746478 0.00000000000000000 0.00000000000000000
29.77507176375166154 0.00000000000000000 0.00000000000000000
29.98013842526423645 0.00000000000000000 0.00000000000000000
30.18661741624899619 0.00000000000000000 0.00000000000000000
30.39451846366259957 0.00000000000000000 0.00000000000000000
30.60385136145291085 0.00000000000000000 0.00000000000000000
30.81462597102058965 0.00000000000000000 0.00000000000000000
31.02685222168328139 0.00000000000000000 0.00000000000000000
31.24054011114357010 0.00000000000000000 0.00000000000000000
31.45569970596010023 0.00000000000000000 0.00000000000000000
31.67234114202147310 0.00000000000000000 0.00000000000000000
31.89047462502390218 0.00000000000000000 0.00000000000000000
32.11011043095216166 0.00000000000000000 0.00000000000000000
32.33125890656335599 0.00000000000000000 0.00000000000000000
32.55393046987445160 0.00000000000000000 0.00000000000000000
32.77813561065330106 0.00000000000000000 0.00000000000000000
33.00388489091239563 0.00000000000000000 0.00000000000000000
33.23118894540665735 0.00000000000000000 0.00000000000000000
33.46005848213456346 0.00000000000000000 0.00000000000000000
33.69050428284223386 0.00000000000000000 0.00000000000000000
33.92253720353155444 0.00000000000000000 0.00000000000000000
34.15616817497173940 0.00000000000000000 0.00000000000000000
34.39140820321391345 0.00000000000000000 0.00000000000000000
34.62826837010977243 0.00000000000000000 0.00000000000000000
34.86675983383382516 0.00000000000000000 0.00000000000000000
35.10689382940867631 0.00000000000000000 0.00000000000000000
35.34868166923443766 0.00000000000000000 0.00000000000000000
35.59213474362190510 0.00000000000000000 0.00000000000000000
35.83726452132862050 0.00000000000000000 0.00000000000000000
36.08408255009970134 0.00000000000000000 0.00000000000000000
36.33260045721140585 0.00000000000000000 0.00000000000000000
36.58282995001901128 0.00000000000000000 0.00000000000000000
36.83478281650860708 0.00000000000000000 0.00000000000000000
37.08847092585194360 0.00000000000000000 0.00000000000000000
37.34390622896582812 0.00000000000000000 0.00000000000000000
37.60110075907528682 0.00000000000000000 0.00000000000000000
37.86006663228003788 0.00000000000000000 0.00000000000000000
38.12081604812546942 0.00000000000000000 0.00000000000000000
38.38336129017754672 0.00000000000000000 0.00000000000000000
38.64771472660106610 0.00000000000000000 0.00000000000000000
38.91388881074252026 0.00000000000000000 0.00000000000000000
39.18189608171694260 0.00000000000000000 0.00000000000000000
39.45174916499820483 0.00000000000000000 0.00000000000000000
39.72346077301400413 0.00000000000000000 0.00000000000000000
39.99704370574492174 0.00000000000000000 0.00000000000000000
40.27251085132701292 0.00000000000000000 0.00000000000000000
40.54987518665913626 0.00000000000000000 0.00000000000000000
40.82914977801451073 0.00000000000000000 0.00000000000000000
41.11034778165581827 0.00000000000000000 0.00000000000000000
41.39348244445520209 0.00000000000000000 0.00000000000000000
41.67856710451849267 0.00000000000000000 0.00000000000000000
41.96561519181314992 0.00000000000000000 0.00000000000000000
42.25464022880114356 0.00000000000000000 0.00000000000000000
42.54565583107618920 0.00000000000000000 0.00000000000000000
42.83867570800463653 0.00000000000000000 0.00000000000000000
43.13371366337192114 0.00000000000000000 0.00000000000000000
43.43078359603229188 0.00000000000000000 0.00000000000000000
43.72989950056381758 0.00000000000000000 0.00000000000000000
44.03107546792784888 0.00000000000000000 0.00000000000000000
44.33432568613240932 0.00000000000000000 0.00000000000000000
44.63966444090076635 0.00000000000000000 0.00000000000000000
44.94710611634466346 0.00000000000000000 0.00000000000000000
45.25666519564148160 0.00000000000000000 0.00000000000000000
45.56835626171672260 0.00000000000000000 0.00000000000000000
45.88219399793127451 0.00000000000000000 0.00000000000000000
46.19819318877259207 0.00000000000000000 0.00000000000000000
46.51636872055146199 0.00000000000000000 0.00000000000000000
46.83673558210352894 0.00000000000000000 0.00000000000000000
47.15930886549484313 0.00000000000000000 0.00000000000000000
47.48410376673314204 0.00000000000000000 0.00000000000000000
47.81113558648395667 0.00000000000000000 0.00000000000000000
48.14041973079085324 0.00000000000000000 0.00000000000000000
48.47197171180150121 0.00000000000000000 0.00000000000000000
48.80580714849863710 0.00000000000000000 0.00000000000000000
49.14194176743541220 0.00000000000000000 0.00000000000000000
49.48039140347642473 0.00000000000000000 0.00000000000000000
49.82117200054399575 0.00000000000000000 0.00000000000000000
50.16429961236871549 0.00000000000000000 0.00000000000000000
50.50979040324599367 0.00000000000000000 0.00000000000000000
50.85766064879778270 0.00000000000000000 0.00000000000000000
51.20792673673872031 0.00000000000000000 0.00000000000000000
51.56060516764880930 0.00000000000000000 0.00000000000000000
51.91571255575011179 0.00000000000000000 0.00000000000000000
52.27326562968973178 0.00000000000000000 0.00000000000000000
52.63328123332806285 0.00000000000000000 0.00000000000000000
52.99577632653188175 0.00000000000000000 0.00000000000000000
53.36076798597342474 0.00000000000000000 0.00000000000000000
53.72827340593521939 0.00000000000000000 0.00000000000000000
54.09830989911951349 0.00000000000000000 0.00000000000000000
54.47089489746409896 0.00000000000000000 0.00000000000000000
54.84604595296382712 0.00000000000000000 0.00000000000000000
55.22378073849689883 0.00000000000000000 0.00000000000000000
55.60411704865762061 0.00000000000000000 0.00000000000000000
55.98707280059507951 0.00000000000000000 0.00000000000000000
56.37266603485656447 0.00000000000000000 0.00000000000000000
56.76091491623769514 0.00000000000000000 0.00000000000000000
57.15183773463848382 0.00000000000000000 0.00000000000000000
57.54545290592436402 0.00000000000000000 0.00000000000000000
57.94177897279396205 0.00000000000000000 0.00000000000000000
58.34083460565301493 0.00000000000000000 0.00000000000000000
58.74263860349324062 0.00000000000000000 0.00000000000000000
59.14720989477827118 0.00000000000000000 0.00000000000000000
59.55456753833561123 0.00000000000000000 0.00000000000000000
59.96473072425391138 0.00000000000000000 0.00000000000000000
60.37771877478727589 0.00000000000000000 0.00000000000000000
60.79355114526580195 0.00000000000000000 0.00000000000000000
61.21224742501138394 0.00000000000000000 0.00000000000000000
61.63382733826140480 0.00000000000000000 0.00000000000000000
62.05831074509711698 0.00000000000000000 0.00000000000000000
62.48571764237959769 0.00000000000000000 0.00000000000000000
62.91606816469209207 0.00000000000000000 0.00000000000000000
63.34938258528783450 0.00000000000000000 0.00000000000000000
63.78568131704546573 0.00000000000000000 0.00000000000000000
64.22498491343100113 0.00000000000000000 0.00000000000000000
64.66731406946533411 0.00000000000000000 0.00000000000000000
65.11268962269959104 0.00000000000000000 0.00000000000000000
65.56113255419701602 0.00000000000000000 0.00000000000000000
66.01266398952071768 0.00000000000000000 0.00000000000000000
66.46730519972919637 0.00000000000000000 0.00000000000000000
66.92507760237876369 0.00000000000000000 0.00000000000000000
67.38600276253178833 0.00000000000000000 0.00000000000000000
67.85010239377291441 0.00000000000000000 0.00000000000000000
68.31739835923238502 0.00000000000000000 0.00000000000000000
68.78791267261519238 0.00000000000000000 0.00000000000000000
69.26166749923855548 0.00000000000000000 0.00000000000000000
69.73868515707637528 0.00000000000000000 0.00000000000000000
70.21898811780998528 0.00000000000000000 0.00000000000000000
70.70259900788697394 0.00000000000000000 0.00000000000000000
71.18954060958763819 0.00000000000000000 0.00000000000000000
71.67983586209734881 0.00000000000000000 0.00000000000000000
72.17350786258761275 0.00000000000000000 0.00000000000000000
72.67057986730449670 0.00000000000000000 0.00000000000000000
73.17107529266338872 0.00000000000000000 0.00000000000000000
73.67501771635303953 0.00000000000000000 0.00000000000000000
74.18243087844544448 0.00000000000000000 0.00000000000000000
74.69333868251453623 0.00000000000000000 0.00000000000000000
75.20776519676272187 0.00000000000000000 0.00000000000000000
75.72573465515387170 0.00000000000000000 0.00000000000000000
76.24727145855528931 0.00000000000000000 0.00000000000000000
76.77240017588772503 0.00000000000000000 0.00000000000000000
77.30114554528189785 0.00000000000000000 0.00000000000000000
77.83353247524428298 0.00000000000000000 0.00000000000000000
78.36958604583098520 0.00000000000000000 0.00000000000000000
78.90933150982831989 0.00000000000000000 0.00000000000000000
79.45279429394295789 0.00000000000000000 0.00000000000000000
80.00000000000002842 0.00000000000000000 0.00000000000000000
