0.00000000000000000 1.00000000000000000 0.00000000000000000 0.00000000000000000
0.00000060603270582 0.99999999999976219 0.00000060603270582 0.00000000000036728
0.00000121623926342 0.99999999999904277 0.00000121623926342 0.00000000000147924
0.00000183064841884 0.99999999999783085 0.00000183064841884 0.00000000000335127
0.00000244928911611 0.99999999999611733 0.00000244928911610 0.00000000000599902
0.00000307219049857 0.99999999999389089 0.00000307219049855 0.00000000000943835
0.00000369938191031 0.99999999999114220 0.00000369938191028 0.00000000001368543
0.00000433089289749 0.99999999998785993 0.00000433089289744 0.00000000001875663
0.00000496675320978 0.99999999998403322 0.00000496675320970 0.00000000002466864
0.00000560699280172 0.99999999997965161 0.00000560699280161 0.00000000003143837
0.00000625164183417 0.99999999997470379 0.00000625164183402 0.00000000003908303
0.00000690073067572 0.99999999996917799 0.00000690073067551 0.00000000004762008
0.00000755428990408 0.99999999996306310 0.00000755428990381 0.00000000005706730
0.00000821235030760 0.99999999995634781 0.00000821235030724 0.00000000006744270
0.00000887494288662 0.99999999994901967 0.00000887494288617 0.00000000007876461
0.00000954209885504 0.99999999994106692 0.00000954209885448 0.00000000009105165
0.00001021384964169 0.99999999993247712 0.00001021384964100 0.00000000010432272
0.00001089022689190 0.99999999992323807 0.00001089022689106 0.00000000011859704
0.00001157126246890 0.99999999991333710 0.00001157126246789 0.00000000013389412
0.00001225698845539 0.99999999990276134 0.00001225698845420 0.00000000015023377
0.00001294743715505 0.99999999989149768 0.00001294743715365 0.00000000016763613
0.00001364264109400 0.99999999987953303 0.00001364264109236 0.00000000018612166
0.00001434263302241 0.99999999986685340 0.00001434263302050 0.00000000020571112
0.00001504744591597 0.99999999985344590 0.00001504744591377 0.00000000022642563
0.00001575711297752 0.99999999983929633 0.00001575711297499 0.00000000024828661
0.00001647166763854 0.99999999982439092 0.00001647166763564 0.00000000027131583
0.00001719114356077 0.99999999980871479 0.00001719114355748 0.00000000029553542
0.00001791557463778 0.99999999979225374 0.00001791557463406 0.00000000032096781
0.00001864499499659 0.99999999977499288 0.00001864499499239 0.00000000034763584
0.00001937943899923 0.99999999975691711 0.00001937943899452 0.00000000037556266
0.00002011894124442 0.99999999973801157 0.00002011894123915 0.00000000040477180
0.00002086353656913 0.99999999971826048 0.00002086353656325 0.00000000043528716
0.00002161326005029 0.99999999969764830 0.00002161326004375 0.00000000046713301
0.00002236814700639 0.99999999967615905 0.00002236814699915 0.00000000050033400
0.00002312823299918 0.99999999965377628 0.00002312823299117 0.00000000053491516
0.00002389355383531 0.99999999963048403 0.00002389355382648 0.00000000057090191
0.00002466414556806 0.99999999960626496 0.00002466414555835 0.00000000060832008
0.00002544004449901 0.99999999958110286 0.00002544004448835 0.00000000064719586
0.00002622128717973 0.99999999955497954 0.00002622128716806 0.00000000068755590
0.00002700791041356 0.99999999952787832 0.00002700791040081 0.00000000072942722
0.00002779995125730 0.99999999949978147 0.00002779995124339 0.00000000077283729
0.00002859744702296 0.99999999947067031 0.00002859744700782 0.00000000081781398
0.00002940043527952 0.99999999944052687 0.00002940043526307 0.00000000086438559
0.00003020895385472 0.99999999940933249 0.00003020895383688 0.00000000091258089
0.00003102304083682 0.99999999937706829 0.00003102304081750 0.00000000096242906
0.00003184273457640 0.99999999934371475 0.00003184273455550 0.00000000101395974
0.00003266807368816 0.99999999930925321 0.00003266807366560 0.00000000106720304
0.00003349909705276 0.99999999927366323 0.00003349909702843 0.00000000112218950
0.00003433584381862 0.99999999923692484 0.00003433584379242 0.00000000117895017
0.00003517835340380 0.99999999919901761 0.00003517835337562 0.00000000123751655
0.00003602666549782 0.99999999915992133 0.00003602666546756 0.00000000129792063
0.00003688082006357 0.99999999911961424 0.00003688082003110 0.00000000136019489
0.00003774085733916 0.99999999907807546 0.00003774085730437 0.00000000142437231
0.00003860681783982 0.99999999903528325 0.00003860681780258 0.00000000149048638
0.00003947874235983 0.99999999899121517 0.00003947874232001 0.00000000155857110
0.00004035667197442 0.99999999894584968 0.00004035667193188 0.00000000162866097
0.00004124064804171 0.99999999889916347 0.00004124064799631 0.00000000170079105
0.00004213071220466 0.99999999885113389 0.00004213071215626 0.00000000177499691
0.00004302690639304 0.99999999880173696 0.00004302690634148 0.00000000185131467
0.00004392927282539 0.99999999875095003 0.00004392927277052 0.00000000192978101
0.00004483785401101 0.99999999869874756 0.00004483785395267 0.00000000201043315
0.00004575269275200 0.99999999864510625 0.00004575269269001 0.00000000209330889
0.00004667383214520 0.99999999859000077 0.00004667383207939 0.00000000217844660
0.00004760131558430 0.99999999853340626 0.00004760131551449 0.00000000226588524
0.00004853518676184 0.99999999847529697 0.00004853518668784 0.00000000235566435
0.00004947548967128 0.99999999841564646 0.00004947548959289 0.00000000244782407
0.00005042226860905 0.99999999835442899 0.00005042226852608 0.00000000254240517
0.00005137556817669 0.99999999829161745 0.00005137556808892 0.00000000263944900
0.00005233543328290 0.99999999822718455 0.00005233543319012 0.00000000273899757
0.00005330190914567 0.99999999816110319 0.00005330190904766 0.00000000284109351
0.00005427504129443 0.99999999809334450 0.00005427504119095 0.00000000294578010
0.00005525487557217 0.99999999802388118 0.00005525487546298 0.00000000305310127
0.00005624145813759 0.99999999795268324 0.00005624145802245 0.00000000316310161
0.00005723483546734 0.99999999787972227 0.00005723483534598 0.00000000327582638
0.00005823505435811 0.99999999780496829 0.00005823505423028 0.00000000339132155
0.00005924216192892 0.99999999772839043 0.00005924216179434 0.00000000350963374
0.00006025620562330 0.99999999764995895 0.00006025620548169 0.00000000363081031
0.00006127723321152 0.99999999756964253 0.00006127723306260 0.00000000375489930
0.00006230529279288 0.99999999748740920 0.00006230529263633 0.00000000388194950
0.00006334043279791 0.99999999740322743 0.00006334043263343 0.00000000401201042
0.00006438270199072 0.99999999731706435 0.00006438270181799 0.00000000414513230
0.00006543214947126 0.99999999722888688 0.00006543214928994 0.00000000428136617
0.00006648882467762 0.99999999713866194 0.00006648882448737 0.00000000442076379
0.00006755277738841 0.99999999704635489 0.00006755277718888 0.00000000456337772
0.00006862405772505 0.99999999695193198 0.00006862405751588 0.00000000470926128
0.00006970271615417 0.99999999685535745 0.00006970271593498 0.00000000485846862
0.00007078880348996 0.99999999675659623 0.00007078880326036 0.00000000501105468
0.00007188237089658 0.99999999665561190 0.00007188237065618 0.00000000516707523
0.00007298346989057 0.99999999655236804 0.00007298346963895 0.00000000532658686
0.00007409215234328 0.99999999644682758 0.00007409215208001 0.00000000548964702
0.00007520847048328 0.99999999633895231 0.00007520847020794 0.00000000565631401
0.00007633247689889 0.99999999622870428 0.00007633247661102 0.00000000582664701
0.00007746422454057 0.99999999611604462 0.00007746422423970 0.00000000600070606
0.00007860376672349 0.99999999600093381 0.00007860376640914 0.00000000617855212
0.00007975115712999 0.99999999588333188 0.00007975115680168 0.00000000636024704
0.00008090644981215 0.99999999576319798 0.00008090644946936 0.00000000654585359
0.00008206969919430 0.99999999564049125 0.00008206969883652 0.00000000673543550
0.00008324096007561 0.99999999551516949 0.00008324095970229 0.00000000692905740
0.00008442028763265 0.99999999538719053 0.00008442028724324 0.00000000712678493
0.00008560773742201 0.99999999525651084 0.00008560773701594 0.00000000732868467
0.00008680336538291 0.99999999512308713 0.00008680336495958 0.00000000753482421
0.00008800722783983 0.99999999498687453 0.00008800722739864 0.00000000774527211
0.00008921938150515 0.99999999484782887 0.00008921938104548 0.00000000796009800
0.00009043988348186 0.99999999470590328 0.00009043988300307 0.00000000817937248
0.00009166879126623 0.99999999456105226 0.00009166879076765 0.00000000840316725
0.00009290616275050 0.99999999441322851 0.00009290616223145 0.00000000863155503
0.00009415205622562 0.99999999426238362 0.00009415205568541 0.00000000886460964
0.00009540653038403 0.99999999410847029 0.00009540652982194 0.00000000910240599
0.00009666964432236 0.99999999395143835 0.00009666964373765 0.00000000934502008
0.00009794145754428 0.99999999379123827 0.00009794145693619 0.00000000959252905
0.00009922202996325 0.99999999362781922 0.00009922202933099 0.00000000984501117
0.00010051142190536 0.99999999346112989 0.00010051142124813 0.00000001010254587
0.00010180969411221 0.99999999329111833 0.00010180969342918 0.00000001036521375
0.00010311690774369 0.99999999311773102 0.00010311690703401 0.00000001063309659
0.00010443312438095 0.99999999294091468 0.00010443312364375 0.00000001090627739
0.00010575840602925 0.99999999276061535 0.00010575840526362 0.00000001118484036
0.00010709281512086 0.99999999257677641 0.00010709281432589 0.00000001146887097
0.00010843641451808 0.99999999238934278 0.00010843641369281 0.00000001175845590
0.00010978926751612 0.99999999219825675 0.00010978926665957 0.00000001205368317
0.00011115143784613 0.99999999200346146 0.00011115143695730 0.00000001235464204
0.00011252298967817 0.99999999180489740 0.00011252298875604 0.00000001266142310
0.00011390398762428 0.99999999160250552 0.00011390398666777 0.00000001297411829
0.00011529449674147 0.99999999139622542 0.00011529449574950 0.00000001329282086
0.00011669458253481 0.99999999118599558 0.00011669458150626 0.00000001361762547
0.00011810431096053 0.99999999097175407 0.00011810430989425 0.00000001394862814
0.00011952374842909 0.99999999075343826 0.00011952374732391 0.00000001428592631
0.00012095296180836 0.99999999053098332 0.00012095296066305 0.00000001462961883
0.00012239201842671 0.99999999030432463 0.00012239201724003 0.00000001497980603
0.00012384098607623 0.99999999007339646 0.00012384098484691 0.00000001533658968
0.00012529993301590 0.99999998983813199 0.00012529993174262 0.00000001570007305
0.00012676892797482 0.99999998959846348 0.00012676892665622 0.00000001607036093
0.00012824804015542 0.99999998935432144 0.00012824803879013 0.00000001644755963
0.00012973733923676 0.99999998910563703 0.00012973733782335 0.00000001683177701
0.00013123689537777 0.99999998885233876 0.00013123689391479 0.00000001722312252
0.00013274677922061 0.99999998859435490 0.00013274677770655 0.00000001762170719
0.00013426706189393 0.99999998833161263 0.00013426706032725 0.00000001802764370
0.00013579781501627 0.99999998806403800 0.00013579781339539 0.00000001844104634
0.00013733911069942 0.99999998779155552 0.00013733910902273 0.00000001886203110
0.00013889102155182 0.99999998751408969 0.00013889101981764 0.00000001929071563
0.00014045362068197 0.99999998723156258 0.00014045361888859 0.00000001972721931
0.00014202698170187 0.99999998694389647 0.00014202697984755 0.00000002017166327
0.00014361117873053 0.99999998665101142 0.00014361117681346 0.00000002062417038
0.00014520628639740 0.99999998635282661 0.00014520628441574 0.00000002108486532
0.00014681237984592 0.99999998604926055 0.00014681237779778 0.00000002155387458
0.00014842953473709 0.99999998574022997 0.00014842953262052 0.00000002203132647
0.00015005782725295 0.99999998542565049 0.00015005782506595 0.00000002251735119
0.00015169733410024 0.99999998510543686 0.00015169733184078 0.00000002301208083
0.00015334813251402 0.99999998477950258 0.00015334813017998 0.00000002351564939
0.00015501030026123 0.99999998444775884 0.00015501029785047 0.00000002402819281
0.00015668391564445 0.99999998411011692 0.00015668391315476 0.00000002454984903
0.00015836905750551 0.99999998376648647 0.00015836905493462 0.00000002508075797
0.00016006580522926 0.99999998341677510 0.00016006580257485 0.00000002562106158
0.00016177423874727 0.99999998306088955 0.00016177423600696 0.00000002617090388
0.00016349443854163 0.99999998269873591 0.00016349443571297 0.00000002673043097
0.00016522648564871 0.99999998233021781 0.00016522648272919 0.00000002729979108
0.00016697046166299 0.99999998195523776 0.00016697045865005 0.00000002787913456
0.00016872644874093 0.99999998157369741 0.00016872644563192 0.00000002846861398
0.00017049452960478 0.99999998118549638 0.00017049452639701 0.00000002906838408
0.00017227478754653 0.99999998079053298 0.00017227478423723 0.00000002967860185
0.00017406730643183 0.99999998038870441 0.00017406730301815 0.00000003029942657
0.00017587217070391 0.99999997997990564 0.00017587216718293 0.00000003093101981
0.00017768946538756 0.99999997956403142 0.00017768946175631 0.00000003157354546
0.00017951927609319 0.99999997914097294 0.00017951927234860 0.00000003222716982
0.00018136168902080 0.99999997871062207 0.00018136168515972 0.00000003289206154
0.00018321679096405 0.99999997827286780 0.00018321678698328 0.00000003356839176
0.00018508466931440 0.99999997782759731 0.00018508466521063 0.00000003425633406
0.00018696541206516 0.99999997737469648 0.00018696540783501 0.00000003495606452
0.00018885910781567 0.99999997691405074 0.00018885910345568 0.00000003566776178
0.00019076584577548 0.99999997644554217 0.00019076584128209 0.00000003639160706
0.00019268571576853 0.99999997596905177 0.00019268571113811 0.00000003712778417
0.00019461880823741 0.99999997548445874 0.00019461880346623 0.00000003787647959
0.00019656521424759 0.99999997499164095 0.00019656520933181 0.00000003863788249
0.00019852502549171 0.99999997449047384 0.00019852502042743 0.00000003941218474
0.00020049833429394 0.99999997398083207 0.00020049832907714 0.00000004019958101
0.00020248523361429 0.99999997346258707 0.00020248522824086 0.00000004100026874
0.00020448581705300 0.99999997293560949 0.00020448581151872 0.00000004181444824
0.00020650017885496 0.99999997239976812 0.00020650017315551 0.00000004264232269
0.00020852841391413 0.99999997185492928 0.00020852840804508 0.00000004348409819
0.00021057061777803 0.99999997130095752 0.00021057061173485 0.00000004433998380
0.00021262688665221 0.99999997073771563 0.00021262688043027 0.00000004521019160
0.00021469731740485 0.99999997016506459 0.00021469731099937 0.00000004609493673
0.00021678200757123 0.99999996958286319 0.00021678200097734 0.00000004699443738
0.00021888105535840 0.99999996899096777 0.00021888104857111 0.00000004790891491
0.00022099455964977 0.99999996838923311 0.00022099455266396 0.00000004883859385
0.00022312262000977 0.99999996777751221 0.00022312261282020 0.00000004978370196
0.00022526533668857 0.99999996715565520 0.00022526532928988 0.00000005074447025
0.00022742281062675 0.99999996652351053 0.00022742280301344 0.00000005172113306
0.00022959514346012 0.99999996588092410 0.00022959513562655 0.00000005271392810
0.00023178243752444 0.99999996522774037 0.00023178242946484 0.00000005372309648
0.00023398479586029 0.99999996456380014 0.00023398478756876 0.00000005474888275
0.00023620232221791 0.99999996388894374 0.00023620231368840 0.00000005579153501
0.00023843512106208 0.99999996320300821 0.00023843511228839 0.00000005685130486
0.00024068329757706 0.99999996250582746 0.00024068328855284 0.00000005792844756
0.00024294695767150 0.99999996179723538 0.00024294694839026 0.00000005902322199
0.00024522620798350 0.99999996107706057 0.00024522619843858 0.00000006013589074
0.00024752115588558 0.99999996034513172 0.00024752114607016 0.00000006126672018
0.00024983190948974 0.99999995960127297 0.00024983189939684 0.00000006241598048
0.00025215857765257 0.99999995884530812 0.00025215856727506 0.00000006358394567
0.00025450126998040 0.99999995807705599 0.00025450125931096 0.00000006477089371
0.00025686009683441 0.99999995729633517 0.00025686008586554 0.00000006597710653
0.00025923516933586 0.99999995650296003 0.00025923515805990 0.00000006720287010
0.00026162659937133 0.99999995569674294 0.00026162658778042 0.00000006844847447
0.00026403449959799 0.99999995487749349 0.00026403448768409 0.00000006971421383
0.00026645898344887 0.99999995404501851 0.00026645897120375 0.00000007100038660
0.00026890016513825 0.99999995319912205 0.00026890015255349 0.00000007230729543
0.00027135815966704 0.99999995233960537 0.00027135814673401 0.00000007363524731
0.00027383308282816 0.99999995146626730 0.00027383306953802 0.00000007498455361
0.00027632505121202 0.99999995057890312 0.00027632503755573 0.00000007635553015
0.00027883418221200 0.99999994967730554 0.00027883416818031 0.00000007774849726
0.00028136059403001 0.99999994876126430 0.00028136057961345 0.00000007916377982
0.00028390440568202 0.99999994783056589 0.00028390439087089 0.00000008060170736
0.00028646573700369 0.99999994688499427 0.00028646572178806 0.00000008206261412
0.00028904470865600 0.99999994592433017 0.00028904469302572 0.00000008354683908
0.00029164144213096 0.99999994494835065 0.00029164142607562 0.00000008505472609
0.00029425605975730 0.99999994395683023 0.00029425604326626 0.00000008658662385
0.00029688868470626 0.99999994294953976 0.00029688866776863 0.00000008814288608
0.00029953944099738 0.99999994192624730 0.00029953942360200 0.00000008972387150
0.00030220845350433 0.99999994088671729 0.00030220843563980 0.00000009132994397
0.00030489584796083 0.99999993983071067 0.00030489582961546 0.00000009296147251
0.00030760175096652 0.99999993875798565 0.00030760173212837 0.00000009461883140
0.00031032628999299 0.99999993766829609 0.00031032627064983 0.00000009630240026
0.00031306959338972 0.99999993656139308 0.00031306957352902 0.00000009801256409
0.00031583179039017 0.99999993543702337 0.00031583176999913 0.00000009974971338
0.00031861301111784 0.99999993429493128 0.00031861299018335 0.00000010151424418
0.00032141338659243 0.99999993313485636 0.00032141336510108 0.00000010330655817
0.00032423304873599 0.99999993195653536 0.00032423302667405 0.00000010512706274
0.00032707213037912 0.99999993075970040 0.00032707210773254 0.00000010697617106
0.00032993076526727 0.99999992954408035 0.00032993074202169 0.00000010885430220
0.00033280908806701 0.99999992830940054 0.00033280906420773 0.00000011076188116
0.00033570723437240 0.99999992705538121 0.00033570720988436 0.00000011269933899
0.00033862534071132 0.99999992578174002 0.00033862531557913 0.00000011466711286
0.00034156354455197 0.99999992448818997 0.00034156351875989 0.00000011666564616
0.00034452198430932 0.99999992317443953 0.00034452195784123 0.00000011869538855
0.00034750079935162 0.99999992184019382 0.00034750077219102 0.00000012075679611
0.00035050013000696 0.99999992048515374 0.00035050010213699 0.00000012285033137
0.00035352011756991 0.99999991910901531 0.00035352008897332 0.00000012497646342
0.00035656090430816 0.99999991771147057 0.00035656087496729 0.00000012713566802
0.00035962263346922 0.99999991629220730 0.00035962260336600 0.00000012932842768
0.00036270544928716 0.99999991485090867 0.00036270541840312 0.00000013155523174
0.00036580949698943 0.99999991338725380 0.00036580946530567 0.00000013381657650
0.00036893492280368 0.99999991190091675 0.00036893489030085 0.00000013611296527
0.00037208187396465 0.99999991039156688 0.00037208184062298 0.00000013844490853
0.00037525049872113 0.99999990885886969 0.00037525046452037 0.00000014081292396
0.00037844094634289 0.99999990730248445 0.00037844091126235 0.00000014321753659
0.00038165336712778 0.99999990572206743 0.00038165333114629 0.00000014565927891
0.00038488791240876 0.99999990411726858 0.00038488787550466 0.00000014813869091
0.00038814473456106 0.99999990248773341 0.00038814469671218 0.00000015065632028
0.00039142398700932 0.99999990083310242 0.00039142394819302 0.00000015321272241
0.00039472582423487 0.99999989915301135 0.00039472578442796 0.00000015580846061
0.00039805040178297 0.99999989744709028 0.00039805036096174 0.00000015844410611
0.00040139787627014 0.99999989571496428 0.00040139783441034 0.00000016112023827
0.00040476840539154 0.99999989395625322 0.00040476836246838 0.00000016383744463
0.00040816214792842 0.99999989217057084 0.00040816210391653 0.00000016659632104
0.00041157926375558 0.99999989035752679 0.00041157921862901 0.00000016939747178
0.00041501991384890 0.99999988851672383 0.00041501986758112 0.00000017224150969
0.00041848426029293 0.99999988664775985 0.00041848421285680 0.00000017512905626
0.00042197246628852 0.99999988475022672 0.00042197241765629 0.00000017806074178
0.00042548469616053 0.99999988282371122 0.00042548464630381 0.00000018103720545
0.00042902111536552 0.99999988086779368 0.00042902106425529 0.00000018405909550
0.00043258189049963 0.99999987888204800 0.00043258183810619 0.00000018712706932
0.00043616718930631 0.99999987686604341 0.00043616713559932 0.00000019024179360
0.00043977718068435 0.99999987481934183 0.00043977712563276 0.00000019340394444
0.00044341203469574 0.99999987274149982 0.00044341197826779 0.00000019661420749
0.00044707192257372 0.99999987063206675 0.00044707186473695 0.00000019987327810
0.00045075701673086 0.99999986849058697 0.00045075695745207 0.00000020318186141
0.00045446749076714 0.99999986631659699 0.00045446743001238 0.00000020654067255
0.00045820351947816 0.99999986410962771 0.00045820345721272 0.00000020995043673
0.00046196527886340 0.99999986186920309 0.00046196521505176 0.00000021341188940
0.00046575294613442 0.99999985959484006 0.00046575288074031 0.00000021692577638
0.00046956669972332 0.99999985728604979 0.00046956663270960 0.00000022049285402
0.00047340671929107 0.99999985494233512 0.00047340665061979 0.00000022411388936
0.00047727318573598 0.99999985256319335 0.00047727311536835 0.00000022778966024
0.00048116628120228 0.99999985014811299 0.00048116620909860 0.00000023152095547
0.00048508618908861 0.99999984769657679 0.00048508611520833 0.00000023530857501
0.00048903309405675 0.99999984520805985 0.00048903301835837 0.00000023915333006
0.00049300718204025 0.99999984268202913 0.00049300710448136 0.00000024305604331
0.00049700864025323 0.99999984011794529 0.00049700856079047 0.00000024701754899
0.00050103765719918 0.99999983751526045 0.00050103757578821 0.00000025103869314
0.00050509442267985 0.99999983487341926 0.00050509433927533 0.00000025512033370
0.00050917912780418 0.99999983219185851 0.00050917904235977 0.00000025926334068
0.00051329196499732 0.99999982947000732 0.00051329187746564 0.00000026346859640
0.00051743312800967 0.99999982670728671 0.00051743303834228 0.00000026773699556
0.00052160281192606 0.99999982390310915 0.00052160272007342 0.00000027206944550
0.00052580121317485 0.99999982105687901 0.00052580111908634 0.00000027646686630
0.00053002852953727 0.99999981816799255 0.00053002843316111 0.00000028093019104
0.00053428496015669 0.99999981523583792 0.00053428486143998 0.00000028546036591
0.00053857070554804 0.99999981225979295 0.00053857060443666 0.00000029005835042
0.00054288596760719 0.99999980923922838 0.00054288586404584 0.00000029472511760
0.00054723094962053 0.99999980617350570 0.00054723084355267 0.00000029946165418
0.00055160585627451 0.99999980306197711 0.00055160574764234 0.00000030426896075
0.00055601089366530 0.99999979990398602 0.00055601078240973 0.00000030914805202
0.00056044626930847 0.99999979669886618 0.00056044615536911 0.00000031409995692
0.00056491219214880 0.99999979344594214 0.00056491207546390 0.00000031912571892
0.00056940887257012 0.99999979014452955 0.00056940875307655 0.00000032422639612
0.00057393652240518 0.99999978679393364 0.00057393640003843 0.00000032940306152
0.00057849535494568 0.99999978339344997 0.00057849522963979 0.00000033465680320
0.00058308558495229 0.99999977994236422 0.00058308545663985 0.00000033998872456
0.00058770742866478 0.99999977643995275 0.00058770729727688 0.00000034539994449
0.00059236110381219 0.99999977288548103 0.00059236096927838 0.00000035089159762
0.00059704682962311 0.99999976927820389 0.00059704669187139 0.00000035646483452
0.00060176482683598 0.99999976561736648 0.00060176468579275 0.00000036212082194
0.00060651531770952 0.99999976190220341 0.00060651517329956 0.00000036786074303
0.00061129852603317 0.99999975813193709 0.00061129837817958 0.00000037368579755
0.00061611467713765 0.99999975430578125 0.00061611452576184 0.00000037959720212
0.00062096399790559 0.99999975042293654 0.00062096384292722 0.00000038559619046
0.00062584671678217 0.99999974648259349 0.00062584655811913 0.00000039168401361
0.00063076306378593 0.99999974248393075 0.00063076290135430 0.00000039786194018
0.00063571327051958 0.99999973842611634 0.00063571310423359 0.00000040413125660
0.00064069757018092 0.99999973430830547 0.00064069739995290 0.00000041049326737
0.00064571619757383 0.99999973012964194 0.00064571602331417 0.00000041694929529
0.00065076938911931 0.99999972588925756 0.00065076921073643 0.00000042350068173
0.00065585738286665 0.99999972158627182 0.00065585720026695 0.00000043014878690
0.00066098041850462 0.99999971721979231 0.00066098023159244 0.00000043689499010
0.00066613873737275 0.99999971278891331 0.00066613854605032 0.00000044374068998
0.00067133258247275 0.99999970829271745 0.00067133238664015 0.00000045068730482
0.00067656219847990 0.99999970373027325 0.00067656199803500 0.00000045773627280
0.00068182783175460 0.99999969910063702 0.00068182762659304 0.00000046488905227
0.00068712973035400 0.99999969440285175 0.00068712952036911 0.00000047214712205
0.00069246814404364 0.99999968963594654 0.00069246792912642 0.00000047951198169
0.00069784332430924 0.99999968479893742 0.00069784310434828 0.00000048698515178
0.00070325552436855 0.99999967989082628 0.00070325529925001 0.00000049456817424
0.00070870499918329 0.99999967491060127 0.00070870476879081 0.00000050226261259
0.00071419200547112 0.99999966985723632 0.00071419176968579 0.00000051007005228
0.00071971680171777 0.99999966472969060 0.00071971656041809 0.00000051799210101
0.00072527964818920 0.99999965952690861 0.00072527940125100 0.00000052603038898
0.00073088080694388 0.99999965424782100 0.00073088055424025 0.00000053418656926
0.00073652054184512 0.99999964889134296 0.00073652028324638 0.00000054246231810
0.00074219911857348 0.99999964345637338 0.00074219885394711 0.00000055085933521
0.00074791680463933 0.99999963794179780 0.00074791653384992 0.00000055937934413
0.00075367386939543 0.99999963234648437 0.00075367359230458 0.00000056802409257
0.00075947058404960 0.99999962666928610 0.00075947030051591 0.00000057679535270
0.00076530722167754 0.99999962090904027 0.00076530693155650 0.00000058569492152
0.00077118405723566 0.99999961506456714 0.00077118376037959 0.00000059472462120
0.00077710136757402 0.99999960913467034 0.00077710106383204 0.00000060388629945
0.00078305943144943 0.99999960311813807 0.00078305912066734 0.00000061318182982
0.00078905852953852 0.99999959701374053 0.00078905821155877 0.00000062261311213
0.00079509894445100 0.99999959082023027 0.00079509861911260 0.00000063218207279
0.00080118096074297 0.99999958453634352 0.00080118062788140 0.00000064189066517
0.00080730486493030 0.99999957816079765 0.00080730452437746 0.00000065174087001
0.00081347094550215 0.99999957169229348 0.00081347059708627 0.00000066173469575
0.00081967949293455 0.99999956512951260 0.00081967913648013 0.00000067187417896
0.00082593079970410 0.99999955847111821 0.00082593043503180 0.00000068216138471
0.00083222516030174 0.99999955171575483 0.00083222478722831 0.00000069259840696
0.00083856287124660 0.99999954486204845 0.00083856248958481 0.00000070318736899
0.00084494423109999 0.99999953790860518 0.00084494384065854 0.00000071393042377
0.00085136954047950 0.99999953085401261 0.00085136914106289 0.00000072482975441
0.00085783910207307 0.99999952369683764 0.00085783869348160 0.00000073588757454
0.00086435322065335 0.99999951643562734 0.00086435280268293 0.00000074710612878
0.00087091220309199 0.99999950906890855 0.00087091177553411 0.00000075848769313
0.00087751635837411 0.99999950159518802 0.00087751592101574 0.00000077003457543
0.00088416599761289 0.99999949401295030 0.00088416555023635 0.00000078174911578
0.00089086143406418 0.99999948632066027 0.00089086097644707 0.00000079363368703
0.00089760298314128 0.99999947851676030 0.00089760251505637 0.00000080569069519
0.00090439096242980 0.99999947059967120 0.00090439048364493 0.00000081792257992
0.00091122569170262 0.99999946256779215 0.00091122520198059 0.00000083033181497
0.00091810749293494 0.99999945441949967 0.00091810699203340 0.00000084292090870
0.00092503669031947 0.99999944615314729 0.00092503617799081 0.00000085569240451
0.00093201361028169 0.99999943776706535 0.00093201308627294 0.00000086864888137
0.00093903858149521 0.99999942925956220 0.00093903804554792 0.00000088179295426
0.00094611193489729 0.99999942062892089 0.00094611138674740 0.00000089512727474
0.00095323400370442 0.99999941187340180 0.00095323344308215 0.00000090865453141
0.00096040512342800 0.99999940299123991 0.00096040455005773 0.00000092237745044
0.00096762563189013 0.99999939398064652 0.00096762504549027 0.00000093629879608
0.00097489586923960 0.99999938483980677 0.00097489526952247 0.00000095042137120
0.00098221617796781 0.99999937556688212 0.00098221556463950 0.00000096474801784
0.00098958690292501 0.99999936616000651 0.00098958627568525 0.00000097928161773
0.00099700839133644 0.99999935661728911 0.00099700774987848 0.00000099402509286
0.00100448099281878 0.99999934693681203 0.00100448033682922 0.00000100898140601
0.00101200505939656 0.99999933711663103 0.00101200438855524 0.00000102415356135
0.00101958094551878 0.99999932715477413 0.00101958025949860 0.00000103954460501
0.00102720900807557 0.99999931704924272 0.00102720830654240 0.00000105515762565
0.00103488960641504 0.99999930679800952 0.00103488888902750 0.00000107099575505
0.00104262310236019 0.99999929639901908 0.00104262236876955 0.00000108706216872
0.00105040986022595 0.99999928585018760 0.00105040911007595 0.00000110336008649
0.00105825024683636 0.99999927514940146 0.00105824947976304 0.00000111989277317
0.00106614463154184 0.99999926429451846 0.00106614384717339 0.00000113666353912
0.00107409338623658 0.99999925328336592 0.00107409258419318 0.00000115367574089
0.00108209688537607 0.99999924211374058 0.00108209606526970 0.00000117093278191
0.00109015550599474 0.99999923078340958 0.00109015466742904 0.00000118843811308
0.00109826962772375 0.99999921929010771 0.00109826877029378 0.00000120619523349
0.00110643963280880 0.99999920763153871 0.00110643875610093 0.00000122420769103
0.00111466590612820 0.99999919580537400 0.00111466500971987 0.00000124247908309
0.00112294883521100 0.99999918380925257 0.00112294791867055 0.00000126101305727
0.00113128881025522 0.99999917164078089 0.00113128787314170 0.00000127981331206
0.00113968622414621 0.99999915929753191 0.00113968526600919 0.00000129888359753
0.00114814147247525 0.99999914677704360 0.00114814049285459 0.00000131822771607
0.00115665495355806 0.99999913407682151 0.00115665395198373 0.00000133784952311
0.00116522706845369 0.99999912119433498 0.00116522604444554 0.00000135775292786
0.00117385822098330 0.99999910812701820 0.00117385717405087 0.00000137794189402
0.00118254881774927 0.99999909487227046 0.00118254774739154 0.00000139842044061
0.00119129926815430 0.99999908142745375 0.00119129817385950 0.00000141919264267
0.00120010998442074 0.99999906778989389 0.00120010886566609 0.00000144026263208
0.00120898138160997 0.99999905395687916 0.00120898023786145 0.00000146163459831
0.00121791387764197 0.99999903992566019 0.00121791270835411 0.00000148331278926
0.00122690789331501 0.99999902569344901 0.00122690669793062 0.00000150530151205
0.00123596385232548 0.99999901125741897 0.00123596263027539 0.00000152760513385
0.00124508218128781 0.99999899661470415 0.00124508093199066 0.00000155022808268
0.00125426330975463 0.99999898176239854 0.00125426203261657 0.00000157317484833
0.00126350767023696 0.99999896669755550 0.00126350636465140 0.00000159644998313
0.00127281569822460 0.99999895141718764 0.00127281436357194 0.00000162005810288
0.00128218783220664 0.99999893591826527 0.00128218646785399 0.00000164400388770
0.00129162451369212 0.99999892019771774 0.00129162311899302 0.00000166829208294
0.00130112618723083 0.99999890425242999 0.00130112476152497 0.00000169292750007
0.00131069330043425 0.99999888807924497 0.00131069184304717 0.00000171791501762
0.00132032630399665 0.99999887167496049 0.00132032481423942 0.00000174325958206
0.00133002565171628 0.99999885503633101 0.00133002412888523 0.00000176896620882
0.00133979180051682 0.99999883816006441 0.00133979024389320 0.00000179503998318
0.00134962521046882 0.99999882104282367 0.00134962361931849 0.00000182148606128
0.00135952634481143 0.99999880368122496 0.00135952471838454 0.00000184830967107
0.00136949566997423 0.99999878607183756 0.00136949400750486 0.00000187551611333
0.00137953365559914 0.99999876821118205 0.00137953195630501 0.00000190311076270
0.00138964077456262 0.99999875009573214 0.00138963903764468 0.00000193109906864
0.00139981750299789 0.99999873172191078 0.00139981572764002 0.00000195948655652
0.00141006432031739 0.99999871308609201 0.00141006250568601 0.00000198827882869
0.00142038170923537 0.99999869418459975 0.00142037985447906 0.00000201748156547
0.00143077015579059 0.99999867501370499 0.00143076826003974 0.00000204710052632
0.00144123014936926 0.99999865556962919 0.00144122821173567 0.00000207714155087
0.00145176218272806 0.99999863584853932 0.00145176020230456 0.00000210761056010
0.00146236675201740 0.99999861584655014 0.00146236472787742 0.00000213851355737
0.00147304435680474 0.99999859555972170 0.00147304228800192 0.00000216985662968
0.00148379550009815 0.99999857498405886 0.00148379338566591 0.00000220164594873
0.00149462068837002 0.99999855411551142 0.00149461852732115 0.00000223388777216
0.00150552043158087 0.99999853294997343 0.00150551822290708 0.00000226658844470
0.00151649524320343 0.99999851148328067 0.00151649298587491 0.00000229975439943
0.00152754564024681 0.99999848971121108 0.00152754333321176 0.00000233339215894
0.00153867214328084 0.99999846762948441 0.00153866978546501 0.00000236750833660
0.00154987527646060 0.99999844523376014 0.00154987286676684 0.00000240210963786
0.00156115556755113 0.99999842251963844 0.00156115310485888 0.00000243720286145
0.00157251354795226 0.99999839948265712 0.00157251103111705 0.00000247279490074
0.00158394975272368 0.99999837611829245 0.00158394718057666 0.00000250889274500
0.00159546472061013 0.99999835242195745 0.00159546209195749 0.00000254550348079
0.00160705899406676 0.99999832838900149 0.00160705630768927 0.00000258263429324
0.00161873311928472 0.99999830401470946 0.00161873037393716 0.00000262029246748
0.00163048764621685 0.99999827929430041 0.00163048484062746 0.00000265848538999
0.00164232312860364 0.99999825422292676 0.00164232026147357 0.00000269722054999
0.00165424012399926 0.99999822879567368 0.00165423719400200 0.00000273650554093
0.00166623919379787 0.99999820300755815 0.00166623619957864 0.00000277634806186
0.00167832090326005 0.99999817685352743 0.00167831784343521 0.00000281675591895
0.00169048582153940 0.99999815032845785 0.00169048269469588 0.00000285773702694
0.00170273452170940 0.99999812342715644 0.00170273132640404 0.00000289929941066
0.00171506758079040 0.99999809614435686 0.00171506431554931 0.00000294145120657
0.00172748557977676 0.99999806847471862 0.00172748224309469 0.00000298420066427
0.00173998910366426 0.99999804041282825 0.00173998569400393 0.00000302755614810
0.00175257874147765 0.99999801195319682 0.00175257525726908 0.00000307152613873
0.00176525508629839 0.99999798309025856 0.00176525152593821 0.00000311611923476
0.00177801873529259 0.99999795381837076 0.00177801509714332 0.00000316134415435
0.00179087028973917 0.99999792413181177 0.00179086657212851 0.00000320720973691
0.00180381035505814 0.99999789402478101 0.00180380655627823 0.00000325372494474
0.00181683954083913 0.99999786349139674 0.00181683565914583 0.00000330089886474
0.00182995846087016 0.99999783252569585 0.00182995449448222 0.00000334874071019
0.00184316773316647 0.99999780112163172 0.00184316368026481 0.00000339725982241
0.00185646797999970 0.99999776927307404 0.00185646383872659 0.00000344646567262
0.00186985982792719 0.99999773697380778 0.00186985559638542 0.00000349636786371
0.00188334390782146 0.99999770421753098 0.00188333958407353 0.00000354697613202
0.00189692085489999 0.99999767099785331 0.00189691643696725 0.00000359830034929
0.00191059130875509 0.99999763730829727 0.00191058679461686 0.00000365035052442
0.00192435591338407 0.99999760314229413 0.00192435130097677 0.00000370313680546
0.00193821531721954 0.99999756849318444 0.00193821060443579 0.00000375666948151
0.00195217017315999 0.99999753335421537 0.00195216535784766 0.00000381095898467
0.00196622113860054 0.99999749771854118 0.00196621621856184 0.00000386601589200
0.00198036887546389 0.99999746157922109 0.00198036384845438 0.00000392185092757
0.00199461405023152 0.99999742492921628 0.00199460891395915 0.00000397847496450
0.00200895733397509 0.99999738776139258 0.00200895208609918 0.00000403589902697
0.00202339940238804 0.99999735006851420 0.00202339404051825 0.00000409413429238
0.00203794093581742 0.99999731184324658 0.00203793545751273 0.00000415319209342
0.00205258261929597 0.99999727307815267 0.00205257702206358 0.00000421308392025
0.00206732514257435 0.99999723376569161 0.00206731942386861 0.00000427382142270
0.00208216920015365 0.99999719389821828 0.00208216335737495 0.00000433541641241
0.00209711549131812 0.99999715346798168 0.00209710952181173 0.00000439788086518
0.00211216472016810 0.99999711246712242 0.00211215862122303 0.00000446122692315
0.00212731759565318 0.99999707088767220 0.00212731136450099 0.00000452546689714
0.00214257483160563 0.99999702872155205 0.00214256846541921 0.00000459061326900
0.00215793714677397 0.99999698596057063 0.00215793064266632 0.00000465667869397
0.00217340526485689 0.99999694259642313 0.00217339861987986 0.00000472367600308
0.00218897991453733 0.99999689862068919 0.00218897312568031 0.00000479161820558
0.00220466182951677 0.99999685402483118 0.00220465489370539 0.00000486051849141
0.00222045174854982 0.99999680880019381 0.00222044466264463 0.00000493039023373
0.00223635041547903 0.99999676293800022 0.00223634317627409 0.00000500124699141
0.00225235857926994 0.99999671642935317 0.00225235118349142 0.00000507310251167
0.00226847699404630 0.99999666926523012 0.00226846943835110 0.00000514597073260
0.00228470641912567 0.99999662143648527 0.00228469870009992 0.00000521986578589
0.00230104761905517 0.99999657293384414 0.00230103973321275 0.00000529480199946
0.00231750136364746 0.99999652374790382 0.00231749330742849 0.00000537079390021
0.00233406842801705 0.99999647386913160 0.00233406019778632 0.00000544785621674
0.00235074959261680 0.99999642328786142 0.00235074118466220 0.00000552600388219
0.00236754564327467 0.99999637199429359 0.00236753705380557 0.00000560525203703
0.00238445737123077 0.99999631997849214 0.00238444859637636 0.00000568561603195
0.00240148557317460 0.99999626723038393 0.00240147660898222 0.00000576711143079
0.00241863105128260 0.99999621373975389 0.00241862189371600 0.00000584975401345
0.00243589461325595 0.99999615949624754 0.00243588525819355 0.00000593355977894
0.00245327707235861 0.99999610448936493 0.00245326751559168 0.00000601854494836
0.00247077924745560 0.99999604870846170 0.00247076948468647 0.00000610472596801
0.00248840196305164 0.99999599214274448 0.00248839198989177 0.00000619211951249
0.00250614604932993 0.99999593478127047 0.00250613586129807 0.00000628074248788
0.00252401234219130 0.99999587661294576 0.00252400193471148 0.00000637061203493
0.00254200168329356 0.99999581762652101 0.00254199105169314 0.00000646174553232
0.00256011492009119 0.99999575781059225 0.00256010405959879 0.00000655416059996
0.00257835290587520 0.99999569715359560 0.00257834181161867 0.00000664787510233
0.00259671649981338 0.99999563564380833 0.00259670516681765 0.00000674290715183
0.00261520656699076 0.99999557326934418 0.00261519499017568 0.00000683927511227
0.00263382397845036 0.99999551001815146 0.00263381215262851 0.00000693699760233
0.00265256961123421 0.99999544587801181 0.00265255753110862 0.00000703609349907
0.00267144434842469 0.99999538083653783 0.00267143200858657 0.00000713658194154
0.00269044907918612 0.99999531488116888 0.00269043647411248 0.00000723848233438
0.00270958469880665 0.99999524799917106 0.00270957182285791 0.00000734181435153
0.00272885210874043 0.99999518017763334 0.00272883895615800 0.00000744659793992
0.00274825221665007 0.99999511140346575 0.00274823878155381 0.00000755285332329
0.00276778593644944 0.99999504166339637 0.00276777221283512 0.00000766060100598
0.00278745418834666 0.99999497094396916 0.00278744017008336 0.00000776986177686
0.00280725789888750 0.99999489923154161 0.00280724357971495 0.00000788065671326
0.00282719800099900 0.99999482651228222 0.00282718337452487 0.00000799300718491
0.00284727543403344 0.99999475277216665 0.00284726049373053 0.00000810693485809
0.00286749114381257 0.99999467799697705 0.00286747588301604 0.00000822246169964
0.00288784608267220 0.99999460217229652 0.00288783049457661 0.00000833960998118
0.00290834120950700 0.99999452528351074 0.00290832528716343 0.00000845840228331
0.00292897748981576 0.99999444731580067 0.00292896122612873 0.00000857886149987
0.00294975589574679 0.99999436825414278 0.00294973928347124 0.00000870101084234
0.00297067740614377 0.99999428808330360 0.00297066043788190 0.00000882487384414
0.00299174300659185 0.99999420678784046 0.00299172567478989 0.00000895047436519
0.00301295368946406 0.99999412435209512 0.00301293598640902 0.00000907783659637
0.00303431045396808 0.99999404076019205 0.00303429237178444 0.00000920698506410
0.00305581430619332 0.99999395599603580 0.00305579583683954 0.00000933794463502
0.00307746625915828 0.99999387004330853 0.00307744739442339 0.00000947074052067
0.00309926733285830 0.99999378288546437 0.00309924806435831 0.00000960539828229
0.00312121855431360 0.99999369450572906 0.00312119887348789 0.00000974194383563
0.00314332095761769 0.99999360488709577 0.00314330085572527 0.00000988040345590
0.00316557558398603 0.99999351401232139 0.00316555505210180 0.00001002080378270
0.00318798348180513 0.99999342186392348 0.00318796251081597 0.00001016317182510
0.00321054570668190 0.99999332842417754 0.00321052428728278 0.00001030753496673
0.00323326332149341 0.99999323367511350 0.00323324144418333 0.00001045392097101
0.00325613739643695 0.99999313759851149 0.00325611505151483 0.00001060235798634
0.00327916900908044 0.99999304017589896 0.00327914618664094 0.00001075287455148
0.00330235924441319 0.99999294138854733 0.00330233593434240 0.00001090549960093
0.00332570919489702 0.99999284121746890 0.00332568538686813 0.00001106026247044
0.00334921996051774 0.99999273964341218 0.00334919564398654 0.00001121719290252
0.00337289264883693 0.99999263664685822 0.00337286781303725 0.00001137632105209
0.00339672837504414 0.99999253220801820 0.00339670300898322 0.00001153767749221
0.00342072826200945 0.99999242630682872 0.00342070235446317 0.00001170129321983
0.00344489344033629 0.99999231892294782 0.00344486697984434 0.00001186719966170
0.00346922504841481 0.99999221003575189 0.00346919802327571 0.00001203542868026
0.00349372423247539 0.99999209962433155 0.00349369663074148 0.00001220601257974
0.00351839214664275 0.99999198766748676 0.00351836395611496 0.00001237898411223
0.00354322995299023 0.99999187414372392 0.00354320116121288 0.00001255437648388
0.00356823882159458 0.99999175903125193 0.00356820941584997 0.00001273222336122
0.00359341993059108 0.99999164230797744 0.00359338989789399 0.00001291255887748
0.00361877446622901 0.99999152395149959 0.00361874379332112 0.00001309541763910
0.00364430362292757 0.99999140393910879 0.00364427229627172 0.00001328083473224
0.00367000860333214 0.99999128224777967 0.00366997660910649 0.00001346884572945
0.00369589061837089 0.99999115885416734 0.00369585794246295 0.00001365948669638
0.00372195088731191 0.99999103373460385 0.00372191751531246 0.00001385279419862
0.00374819063782055 0.99999090686509307 0.00374815655501742 0.00001404880530860
0.00377461110601734 0.99999077822130633 0.00377457629738907 0.00001424755761263
0.00380121353653618 0.99999064777857738 0.00380117798674551 0.00001444908921800
0.00382799918258295 0.99999051551189877 0.00382796287597025 0.00001465343876017
0.00385496930599461 0.99999038139591545 0.00385493222657110 0.00001486064541012
0.00388212517729859 0.99999024540492154 0.00388208730873944 0.00001507074888173
0.00390946807577267 0.99999010751285511 0.00390942940140999 0.00001528378943930
0.00393699928950523 0.99998996769329196 0.00393695979232085 0.00001549980790518
0.00396472011545594 0.99998982591944274 0.00396467977807410 0.00001571884566747
0.00399263185951686 0.99998968216414685 0.00399259066419671 0.00001594094468788
0.00402073583657394 0.99998953639986610 0.00402069376520190 0.00001616614750964
0.00404903337056898 0.99998938859868169 0.00404899040465094 0.00001639449726555
0.00407752579456202 0.99998923873228740 0.00407748191521534 0.00001662603768615
0.00410621445079408 0.99998908677198539 0.00410616963873950 0.00001686081310800
0.00413510069075045 0.99998893268867928 0.00413505492630376 0.00001709886848205
0.00416418587522431 0.99998877645286965 0.00416413913828788 0.00001734024938213
0.00419347137438088 0.99998861803464867 0.00419342364443500 0.00001758500201359
0.00422295856782194 0.99998845740369435 0.00422290982391598 0.00001783317322205
0.00425264884465081 0.99998829452926341 0.00425259906539420 0.00001808481050221
0.00428254360353781 0.99998812938018744 0.00428249276709086 0.00001833996200690
0.00431264425278616 0.99998796192486572 0.00431259233685061 0.00001859867655613
0.00434295221039828 0.99998779213126010 0.00434289919220775 0.00001886100364634
0.00437346890414265 0.99998761996688834 0.00437341476045280 0.00001912699345976
0.00440419577162101 0.99998744539881734 0.00440414047869956 0.00001939669687391
0.00443513426033611 0.99998726839365870 0.00443507779395264 0.00001967016547122
0.00446628582775994 0.99998708891756161 0.00446622816317543 0.00001994745154873
0.00449765194140230 0.99998690693620518 0.00449759305335851 0.00002022860812808
0.00452923407888002 0.99998672241479358 0.00452917394158862 0.00002051368896542
0.00456103372798652 0.99998653531804893 0.00456097231511800 0.00002080274856167
0.00459305238676189 0.99998634561020450 0.00459298967143425 0.00002109584217275
0.00462529156356352 0.99998615325499807 0.00462522751833068 0.00002139302582010
0.00465775277713708 0.99998595821566494 0.00465768737397709 0.00002169435630118
0.00469043755668813 0.99998576045493148 0.00469037076699115 0.00002199989120029
0.00472334744195411 0.99998555993500726 0.00472327923651007 0.00002230968889940
0.00475648398327694 0.99998535661757804 0.00475641433226299 0.00002262380858924
0.00478984874167595 0.99998515046379965 0.00478977761464366 0.00002294231028041
0.00482344328892152 0.99998494143428929 0.00482337065478380 0.00002326525481480
0.00485726920760908 0.99998472948911887 0.00485719503462680 0.00002359270387704
0.00489132809123367 0.99998451458780646 0.00489125234700200 0.00002392472000620
0.00492562154426498 0.99998429668931077 0.00492554419569953 0.00002426136660757
0.00496015118222299 0.99998407575202042 0.00496007219554554 0.00002460270796465
0.00499491863175403 0.99998385173374860 0.00499483797247806 0.00002494880925132
0.00502992553070742 0.99998362459172419 0.00502984316362326 0.00002529973654416
0.00506517352821265 0.99998339428258343 0.00506508941737237 0.00002565555683490
0.00510066428475703 0.99998316076236149 0.00510057839345902 0.00002601633804312
0.00513639947226393 0.99998292398648503 0.00513631176303712 0.00002638214902905
0.00517238077417156 0.99998268390976353 0.00517229120875934 0.00002675305960660
0.00520860988551227 0.99998244048638063 0.00520851842485604 0.00002712914055658
0.00524508851299234 0.99998219366988450 0.00524499511721480 0.00002751046364000
0.00528181837507249 0.99998194341318047 0.00528172300346044 0.00002789710161172
0.00531880120204874 0.99998168966852252 0.00531870381303567 0.00002828912823412
0.00535603873613397 0.99998143238750192 0.00535593928728219 0.00002868661829107
0.00539353273153997 0.99998117152103994 0.00539343117952241 0.00002908964760206
0.00543128495456009 0.99998090701937892 0.00543118125514171 0.00002949829303654
0.00546929718365248 0.99998063883207111 0.00546919129167125 0.00002991263252839
0.00550757120952378 0.99998036690797110 0.00550746307887137 0.00003033274509071
0.00554610883521359 0.99998009119522380 0.00554599841881552 0.00003075871083067
0.00558491187617932 0.99997981164125738 0.00558479912597482 0.00003119061096473
0.00562398216038176 0.99997952819277158 0.00562386702730311 0.00003162852783391
0.00566332152837118 0.99997924079572764 0.00566320396232271 0.00003207254491938
0.00570293183337404 0.99997894939533905 0.00570281178321061 0.00003252274685821
0.00574281494138029 0.99997865393606022 0.00574269235488536 0.00003297921945939
0.00578297273123128 0.99997835436157601 0.00578284755509452 0.00003344204971998
0.00582340709470825 0.99997805061479306 0.00582327927450271 0.00003391132584161
0.00586411993662146 0.99997774263782513 0.00586398941678020 0.00003438713724708
0.00590511317489996 0.99997743037198672 0.00590497989869223 0.00003486957459729
0.00594638874068188 0.99997711375777831 0.00594625265018881 0.00003535872980833
0.00598794857840543 0.99997679273487683 0.00598780961449523 0.00003585469606888
0.00602979464590051 0.99997646724212430 0.00602965274820307 0.00003635756785775
0.00607192891448094 0.99997613721751588 0.00607178402136200 0.00003686744096179
0.00611435336903731 0.99997580259818719 0.00611420541757202 0.00003738441249392
0.00615707000813049 0.99997546332040521 0.00615691893407645 0.00003790858091149
0.00620008084408578 0.99997511931955319 0.00619992658185555 0.00003844004603490
0.00624338790308773 0.99997477053012052 0.00624323038572068 0.00003897890906640
0.00628699322527555 0.99997441688568856 0.00628683238440919 0.00003952527260922
0.00633089886483926 0.99997405831892061 0.00633073463067997 0.00004007924068697
0.00637510689011644 0.99997369476154629 0.00637493919140953 0.00004064091876323
0.00641961938368965 0.99997332614435097 0.00641944814768888 0.00004121041376149
0.00646443844248456 0.99997295239716100 0.00646426359492099 0.00004178783408536
0.00650956617786875 0.99997257344883228 0.00650938764291889 0.00004237328963898
0.00655500471575113 0.99997218922723485 0.00655482241600451 0.00004296689184782
0.00660075619668212 0.99997179965924099 0.00660057005310810 0.00004356875367969
0.00664682277595447 0.99997140467070966 0.00664663270786846 0.00004417898966606
0.00669320662370483 0.99997100418647400 0.00669301254873368 0.00004479771592372
0.00673990992501593 0.99997059813032685 0.00673971175906270 0.00004542505017665
0.00678693488001954 0.99997018642500590 0.00678673253722751 0.00004606111177827
0.00683428370400013 0.99996976899217893 0.00683407709671603 0.00004670602173397
0.00688195862749922 0.99996934575243013 0.00688174766623569 0.00004735990272392
0.00692996189642044 0.99996891662524334 0.00692974648981776 0.00004802287912629
0.00697829577213536 0.99996848152898898 0.00697807582692236 0.00004869507704065
0.00702696253158998 0.99996804038090659 0.00702673795254409 0.00004937662431183
0.00707596446741206 0.99996759309709093 0.00707573515731857 0.00005006765055400
0.00712530388801904 0.99996713959247474 0.00712506974762954 0.00005076828717519
0.00717498311772688 0.99996667978081366 0.00717474404571674 0.00005147866740203
0.00722500449685944 0.99996621357466897 0.00722476038978449 0.00005219892630492
0.00727537038185885 0.99996574088539247 0.00727512113411113 0.00005292920082355
0.00732608314539645 0.99996526162310906 0.00732582864915901 0.00005366962979267
0.00737714517648455 0.99996477569669862 0.00737688532168535 0.00005442035396835
0.00742855888058902 0.99996428301378060 0.00742829355485386 0.00005518151605453
0.00748032667974261 0.99996378348069559 0.00748005576834701 0.00005595326072993
0.00753245101265898 0.99996327700248810 0.00753217439847919 0.00005673573467535
0.00758493433484768 0.99996276348288871 0.00758465189831053 0.00005752908660136
0.00763777911872974 0.99996224282429402 0.00763749073776155 0.00005833346727637
0.00769098785375419 0.99996171492775188 0.00769069340372855 0.00005914902955502
0.00774456304651533 0.99996117969293985 0.00774426240019982 0.00005997592840711
0.00779850722087083 0.99996063701814653 0.00779820024837261 0.00006081432094673
0.00785282291806056 0.99996008680025339 0.00785250948677086 0.00006166436646200
0.00790751269682637 0.99995952893471429 0.00790719267136377 0.00006252622644506
0.00796257913353260 0.99995896331553702 0.00796225237568519 0.00006340006462255
0.00801802482228748 0.99995838983526242 0.00801769119095375 0.00006428604698650
0.00807385237506527 0.99995780838494297 0.00807351172619383 0.00006518434182565
0.00813006442182937 0.99995721885412547 0.00812971660835737 0.00006609511975716
0.00818666361065620 0.99995662113082628 0.00818630848244646 0.00006701855375885
0.00824365260785992 0.99995601510151344 0.00824329001163680 0.00006795481920178
0.00830103409811806 0.99995540065108302 0.00830066387740195 0.00006890409388333
0.00835881078459801 0.99995477766283869 0.00835843277963844 0.00006986655806078
0.00841698538908430 0.99995414601846944 0.00841659943679173 0.00007084239448525
0.00847556065210689 0.99995350559802654 0.00847516658598298 0.00007183178843621
0.00853453933307024 0.99995285627990149 0.00853413698313675 0.00007283492775639
0.00859392421038329 0.99995219794080381 0.00859351340310946 0.00007385200288724
0.00865371808159037 0.99995153045573582 0.00865329863981877 0.00007488320690480
0.00871392376350298 0.99995085369797143 0.00871349550637385 0.00007592873555617
0.00877454409233250 0.99995016753902988 0.00877410683520649 0.00007698878729636
0.00883558192382376 0.99994947184865324 0.00883513547820308 0.00007806356332575
0.00889704013338961 0.99994876649478170 0.00889658430683751 0.00007915326762802
0.00895892161624638 0.99994805134352704 0.00895845621230497 0.00008025810700862
0.00902122928755021 0.99994732625914928 0.00902075410565657 0.00008137829113374
0.00908396608253449 0.99994659110402961 0.00908348091793499 0.00008251403256987
0.00914713495664801 0.99994584573864653 0.00914663960031093 0.00008366554682387
0.00921073888569427 0.99994509002154619 0.00921023312422051 0.00008483305238357
0.00927478086597164 0.99994432380931897 0.00927426448150362 0.00008601677075901
0.00933926391441452 0.99994354695657062 0.00933873668454316 0.00008721692652417
0.00940419106873544 0.99994275931589516 0.00940365276640522 0.00008843374735932
0.00946956538756820 0.99994196073784769 0.00946901578098020 0.00008966746409391
0.00953538995061192 0.99994115107091430 0.00953482880312491 0.00009091831075012
0.00960166785877617 0.99994033016148676 0.00960109492880558 0.00009218652458697
0.00966840223432696 0.99993949785383052 0.00966781727524176 0.00009347234614501
0.00973559622103396 0.99993865399005633 0.00973499898105137 0.00009477601929169
0.00980325298431847 0.99993779841009145 0.00980264320639657 0.00009609779126732
0.00987137571140260 0.99993693095164771 0.00987075313313056 0.00009743791273164
0.00993996761145943 0.99993605145019193 0.00993933196494554 0.00009879663781110
0.01000903191576417 0.99993515973891522 0.01000838292752154 0.00010017422414675
0.01007857187784633 0.99993425564870064 0.01007790926867620 0.00010157093294277
0.01014859077364310 0.99993333900809167 0.01014791425851566 0.00010298702901569
0.01021909190165358 0.99993240964325991 0.01021840118958639 0.00010442278084435
0.01029007858309422 0.99993146737797267 0.01028937337702806 0.00010587846062042
0.01036155416205525 0.99993051203355887 0.01036083415872736 0.00010735434429973
0.01043352200565821 0.99992954342887519 0.01043278689547294 0.00010885071165426
0.01050598550421464 0.99992856138027397 0.01050523497111136 0.00011036784632486
0.01057894807138568 0.99992756570156582 0.01057818179270395 0.00011190603587469
0.01065241314434297 0.99992655620398652 0.01065163079068494 0.00011346557184338
0.01072638418393055 0.99992553269616080 0.01072558541902043 0.00011504674980198
0.01080086467482788 0.99992449498406533 0.01080004915536850 0.00011664986940862
0.01087585812571401 0.99992344287099333 0.01087502550124043 0.00011827523446501
0.01095136806943289 0.99992237615751756 0.01095051798216290 0.00011992315297361
0.01102739806315972 0.99992129464145174 0.01102653014784130 0.00012159393719568
0.01110395168856863 0.99992019811781274 0.01110306557232416 0.00012328790371010
0.01118103255200134 0.99991908637878257 0.01118012785416861 0.00012500537347300
0.01125864428463708 0.99991795921366866 0.01125772061660694 0.00012674667187820
0.01133679054266361 0.99991681640886354 0.01133584750771431 0.00012851212881853
0.01141547500744952 0.99991565774780655 0.01141451220057753 0.00013030207874792
0.01149470138571760 0.99991448301094010 0.01149371839346495 0.00013211686074441
0.01157447340971946 0.99991329197567091 0.01157346980999746 0.00013395681857401
0.01165479483741141 0.99991208441632662 0.01165377019932069 0.00013582230075542
0.01173566945263146 0.99991086010411323 0.01173462333627829 0.00013771366062570
0.01181710106527750 0.99990961880707352 0.01181603302158629 0.00013963125640674
0.01189909351148690 0.99990836029004082 0.01189800308200873 0.00014157545127278
0.01198165065381718 0.99990708431459630 0.01198053737053441 0.00014354661341874
0.01206477638142790 0.99990579063902429 0.01206363976655469 0.00014554511612958
0.01214847461026398 0.99990447901826496 0.01214731417604263 0.00014757133785055
0.01223274928324013 0.99990314920387058 0.01223156453173319 0.00014962566225846
0.01231760437042657 0.99990180094395698 0.01231639479330468 0.00015170847833391
0.01240304386923608 0.99990043398315576 0.01240180894756128 0.00015382018043449
0.01248907180461233 0.99989904806256735 0.01248781100861692 0.00015596116836904
0.01257569222921947 0.99989764291971228 0.01257440501808029 0.00015813184747293
0.01266290922363301 0.99989621828847963 0.01266159504524096 0.00016033262868429
0.01275072689653214 0.99989477389907999 0.01274938518725693 0.00016256392862141
0.01283914938489322 0.99989330947799249 0.01283777956934321 0.00016482616966113
0.01292818085418463 0.99989182474791272 0.01292678234496170 0.00016711978001835
0.01301782549856311 0.99989031942770290 0.01301639769601236 0.00016944519382659
0.01310808754107126 0.99988879323233715 0.01310662983302558 0.00017180285121972
0.01319897123383649 0.99988724587284716 0.01319748299535571 0.00017419319841475
0.01329048085827137 0.99988567705626941 0.01328896145137605 0.00017661668779582
0.01338262072527526 0.99988408648558924 0.01338106949867497 0.00017907377799932
0.01347539517543749 0.99988247385968509 0.01347381146425330 0.00018156493400015
0.01356880857924170 0.99988083887327062 0.01356719170472302 0.00018409062719926
0.01366286533727186 0.99987918121683872 0.01366121460650731 0.00018665133551228
0.01375756988041951 0.99987750057660241 0.01375588458604180 0.00018924754345946
0.01385292667009247 0.99987579663443571 0.01385120608997713 0.00019187974225679
0.01394894019842510 0.99987406906781418 0.01394718359538291 0.00019454842990845
0.01404561498848984 0.99987231754975325 0.01404382160995288 0.00019725411130043
0.01414295559451028 0.99987054174874701 0.01414112467221147 0.00019999729829552
0.01424096660207578 0.99986874132870640 0.01423909735172165 0.00020277850982957
0.01433965262835744 0.99986691594889510 0.01433774424929422 0.00020559827200911
0.01443901832232557 0.99986506526386565 0.01443706999719820 0.00020845711821024
0.01453906836496878 0.99986318892339421 0.01453707925937293 0.00021135558917899
0.01463980746951446 0.99986128657241480 0.01463777673164117 0.00021429423313297
0.01474124038165079 0.99985935785095170 0.01473916714192388 0.00021727360586443
0.01484337187975032 0.99985740239405274 0.01484125525045608 0.00022029427084482
0.01494620677509509 0.99985541983172044 0.01494404585000441 0.00022335679933067
0.01504974991210328 0.99985340978884019 0.01504754376608577 0.00022646177047102
0.01515400616855738 0.99985137188511319 0.01515175385718756 0.00022960977141628
0.01525898045583403 0.99984930573498176 0.01525668101498931 0.00023280139742862
0.01536467771913538 0.99984721094755835 0.01536233016458560 0.00023603725199381
0.01547110293772201 0.99984508712655074 0.01546870626471050 0.00023931794693472
0.01557826112514755 0.99984293387018852 0.01557581430796343 0.00024264410252626
0.01568615732949484 0.99984075077114687 0.01568365932103645 0.00024601634761198
0.01579479663361371 0.99983853741646933 0.01579224636494291 0.00024943531972220
0.01590418415536049 0.99983629338749236 0.01590158053524772 0.00025290166519388
0.01601432504783903 0.99983401825976226 0.01601166696229886 0.00025641603929200
0.01612522449964356 0.99983171160295947 0.01612251081146060 0.00025997910633273
0.01623688773510297 0.99982937298081531 0.01623411728334789 0.00026359153980821
0.01634932001452705 0.99982700195102969 0.01634649161406255 0.00026725402251309
0.01646252663445428 0.99982459806518920 0.01645963907543072 0.00027096724667278
0.01657651292790123 0.99982216086868125 0.01657356497524184 0.00027473191407351
0.01669128426461396 0.99981968990060988 0.01668827465748925 0.00027854873619411
0.01680684605132086 0.99981718469370673 0.01680377350261216 0.00028241843433967
0.01692320373198737 0.99981464477424598 0.01692006692773915 0.00028634173977699
0.01704036278807250 0.99981206966195257 0.01703716038693329 0.00029031939387192
0.01715832873878701 0.99980945886991368 0.01715505937143873 0.00029435214822855
0.01727710714135337 0.99980681190448550 0.01727376940992873 0.00029844076483037
0.01739670359126766 0.99980412826520171 0.01739329606875546 0.00030258601618330
0.01751712372256306 0.99980140744467783 0.01751364495220110 0.00030678868546075
0.01763837320807536 0.99979864892851733 0.01763482170273071 0.00031104956665063
0.01776045775971008 0.99979585219521305 0.01775683200124642 0.00031536946470441
0.01788338312871166 0.99979301671605036 0.01787968156734355 0.00031974919568817
0.01800715510593438 0.99979014195500726 0.01800337615956797 0.00032418958693582
0.01813177952211507 0.99978722736865278 0.01812792157567514 0.00032869147720433
0.01825726224814788 0.99978427240604550 0.01825332365289089 0.00033325571683115
0.01838360919536085 0.99978127650863036 0.01837958826817366 0.00033788316789374
0.01851082631579428 0.99977823911013164 0.01850672133847829 0.00034257470437138
0.01863891960248128 0.99977515963644870 0.01863472882102166 0.00034733121230906
0.01876789508972999 0.99977203750554577 0.01876361671354968 0.00035215358998380
0.01889775885340782 0.99976887212734389 0.01889339105460607 0.00035704274807308
0.01902851701122779 0.99976566290360980 0.01902405792380276 0.00036199960982566
0.01916017572303663 0.99976240922784199 0.01915562344209191 0.00036702511123480
0.01929274119110504 0.99975911048515798 0.01928809377203954 0.00037212020121372
0.01942621966041975 0.99975576605217875 0.01942147511810085 0.00037728584177360
0.01956061741897786 0.99975237529691030 0.01955577372689724 0.00038252300820394
0.01969594079808299 0.99974893757862504 0.01969099588749497 0.00038783268925540
0.01983219617264347 0.99974545224774214 0.01982714793168539 0.00039321588732521
0.01996938996147281 0.99974191864570428 0.01996423623426709 0.00039867361864504
0.02010752862759195 0.99973833610485408 0.02010226721332950 0.00040420691347153
0.02024661867853376 0.99973470394830932 0.02024124733053826 0.00040981681627930
0.02038666666664964 0.99973102148983373 0.02038118309142239 0.00041550438595678
0.02052767918941817 0.99972728803370980 0.02052208104566305 0.00042127069600461
0.02066966288975585 0.99972350287460665 0.02066394778738399 0.00042711683473674
0.02081262445633016 0.99971966529744882 0.02080678995544389 0.00043304390548440
0.02095657062387454 0.99971577457727923 0.02095061423373019 0.00043905302680272
0.02110150817350574 0.99971182997912611 0.02109542735145491 0.00044514533268032
0.02124744393304316 0.99970783075786163 0.02124123608345187 0.00045132197275168
0.02139438477733065 0.99970377615806405 0.02138804725047606 0.00045758411251241
0.02154233762856028 0.99969966541387489 0.02153586771950444 0.00046393293353758
0.02169130945659838 0.99969549774885402 0.02168470440403854 0.00047036963370286
0.02184130727931404 0.99969127237583555 0.02183456426440905 0.00047689542740889
0.02199233816290960 0.99968698849677795 0.02198545430808186 0.00048351154580853
0.02214440922225352 0.99968264530261519 0.02213738158996603 0.00049021923703739
0.02229752762121561 0.99967824197310395 0.02229035321272355 0.00049701976644736
0.02245170057300452 0.99967377767666987 0.02244437632708088 0.00050391441684345
0.02260693534050743 0.99966925157025122 0.02259945813214212 0.00051090448872384
0.02276323923663236 0.99966466279914024 0.02275560587570425 0.00051799130052317
0.02292061962465255 0.99966001049682129 0.02291282685457382 0.00052517618885921
0.02307908391855340 0.99965529378481122 0.02307112841488581 0.00053246050878287
0.02323863958338165 0.99965051177249087 0.02323051795242393 0.00053984563403166
0.02339929413559715 0.99964566355693951 0.02339100291294301 0.00054733295728656
0.02356105514342692 0.99964074822276394 0.02355259079249309 0.00055492389043250
0.02372393022722160 0.99963576484192740 0.02371528913774518 0.00056261986482225
0.02388792705981457 0.99963071247357627 0.02387910554631926 0.00057042233154409
0.02405305336688331 0.99962559016385966 0.02404404766711354 0.00057833276169297
0.02421931692731334 0.99962039694575455 0.02421012320063599 0.00058635264664550
0.02438672557356476 0.99961513183888018 0.02437733989933753 0.00059448349833865
0.02455528719204117 0.99960979384931747 0.02454570556794705 0.00060272684955222
0.02472500972346112 0.99960438196941903 0.02471522806380823 0.00061108425419522
0.02489590116323235 0.99959889517762224 0.02488591529721833 0.00061955728759612
0.02506796956182830 0.99959333243825588 0.02505777523176871 0.00062814754679711
0.02524122302516745 0.99958769270134695 0.02523081588468725 0.00063685665085233
0.02541566971499507 0.99958197490242151 0.02540504532718244 0.00064568624113015
0.02559131784926784 0.99957617796230702 0.02558047168478971 0.00065463798161965
0.02576817570254092 0.99957030078692855 0.02575710313771925 0.00066371355924122
0.02594625160635771 0.99956434226710167 0.02593494792120567 0.00067291468416139
0.02612555394964243 0.99955830127832801 0.02611401432585990 0.00068224309011199
0.02630609117909530 0.99955217668058072 0.02629431069802253 0.00069170053471364
0.02648787179959031 0.99954596731809220 0.02647584544011912 0.00070128879980364
0.02667090437457610 0.99953967201913552 0.02665862701101752 0.00071100969176834
0.02685519752647922 0.99953328959580712 0.02684266392638696 0.00072086504188002
0.02704075993711031 0.99952681884380079 0.02702796475905876 0.00073085670663839
0.02722760034807320 0.99952025854218329 0.02721453813938936 0.00074098656811669
0.02741572756117663 0.99951360745316575 0.02740239275562483 0.00075125653431257
0.02760515043884895 0.99950686432186908 0.02759153735426738 0.00076166853950367
0.02779587790455549 0.99950002787609105 0.02778198074044363 0.00077222454460808
0.02798791894321911 0.99949309682606557 0.02797373177827497 0.00078292653754971
0.02818128260164339 0.99948606986422228 0.02816679939124954 0.00079377653362860
0.02837597798893873 0.99947894566493933 0.02836119256259601 0.00080477657589628
0.02857201427695161 0.99947172288429686 0.02855692033565956 0.00081592873553623
0.02876940070069660 0.99946440015982296 0.02875399181427932 0.00082723511224955
0.02896814655879134 0.99945697611023931 0.02895241616316783 0.00083869783464576
0.02916826121389472 0.99944944933520152 0.02915220260829240 0.00085031906063906
0.02936975409314790 0.99944181841503665 0.02935336043725820 0.00086210097784981
0.02957263468861828 0.99943408191047667 0.02955589899969312 0.00087404580401162
0.02977691255774686 0.99942623836238897 0.02975982770763473 0.00088615578738385
0.02998259732379836 0.99941828629150309 0.02996515603591876 0.00089843320716974
0.03018969867631460 0.99941022419813152 0.03017189352256961 0.00091088037394022
0.03039822637157088 0.99940205056189091 0.03038004976919248 0.00092349963006350
0.03060819023303571 0.99939376384141532 0.03058963444136760 0.00093629335014040
0.03081960015183355 0.99938536247406873 0.03080065726904603 0.00094926394144566
0.03103246608721064 0.99937684487565082 0.03101312804694720 0.00096241384437521
0.03124679806700435 0.99936820944010007 0.03122705663495852 0.00097574553289946
0.03146260618811551 0.99935945453919384 0.03144245295853659 0.00098926151502278
0.03167990061698394 0.99935057852224229 0.03165932700911004 0.00100296433324920
0.03189869159006760 0.99934157971577997 0.03187768884448462 0.00101685656505435
0.03211898941432467 0.99933245642325119 0.03209754858924948 0.00103094082336388
0.03234080446769906 0.99932320692469245 0.03231891643518545 0.00104521975703824
0.03256414719960946 0.99931382947641190 0.03254180264167530 0.00105969605136415
0.03278902813144147 0.99930432231065935 0.03276621753611526 0.00107437242855261
0.03301545785704333 0.99929468363529894 0.03299217151432866 0.00108925164824366
0.03324344704322482 0.99928491163347077 0.03321967504098088 0.00110433650801799
0.03347300643026002 0.99927500446325179 0.03344873864999654 0.00111962984391542
0.03370414683239309 0.99926496025731115 0.03367937294497786 0.00113513453096046
0.03393687913834766 0.99925477712255961 0.03391158859962484 0.00115085348369484
0.03417121431184000 0.99924445313979648 0.03414539635815735 0.00116678965671732
0.03440716339209538 0.99923398636334904 0.03438080703573856 0.00118294604523076
0.03464473749436801 0.99922337482070955 0.03461783151889997 0.00119932568559655
0.03488394781046485 0.99921261651216531 0.03485648076596840 0.00121593165589651
0.03512480560927281 0.99920170941042463 0.03509676580749427 0.00123276707650241
0.03536732223728946 0.99919065146023778 0.03533869774668141 0.00124983511065306
0.03561150911915772 0.99917944057801211 0.03558228775981879 0.00126713896503928
0.03585737775820400 0.99916807465142277 0.03582754709671344 0.00128468189039670
0.03610493973698011 0.99915655153901761 0.03607448708112510 0.00130246718210649
0.03635420671780883 0.99914486906981514 0.03632311911120210 0.00132049818080423
0.03660519044333343 0.99913302504290136 0.03657345465991923 0.00133877827299696
0.03685790273707081 0.99912101722701552 0.03682550527551658 0.00135731089168848
0.03711235550396835 0.99910884336013517 0.03707928258193996 0.00137609951701306
0.03736856073096499 0.99909650114905169 0.03733479827928297 0.00139514767687771
0.03762653048755576 0.99908398826894207 0.03759206414423016 0.00141445894761303
0.03788627692636030 0.99907130236293529 0.03785109203050160 0.00143403695463273
0.03814781228369551 0.99905844104167063 0.03811189386929913 0.00145388537310215
0.03841114888015196 0.99904540188285251 0.03837448166975350 0.00147400792861556
0.03867629912117412 0.99903218243079583 0.03863886751937285 0.00149440839788268
0.03894327549764499 0.99901878019597079 0.03890506358449294 0.00151509060942430
0.03921209058647443 0.99900519265453436 0.03917308211072794 0.00153605844427726
0.03948275705119166 0.99899141724786100 0.03944293542342293 0.00155731583670885
0.03975528764254173 0.99897745138206451 0.03971463592810722 0.00157886677494072
0.04002969519908633 0.99896329242751325 0.03998819611094911 0.00160071530188258
0.04030599264780860 0.99894893771833992 0.04026362853921162 0.00162286551587556
0.04058419300472190 0.99893438455194294 0.04054094586170914 0.00164532157144559
0.04086430937548322 0.99891963018848473 0.04082016080926553 0.00166808768006680
0.04114635495601049 0.99890467185037646 0.04110128619517277 0.00169116811093515
0.04143034303310408 0.99888950672176380 0.04138433491565080 0.00171456719175228
0.04171628698507298 0.99887413194799879 0.04166931995030837 0.00173828930951989
0.04200420028236487 0.99885854463510904 0.04195625436260460 0.00176233891134469
0.04229409648820062 0.99884274184925725 0.04224515130031135 0.00178672050525400
0.04258598925921348 0.99882672061619482 0.04253602399597670 0.00181143866102231
0.04287989234609223 0.99881047792070732 0.04282888576738886 0.00183649801100872
0.04317581959422907 0.99879401070605134 0.04312375001804097 0.00186190325100557
0.04347378494437166 0.99877731587338625 0.04342063023759635 0.00188765914109835
0.04377380243328013 0.99876039028119701 0.04371954000235488 0.00191377050653697
0.04407588619438821 0.99874323074470683 0.04402049297571930 0.00194024223861867
0.04438005045846889 0.99872583403528625 0.04432350290866243 0.00196707929558253
0.04468630955430507 0.99870819687985057 0.04462858364019485 0.00199428670351594
0.04499467790936444 0.99869031596025071 0.04493574909783288 0.00202186955727300
0.04530517005047906 0.99867218791265477 0.04524501329806681 0.00204983302140510
0.04561780060452988 0.99865380932692360 0.04555639034682981 0.00207818233110381
0.04593258429913571 0.99863517674597480 0.04586989443996678 0.00210692279315623
0.04624953596334689 0.99861628666513969 0.04618553986370331 0.00213605978691294
0.04656867052834411 0.99859713553151086 0.04650334099511512 0.00216559876526875
0.04689000302814165 0.99857771974328258 0.04682331230259730 0.00219554525565641
0.04721354860029565 0.99855803564908019 0.04714546834633360 0.00222590486105332
0.04753932248661712 0.99853807954727969 0.04746982377876546 0.00225668326100162
0.04786734003389014 0.99851784768532348 0.04779639334506151 0.00228788621264162
0.04819761669459478 0.99849733625901838 0.04812519188358608 0.00231951955175891
0.04853016802763484 0.99847654141183217 0.04845623432636792 0.00235158919384508
0.04886500969907115 0.99845545923417589 0.04878953569956854 0.00238410113517259
0.04920215748285936 0.99843408576267645 0.04912511112394991 0.00241706145388355
0.04954162726159295 0.99841241697944283 0.04946297581534168 0.00245047631109284
0.04988343502725170 0.99839044881131800 0.04980314508510805 0.00248435195200578
0.05022759688195493 0.99836817712912407 0.05014563434061382 0.00251869470705027
0.05057412903871987 0.99834559774689613 0.05049045908568944 0.00255351099302386
0.05092304782222574 0.99832270642110454 0.05083763492109574 0.00258880731425581
0.05127436966958262 0.99829949884986779 0.05118717754498719 0.00262459026378423
0.05162811113110581 0.99827597067215623 0.05153910275337461 0.00266086652454871
0.05198428887109539 0.99825211746698039 0.05189342644058615 0.00269764287059837
0.05234291966862144 0.99822793475257554 0.05225016459972795 0.00273492616831581
0.05270402041831444 0.99820341798556655 0.05260933332314257 0.00277272337765682
0.05306760813116093 0.99817856256012982 0.05297094880286648 0.00281104155340631
0.05343369993530521 0.99815336380713815 0.05333502733108615 0.00284988784645056
0.05380231307685603 0.99812781699329489 0.05370158530059211 0.00288926950506595
0.05417346492069896 0.99810191732026143 0.05407063920523156 0.00292919387622438
0.05454717295131468 0.99807565992376412 0.05444220564035909 0.00296966840691571
0.05492345477360246 0.99804903987269766 0.05481630130328546 0.00301070064548716
0.05530232811370946 0.99802205216821183 0.05519294299372410 0.00305229824300019
0.05568381081986596 0.99799469174278566 0.05557214761423572 0.00309446895460477
0.05606792086322609 0.99796695345929154 0.05595393217067039 0.00313722064093147
0.05645467633871443 0.99793883211004497 0.05633831377260726 0.00318056126950148
0.05684409546587828 0.99791032241584365 0.05672530963379159 0.00322449891615475
0.05723619658974628 0.99788141902498895 0.05711493707256925 0.00326904176649656
0.05763099818169241 0.99785211651230032 0.05750721351231831 0.00331419811736261
0.05802851884030608 0.99782240937811151 0.05790215648187735 0.00335997637830297
0.05842877729226850 0.99779229204725695 0.05829978361597130 0.00340638507308503
0.05883179239323479 0.99776175886804186 0.05870011265563344 0.00345343284121572
0.05923758312872209 0.99773080411119908 0.05910316144862390 0.00350112843948314
0.05964616861500417 0.99769942196883288 0.05950894794984520 0.00354948074351797
0.06005756810001192 0.99766760655334863 0.05991749022175363 0.00359849874937477
0.06047180096423987 0.99763535189636610 0.06032880643476645 0.00364819157513335
0.06088888672165952 0.99760265194762165 0.06074291486766586 0.00369856846252071
0.06130884502063842 0.99756950057385174 0.06115983390799795 0.00374963877855343
0.06173169564486587 0.99753589155766431 0.06157958205246766 0.00380141201720098
0.06215745851428463 0.99750181859639397 0.06200217790732884 0.00385389780107009
0.06258615368602982 0.99746727530094348 0.06242764018877027 0.00390710588311055
0.06301780135537340 0.99743225519460554 0.06285598772329576 0.00396104614834244
0.06345242185667553 0.99739675171187414 0.06328723944809971 0.00401572861560526
0.06389003566434281 0.99736075819723768 0.06372141441143750 0.00407116343932911
0.06433066339379256 0.99732426790395223 0.06415853177298975 0.00412736091132815
0.06477432580242388 0.99728727399280725 0.06459861080422127 0.00418433146261661
0.06522104379059587 0.99724976953086630 0.06504167088873428 0.00424208566524766
0.06567083840261197 0.99721174749019403 0.06548773152261482 0.00430063423417528
0.06612373082771117 0.99717320074656868 0.06593681231477330 0.00435998802913938
0.06657974240106661 0.99713412207817342 0.06638893298727849 0.00442015805657468
0.06703889460479043 0.99709450416427281 0.06684411337568445 0.00448115547154317
0.06750120906894577 0.99705433958387102 0.06730237342935053 0.00454299157969085
0.06796670757256559 0.99701362081435163 0.06776373321175383 0.00460567783922862
0.06843541204467901 0.99697234023009973 0.06822821290079478 0.00466922586293798
0.06890734456534416 0.99693049010110657 0.06869583278909437 0.00473364742020139
0.06938252736668807 0.99688806259155494 0.06916661328428321 0.00479895443905791
0.06986098283395459 0.99684504975838439 0.06964057490928310 0.00486515900828416
0.07034273350655847 0.99680144354984046 0.07011773830257921 0.00493227337950094
0.07082780207914721 0.99675723580400233 0.07059812421848374 0.00500030996930582
0.07131621140267042 0.99671241824729129 0.07108175352739068 0.00506928136143191
0.07180798448545608 0.99666698249296104 0.07156864721602088 0.00513920030893311
0.07230314449429440 0.99662092003956615 0.07205882638765737 0.00521007973639607
0.07280171475552941 0.99657422226941039 0.07255231226237117 0.00528193274217924
0.07330371875615763 0.99652688044697613 0.07304912617723626 0.00535477260067920
0.07380918014493468 0.99647888571733201 0.07354928958653434 0.00542861276462448
0.07431812273348896 0.99643022910451906 0.07405282406194817 0.00550346686739733
0.07483057049744396 0.99638090150991687 0.07455975129274460 0.00557934872538361
0.07534654757754738 0.99633089371058647 0.07507009308594501 0.00565627234035107
0.07586607828080817 0.99628019635759335 0.07558387136648412 0.00573425190185622
0.07638918708164215 0.99622879997430758 0.07610110817735724 0.00581330178968043
0.07691589862302453 0.99617669495468097 0.07662182567975387 0.00589343657629501
0.07744623771765087 0.99612387156150184 0.07714604615317880 0.00597467102935595
0.07798022934910616 0.99607031992462858 0.07767379199556008 0.00605702011422854
0.07851789867304167 0.99601603003919759 0.07820508572334293 0.00614049899654198
0.07905927101835979 0.99596099176380859 0.07873994997156934 0.00622512304477439
0.07960437188840763 0.99590519481868711 0.07927840749394383 0.00631090783286863
0.08015322696217819 0.99584862878382263 0.07982048116288368 0.00639786914287888
0.08070586209552016 0.99579128309708020 0.08036619396955404 0.00648602296764865
0.08126230332235576 0.99573314705229121 0.08091556902388716 0.00657538551352013
0.08182257685590748 0.99567420979731647 0.08146862955458588 0.00666597320307556
0.08238670908993284 0.99561446033208356 0.08202539890910984 0.00675780267791053
0.08295472659996748 0.99555388750660223 0.08258590055364497 0.00685089080143972
0.08352665614457758 0.99549248001894941 0.08315015807305555 0.00694525466173538
0.08410252466662016 0.99543022641323142 0.08371819517081809 0.00704091157439865
0.08468235929451211 0.99536711507751829 0.08429003566893638 0.00713787908546411
0.08526618734350867 0.99530313424175054 0.08486570350783847 0.00723617497433802
0.08585403631698994 0.99523827197562120 0.08544522274625330 0.00733581725677013
0.08644593390775629 0.99517251618642799 0.08602861756106749 0.00743682418785968
0.08704190799933344 0.99510585461689827 0.08661591224716213 0.00753921426509582
0.08764198666728568 0.99503827484298746 0.08720713121722805 0.00764300623143253
0.08824619818053861 0.99496976427164641 0.08780229900155949 0.00774821907839853
0.08885457100271059 0.99490031013856262 0.08840144024782570 0.00785487204924231
0.08946713379345408 0.99482989950586964 0.08900457972082013 0.00796298464211276
0.09008391540980545 0.99475851925983017 0.08961174230218587 0.00807257661327540
0.09070494490754430 0.99468615610848521 0.09022295299011716 0.00818366798036454
0.09133025154256254 0.99461279657927781 0.09083823689903703 0.00829627902567194
0.09195986477224254 0.99453842701664197 0.09145761925924920 0.00841043029947180
0.09259381425684444 0.99446303357956400 0.09208112541656421 0.00852614262338255
0.09323212986090400 0.99438660223911002 0.09270878083189979 0.00864343709376577
0.09387484165463919 0.99430911877592354 0.09334061108085365 0.00876233508516240
0.09452197991536644 0.99423056877769089 0.09397664185324825 0.00888285825376632
0.09517357512892761 0.99415093763657236 0.09461689895264815 0.00900502854093601
0.09582965799112571 0.99407021054660416 0.09526140829584739 0.00912886817674404
0.09649025940917109 0.99398837250106487 0.09591019591232754 0.00925439968356491
0.09715541050313714 0.99390540828980711 0.09656328794368434 0.00938164587970128
0.09782514260742688 0.99382130249655909 0.09722071064302462 0.00951062988304927
0.09849948727224871 0.99373603949618983 0.09788249037432979 0.00964137511480230
0.09917847626510250 0.99364960345193831 0.09854865361178657 0.00977390530319438
0.09986214157227666 0.99356197831261006 0.09921922693908514 0.00990824448728277
0.10055051540035467 0.99347314780973739 0.09989423704868183 0.01004441702077016
0.10124363017773205 0.99338309545470471 0.10057371074102682 0.01018244757586672
0.10194151855614454 0.99329180453583443 0.10125767492375606 0.01032236114719213
0.10264421341220598 0.99319925811544030 0.10194615661084590 0.01046418305571784
0.10335174784895693 0.99310543902684190 0.10263918292172983 0.01060793895274959
0.10406415519742446 0.99301032987134052 0.10333678108037683 0.01075365482395061
0.10478146901819221 0.99291391301515997 0.10403897841432998 0.01090135699340549
0.10550372310298135 0.99281617058634641 0.10474580235370419 0.01105107212772482
0.10623095147624222 0.99271708447163154 0.10545728043014253 0.01120282724019094
0.10696318839675767 0.99261663631325481 0.10617344027573056 0.01135664969494487
0.10770046835925672 0.99251480750574728 0.10689430962186651 0.01151256721121442
0.10844282609603929 0.99241157919267697 0.10761991629808719 0.01167060786758377
0.10919029657861286 0.99230693226334943 0.10835028823084862 0.01183080010630455
0.10994291501933974 0.99220084734947289 0.10908545344225998 0.01199317273764853
0.11070071687309559 0.99209330482177793 0.10982544004876936 0.01215775494430195
0.11146373783894017 0.99198428478659795 0.11057027625980193 0.01232457628580175
0.11223201386179885 0.99187376708240549 0.11131999037634717 0.01249366670301351
0.11300558113415557 0.99176173127630918 0.11207461078949554 0.01266505652265125
0.11378447609775848 0.99164815666050343 0.11283416597892330 0.01283877646183931
0.11456873544533624 0.99153302224867923 0.11359868451132363 0.01301485763271605
0.11535839612232673 0.99141630677238590 0.11436819503878309 0.01319333154707946
0.11615349532861717 0.99129798867735430 0.11514272629710268 0.01337423012107476
0.11695407052029710 0.99117804611977078 0.11592230710406197 0.01355758567992400
0.11776015941142259 0.99105645696250655 0.11670696635762444 0.01374343096269739
0.11857179997579269 0.99093319877130515 0.11749673303408362 0.01393179912712648
0.11938903044873875 0.99080824881091745 0.11829163618614814 0.01412272375445917
0.12021188932892556 0.99068158404119500 0.11909170494096480 0.01431623885435632
0.12104041538016444 0.99055318111313595 0.11989696849807724 0.01451237886982976
0.12187464763324013 0.99042301636487895 0.12070745612732045 0.01471117868222197
0.12271462538774915 0.99029106581765580 0.12152319716664846 0.01491267361622685
0.12356038821395075 0.99015730517169009 0.12234422101989334 0.01511689944495141
0.12441197595463170 0.99002170980204995 0.12317055715445600 0.01532389239501877
0.12526942872698282 0.98988425475444941 0.12400223509892501 0.01553368915171135
0.12613278692448912 0.98974491474100212 0.12483928444062348 0.01574632686415485
0.12700209121883205 0.98960366413592249 0.12568173482308087 0.01596184315054197
0.12787738256180636 0.98946047697117889 0.12652961594343085 0.01618027610339654
0.12875870218724889 0.98931532693209223 0.12738295754973003 0.01640166429487665
0.12964609161298060 0.98916818735288503 0.12824178943819808 0.01662604678211720
0.13053959264276330 0.98901903121217816 0.12910614145037813 0.01685346311261134
0.13143924736826845 0.98886783112843379 0.12997604347021333 0.01708395332963018
0.13234509817105980 0.98871455935534702 0.13085152542103953 0.01731755797768040
0.13325718772459053 0.98855918777718155 0.13173261726249261 0.01755431810799961
0.13417555899621331 0.98840168790405436 0.13261934898732725 0.01779427528408853
0.13510025524920402 0.98824203086716289 0.13351175061814546 0.01803747158727953
0.13603132004480051 0.98808018741395942 0.13440985220403479 0.01828394962234139
0.13696879724425431 0.98791612790326910 0.13531368381711167 0.01853375252311911
0.13791273101089702 0.98774982230035080 0.13622327554896960 0.01878692395820835
0.13886316581222044 0.98758124017190607 0.13713865750702969 0.01904350813666397
0.13982014642197194 0.98741035068102490 0.13805985981079155 0.01930354981374180
0.14078371792226346 0.98723712258208052 0.13898691258798265 0.01956709429667284
0.14175392570569484 0.98706152421556181 0.13991984597060267 0.01983418745046907
0.14273081547749294 0.98688352350285002 0.14085869009086335 0.02010487570376038
0.14371443325766448 0.98670308794093609 0.14180347507701910 0.02037920605466115
0.14470482538316343 0.98652018459708080 0.14275423104908672 0.02065722607666586
0.14570203851007471 0.98633478010341025 0.14371098811445315 0.02093898392457294
0.14670611961581190 0.98614684065145986 0.14467377636336806 0.02122452834043550
0.14771711600132961 0.98595633198664911 0.14564262586431731 0.02151390865953761
0.14873507529335270 0.98576321940270262 0.14661756665927872 0.02180717481639598
0.14976004544661942 0.98556746773600490 0.14759862875885371 0.02210437735078464
0.15079207474614068 0.98536904135989845 0.14858584213727480 0.02240556741378220
0.15183121180947412 0.98516790417891542 0.14957923672728460 0.02271079677383982
0.15287750558901539 0.98496401962294977 0.15057884241488656 0.02302011782286929
0.15393100537430371 0.98475735064136527 0.15158468903396108 0.02333358358234882
0.15499176079434338 0.98454785969704195 0.15259680636074666 0.02365124770944558
0.15605982181994271 0.98433550876035614 0.15361522410818385 0.02397316450315374
0.15713523876606758 0.98412025930310143 0.15463997192011719 0.02429938891044560
0.15821806229421123 0.98390207229233906 0.15567107936535282 0.02462997653243449
0.15930834341478184 0.98368090818419029 0.15670857593157148 0.02496498363054820
0.16040613348950503 0.98345672691755881 0.15775249101908964 0.02530446713271003
0.16151148423384307 0.98322948790779108 0.15880285393446880 0.02564848463952624
0.16262444771943196 0.98299915004026883 0.15985969388396976 0.02599709443047804
0.16374507637653393 0.98276567166393825 0.16092303996684723 0.02635035547011542
0.16487342299650756 0.98252901058477016 0.16199292116848288 0.02670832741425118
0.16600954073429422 0.98228912405915547 0.16306936635335256 0.02707107061615243
0.16715348311092296 0.98204596878723460 0.16415240425782698 0.02743864613272808
0.16830530401603144 0.98179950090615686 0.16524206348279866 0.02781111573070880
0.16946505771040399 0.98154967598327758 0.16633837248613448 0.02818854189281745
0.17063279882852889 0.98129644900928148 0.16744135957495049 0.02857098782392789
0.17180858238117150 0.98103977439124501 0.16855105289770411 0.02895851745720839
0.17299246375796537 0.98077960594562497 0.16966748043610008 0.02935119546024734
0.17418449873002248 0.98051589689118324 0.17079066999680917 0.02974908724115890
0.17538474345256003 0.98024859984184132 0.17192064920299252 0.03015225895466441
0.17659325446754551 0.97997766679946707 0.17305744548562982 0.03056077750814721
0.17781008870636109 0.97970304914659179 0.17420108607464793 0.03097471056767759
0.17903530349248506 0.97942469763906259 0.17535159798984498 0.03139412656400413
0.18026895654419256 0.97914256239861941 0.17650900803160607 0.03181909469850813
0.18151110597727393 0.97885659290541027 0.17767334277140720 0.03224968494911742
0.18276181030777353 0.97856673799043392 0.17884462854210439 0.03268596807617630
0.18402112845474572 0.97827294582791258 0.18002289142800079 0.03312801562826688
0.18528911974303014 0.97797516392760064 0.18120815725469072 0.03357589994797823
0.18656584390604733 0.97767333912701948 0.18240045157867560 0.03402969417761973
0.18785136108861214 0.97736741758362644 0.18359979967674617 0.03448947226487330
0.18914573184976669 0.97705734476691541 0.18480622653512802 0.03495530896838056
0.19044901716563412 0.97674306545044587 0.18601975683838606 0.03542727986326087
0.19176127843229071 0.97642452370380806 0.18724041495808277 0.03590546134655456
0.19308257746865756 0.97610166288451616 0.18846822494118506 0.03638993064258674
0.19441297651941386 0.97577442562983630 0.18970321049821792 0.03688076580824746
0.19575253825792849 0.97544275384854240 0.19094539499115593 0.03737804573818151
0.19710132578921277 0.97510658871261247 0.19219480142105252 0.03788185016988393
0.19845940265289264 0.97476587064884690 0.19345145241539696 0.03839225968869417
0.19982683282620289 0.97442053933043182 0.19471537021520066 0.03890935573268511
0.20120368072700057 0.97407053366842533 0.19598657666180092 0.03943322059743881
0.20259001121679915 0.97371579180318502 0.19726509318338173 0.03996393744070423
0.20398588960382499 0.97335625109572677 0.19855094078120589 0.04050159028693066
0.20539138164609347 0.97299184811901784 0.19984414001555101 0.04104626403166937
0.20680655355450628 0.97262251864920812 0.20114471099134623 0.04159804444583753
0.20823147199597156 0.97224819765679515 0.20245267334350475 0.04215701817983759
0.20966620409654391 0.97186881929772684 0.20376804622194433 0.04272327276752417
0.21111081744458601 0.97148431690444104 0.20509084827629179 0.04329689663001152
0.21256538009395401 0.97109462297684357 0.20642109764026773 0.04387797907931470
0.21402996056720233 0.97069966917322481 0.20775881191574166 0.04446661032181499
0.21550462785881241 0.97029938630111778 0.20910400815645647 0.04506288146154323
0.21698945143844184 0.96989370430809341 0.21045670285141149 0.04566688450327094
0.21848450125419838 0.96948255227249891 0.21181691190790425 0.04627871235540294
0.21998984773593447 0.96906585839414339 0.21318465063422024 0.04689845883266050
0.22150556179856454 0.96864354998491786 0.21455993372196516 0.04752621865854666
0.22303171484540685 0.96821555345936683 0.21594277522803726 0.04816208746758539
0.22456837877154651 0.96778179432520550 0.21733318855622966 0.04880616180732332
0.22611562596722207 0.96734219717378156 0.21873118643845757 0.04945853914008499
0.22767352932123661 0.96689668567048648 0.22013678091560598 0.05011931784447186
0.22924216222439106 0.96644518254511824 0.22154998331798922 0.05078859721659362
0.23082159857294077 0.96598760958219343 0.22297080424541568 0.05146647747102110
0.23241191277207801 0.96552388761121344 0.22439925354685500 0.05215305974145108
0.23401317973943619 0.96505393649688598 0.22583534029969621 0.05284844608106955
0.23562547490861963 0.96457767512930104 0.22727907278859377 0.05355273946260314
0.23724887423275626 0.96409502141406667 0.22873045848389234 0.05426604377804566
0.23888345418807699 0.96360589226240367 0.23018950401962696 0.05498846383804872
0.24052929177751764 0.96311020358120281 0.23165621517108753 0.05572010537096193
0.24218646453434586 0.96260787026304606 0.23313059683194340 0.05646107502151035
0.24385505052581510 0.96209880617619392 0.23461265299092215 0.05721148034909685
0.24553512835684130 0.96158292415454028 0.23610238670803183 0.05797142982571318
0.24722677717370542 0.96106013598754036 0.23759980009032267 0.05874103283344716
0.24893007666778313 0.96053035241010742 0.23910489426718079 0.05952039966157149
0.25064510707929838 0.95999348309249199 0.24061766936514628 0.06030964150319831
0.25237194920110279 0.95944943663013116 0.24213812448224614 0.06110887045148373
0.25411068438248285 0.95889812053348655 0.24366625766184080 0.06191819949536877
0.25586139453299134 0.95833944121786185 0.24520206586596982 0.06273774251483744
0.25762416212630668 0.95777330399320815 0.24674554494819467 0.06356761427567760
0.25939907020411690 0.95719961305392076 0.24829668962592752 0.06440793042372579
0.26118620238003326 0.95661827146862743 0.24985549345224253 0.06525880747858050
0.26298564284352799 0.95602918116997515 0.25142194878715762 0.06612036282676322
0.26479747636390111 0.95543224294441553 0.25299604676838289 0.06699271471431130
0.26662178829427297 0.95482735642199545 0.25457777728152559 0.06787598223878148
0.26845866457560524 0.95421442006615442 0.25616712892974541 0.06877028534064636
0.27030819174075138 0.95359333116353406 0.25776408900285441 0.06967574479406367
0.27217045691852998 0.95296398581380226 0.25936864344584609 0.07059248219699522
0.27404554783783092 0.95232627891949795 0.26098077682685678 0.07152061996065864
0.27593355283174942 0.95168010417590032 0.26260047230454558 0.07246028129828867
0.27783456084174468 0.95102535406092570 0.26422771159488206 0.07341159021318322
0.27974866142183086 0.95036191982505946 0.26586247493734172 0.07437467148601640
0.28167594474279772 0.94968969148132321 0.26750474106049782 0.07534965066139319
0.28361650159645529 0.94900855779528914 0.26915448714699736 0.07633665403361949
0.28557042339991229 0.94831840627513997 0.27081168879792178 0.07733580863166779
0.28753780219988456 0.94761912316178321 0.27247631999652089 0.07834724220331207
0.28951873067702744 0.94691059341902661 0.27414835307130742 0.07937108319840247
0.29151330215030596 0.94619270072381567 0.27582775865851572 0.08040746075126155
0.29352161058138737 0.94546532745654599 0.27751450566390418 0.08145650466216670
0.29554375057906923 0.94472835469145067 0.27920856122390453 0.08251834537789843
0.29757981740373779 0.94398166218707102 0.28090989066610550 0.08359311397132362
0.29962990697185221 0.94322512837681882 0.28261845746905956 0.08468094211998270
0.30169411586046524 0.94245863035963573 0.28433422322141533 0.08578196208365706
0.30377254131177361 0.94168204389075483 0.28605714758035972 0.08689630668088294
0.30586528123769657 0.94089524337257735 0.28778718822936433 0.08802410926438044
0.30797243422448944 0.94009810184566367 0.28952430083523101 0.08916550369536949
0.31009409953738992 0.93929049097985284 0.29126843900443034 0.09032062431674000
0.31223037712529061 0.93847228106551861 0.29301955423871862 0.09148960592503966
0.31438136762544966 0.93764334100496560 0.29477759589003694 0.09267258374125194
0.31654717236823277 0.93680353830397556 0.29654251111467889 0.09386969338032684
0.31872789338188390 0.93595273906351961 0.29831424482671970 0.09508107081942793
0.32092363339733304 0.93509080797163091 0.30009273965070365 0.09630685236486372
0.32313449585303744 0.93421760829546197 0.30187793587358452 0.09754717461766629
0.32536058489985120 0.93333300187352897 0.30366977139590529 0.09880217443777585
0.32760200540593343 0.93243684910815117 0.30546818168222006 0.10007198890679932
0.32985886296168992 0.93152900895809854 0.30727309971074823 0.10135675528930140
0.33213126388474412 0.93060933893146291 0.30908445592225298 0.10265661099258637
0.33441931522494717 0.92967769507875053 0.31090217816814297 0.10397169352493491
0.33672312476942301 0.92873393198621934 0.31272619165779258 0.10530214045225339
0.33904280104764212 0.92777790276946848 0.31455641890506758 0.10664808935308959
0.34137845333653621 0.92680945906728951 0.31639277967406304 0.10800967777197912
0.34373019166564794 0.92582845103579192 0.31823519092404273 0.10938704317107527
0.34609812682230995 0.92483472734282157 0.32008356675357230 0.11078032288001519
0.34848237035686874 0.92382813516267304 0.32193781834385404 0.11218965404398527
0.35088303458793546 0.92280852017112225 0.32379785390124544 0.11361517356992998
0.35330023260767901 0.92177572654078255 0.32566357859897077 0.11505701807086553
0.35573407828715525 0.92072959693680445 0.32753489451801809 0.11651532380824779
0.35818468628166800 0.91966997251292992 0.32941170058721403 0.11799022663234202
0.36065217203617167 0.91859669290791812 0.33129389252248487 0.11948186192055218
0.36313665179071219 0.91750959624235484 0.33318136276529697 0.12099036451365659
0.36563824258589855 0.91640851911586674 0.33507400042027136 0.12251586864989465
0.36815706226841882 0.91529329660474890 0.33697169119198089 0.12405850789686050
0.37069322949659317 0.91416376226002727 0.33887431732092532 0.12561841508114710
0.37324686374596050 0.91301974810597231 0.34078175751868101 0.12719572221568409
0.37581808531490823 0.91186108463908067 0.34269388690223479 0.12879056042472159
0.37840701533034138 0.91068760082753730 0.34461057692749769 0.13040305986640141
0.38101377575338496 0.90949912411118983 0.34653169532200090 0.13203334965285718
0.38363848938513134 0.90829548040203767 0.34845710601677993 0.13368155776779200
0.38628127987242716 0.90707649408526303 0.35038666907744953 0.13534781098147378
0.38894227171369411 0.90584198802083016 0.35232024063447059 0.13703223476308635
0.39162159026479615 0.90459178354565750 0.35425767281261866 0.13873495319038356
0.39431936174494664 0.90332570047639416 0.35619881365965861 0.14045608885658376
0.39703571324265036 0.90204355711282280 0.35814350707422704 0.14219576277443990
0.39977077272169265 0.90074517024190470 0.36009159273293884 0.14395409427743203
0.40252466902716960 0.89943035514248926 0.36204290601672012 0.14573120091801492
0.40529753189155343 0.89809892559071980 0.36399727793637465 0.14752719836285644
0.40808949194080635 0.89675069386614803 0.36595453505740194 0.14934220028500916
0.41090068070053642 0.89538547075858388 0.36791449942407239 0.15117631825294847
0.41373123060218814 0.89400306557571674 0.36987698848277001 0.15302966161640780
0.41658127498928715 0.89260328615150974 0.37184181500462343 0.15490233738895667
0.41945094812371697 0.89118593885541886 0.37380878700743031 0.15679445012724322
0.42234038519204559 0.88975082860244470 0.37577770767689822 0.15870610180684508
0.42524972231189667 0.88829775886404994 0.37774837528721739 0.16063739169465932
0.42817909653835690 0.88682653167997383 0.37972058312097573 0.16258841621775744
0.43112864587043542 0.88533694767096505 0.38169411938844772 0.16455926882864977
0.43409850925756621 0.88382880605246528 0.38366876714626980 0.16655003986688402
0.43708882660614989 0.88230190464927694 0.38564430421552359 0.16856081641690832
0.44009973878614655 0.88075603991123363 0.38762050309925478 0.17059168216213674
0.44313138763771442 0.87919100692991570 0.38959713089945291 0.17264271723514685
0.44618391597788670 0.87760659945644237 0.39157394923351213 0.17471399806393467
0.44925746760730267 0.87600260992035872 0.39355071415020815 0.17680559721416797
0.45235218731698318 0.87437882944966694 0.39552717604522025 0.17891758322736484
0.45546822089514793 0.87273504789202883 0.39750307957622411 0.18105002045492519
0.45860571513408505 0.87107105383716910 0.39947816357759602 0.18320296888795443
0.46176481783706874 0.86938663464052213 0.40145216097476294 0.18537648398280901
0.46494567782531782 0.86768157644815469 0.40342479869822762 0.18757061648228984
0.46814844494500796 0.86595566422299919 0.40539579759731853 0.18978541223242587
0.47137327007433427 0.86420868177243726 0.40736487235370344 0.19202091199477897
0.47462030513061321 0.86244041177727249 0.40933173139470075 0.19427715125419509
0.47788970307744211 0.86065063582212720 0.41129607680644814 0.19655416002195031
0.48118161793190767 0.85883913442730320 0.41325760424696889 0.19885196263422050
0.48449620477183586 0.85700568708215330 0.41521600285918281 0.20117057754580583
0.48783361974310091 0.85515007227999518 0.41717095518392444 0.20351001711906078
0.49119402006698276 0.85327206755461249 0.41912213707301621 0.20587028740795982
0.49457756404756831 0.85137144951839272 0.42106921760245397 0.20825138793723713
0.49798441107921515 0.84944799390213033 0.42301185898577309 0.21065331147655422
0.50141472165405510 0.84750147559655731 0.42494971648764873 0.21307604380962403
0.50486865736955655 0.84553166869562735 0.42688243833780209 0.21551956349824863
0.50834638093614049 0.84353834654161242 0.42880966564528461 0.21798384164121690
0.51184805618483975 0.84152128177205565 0.43073103231320148 0.22046884162800159
0.51537384807502007 0.83948024636862117 0.43264616495396219 0.22297451888722336
0.51892392270215304 0.83741501170789578 0.43455468280513071 0.22550082062982829
0.52249844730563633 0.83532534861418684 0.43645619764595200 0.22804768558693184
0.52609759027667324 0.83321102741437081 0.43835031371465161 0.23061504374230193
0.52972152116621019 0.83107181799483132 0.44023662762658983 0.23320281605943960
0.53337041069291669 0.82890748986055474 0.44211472829335874 0.23581091420321604
0.53704443075123121 0.82671781219641871 0.44398419684292895 0.23843924025605334
0.54074375441946221 0.82450255393073069 0.44584460654093844 0.24108768642861497
0.54446855596793509 0.82226148380107977 0.44769552271322555 0.24375613476497979
0.54821901086720481 0.81999437042253864 0.44953650266972051 0.24644445684229677
0.55199529579632578 0.81770098235827871 0.45136709562980420 0.24915251346490225
0.55579758865116813 0.81538108819266064 0.45318684264924625 0.25188015435288741
0.55962606855280195 0.81303445660683749 0.45499527654884814 0.25462721782512676
0.56348091585593751 0.81066085645694486 0.45679192184491796 0.25739353047676822
0.56736231215741650 0.80826005685492597 0.45857629468169570 0.26017890685118766
0.57127044030476937 0.80583182725205083 0.46034790276587595 0.26298314910643911
0.57520548440483177 0.80337593752518310 0.46210624530335881 0.26580604667621649
0.57916762983241210 0.80089215806586866 0.46385081293837471 0.26864737592535604
0.58315706323902683 0.79838025987228312 0.46558108769513168 0.27150689979992476
0.58717397256169712 0.79584001464411269 0.46729654292214284 0.27438436747194223
0.59121854703179433 0.79327119488042963 0.46899664323938295 0.27727951397877681
0.59529097718396295 0.79067357398061011 0.47068084448845382 0.28019205985730461
0.59939145486508971 0.78804692634837004 0.47234859368591170 0.28312171077287773
0.60352017324334362 0.78539102749897050 0.47399932897994634 0.28606815714320583
0.60767732681727959 0.78270565416965421 0.47563247961058558 0.28903107375723491
0.61186311142499428 0.77999058443338620 0.47724746587361139 0.29201011938912164
0.61607772425335505 0.77724559781594416 0.47884369908838537 0.29500493640743081
0.62032136384729264 0.77447047541643066 0.48042058156978140 0.29801515037967630
0.62459423011914772 0.77166500003127370 0.48197750660442551 0.30104036967233755
0.62889652435809140 0.76882895628176462 0.48351385843146077 0.30408018504651596
0.63322844923961197 0.76596213074520370 0.48502901222805422 0.30713416924939158
0.63759020883505479 0.76306431208972125 0.48652233409986279 0.31020187660164983
0.64198200862124022 0.76013529121282397 0.48799318107670009 0.31328284258108852
0.64640405549014601 0.75717486138373336 0.48944090111363436 0.31637658340260483
0.65085655775864737 0.75418281838958556 0.49086483309776074 0.31948259559478154
0.65533972517833383 0.75115896068554167 0.49226430686090572 0.32260035557332895
0.65985376894539371 0.74810308954887195 0.49363864319851652 0.32572931921163156
0.66439890171055649 0.74501500923708586 0.49498715389499992 0.32886892140867213
0.66897533758911365 0.74189452715014903 0.49630914175578678 0.33201857565464071
0.67358329217100954 0.73874145399685665 0.49760390064640109 0.33517767359453882
0.67822298253098967 0.73555560396542485 0.49887071553881390 0.33834558459010328
0.68289462723883121 0.73233679489834613 0.50010886256538645 0.34152165528042550
0.68759844636964218 0.72908484847156740 0.50131760908069578 0.34470520914163000
0.69233466151422274 0.72579959037805775 0.50249621373155418 0.34789554604601408
0.69710349578950681 0.72248085051579980 0.50364392653554013 0.35109194182107861
0.70190517384907669 0.71912846318026746 0.50475998896836494 0.35429364780889827
0.70673992189373802 0.71574226726144541 0.50584363406040089 0.35749989042629232
0.71160796768218526 0.71232210644542138 0.50689408650271950 0.36070987072631805
0.71650954054172245 0.70886782942061799 0.50791056276297508 0.36392276396158696
0.72144487137907043 0.70537929008869549 0.50889227121149894 0.36713771914998289
0.72641419269124807 0.70185634778016626 0.50983841225795734 0.37035385864335174
0.73141773857651804 0.69829886747477676 0.51074817849894494 0.37357027769977402
0.73645574474541731 0.69470672002667633 0.51162075487689207 0.37678604406007415
0.74152844853186650 0.69107978239441203 0.51245531885066831 0.38000019752923903
0.74663608890434163 0.68741793787579486 0.51325104057827120 0.38321174956344389
0.75177890647713608 0.68372107634764490 0.51400708311200294 0.38641968286344403
0.75695714352169929 0.67998909451045175 0.51472260260653835 0.38962295097510008
0.76217104397804170 0.67622189613798023 0.51539674854029527 0.39282047789784508
0.76742085346623079 0.67241939233181780 0.51602866395052793 0.39601115770195294
0.77270681929796636 0.66858150178089371 0.51661748568257204 0.39919385415549291
0.77802919048822172 0.66470815102598180 0.51716234465366728 0.40236740036188345
0.78338821776697964 0.66079927472917843 0.51766236613180383 0.40553059840903150
0.78878415359104803 0.65685481594836070 0.51811667003003137 0.40868221903105062
0.79421725215594319 0.65287472641663469 0.51852437121668282 0.41182100128360205
0.79968776940787090 0.64885896682673982 0.51888457984197123 0.41494565223396629
0.80519596305578611 0.64480750712040780 0.51919640168141745 0.41805484666696768
0.81074209258352603 0.64072032678266067 0.51945893849657487 0.42114722680793032
0.81632641926203720 0.63659741514100299 0.51967128841352350 0.42422140206390108
0.82194920616168921 0.63243877166948337 0.51983254631960563 0.42727594878440944
0.82761071816465814 0.62824440629759226 0.51994180427887959 0.43030941004307166
0.83331122197740892 0.62401433972393316 0.51999815196677668 0.43332029544142914
0.83905098614326490 0.61974860373461427 0.52000067712443965 0.43630708093642656
0.84483028105504709 0.61544724152631380 0.51994846603322920 0.43926820869299354
0.85064937896782500 0.61111030803391664 0.51984060400988741 0.44220208696326974
0.85650855401173109 0.60673787026267767 0.51967617592284332 0.44510708999402054
0.86240808220487908 0.60233000762479005 0.51945426673014539 0.44798155796388639
0.86834824146637202 0.59788681228027596 0.51917396203951249 0.45082379695213970
0.87432931162938499 0.59340838948209806 0.51883434869098477 0.45363207894066904
0.88035157445435230 0.58889485792535357 0.51843451536265717 0.45640464185099427
0.88641531364224579 0.58434635010043168 0.51797355319997573 0.45913968961814500
0.89252081484793000 0.57976301265000318 0.51745055646907157 0.46183539230329063
0.89866836569362407 0.57514500672967084 0.51686462323460169 0.46448988624709026
0.90485825578245527 0.57049250837212628 0.51621485606255990 0.46710127426575920
0.91109077671209349 0.56580570885464632 0.51550036274851629 0.46966762589191169
0.91736622208849117 0.56108481506972052 0.51472025707172919 0.47218697766230922
0.92368488753972133 0.55633004989861490 0.51387365957556963 0.47465733345468514
0.93004707072989290 0.55154165258766819 0.51295969837468502 0.47707666487586525
0.93645307137317935 0.54671987912706388 0.51197750998931235 0.47944291170348413
0.94290319124794220 0.54186500263185100 0.51092624020714694 0.48175398238363148
0.94939773421093754 0.53697731372495094 0.50980504497314416 0.48400775458680823
0.95593700621163524 0.53205712092186219 0.50861309130762700 0.48620207582465796
0.96252131530663754 0.52710475101677234 0.50734955825304140 0.48833476412995896
0.96915097167417996 0.52212054946978115 0.50601363784969511 0.49040360880241862
0.97582628762874912 0.51710488079488248 0.50460453614077705 0.49240637122288144
0.98254757763580092 0.51205812894836777 0.50312147420693931 0.49434078573858131
0.98931515832656336 0.50698069771730025 0.50156368923070249 0.49620456062212764
0.99612934851295887 0.50187301110764904 0.49993043559089939 0.49799537910696240
1.00299046920262747 0.49673551373169161 0.49822098598735759 0.49971090050205547
1.00989884361403748 0.49156867119427206 0.49643463259598436 0.50134876138864415
1.01685479719172500 0.48637297047743677 0.49457068825437084 0.50290657690187013
1.02385865762161421 0.48114892032301743 0.49262848767801365 0.50438194210017695
1.03091075484645822 0.47589705161264356 0.49060738870719428 0.50577243342538336
1.03801142108138866 0.47061791774467920 0.48850677358451855 0.50707561025635028
1.04516099082955427 0.46531209500756560 0.48632605026308295 0.50828901655918735
1.05235980089788472 0.45998018294898457 0.48406465374516600 0.50941018263696636
1.05960819041296261 0.45462280474027061 0.48172204745130381 0.51043662698190329
1.06690650083698868 0.44924060753547662 0.47929772461955827 0.51136585823298353
1.07425507598387227 0.44383426282443689 0.47679120973471140 0.51219537724200470
1.08165426203543413 0.43840446677917683 0.47420205998706849 0.51292267925099522
1.08910440755770344 0.43295194059299902 0.47152986676049619 0.51354525618395308
1.09660586351734346 0.42747743081150746 0.46877425714922860 0.51406059905583101
1.10415898329819151 0.42198170965484455 0.46593489550292583 0.51446620050165970
1.11176412271789449 0.41646557533038286 0.46301148499938632 0.51475955742865231
1.11942164004467637 0.41092985233505513 0.46000376924422409 0.51493817379410212
1.12713189601422270 0.40537539174650911 0.45691153389675110 0.51499956351181186
1.13489525384666146 0.39980307150225008 0.45373460832122103 0.51494125348972775
1.14271207926368090 0.39421379666586015 0.45047286726247499 0.51476078680137494
1.15058274050576292 0.38860849967940286 0.44712623254496026 0.51445572599359735
1.15850760834951960 0.38298814060107939 0.44369467479398600 0.51402365653299864
1.16648705612516523 0.37735370732714579 0.44017821517795946 0.51346219039336749
1.17452145973411026 0.37170621579710089 0.43657692717025315 0.51276896978623798
1.18261119766665646 0.36604671018113261 0.43289093832924874 0.51194167103659560
1.19075665101983330 0.36037626304873249 0.42912043209495121 0.51097800860556786
1.19895820351535809 0.35469597551740539 0.42526564960047580 0.50987573926177820
1.20721624151769702 0.34900697738036929 0.42132689149658131 0.50863266640283744
1.21553115405228396 0.34331042721205901 0.41730451978725674 0.50724664452823831
1.22390333282383090 0.33760751245030268 0.41319895967428844 0.50571558386470128
1.23233317223478811 0.33189944945392114 0.40901070140853035 0.50403745514474996
1.24082106940393033 0.32618748353453719 0.40474030214550133 0.50221029453905086
1.24936742418505098 0.32047288896133863 0.40038838780276953 0.50023220874275143
1.25797263918580571 0.31475696893747890 0.39595565491640500 0.49810138021573414
1.26663711978668481 0.30904105554681227 0.39144287249365117 0.49581607257638483
1.27536127416009770 0.30332650966962948 0.38685088385879385 0.49337463614811128
1.28414551328960691 0.29761472086600271 0.38218060848901614 0.49077551365746197
1.29299025098929765 0.29190710722535634 0.37743304383687332 0.48801724608229341
1.30189590392325605 0.28620511518086283 0.37260926713584902 0.48509847864800815
1.31086289162520631 0.28051021928720205 0.36771043718524238 0.48201796696941562
1.31989163651828068 0.27482392196023386 0.36273779611046530 0.47877458333527650
1.32898256393490533 0.26914775317713063 0.35769267109466213 0.47536732313210889
1.33813610213684386 0.26348327013544237 0.35257647607730991 0.47179531140323572
1.34735268233538008 0.25783205686960609 0.34739071341531202 0.46805780953852194
1.35663273871161705 0.25219572382339167 0.34213697550188643 0.46415422208963364
1.36597670843693786 0.24657590737672702 0.33681694633831283 0.46008410370498926
1.37538503169360782 0.24097426932537896 0.33143240305343036 0.45584716617793086
1.38485815169549564 0.23539249631196016 0.32598521736556990 0.45144328560093755
1.39439651470896098 0.22983229920668816 0.32047735698135305 0.44687250961793817
1.40400057007388401 0.22429541243636800 0.31491088692561758 0.44213506476603953
1.41367077022481880 0.21878359326007008 0.30928797079651676 0.43723136389718309
1.42340757071231394 0.21329862098994051 0.30361087193957781 0.43216201366936186
1.43321143022438102 0.20784229615563959 0.29788195453434357 0.42692782209620062
1.44308281060808552 0.20241643961091252 0.29210368458699743 0.42152980614278202
1.45302217689132229 0.19702289158077205 0.28627863082211635 0.41596919935461873
1.46302999730470673 0.19166351064786724 0.28040946546655982 0.41024745950575525
1.47310674330363889 0.18634017267657385 0.27449896491822540 0.40436627625090688
1.48325288959052193 0.18105476967341480 0.26855001029223891 0.39832757876552777
1.49346891413710736 0.17580920858246377 0.26256558783695638 0.39213354335663048
1.50375529820702170 0.17060541001438520 0.25654878921191304 0.38578660102601059
1.51411252637844407 0.16544530690785972 0.25050281161971655 0.37928944496643247
1.52454108656692022 0.16033084312219309 0.24443095778369869 0.37264503797015303
1.53504147004835301 0.15526397195993824 0.23833663576292985 0.36585661972790673
1.54561417148215696 0.15024665461846171 0.23222335859607948 0.35892771399528323
1.55625968893454147 0.14528085856946599 0.22609474376546024 0.35186213560217006
1.56697852390198511 0.14036855586552588 0.21995451247241507 0.34466399727960573
1.57777118133486671 0.13551172137282508 0.21380648871512353 0.33733771627712028
1.58863816966123794 0.13071233092937529 0.20765459815979678 0.32988802074231943
1.59958000081078100 0.12597235942808196 0.20150286679610735 0.32231995583309209
1.61059719023893511 0.12129377882415909 0.19535541936765349 0.31463888953149155
1.62169025695116265 0.11667855606653185 0.18921647756822468 0.30685051812700820
1.63285972352740405 0.11212865095296447 0.18309035799455836 0.29896087133552796
1.64410611614670854 0.10764601390881960 0.17698146984630397 0.29097631701894261
1.65542996461200076 0.10323258368952426 0.17089431236395455 0.28290356546905349
1.66683180237505080 0.09889028500693146 0.16483347199548604 0.27474967321797344
1.67831216656161164 0.09462102607999245 0.15880361928259490 0.26652204633599719
1.68987159799670472 0.09042669611031730 0.15280950545750430 0.25822844317655896
1.70151064123010665 0.08630916268338684 0.14685595874144314 0.24987697652661500
1.71322984456201199 0.08227026909640024 0.14094788033610067 0.24147611511956282
1.72502976006884090 0.07831183161397133 0.13509024009960044 0.23303468446665587
1.73691094362927045 0.07443563665307371 0.12928807189873576 0.22456186696164207
1.74887395495040243 0.07064343789893143 0.12354646862959737 0.21606720121239978
1.76091935759413643 0.06693695335375621 0.11787057689900507 0.20756058055224627
1.77304771900373059 0.06331786232052024 0.11226559135959067 0.19905225068272717
1.78525961053051230 0.05978780232424001 0.10673674869184797 0.19055280639890168
1.79755560746080478 0.05634836597349828 0.10128932122691545 0.18207318734734060
1.80993628904303661 0.05300109776526604 0.09592861020447280 0.17362467276653948
1.82240223851501071 0.04974749083639081 0.09065993866074359 0.16521887515897268
1.83495404313138932 0.04658898366541967 0.08548864394224408 0.15686773284364053
1.84759229419136894 0.04352695672878690 0.08042006984170784 0.14858350133787110
1.86031758706651473 0.04056272911573575 0.07545955835341819 0.14037874351713581
1.87313052122882051 0.03769755510668499 0.07061244104603703 0.13226631850180270
1.88603170027895439 0.03493262072013945 0.06588403005200442 0.12425936922021165
1.89902173197467894 0.03226904023361882 0.06127960867360741 0.11637130859808449
1.91210122825948781 0.02970785268445227 0.05680442160689310 0.10861580432511007
1.92527080529144534 0.02725001835670057 0.05246366478581158 0.10100676215071991
1.93853108347219338 0.02489641526087407 0.04826247485023586 0.09355830766247721
1.95188268747618587 0.02264783561351219 0.04420591824282105 0.08628476650215011
1.96532624628012798 0.02050498232412882 0.04029897994112047 0.07920064297660047
1.97886239319258661 0.01846846549745496 0.03654655183288844 0.07232059702296652
1.99249176588383281 0.01653879895932804 0.03295342074406923 0.06565941949026342
2.00621500641589323 0.01471639681502880 0.02952425613068183 0.05923200570264032
2.02003276127277731 0.01300157004930667 0.02626359744758240 0.05305332727299654
2.03394568139093934 0.01139452317776372 0.02317584120892149 0.04713840213948804
2.04795442218995793 0.00989535095971853 0.02026522775707721 0.04150226280179295
2.06205964360338356 0.00850403518311545 0.01753582775888568 0.03615992273877813
2.07626201010985856 0.00722044153246326 0.01499152845007288 0.03112634099436745
2.09056219076439209 0.00604431655124245 0.01263601965103890 0.02641638492421779
2.10496085922989185 0.00497528471062249 0.01047277957938525 0.02204479110194805
2.11945869380890795 0.00401284559676019 0.00850506048696618 0.01802612439047110
2.13405637747556742 0.00315637122934914 0.00673587415167293 0.01437473519125044
2.14875459790775691 0.00240510352447491 0.00516797725665961 0.01110471489213006
2.16355404751953095 0.00175815191520935 0.00380385669230540 0.00822984954282161
2.17845542349370769 0.00121449114372942 0.00264571481884243 0.00576357179612495
2.19345942781472392 0.00077295923907218 0.00169545473025936 0.00371891116252046
2.20856676730171486 0.00043225569494845 0.00095466556284005 0.00210844263597592
2.22377815364179110 0.00019093986231303 0.00042460789447108 0.00094423375958863
2.23909430342357307 0.00004742957163192 0.00010619928365485 0.00023779021105924
2.25451593817096496 0.00000000000000000 0.00000000000000000 0.00000000000000000
2.27004378437711551 0.00000000000000000 0.00000000000000000 0.00000000000000000
2.28567857353866044 0.00000000000000000 0.00000000000000000 0.00000000000000000
2.30142104219018861 0.00000000000000000 0.00000000000000000 0.00000000000000000
2.31727193193891834 0.00000000000000000 0.00000000000000000 0.00000000000000000
2.33323198949964450 0.00000000000000000 0.00000000000000000 0.00000000000000000
2.34930196672992908 0.00000000000000000 0.00000000000000000 0.00000000000000000
2.36548262066549286 0.00000000000000000 0.00000000000000000 0.00000000000000000
2.38177471355589265 0.00000000000000000 0.00000000000000000 0.00000000000000000
2.39817901290044277 0.00000000000000000 0.00000000000000000 0.00000000000000000
2.41469629148434395 0.00000000000000000 0.00000000000000000 0.00000000000000000
2.43132732741510260 0.00000000000000000 0.00000000000000000 0.00000000000000000
2.44807290415919843 0.00000000000000000 0.00000000000000000 0.00000000000000000
2.46493381057896288 0.00000000000000000 0.00000000000000000 0.00000000000000000
2.48191084096977521 0.00000000000000000 0.00000000000000000 0.00000000000000000
2.49900479509745121 0.00000000000000000 0.00000000000000000 0.00000000000000000
2.51621647823593220 0.00000000000000000 0.00000000000000000 0.00000000000000000
2.53354670120523284 0.00000000000000000 0.00000000000000000 0.00000000000000000
2.55099628040961113 0.00000000000000000 0.00000000000000000 0.00000000000000000
2.56856603787604332 0.00000000000000000 0.00000000000000000 0.00000000000000000
2.58625680129295965 0.00000000000000000 0.00000000000000000 0.00000000000000000
2.60406940404921050 0.00000000000000000 0.00000000000000000 0.00000000000000000
2.62200468527333941 0.00000000000000000 0.00000000000000000 0.00000000000000000
2.64006348987312522 0.00000000000000000 0.00000000000000000 0.00000000000000000
2.65824666857535963 0.00000000000000000 0.00000000000000000 0.00000000000000000
2.67655507796593595 0.00000000000000000 0.00000000000000000 0.00000000000000000
2.69498958053021731 0.00000000000000000 0.00000000000000000 0.00000000000000000
2.71355104469363706 0.00000000000000000 0.00000000000000000 0.00000000000000000
2.73224034486262513 0.00000000000000000 0.00000000000000000 0.00000000000000000
2.75105836146581328 0.00000000000000000 0.00000000000000000 0.00000000000000000
2.77000598099548245 0.00000000000000000 0.00000000000000000 0.00000000000000000
2.78908409604933905 0.00000000000000000 0.00000000000000000 0.00000000000000000
2.80829360537257955 0.00000000000000000 0.00000000000000000 0.00000000000000000
2.82763541390019668 0.00000000000000000 0.00000000000000000 0.00000000000000000
2.84711043279962883 0.00000000000000000 0.00000000000000000 0.00000000000000000
2.86671957951369549 0.00000000000000000 0.00000000000000000 0.00000000000000000
2.88646377780378760 0.00000000000000000 0.00000000000000000 0.00000000000000000
2.90634395779340204 0.00000000000000000 0.00000000000000000 0.00000000000000000
2.92636105601196883 0.00000000000000000 0.00000000000000000 0.00000000000000000
2.94651601543894071 0.00000000000000000 0.00000000000000000 0.00000000000000000
2.96680978554825137 0.00000000000000000 0.00000000000000000 0.00000000000000000
2.98724332235300905 0.00000000000000000 0.00000000000000000 0.00000000000000000
3.00781758845055025 0.00000000000000000 0.00000000000000000 0.00000000000000000
3.02853355306780125 0.00000000000000000 0.00000000000000000 0.00000000000000000
3.04939219210690604 0.00000000000000000 0.00000000000000000 0.00000000000000000
3.07039448819121263 0.00000000000000000 0.00000000000000000 0.00000000000000000
3.09154143071158360 0.00000000000000000 0.00000000000000000 0.00000000000000000
3.11283401587297037 0.00000000000000000 0.00000000000000000 0.00000000000000000
3.13427324674135965 0.00000000000000000 0.00000000000000000 0.00000000000000000
3.15586013329104409 0.00000000000000000 0.00000000000000000 0.00000000000000000
3.17759569245216467 0.00000000000000000 0.00000000000000000 0.00000000000000000
3.19948094815863815 0.00000000000000000 0.00000000000000000 0.00000000000000000
3.22151693139640605 0.00000000000000000 0.00000000000000000 0.00000000000000000
3.24370468025197134 0.00000000000000000 0.00000000000000000 0.00000000000000000
3.26604523996131801 0.00000000000000000 0.00000000000000000 0.00000000000000000
3.28853966295916722 0.00000000000000000 0.00000000000000000 0.00000000000000000
3.31118900892852341 0.00000000000000000 0.00000000000000000 0.00000000000000000
3.33399434485060953 0.00000000000000000 0.00000000000000000 0.00000000000000000
3.35695674505515118 0.00000000000000000 0.00000000000000000 0.00000000000000000
3.38007729127094736 0.00000000000000000 0.00000000000000000 0.00000000000000000
3.40335707267685450 0.00000000000000000 0.00000000000000000 0.00000000000000000
3.42679718595310590 0.00000000000000000 0.00000000000000000 0.00000000000000000
3.45039873533294417 0.00000000000000000 0.00000000000000000 0.00000000000000000
3.47416283265465609 0.00000000000000000 0.00000000000000000 0.00000000000000000
3.49809059741397022 0.00000000000000000 0.00000000000000000 0.00000000000000000
3.52218315681675032 0.00000000000000000 0.00000000000000000 0.00000000000000000
3.54644164583214483 0.00000000000000000 0.00000000000000000 0.00000000000000000
3.57086720724601214 0.00000000000000000 0.00000000000000000 0.00000000000000000
3.59546099171477529 0.00000000000000000 0.00000000000000000 0.00000000000000000
3.62022415781964479 0.00000000000000000 0.00000000000000000 0.00000000000000000
3.64515787212116038 0.00000000000000000 0.00000000000000000 0.00000000000000000
3.67026330921416610 0.00000000000000000 0.00000000000000000 0.00000000000000000
3.69554165178316163 0.00000000000000000 0.00000000000000000 0.00000000000000000
3.72099409065798081 0.00000000000000000 0.00000000000000000 0.00000000000000000
3.74662182486990636 0.00000000000000000 0.00000000000000000 0.00000000000000000
3.77242606170817796 0.00000000000000000 0.00000000000000000 0.00000000000000000
3.79840801677682238 0.00000000000000000 0.00000000000000000 0.00000000000000000
3.82456891405194277 0.00000000000000000 0.00000000000000000 0.00000000000000000
3.85090998593939648 0.00000000000000000 0.00000000000000000 0.00000000000000000
3.87743247333281227 0.00000000000000000 0.00000000000000000 0.00000000000000000
3.90413762567206657 0.00000000000000000 0.00000000000000000 0.00000000000000000
3.93102670100216622 0.00000000000000000 0.00000000000000000 0.00000000000000000
3.95810096603246819 0.00000000000000000 0.00000000000000000 0.00000000000000000
3.98536169619637626 0.00000000000000000 0.00000000000000000 0.00000000000000000
4.01281017571144627 0.00000000000000000 0.00000000000000000 0.00000000000000000
4.04044769763983957 0.00000000000000000 0.00000000000000000 0.00000000000000000
4.06827556394925782 0.00000000000000000 0.00000000000000000 0.00000000000000000
4.09629508557430455 0.00000000000000000 0.00000000000000000 0.00000000000000000
4.12450758247818960 0.00000000000000000 0.00000000000000000 0.00000000000000000
4.15291438371494248 0.00000000000000000 0.00000000000000000 0.00000000000000000
4.18151682749203335 0.00000000000000000 0.00000000000000000 0.00000000000000000
4.21031626123337333 0.00000000000000000 0.00000000000000000 0.00000000000000000
4.23931404164284142 0.00000000000000000 0.00000000000000000 0.00000000000000000
4.26851153476814815 0.00000000000000000 0.00000000000000000 0.00000000000000000
4.29791011606521067 0.00000000000000000 0.00000000000000000 0.00000000000000000
4.32751117046297207 0.00000000000000000 0.00000000000000000 0.00000000000000000
4.35731609242859541 0.00000000000000000 0.00000000000000000 0.00000000000000000
4.38732628603318098 0.00000000000000000 0.00000000000000000 0.00000000000000000
4.41754316501793021 0.00000000000000000 0.00000000000000000 0.00000000000000000
4.44796815286070313 0.00000000000000000 0.00000000000000000 0.00000000000000000
4.47860268284309537 0.00000000000000000 0.00000000000000000 0.00000000000000000
4.50944819811798503 0.00000000000000000 0.00000000000000000 0.00000000000000000
4.54050615177746941 0.00000000000000000 0.00000000000000000 0.00000000000000000
4.57177800692133918 0.00000000000000000 0.00000000000000000 0.00000000000000000
4.60326523672603471 0.00000000000000000 0.00000000000000000 0.00000000000000000
4.63496932451398713 0.00000000000000000 0.00000000000000000 0.00000000000000000
4.66689176382352855 0.00000000000000000 0.00000000000000000 0.00000000000000000
4.69903405847926958 0.00000000000000000 0.00000000000000000 0.00000000000000000
4.73139772266289604 0.00000000000000000 0.00000000000000000 0.00000000000000000
4.76398428098452786 0.00000000000000000 0.00000000000000000 0.00000000000000000
4.79679526855455585 0.00000000000000000 0.00000000000000000 0.00000000000000000
4.82983223105592252 0.00000000000000000 0.00000000000000000 0.00000000000000000
4.86309672481695010 0.00000000000000000 0.00000000000000000 0.00000000000000000
4.89659031688469248 0.00000000000000000 0.00000000000000000 0.00000000000000000
4.93031458509869847 0.00000000000000000 0.00000000000000000 0.00000000000000000
4.96427111816537092 0.00000000000000000 0.00000000000000000 0.00000000000000000
4.99846151573283315 0.00000000000000000 0.00000000000000000 0.00000000000000000
5.03288738846622596 0.00000000000000000 0.00000000000000000 0.00000000000000000
5.06755035812365673 0.00000000000000000 0.00000000000000000 0.00000000000000000
5.10245205763253029 0.00000000000000000 0.00000000000000000 0.00000000000000000
5.13759413116650521 0.00000000000000000 0.00000000000000000 0.00000000000000000
5.17297823422297665 0.00000000000000000 0.00000000000000000 0.00000000000000000
5.20860603370100783 0.00000000000000000 0.00000000000000000 0.00000000000000000
5.24447920797988143 0.00000000000000000 0.00000000000000000 0.00000000000000000
5.28059944699819717 0.00000000000000000 0.00000000000000000 0.00000000000000000
5.31696845233342508 0.00000000000000000 0.00000000000000000 0.00000000000000000
5.35358793728209381 0.00000000000000000 0.00000000000000000 0.00000000000000000
5.39045962694052694 0.00000000000000000 0.00000000000000000 0.00000000000000000
5.42758525828605887 0.00000000000000000 0.00000000000000000 0.00000000000000000
5.46496658025888138 0.00000000000000000 0.00000000000000000 0.00000000000000000
5.50260535384447369 0.00000000000000000 0.00000000000000000 0.00000000000000000
5.54050335215649259 0.00000000000000000 0.00000000000000000 0.00000000000000000
5.57866236052033670 0.00000000000000000 0.00000000000000000 0.00000000000000000
5.61708417655727565 0.00000000000000000 0.00000000000000000 0.00000000000000000
5.65577061026908012 0.00000000000000000 0.00000000000000000 0.00000000000000000
5.69472348412331364 0.00000000000000000 0.00000000000000000 0.00000000000000000
5.73394463313921854 0.00000000000000000 0.00000000000000000 0.00000000000000000
5.77343590497410020 0.00000000000000000 0.00000000000000000 0.00000000000000000
5.81319916001040049 0.00000000000000000 0.00000000000000000 0.00000000000000000
5.85323627144336545 0.00000000000000000 0.00000000000000000 0.00000000000000000
5.89354912536922804 0.00000000000000000 0.00000000000000000 0.00000000000000000
5.93413962087409441 0.00000000000000000 0.00000000000000000 0.00000000000000000
5.97500967012343231 0.00000000000000000 0.00000000000000000 0.00000000000000000
6.01616119845208175 0.00000000000000000 0.00000000000000000 0.00000000000000000
6.05759614445503924 0.00000000000000000 0.00000000000000000 0.00000000000000000
6.09931646007870754 0.00000000000000000 0.00000000000000000 0.00000000000000000
6.14132411071287976 0.00000000000000000 0.00000000000000000 0.00000000000000000
6.18362107528336136 0.00000000000000000 0.00000000000000000 0.00000000000000000
6.22620934634512757 0.00000000000000000 0.00000000000000000 0.00000000000000000
6.26909093017622254 0.00000000000000000 0.00000000000000000 0.00000000000000000
6.31226784687230946 0.00000000000000000 0.00000000000000000 0.00000000000000000
6.35574213044176251 0.00000000000000000 0.00000000000000000 0.00000000000000000
6.39951582890152437 0.00000000000000000 0.00000000000000000 0.00000000000000000
6.44359100437361665 0.00000000000000000 0.00000000000000000 0.00000000000000000
6.48796973318221504 0.00000000000000000 0.00000000000000000 0.00000000000000000
6.53265410595150353 0.00000000000000000 0.00000000000000000 0.00000000000000000
6.57764622770418317 0.00000000000000000 0.00000000000000000 0.00000000000000000
6.62294821796058031 0.00000000000000000 0.00000000000000000 0.00000000000000000
6.66856221083852052 0.00000000000000000 0.00000000000000000 0.00000000000000000
6.71449035515390236 0.00000000000000000 0.00000000000000000 0.00000000000000000
6.76073481452185465 0.00000000000000000 0.00000000000000000 0.00000000000000000
6.80729776745870030 0.00000000000000000 0.00000000000000000 0.00000000000000000
6.85418140748460925 0.00000000000000000 0.00000000000000000 0.00000000000000000
6.90138794322687321 0.00000000000000000 0.00000000000000000 0.00000000000000000
6.94891959852397711 0.00000000000000000 0.00000000000000000 0.00000000000000000
6.99677861253040323 0.00000000000000000 0.00000000000000000 0.00000000000000000
7.04496723982204198 0.00000000000000000 0.00000000000000000 0.00000000000000000
7.09348775050243230 0.00000000000000000 0.00000000000000000 0.00000000000000000
7.14234243030975069 0.00000000000000000 0.00000000000000000 0.00000000000000000
7.19153358072439097 0.00000000000000000 0.00000000000000000 0.00000000000000000
7.24106351907749612 0.00000000000000000 0.00000000000000000 0.00000000000000000
7.29093457866002304 0.00000000000000000 0.00000000000000000 0.00000000000000000
7.34114910883271410 0.00000000000000000 0.00000000000000000 0.00000000000000000
7.39170947513679444 0.00000000000000000 0.00000000000000000 0.00000000000000000
7.44261805940534860 0.00000000000000000 0.00000000000000000 0.00000000000000000
7.49387725987554987 0.00000000000000000 0.00000000000000000 0.00000000000000000
7.54548949130168989 0.00000000000000000 0.00000000000000000 0.00000000000000000
7.59745718506884682 0.00000000000000000 0.00000000000000000 0.00000000000000000
7.64978278930746658 0.00000000000000000 0.00000000000000000 0.00000000000000000
7.70246876900873456 0.00000000000000000 0.00000000000000000 0.00000000000000000
7.75551760614061170 0.00000000000000000 0.00000000000000000 0.00000000000000000
7.80893179976480489 0.00000000000000000 0.00000000000000000 0.00000000000000000
7.86271386615452528 0.00000000000000000 0.00000000000000000 0.00000000000000000
7.91686633891295788 0.00000000000000000 0.00000000000000000 0.00000000000000000
7.97139176909264169 0.00000000000000000 0.00000000000000000 0.00000000000000000
8.02629272531570415 0.00000000000000000 0.00000000000000000 0.00000000000000000
8.08157179389476887 0.00000000000000000 0.00000000000000000 0.00000000000000000
8.13723157895484306 0.00000000000000000 0.00000000000000000 0.00000000000000000
8.19327470255603352 0.00000000000000000 0.00000000000000000 0.00000000000000000
8.24970380481698484 0.00000000000000000 0.00000000000000000 0.00000000000000000
8.30652154403929366 0.00000000000000000 0.00000000000000000 0.00000000000000000
8.36373059683278619 0.00000000000000000 0.00000000000000000 0.00000000000000000
8.42133365824150992 0.00000000000000000 0.00000000000000000 0.00000000000000000
8.47933344187075200 0.00000000000000000 0.00000000000000000 0.00000000000000000
8.53773268001491026 0.00000000000000000 0.00000000000000000 0.00000000000000000
8.59653412378610682 0.00000000000000000 0.00000000000000000 0.00000000000000000
8.65574054324390119 0.00000000000000000 0.00000000000000000 0.00000000000000000
8.71535472752569795 0.00000000000000000 0.00000000000000000 0.00000000000000000
8.77537948497815989 0.00000000000000000 0.00000000000000000 0.00000000000000000
8.83581764328957142 0.00000000000000000 0.00000000000000000 0.00000000000000000
8.89667204962294100 0.00000000000000000 0.00000000000000000 0.00000000000000000
8.95794557075018716 0.00000000000000000 0.00000000000000000 0.00000000000000000
9.01964109318722329 0.00000000000000000 0.00000000000000000 0.00000000000000000
9.08176152332984898 0.00000000000000000 0.00000000000000000 0.00000000000000000
9.14430978759071600 0.00000000000000000 0.00000000000000000 0.00000000000000000
9.20728883253723041 0.00000000000000000 0.00000000000000000 0.00000000000000000
9.27070162503026651 0.00000000000000000 0.00000000000000000 0.00000000000000000
9.33455115236398569 0.00000000000000000 0.00000000000000000 0.00000000000000000
9.39884042240660378 0.00000000000000000 0.00000000000000000 0.00000000000000000
9.46357246374199690 0.00000000000000000 0.00000000000000000 0.00000000000000000
9.52875032581242287 0.00000000000000000 0.00000000000000000 0.00000000000000000
9.59437707906221782 0.00000000000000000 0.00000000000000000 0.00000000000000000
9.66045581508235429 0.00000000000000000 0.00000000000000000 0.00000000000000000
9.72698964675612210 0.00000000000000000 0.00000000000000000 0.00000000000000000
9.79398170840582871 0.00000000000000000 0.00000000000000000 0.00000000000000000
9.86143515594034170 0.00000000000000000 0.00000000000000000 0.00000000000000000
9.92935316700382486 0.00000000000000000 0.00000000000000000 0.00000000000000000
9.99773894112547623 0.00000000000000000 0.00000000000000000 0.00000000000000000
10.06659569987014713 0.00000000000000000 0.00000000000000000 0.00000000000000000
10.13592668699016741 0.00000000000000000 0.00000000000000000 0.00000000000000000
10.20573516857819385 0.00000000000000000 0.00000000000000000 0.00000000000000000
10.27602443322096626 0.00000000000000000 0.00000000000000000 0.00000000000000000
10.34679779215434792 0.00000000000000000 0.00000000000000000 0.00000000000000000
10.41805857941921332 0.00000000000000000 0.00000000000000000 0.00000000000000000
10.48981015201854206 0.00000000000000000 0.00000000000000000 0.00000000000000000
10.56205589007563006 0.00000000000000000 0.00000000000000000 0.00000000000000000
10.63479919699321208 0.00000000000000000 0.00000000000000000 0.00000000000000000
10.70804349961384183 0.00000000000000000 0.00000000000000000 0.00000000000000000
10.78179224838138772 0.00000000000000000 0.00000000000000000 0.00000000000000000
10.85604891750345935 0.00000000000000000 0.00000000000000000 0.00000000000000000
10.93081700511513965 0.00000000000000000 0.00000000000000000 0.00000000000000000
11.00610003344382370 0.00000000000000000 0.00000000000000000 0.00000000000000000
11.08190154897503987 0.00000000000000000 0.00000000000000000 0.00000000000000000
11.15822512261957122 0.00000000000000000 0.00000000000000000 0.00000000000000000
11.23507434988173870 0.00000000000000000 0.00000000000000000 0.00000000000000000
11.31245285102866305 0.00000000000000000 0.00000000000000000 0.00000000000000000
11.39036427126086970 0.00000000000000000 0.00000000000000000 0.00000000000000000
11.46881228088406779 0.00000000000000000 0.00000000000000000 0.00000000000000000
11.54780057548193817 0.00000000000000000 0.00000000000000000 0.00000000000000000
11.62733287609027499 0.00000000000000000 0.00000000000000000 0.00000000000000000
11.70741292937236366 0.00000000000000000 0.00000000000000000 0.00000000000000000
11.78804450779532864 0.00000000000000000 0.00000000000000000 0.00000000000000000
11.86923140980793434 0.00000000000000000 0.00000000000000000 0.00000000000000000
11.95097746001958150 0.00000000000000000 0.00000000000000000 0.00000000000000000
12.03328650938034805 0.00000000000000000 0.00000000000000000 0.00000000000000000
12.11616243536247062 0.00000000000000000 0.00000000000000000 0.00000000000000000
12.19960914214307124 0.00000000000000000 0.00000000000000000 0.00000000000000000
12.28363056078792503 0.00000000000000000 0.00000000000000000 0.00000000000000000
12.36823064943682482 0.00000000000000000 0.00000000000000000 0.00000000000000000
12.45341339348988541 0.00000000000000000 0.00000000000000000 0.00000000000000000
12.53918280579536493 0.00000000000000000 0.00000000000000000 0.00000000000000000
12.62554292683876156 0.00000000000000000 0.00000000000000000 0.00000000000000000
12.71249782493303115 0.00000000000000000 0.00000000000000000 0.00000000000000000
12.80005159641030055 0.00000000000000000 0.00000000000000000 0.00000000000000000
12.88820836581490603 0.00000000000000000 0.00000000000000000 0.00000000000000000
12.97697228609757403 0.00000000000000000 0.00000000000000000 0.00000000000000000
13.06634753881110811 0.00000000000000000 0.00000000000000000 0.00000000000000000
13.15633833430746158 0.00000000000000000 0.00000000000000000 0.00000000000000000
13.24694891193594515 0.00000000000000000 0.00000000000000000 0.00000000000000000
13.33818354024298891 0.00000000000000000 0.00000000000000000 0.00000000000000000
13.43004651717330766 0.00000000000000000 0.00000000000000000 0.00000000000000000
13.52254217027224570 0.00000000000000000 0.00000000000000000 0.00000000000000000
13.61567485688968482 0.00000000000000000 0.00000000000000000 0.00000000000000000
13.70944896438540361 0.00000000000000000 0.00000000000000000 0.00000000000000000
13.80386891033561803 0.00000000000000000 0.00000000000000000 0.00000000000000000
13.89893914274114195 0.00000000000000000 0.00000000000000000 0.00000000000000000
13.99466414023702043 0.00000000000000000 0.00000000000000000 0.00000000000000000
14.09104841230335481 0.00000000000000000 0.00000000000000000 0.00000000000000000
14.18809649947781004 0.00000000000000000 0.00000000000000000 0.00000000000000000
14.28581297356959823 0.00000000000000000 0.00000000000000000 0.00000000000000000
14.38420243787468600 0.00000000000000000 0.00000000000000000 0.00000000000000000
14.48326952739274454 0.00000000000000000 0.00000000000000000 0.00000000000000000
14.58301890904555620 0.00000000000000000 0.00000000000000000 0.00000000000000000
14.68345528189669658 0.00000000000000000 0.00000000000000000 0.00000000000000000
14.78458337737311012 0.00000000000000000 0.00000000000000000 0.00000000000000000
14.88640795948781026 0.00000000000000000 0.00000000000000000 0.00000000000000000
14.98893382506439842 0.00000000000000000 0.00000000000000000 0.00000000000000000
15.09216580396309659 0.00000000000000000 0.00000000000000000 0.00000000000000000
15.19610875930813876 0.00000000000000000 0.00000000000000000 0.00000000000000000
15.30076758771692269 0.00000000000000000 0.00000000000000000 0.00000000000000000
15.40614721953078536 0.00000000000000000 0.00000000000000000 0.00000000000000000
15.51225261904708930 0.00000000000000000 0.00000000000000000 0.00000000000000000
15.61908878475316698 0.00000000000000000 0.00000000000000000 0.00000000000000000
15.72666074956188353 0.00000000000000000 0.00000000000000000 0.00000000000000000
15.83497358104856190 0.00000000000000000 0.00000000000000000 0.00000000000000000
15.94403238168977666 0.00000000000000000 0.00000000000000000 0.00000000000000000
16.05384228910383726 0.00000000000000000 0.00000000000000000 0.00000000000000000
16.16440847629262834 0.00000000000000000 0.00000000000000000 0.00000000000000000
16.27573615188538625 0.00000000000000000 0.00000000000000000 0.00000000000000000
16.38783056038416674 0.00000000000000000 0.00000000000000000 0.00000000000000000
16.50069698241071947 0.00000000000000000 0.00000000000000000 0.00000000000000000
16.61434073495536978 0.00000000000000000 0.00000000000000000 0.00000000000000000
16.72876717162753124 0.00000000000000000 0.00000000000000000 0.00000000000000000
16.84398168290777775 0.00000000000000000 0.00000000000000000 0.00000000000000000
16.95998969640185550 0.00000000000000000 0.00000000000000000 0.00000000000000000
17.07679667709644278 0.00000000000000000 0.00000000000000000 0.00000000000000000
17.19440812761645176 0.00000000000000000 0.00000000000000000 0.00000000000000000
17.31282958848430553 0.00000000000000000 0.00000000000000000 0.00000000000000000
17.43206663838105897 0.00000000000000000 0.00000000000000000 0.00000000000000000
17.55212489440898693 0.00000000000000000 0.00000000000000000 0.00000000000000000
17.67301001235643199 0.00000000000000000 0.00000000000000000 0.00000000000000000
17.79472768696403406 0.00000000000000000 0.00000000000000000 0.00000000000000000
17.91728365219310604 0.00000000000000000 0.00000000000000000 0.00000000000000000
18.04068368149582469 0.00000000000000000 0.00000000000000000 0.00000000000000000
18.16493358808703462 0.00000000000000000 0.00000000000000000 0.00000000000000000
18.29003922521819092 0.00000000000000000 0.00000000000000000 0.00000000000000000
18.41600648645320959 0.00000000000000000 0.00000000000000000 0.00000000000000000
18.54284130594588476 0.00000000000000000 0.00000000000000000 0.00000000000000000
18.67054965871956540 0.00000000000000000 0.00000000000000000 0.00000000000000000
18.79913756094870436 0.00000000000000000 0.00000000000000000 0.00000000000000000
18.92861107024209844 0.00000000000000000 0.00000000000000000 0.00000000000000000
19.05897628592832760 0.00000000000000000 0.00000000000000000 0.00000000000000000
19.19023934934321218 0.00000000000000000 0.00000000000000000 0.00000000000000000
19.32240644411890074 0.00000000000000000 0.00000000000000000 0.00000000000000000
19.45548379647529202 0.00000000000000000 0.00000000000000000 0.00000000000000000
19.58947767551343233 0.00000000000000000 0.00000000000000000 0.00000000000000000
19.72439439351064294 0.00000000000000000 0.00000000000000000 0.00000000000000000
19.86024030621799952 0.00000000000000000 0.00000000000000000 0.00000000000000000
19.99702181315981875 0.00000000000000000 0.00000000000000000 0.00000000000000000
20.13474535793495690 0.00000000000000000 0.00000000000000000 0.00000000000000000
20.27341742852043538 0.00000000000000000 0.00000000000000000 0.00000000000000000
20.41304455757720504 0.00000000000000000 0.00000000000000000 0.00000000000000000
20.55363332275766908 0.00000000000000000 0.00000000000000000 0.00000000000000000
20.69519034701566085 0.00000000000000000 0.00000000000000000 0.00000000000000000
20.83772229891854622 0.00000000000000000 0.00000000000000000 0.00000000000000000
20.98123589296111646 0.00000000000000000 0.00000000000000000 0.00000000000000000
21.12573788988219903 0.00000000000000000 0.00000000000000000 0.00000000000000000
21.27123509698287762 0.00000000000000000 0.00000000000000000 0.00000000000000000
21.41773436844730227 0.00000000000000000 0.00000000000000000 0.00000000000000000
21.56524260566567719 0.00000000000000000 0.00000000000000000 0.00000000000000000
21.71376675755915642 0.00000000000000000 0.00000000000000000 0.00000000000000000
21.86331382090732234 0.00000000000000000 0.00000000000000000 0.00000000000000000
22.01389084067788815 0.00000000000000000 0.00000000000000000 0.00000000000000000
22.16550491035836856 0.00000000000000000 0.00000000000000000 0.00000000000000000
22.31816317229034397 0.00000000000000000 0.00000000000000000 0.00000000000000000
22.47187281800605874 0.00000000000000000 0.00000000000000000 0.00000000000000000
22.62664108856695222 0.00000000000000000 0.00000000000000000 0.00000000000000000
22.78247527490490754 0.00000000000000000 0.00000000000000000 0.00000000000000000
22.93938271816583452 0.00000000000000000 0.00000000000000000 0.00000000000000000
23.09737081005526349 0.00000000000000000 0.00000000000000000 0.00000000000000000
23.25644699318666753 0.00000000000000000 0.00000000000000000 0.00000000000000000
23.41661876143221122 0.00000000000000000 0.00000000000000000 0.00000000000000000
23.57789366027551736 0.00000000000000000 0.00000000000000000 0.00000000000000000
23.74027928716727942 0.00000000000000000 0.00000000000000000 0.00000000000000000
23.90378329188323292 0.00000000000000000 0.00000000000000000 0.00000000000000000
24.06841337688434734 0.00000000000000000 0.00000000000000000 0.00000000000000000
24.23417729767975004 0.00000000000000000 0.00000000000000000 0.00000000000000000
24.40108286319222586 0.00000000000000000 0.00000000000000000 0.00000000000000000
24.56913793612584485 0.00000000000000000 0.00000000000000000 0.00000000000000000
24.73835043333644990 0.00000000000000000 0.00000000000000000 0.00000000000000000
24.90872832620479116 0.00000000000000000 0.00000000000000000 0.00000000000000000
25.08027964101170326 0.00000000000000000 0.00000000000000000 0.00000000000000000
25.25301245931659011 0.00000000000000000 0.00000000000000000 0.00000000000000000
25.42693491833779973 0.00000000000000000 0.00000000000000000 0.00000000000000000
25.60205521133612194 0.00000000000000000 0.00000000000000000 0.00000000000000000
25.77838158800087243 0.00000000000000000 0.00000000000000000 0.00000000000000000
25.95592235483826826 0.00000000000000000 0.00000000000000000 0.00000000000000000
26.13468587556286593 0.00000000000000000 0.00000000000000000 0.00000000000000000
26.31468057149170292 0.00000000000000000 0.00000000000000000 0.00000000000000000
26.49591492194075215 0.00000000000000000 0.00000000000000000 0.00000000000000000
26.67839746462448147 0.00000000000000000 0.00000000000000000 0.00000000000000000
26.86213679605822335 0.00000000000000000 0.00000000000000000 0.00000000000000000
27.04714157196285029 0.00000000000000000 0.00000000000000000 0.00000000000000000
27.23342050767267608 0.00000000000000000 0.00000000000000000 0.00000000000000000
27.42098237854617082 0.00000000000000000 0.00000000000000000 0.00000000000000000
27.60983602037906337 0.00000000000000000 0.00000000000000000 0.00000000000000000
27.79999032982073714 0.00000000000000000 0.00000000000000000 0.00000000000000000
27.99145426479347520 0.00000000000000000 0.00000000000000000 0.00000000000000000
28.18423684491418513 0.00000000000000000 0.00000000000000000 0.00000000000000000
28.37834715191940305 0.00000000000000000 0.00000000000000000 0.00000000000000000
28.57379433009332814 0.00000000000000000 0.00000000000000000 0.00000000000000000
28.77058758669825522 0.00000000000000000 0.00000000000000000 0.00000000000000000
28.96873619240848896 0.00000000000000000 0.00000000000000000 0.00000000000000000
29.16824948174722820 0.00000000000000000 0.00000000000000000 0.00000000000000000
29.36913685352597270 0.00000000000000000 0.00000000000000000 0.00000000000000000
29.57140777128746478 0.00000000000000000 0.00000000000000000 0.00000000000000000
29.77507176375166154 0.00000000000000000 0.00000000000000000 0.00000000000000000
29.98013842526423645 0.00000000000000000 0.00000000000000000 0.00000000000000000
30.18661741624899619 0.00000000000000000 0.00000000000000000 0.00000000000000000
30.39451846366259957 0.00000000000000000 0.00000000000000000 0.00000000000000000
30.60385136145291085 0.00000000000000000 0.00000000000000000 0.00000000000000000
30.81462597102058965 0.00000000000000000 0.00000000000000000 0.00000000000000000
31.02685222168328139 0.00000000000000000 0.00000000000000000 0.00000000000000000
31.24054011114357010 0.00000000000000000 0.00000000000000000 0.00000000000000000
31.45569970596010023 0.00000000000000000 0.00000000000000000 0.00000000000000000
31.67234114202147310 0.00000000000000000 0.00000000000000000 0.00000000000000000
31.89047462502390218 0.00000000000000000 0.00000000000000000 0.00000000000000000
32.11011043095216166 0.00000000000000000 0.00000000000000000 0.00000000000000000
32.33125890656335599 0.00000000000000000 0.00000000000000000 0.00000000000000000
32.55393046987445160 0.00000000000000000 0.00000000000000000 0.00000000000000000
32.77813561065330106 0.00000000000000000 0.00000000000000000 0.00000000000000000
33.00388489091239563 0.00000000000000000 0.00000000000000000 0.00000000000000000
33.23118894540665735 0.00000000000000000 0.00000000000000000 0.00000000000000000
33.46005848213456346 0.00000000000000000 0.00000000000000000 0.00000000000000000
33.69050428284223386 0.00000000000000000 0.00000000000000000 0.00000000000000000
33.92253720353155444 0.00000000000000000 0.00000000000000000 0.00000000000000000
34.15616817497173940 0.00000000000000000 0.00000000000000000 0.00000000000000000
34.39140820321391345 0.00000000000000000 0.00000000000000000 0.00000000000000000
34.62826837010977243 0.00000000000000000 0.00000000000000000 0.00000000000000000
34.86675983383382516 0.00000000000000000 0.00000000000000000 0.00000000000000000
35.10689382940867631 0.00000000000000000 0.00000000000000000 0.00000000000000000
35.34868166923443766 0.00000000000000000 0.00000000000000000 0.00000000000000000
35.59213474362190510 0.00000000000000000 0.00000000000000000 0.00000000000000000
35.83726452132862050 0.00000000000000000 0.00000000000000000 0.00000000000000000
36.08408255009970134 0.00000000000000000 0.00000000000000000 0.00000000000000000
36.33260045721140585 0.00000000000000000 0.00000000000000000 0.00000000000000000
36.58282995001901128 0.00000000000000000 0.00000000000000000 0.00000000000000000
36.83478281650860708 0.00000000000000000 0.00000000000000000 0.00000000000000000
37.08847092585194360 0.00000000000000000 0.00000000000000000 0.00000000000000000
37.34390622896582812 0.00000000000000000 0.00000000000000000 0.00000000000000000
37.60110075907528682 0.00000000000000000 0.00000000000000000 0.00000000000000000
37.86006663228003788 0.00000000000000000 0.00000000000000000 0.00000000000000000
38.12081604812546942 0.00000000000000000 0.00000000000000000 0.00000000000000000
38.38336129017754672 0.00000000000000000 0.00000000000000000 0.00000000000000000
38.64771472660106610 0.00000000000000000 0.00000000000000000 0.00000000000000000
38.91388881074252026 0.00000000000000000 0.00000000000000000 0.00000000000000000
39.18189608171694260 0.00000000000000000 0.00000000000000000 0.00000000000000000
39.45174916499820483 0.00000000000000000 0.00000000000000000 0.00000000000000000
39.72346077301400413 0.00000000000000000 0.00000000000000000 0.00000000000000000
39.99704370574492174 0.00000000000000000 0.00000000000000000 0.00000000000000000
40.27251085132701292 0.00000000000000000 0.00000000000000000 0.00000000000000000
40.54987518665913626 0.00000000000000000 0.00000000000000000 0.00000000000000000
40.82914977801451073 0.00000000000000000 0.00000000000000000 0.00000000000000000
41.11034778165581827 0.00000000000000000 0.00000000000000000 0.00000000000000000
41.39348244445520209 0.00000000000000000 0.00000000000000000 0.00000000000000000
41.67856710451849267 0.00000000000000000 0.00000000000000000 0.00000000000000000
41.96561519181314992 0.00000000000000000 0.00000000000000000 0.00000000000000000
42.25464022880114356 0.00000000000000000 0.00000000000000000 0.00000000000000000
42.54565583107618920 0.00000000000000000 0.00000000000000000 0.00000000000000000
42.83867570800463653 0.00000000000000000 0.00000000000000000 0.00000000000000000
43.13371366337192114 0.00000000000000000 0.00000000000000000 0.00000000000000000
43.43078359603229188 0.00000000000000000 0.00000000000000000 0.00000000000000000
43.72989950056381758 0.00000000000000000 0.00000000000000000 0.00000000000000000
44.03107546792784888 0.00000000000000000 0.00000000000000000 0.00000000000000000
44.33432568613240932 0.00000000000000000 0.00000000000000000 0.00000000000000000
44.63966444090076635 0.00000000000000000 0.00000000000000000 0.00000000000000000
44.94710611634466346 0.00000000000000000 0.00000000000000000 0.00000000000000000
45.25666519564148160 0.00000000000000000 0.00000000000000000 0.00000000000000000
45.56835626171672260 0.00000000000000000 0.00000000000000000 0.00000000000000000
45.88219399793127451 0.00000000000000000 0.00000000000000000 0.00000000000000000
46.19819318877259207 0.00000000000000000 0.00000000000000000 0.00000000000000000
46.51636872055146199 0.00000000000000000 0.00000000000000000 0.00000000000000000
46.83673558210352894 0.00000000000000000 0.00000000000000000 0.00000000000000000
47.15930886549484313 0.00000000000000000 0.00000000000000000 0.00000000000000000
47.48410376673314204 0.00000000000000000 0.00000000000000000 0.00000000000000000
47.81113558648395667 0.00000000000000000 0.00000000000000000 0.00000000000000000
48.14041973079085324 0.00000000000000000 0.00000000000000000 0.00000000000000000
48.47197171180150121 0.00000000000000000 0.00000000000000000 0.00000000000000000
48.80580714849863710 0.00000000000000000 0.00000000000000000 0.00000000000000000
49.14194176743541220 0.00000000000000000 0.00000000000000000 0.00000000000000000
49.48039140347642473 0.00000000000000000 0.00000000000000000 0.00000000000000000
49.82117200054399575 0.00000000000000000 0.00000000000000000 0.00000000000000000
50.16429961236871549 0.00000000000000000 0.00000000000000000 0.00000000000000000
50.50979040324599367 0.00000000000000000 0.00000000000000000 0.00000000000000000
50.85766064879778270 0.00000000000000000 0.00000000000000000 0.00000000000000000
51.20792673673872031 0.00000000000000000 0.00000000000000000 0.00000000000000000
51.56060516764880930 0.00000000000000000 0.00000000000000000 0.00000000000000000
51.91571255575011179 0.00000000000000000 0.00000000000000000 0.00000000000000000
52.27326562968973178 0.00000000000000000 0.00000000000000000 0.00000000000000000
52.63328123332806285 0.00000000000000000 0.00000000000000000 0.00000000000000000
52.99577632653188175 0.00000000000000000 0.00000000000000000 0.00000000000000000
53.36076798597342474 0.00000000000000000 0.00000000000000000 0.00000000000000000
53.72827340593521939 0.00000000000000000 0.00000000000000000 0.00000000000000000
54.09830989911951349 0.00000000000000000 0.00000000000000000 0.00000000000000000
54.47089489746409896 0.00000000000000000 0.00000000000000000 0.00000000000000000
54.84604595296382712 0.00000000000000000 0.00000000000000000 0.00000000000000000
55.22378073849689883 0.00000000000000000 0.00000000000000000 0.00000000000000000
55.60411704865762061 0.00000000000000000 0.00000000000000000 0.00000000000000000
55.98707280059507951 0.00000000000000000 0.00000000000000000 0.00000000000000000
56.37266603485656447 0.00000000000000000 0.00000000000000000 0.00000000000000000
56.76091491623769514 0.00000000000000000 0.00000000000000000 0.00000000000000000
57.15183773463848382 0.00000000000000000 0.00000000000000000 0.00000000000000000
57.54545290592436402 0.00000000000000000 0.00000000000000000 0.00000000000000000
57.94177897279396205 0.00000000000000000 0.00000000000000000 0.00000000000000000
58.34083460565301493 0.00000000000000000 0.00000000000000000 0.00000000000000000
58.74263860349324062 0.00000000000000000 0.00000000000000000 0.00000000000000000
59.14720989477827118 0.00000000000000000 0.00000000000000000 0.00000000000000000
59.55456753833561123 0.00000000000000000 0.00000000000000000 0.00000000000000000
59.96473072425391138 0.00000000000000000 0.00000000000000000 0.00000000000000000
60.37771877478727589 0.00000000000000000 0.00000000000000000 0.00000000000000000
60.79355114526580195 0.00000000000000000 0.00000000000000000 0.00000000000000000
61.21224742501138394 0.00000000000000000 0.00000000000000000 0.00000000000000000
61.63382733826140480 0.00000000000000000 0.00000000000000000 0.00000000000000000
62.05831074509711698 0.00000000000000000 0.00000000000000000 0.00000000000000000
62.48571764237959769 0.00000000000000000 0.00000000000000000 0.00000000000000000
62.91606816469209207 0.00000000000000000 0.00000000000000000 0.00000000000000000
63.34938258528783450 0.00000000000000000 0.00000000000000000 0.00000000000000000
63.78568131704546573 0.00000000000000000 0.00000000000000000 0.00000000000000000
64.22498491343100113 0.00000000000000000 0.00000000000000000 0.00000000000000000
64.66731406946533411 0.00000000000000000 0.00000000000000000 0.00000000000000000
65.11268962269959104 0.00000000000000000 0.00000000000000000 0.00000000000000000
65.56113255419701602 0.00000000000000000 0.00000000000000000 0.00000000000000000
66.01266398952071768 0.00000000000000000 0.00000000000000000 0.00000000000000000
66.46730519972919637 0.00000000000000000 0.00000000000000000 0.00000000000000000
66.92507760237876369 0.00000000000000000 0.00000000000000000 0.00000000000000000
67.38600276253178833 0.00000000000000000 0.00000000000000000 0.00000000000000000
67.85010239377291441 0.00000000000000000 0.00000000000000000 0.00000000000000000
68.31739835923238502 0.00000000000000000 0.00000000000000000 0.00000000000000000
68.78791267261519238 0.00000000000000000 0.00000000000000000 0.00000000000000000
69.26166749923855548 0.00000000000000000 0.00000000000000000 0.00000000000000000
69.73868515707637528 0.00000000000000000 0.00000000000000000 0.00000000000000000
70.21898811780998528 0.00000000000000000 0.00000000000000000 0.00000000000000000
70.70259900788697394 0.00000000000000000 0.00000000000000000 0.00000000000000000
71.18954060958763819 0.00000000000000000 0.00000000000000000 0.00000000000000000
71.67983586209734881 0.00000000000000000 0.00000000000000000 0.00000000000000000
72.17350786258761275 0.00000000000000000 0.00000000000000000 0.00000000000000000
72.67057986730449670 0.00000000000000000 0.00000000000000000 0.00000000000000000
73.17107529266338872 0.00000000000000000 0.00000000000000000 0.00000000000000000
73.67501771635303953 0.00000000000000000 0.00000000000000000 0.00000000000000000
74.18243087844544448 0.00000000000000000 0.00000000000000000 0.00000000000000000
74.69333868251453623 0.00000000000000000 0.00000000000000000 0.00000000000000000
75.20776519676272187 0.00000000000000000 0.00000000000000000 0.00000000000000000
75.72573465515387170 0.00000000000000000 0.00000000000000000 0.00000000000000000
76.24727145855528931 0.00000000000000000 0.00000000000000000 0.00000000000000000
76.77240017588772503 0.00000000000000000 0.00000000000000000 0.00000000000000000
77.30114554528189785 0.00000000000000000 0.00000000000000000 0.00000000000000000
77.83353247524428298 0.00000000000000000 0.00000000000000000 0.00000000000000000
78.36958604583098520 0.00000000000000000 0.00000000000000000 0.00000000000000000
78.90933150982831989 0.00000000000000000 0.00000000000000000 0.00000000000000000
79.45279429394295789 0.00000000000000000 0.00000000000000000 0.00000000000000000
80.00000000000002842 0.00000000000000000 0.00000000000000000 0.00000000000000000
